image,text
b23ff755,𑐳𑑂𑐰𑐟𑐶𑐣𑐎𑑂𑐲𑐟𑑂𑐬𑐾𑐥𑐬𑐶𑐢𑐫𑑀𑐐𑐾𑐰𑐺𑐴𑐳𑑂𑐥𑐟𑐶𑐰𑐵𑐳𑐬𑐾𑐠𑑂𑐰𑐎𑐸𑐣𑑂𑐴𑐸𑐱𑑂𑐬𑐷𑑒𑐬𑐸𑐡𑑂𑐬𑐩𑐟𑐷𑐠𑐎𑐸𑐣𑐷𑐖𑐸𑐳𑑂𑐣𑐮𑑀𑐴𑑀𑐡𑐾𑐰𑐮𑐡𑐫
9a9964ac,𑐡𑑂𑐢𑐶𑐎𑐵𑐩𑐣𑐵𑐬𑑂𑐠𑑍𑐫𑐠𑐵𑐱𑐵𑐱𑑂𑐟𑑂𑐬𑑀𑐎𑑂𑐟𑐟𑐠𑐵𑐦𑐮𑐥𑑂𑐬𑐵𑐥𑑂𑐟𑐾𑐟𑐶𑑌𑐥𑐸𑐣𑐨𑐵𑐥𑐵
3b4z372b,𑐎𑑂𑐲𑑂𑐩𑐷𑐔𑑌𑐟𑐡𑐣𑐸𑐖𑐱𑑂𑐬𑐷𑐖𑐷𑐟𑐱𑑂𑐬𑐩𑐳𑑂𑐫𑐨𑐵𑐬𑑂‍𑐫𑐵𑐱𑑂𑐬𑐷𑐰𑐶𑐖𑐣𑐮𑐎𑑂𑐲𑑂𑐩𑐷𑐳𑐵𑑌𑐎
23b43a00,𑐫𑐵𑐒𑐵𑐰𑐵𑐴𑐵𑐬𑐫𑐵𑐡𑐵𑐎𑐸𑐖𑐸𑐎𑑂𑐰𑐵𑐛𑑂𑐫𑐵𑐛
7643582c,𑐳𑑂𑐩𑐩𑐡𑐵𑐳𑐷𑐚𑐫𑐵𑐡𑐾𑐣𑐬𑐩𑑂𑐫𑐵𑑄𑑋𑐣𑐐𑐾𑐣𑑂𑐡𑑂𑐬𑐵𑐟𑑂𑐩𑐖𑐵𑑄𑐣𑐵𑐐𑐨𑐸𑐲𑑀𑐖𑑂𑐰𑐮𑐵𑐨𑑂𑐐𑐷𑑄𑑍𑐎𑐸𑐬𑐨𑑂𑐐𑐷𑐡𑐺𑐱𑑄𑐟𑐵𑐨𑐹𑐱𑑄𑐨𑐵𑐰𑐫𑐵𑐩𑑅𑑌𑑔
6c2708c3,𑐫𑐵𑐟𑐳𑐵𑐣𑐬𑐔𑐮𑐎𑐫𑐵𑐟𑐳𑐾𑐣𑐎𑐬𑐳𑐵𑑍𑐥𑑄𑐔𑐩𑐴𑐵𑐥𑐵𑐟𑐎𑐬𑐵𑐎𑐱𑑂𑐬𑐷
0fb19425,𑑊𑐳𑐩𑑂𑐧𑐟𑑂𑑗𑑗𑑑𑐖𑑂𑐫𑐾𑐲𑑂𑐛𑐱𑐸𑐎𑑂𑐮
c1dc2azb,𑐁𑐫𑐥𑑂𑐬𑐟𑑂𑐫𑐵𑐫𑐡𑐸𑐣𑑂𑐟𑐵𑑌𑐬𑑀𑑑𑑒𑐒𑐏𑑀𑐐𑐸𑐜𑑀𑐥𑐵𑐎𑑀𑐬𑑀𑑗𑐰𑑄𑐠𑐔𑑀𑐎𑑀𑐬𑑀𑑙𑐲𑐸𑐟𑐶𑑄𑐖𑑀𑐬𑐳𑐾𑑗𑐟𑐰𑐡𑐴𑐳𑐶𑐬𑑀𑑕𑐰𑐮𑐏𑑀
60b560f5,𑐫𑑍𑐫𑐡𑑂𑐡𑐟𑑂𑐟𑑄𑐡𑐾𑐰𑐩𑐣𑑂𑐡𑐶𑐬𑑄𑑋𑐐𑑀𑐥𑐵𑐮𑐬𑐵𑐩𑐔𑐵𑐕𑐵𑐫𑐥𑐸𑐟𑑂𑐬𑐾𑐞𑐳𑑂𑐠𑐵
b34fa850,𑐫𑐥𑐶𑐰𑐫𑑌𑑌𑐠𑑂𑐰𑐡𑐾𑐰𑐮𑐳𑐑𑐵𑐔𑐥𑐸𑐫𑐎𑐾𑐰𑐵𑐮𑐎𑐾𑐧𑐸𑑄𑐐𑐫𑐵𑐟𑐰𑑀𑐂𑐣𑑂𑐡𑑂𑐬𑐫𑐵𑐟𑐣𑐰𑑀𑐣𑐖𑐸𑐮𑑀𑑌𑐠𑑂𑐰𑐟𑐾𑐫𑐵𑐔𑐶𑑄
b6c4a37b,𑐥𑑄𑐔𑐩𑐵𑐴𑐥𑐵𑐟𑐎𑐮𑐵𑐎𑐖𑐸𑐮𑑀𑑌𑐱𑑂𑐬𑐷𑐱𑑂𑐬𑐷𑐖𑐫𑐨𑐹𑐥𑐷𑐣𑑂𑐡𑑂𑐬𑐩
1af7aa89,𑐣𑐾𑐬𑐹𑐱𑐵𑐳𑑂𑐟𑐵𑑌𑐢𑐬𑑂𑐩𑑂𑐩𑐢𑐵𑐬𑑄𑐩𑐸𑐣𑐷𑐣𑐵𑑄𑐖𑐶𑐣𑐐𑐸𑐬𑐸𑐱𑐸𑐨
a0dc650z,𑐧𑐖𑑂𑐬𑐵𑐬𑑂𑐫𑐵𑐥𑑂𑐥𑐴𑐰𑐿𑑌𑑑𑑌𑐢𑐬𑑂𑐩𑐔𑐶𑐟𑑂𑐟𑐿
27a78088,𑐱𑑂𑐬𑐷𑑓
2z546bbb,𑐨𑐫𑑀𑑅𑐳𑑂𑐠𑐵𑐥𑐫𑐵𑑌𑑓𑑌
b9ccd21f,𑐎𑑂𑐮𑐥𑐸𑐬𑑂𑐞𑑂𑐞𑐩𑐵𑐳𑐷𑐱𑑂𑐬𑐷𑐔𑐣𑑂𑐡𑑂𑐬𑐳𑐾𑐏𑐬
6a7d54d8,𑐀𑐣𑐣𑑂𑐟𑐡𑐶𑐫𑐡𑐾𑐰𑐷𑐠𑑂𑐰𑐩𑑂𑐴𑐩𑐴𑐵𑐬𑐵𑐣𑐶𑐩𑐴𑐵𑐬𑐵𑐣𑐶𑐢𑐶𑐬𑐵𑐖𑐨𑐸𑐥𑐎𑐾𑐱𑐬𑐷𑐱𑑂𑐬𑐷𑐱𑑂𑐬𑐷𑐎𑐰𑐷𑐣𑑂𑐡𑑂𑐬𑐖𑐫𑐥𑑂𑐬
219375zd,𑐮𑐮𑐶𑐟𑑄𑐎𑐺𑐟𑑄𑑋𑐔𑐵𑐟𑐸𑐬𑑂𑐰𑐬𑑂𑐐𑐦𑐮𑐵𑐥𑑂𑐬𑐵𑐥𑑂𑐟𑐶𑑍𑐢𑐬𑑂𑐩𑐱𑐵𑐮𑐵𑐩𑐶𑐩𑐵𑑄𑐱𑐸𑐨𑑄𑑋𑑋
dc11017z,𑐁𑐔𑐵𑐬𑑂𑐫𑑂𑐫𑐖𑐸𑐥𑐣𑐶𑐰𑐶𑐖𑑂𑐫𑐵𑐔𑐎𑑄𑐮𑐔𑑂𑐕𑑂𑐫𑐵𑐨𑐐𑐰𑐟𑐶𑐥𑐵𑐠𑐳𑐵𑐬𑑂𑐡𑑂𑐢𑐫𑐵𑐔𑐎𑐵𑐖𑐸𑐬𑑀𑐖𑐶𑐩𑐕𑐩𑑂𑐴𑐣𑐵𑐫𑐎𑐧𑐶𑐖𑑂𑐫𑐵𑐔𑐎𑑄𑐳𑑄𑐐𑐨𑑀𑐖
c9c814c2,𑐬𑐱𑑂𑐬𑐷𑐱𑐵𑐎𑑂𑐫𑐳𑐶𑑄𑐴𑐟𑐠𑐵𑐐𑐟𑐳𑑂𑐫𑑀𑐟𑑂𑐫𑐵𑐡𑐶𑑌𑑌𑐳𑑂𑐰𑐳𑑂𑐟𑐶
0z9aca73,𑐲𑐬𑐵𑐳𑐶𑐐𑐟𑐾𑐔𑐣𑑂𑐡𑑂𑐬𑐩𑐳𑐶𑑌𑐎𑐵𑐱𑑂𑐫𑐥𑐐𑑀𑐟𑑂𑐬𑐳𑑂𑐫𑐩𑐩𑑋𑐣𑐵𑐬𑐵𑐫𑐞𑐡𑐵𑐳𑐳𑑂𑐫𑑌𑐱𑑂𑐬𑐷
f16701bb,𑐑𑐶𑐬𑐵𑐖𑐩𑐾𑐣𑑋𑑋𑐟𑐳𑑂𑐩𑐶𑐣𑑂𑐡𑐶𑐣𑐾𑐎𑐵𑐱𑑂𑐫𑐥𑐖
ff7f6f58,𑐟𑑂𑐬𑑀𑐫𑑄𑐥𑐸𑐬𑐸𑐲𑑀𑐟𑑂𑐟𑐩𑑀𑐰𑐶𑐖𑐫𑐟𑐾𑐥𑐹𑐬𑑂𑐞𑐾𑐣𑑂𑐡𑐸𑐩𑐸𑐐𑑂𑐢𑐵𑐣𑐣𑑀𑐫𑐳𑑂𑐟𑐵𑐟𑐳𑑂𑐫𑐩𑐸𑐡𑑄𑐟𑐣𑑀𑐟𑐶𑐐𑐶𑐬𑐶𑐖𑐾𑐱𑐳𑑂𑐫𑐾𑐰𑐮𑑄𑐧𑑀𑐡𑐬𑑅𑑌𑐎𑐶𑑄𑐧𑑂𑐬𑐸𑐩𑑀𑐩𑐢𑐸
41dzd125,𑐐𑐶𑐫𑐵𑐟𑐣𑐶𑐟𑑂𑐫𑐥𑑂𑐬𑑒𑐖𑐵𑐎𑐶𑐧𑐶𑐫𑐩𑐵𑐮𑑍𑐣𑐶𑐟𑑂𑐫𑐧𑐥𑐸𑐫𑐩𑐵𑐮𑑍𑐖𑐷𑐐𑑂𑐬𑐶𑐳𑑄𑐣𑑂𑐫𑐵𑐳𑐶𑐣𑐠𑑀𑐩𑑄𑐞𑑂𑐜𑐥𑐳𑐖𑐵
cb7z9z1c,𑐀𑐣𑐣𑑂𑐟𑐡𑐶𑐫𑐡𑐾𑐰𑐷𑐠𑑂𑐰𑐩𑑂𑐴𑐩𑐴𑐵𑐬𑐵𑐣𑐶𑐩𑐴𑐵𑐬𑐵𑐣𑐶𑐢𑐶𑐬𑐵𑐖𑐨𑐸𑐥𑐎𑐾𑐱𑐬𑐷𑐱𑑂𑐬𑐷𑐱𑑂𑐬𑐷𑐎𑐰𑐷𑐣𑑂𑐡𑑂𑐬𑐖𑐫𑐥𑑂𑐬
3062d6ba,𑐨𑐫𑑀𑑅𑐳𑑂𑐠𑐵𑐥𑐫𑐵𑑌𑑓
2563234b,𑐮𑐵𑐳𑐶𑐢𑐎𑑄𑐣𑐶𑐧𑐾𑐡𑐣𑐫
z1112bzb,𑑊𑑉𑐣𑐩𑑅𑐱𑑂𑐬𑐷𑐧𑐖𑑂𑐬𑐳𑐟𑑂‍𑐧𑐵𑐫𑑌𑐧𑐣𑑂𑐡𑐾𑐱𑑂𑐬𑐷
d25a2112,𑐳𑑄𑐥𑐡𑐥𑐬𑐟𑑂𑐬𑐳𑑂𑐰𑐬𑑂𑐐𑑂𑐐𑐎𑐵𑐩𑐣𑐵𑐬𑑂𑐠𑐾𑐣𑐩𑐵𑐢𑐰𑐾𑐏𑐮𑐠𑐵𑐥
08a2z783,𑐬𑑂𑐩𑑂𑐩𑐵𑐟𑑂𑐩𑐵𑐩𑐞𑐶𑐬𑐟𑑂𑐣𑑅𑐟𑐳𑑂𑐫𑐨𑐵𑐬𑑂𑐫𑑂𑐫𑐵𑐐𑑄𑐐𑐵𑐖𑐾𑐲𑑂𑐚𑐥𑐸
09a329f9,𑐣𑐺𑐳𑐶𑑄𑐴𑐩𑐮𑑂𑐮𑐣𑐺𑐥𑐟𑐶𑑅𑐎𑐮𑑂𑐥𑐡𑑂𑐬𑐸𑐎𑐮𑑂𑐥𑑅𑐎𑑂𑐲𑐩𑐷𑐐𑑀𑐰𑐵𑐮𑑄𑐑𑑂𑐬𑐶𑐳𑐬𑑀𑐖𑐢𑐹𑐮𑐶𑐢𑐹𑐳𑐬𑐱𑐶𑐮𑐵𑐫𑐸𑐡𑑂𑐢𑐾𑐲𑐸𑐫𑑀𑐢𑐵
62acz20b,𑑉𑐣𑐩𑑅𑐱𑑂𑐬𑐷𑐩𑐡𑑂𑐬𑐵𑐬𑑂𑐫𑑂𑐫𑐵𑐰𑐮𑑁𑐎𑐶𑐟𑐾
28f40azf,𑐥𑐬𑐾𑐲𑐸𑐳𑑂𑐰𑐬𑑂𑐐𑑂𑐐𑐥𑑂𑐬𑐵𑐥𑑂𑐟𑑂𑐫𑐬𑑂𑐠𑐬
b07a3f63,𑐬𑑀𑑍𑐎𑑂𑐰𑐥𑐹𑐕𑐾𑐫𑐵𑐧𑐷𑐮𑐳𑐶𑑄𑐴𑐨𑐵𑐬𑑀𑐄𑐗𑐵𑐣𑐕𑐾𑐫𑐵𑐢𑑄𑐖𑐸𑐨𑐵𑐬𑑀𑐠𑑂𑐰𑐟𑐾𑐳𑑂𑐟𑐳𑐩𑐢𑐵𑐬𑐫𑐵𑐒𑐵𑐌𑐂𑐟𑐸𑑄𑐰𑐵𑐴𑐵𑐬𑐟𑑀𑐮𑐟𑑄𑐰𑐟𑐩𑐸𑐐𑐬𑐫𑐣𑑂𑐟𑐵𑐕𑐾𑐫𑐵𑐨𑐶𑐎𑑂𑐲𑐸
8f348fb3,𑐡𑐾𑐐𑐸𑐠𑐶𑐳𑐡𑐸𑐣𑑂𑐟𑐵𑑍𑐳𑐫𑐰𑐧𑐵𑐴𑐵𑐬𑐌𑐣𑑂𑐟𑐵𑐕𑐾𑑍𑐖𑐵𑐌𑐏𑐵𑑒𑐎𑐸𑑑𑑔𑐂𑐳𑐵𑐣𑐎𑐸𑐣𑐥𑐵
ff221cf2,𑐬𑑂𑐩𑑂𑐩𑐖𑐐𑐟𑐳𑑄𑐳𑐵𑐬𑐳𑐮𑐥𑑂𑐬𑐵𑐞𑐶𑐄𑐢𑐵
z342b3b4,𑐩𑐴𑐵𑐬𑐵𑐖𑐵𑐢𑐶𑐬𑐵𑐖𑐱𑑂𑐬𑐷𑐱𑑂𑐬𑐷𑐣𑐬𑐳𑐶𑑄𑐴𑐩𑐮𑑂𑐮𑐡𑐾𑐰𑐥𑑂𑐬𑐨𑐸𑐠𑐵𑐎𑐸𑐮𑐮𑑄𑐖𑐸𑐬𑑀𑑍𑐔
b40bdc88,𑐫𑑀𑐐𑐳𑑀𑐩𑐧𑐵𑐬𑐠𑑂𑐰𑐎𑐸𑐣𑑂𑐴𑐸𑐥𑑂𑐰𑐵𑐠𑐮𑑄𑐏𑐸𑐰𑐶𑐖𑐫𑐴𑐬𑐶𑐎𑑀𑐕𑐎𑑀𑐡𑐺𑐲𑑂𑐛𑐎𑐷𑐬𑑂𑐟𑑂𑐬𑐶
93781b7z,𑐧𑐵𑐎𑑄𑐟𑐒𑐣𑑌𑐩𑐣𑑀𑐴𑐬𑐵𑐩𑐫𑐶𑐫𑐵𑐣𑐵𑐩𑐣𑐬𑑀𑐴𑑀𑐬𑐧𑐸𑐬𑑀𑑒𑐠𑑂𑐰𑐟𑐾𑐧𑐸𑐫𑐧𑐶𑐬𑐳𑐵
7776a3db,𑐡𑐡𑐶𑐧𑐾𑐩𑐵𑐣𑑀𑐬𑐰𑐷𑐎𑐸𑐬𑐟𑐶𑐮𑐎𑐴𑐣𑐸𑐩𑐢𑑂𑐰𑐖𑐣𑐾𑐥𑐵𑐬𑐱𑑂𑐰𑐬𑐩𑐴𑐵𑐬𑐵𑐖𑐵
89zdf451,𑐨𑐫𑑀𑑅𑐳𑑂𑐠𑐵𑐥𑐫𑐵𑑌𑑓𑑌
8ac35f65,𑐟𑑂𑐬𑐵𑐣𑑍𑐴𑑄𑐣𑐾𑐩𑐵𑐮𑐩𑐴𑐵𑐣𑐳𑐵𑐳𑐹𑐣𑐵𑐣𑑄𑐠𑑂𑐰𑐡𑐾𑐰𑐮𑐳𑐾𑐣𑐎𑐮𑐳𑐵
584fz6f2,𑐣𑐺𑐳𑐶𑑄𑐴𑐩𑐮𑑂𑐮𑐣𑐺𑐥𑐟𑐶𑑅𑐎𑐮𑑂𑐥𑐡𑑂𑐬𑐸𑐎𑐮𑑂𑐥𑑅𑐎𑑂𑐲𑐩𑐷𑐐𑑀𑐰𑐵𑐮𑑄𑐑𑑂𑐬𑐶𑐳𑐬𑑀𑐖𑐢𑐹𑐮𑐶𑐢𑐹𑐳𑐬𑐱𑐶𑐮𑐵𑐫𑐸𑐡𑑂𑐢𑐾𑐲𑐸𑐫𑑀𑐢𑐵
4041z786,𑐖𑐸𑐬𑑀𑐠𑑂𑐰𑐟𑐾𑐡𑐾𑐐𑑀𑐮𑐣𑐾𑐐𑑀𑐮𑐳𑐔𑐶𑑄𑐟𑐵𑐫𑐵
z4zc2b4f,𑐌𑑍𑐰𑐶𑐔𑐵𑐮𑐫𑐵𑐫𑑍𑐩𑐵𑐮𑐖𑐸𑐬𑑀𑑍𑐄𑐥𑐬𑐵𑑄𑐣𑑂𑐟𑐣𑐴𑐵𑐣𑐾𑑍𑐀𑐳𑑂𑐟𑐶𑐡𑐶𑐣𑐎𑐸𑐣𑑂𑐴𑐸𑑍𑐡𑐾𑐐𑐸𑐮𑐶
035c65c9,𑐳𑐟𑐸𑐖𑐷𑐧𑐮𑐵𑐣𑐶𑐠𑐎𑐹𑐥𑐹𑐟𑑂𑐬𑐡𑐾𑐧𑐷𑐢𑑄𑐫𑑀𑐐𑐬𑐵𑐖𑐩𑑀
8f95423z,𑐣𑐾𑐥𑑂𑐬𑐟𑐶𑐲𑑂𑐛𑐵𑐥𑑂𑐫𑐣𑐶𑐟𑑂𑐫𑑄𑐰𑐣𑑂𑐡𑐾𑐣𑐩𑐵𑐩𑑂𑐫𑐴𑑄𑑌𑐀𑐑𑐟𑑂𑐫𑐵𑐡𑐶
22b16zfc,𑐱𑑂𑐬𑐷𑐩𑐕𑑂𑐬𑐷𑐱𑐵𑐎𑑂𑐫𑐳𑐶𑑄𑐴𑐾𑐟𑑂𑐫𑐵𑐡𑐶𑑐𑑌𑐡𑐵𑐣𑐥𑐟𑐶𑐖𑐖𑐩𑐵𑐣𑐣𑐾𑐥𑐵𑐮𑐩𑐞𑑂𑐜𑐮𑐾𑐱𑐵𑐣𑑂𑐟𑐶𑑄𑐑𑐟𑐳𑑂𑐠𑐵𑐣𑐾𑐠𑐵𑐫𑐩𑐡𑐸𑐟𑑀𑐮𑐣𑑂𑐴𑐸𑐧𑐵𑐴𑐵𑐮𑐳𑐔𑑀𑐣𑐩𑑂𑐴𑐳𑑂𑐠𑐵𑐥𑐶𑐟𑐣𑐵𑐫𑐎𑐖𑑀𑐐𑐰𑐷𑐬𑐟𑐳𑑂𑐫𑐨𑐵𑐬𑑂𑐫𑑂𑐫𑐵𑐖𑑂𑐘𑐵𑐣𑐶𑐠𑐎𑐸𑑄
36c13894,𑐏𑐳𑐩𑐵𑐣𑐰𑐬𑑂𑐞𑑂𑐞𑑄𑑍𑐏𑐐𑐾𑐱𑐏𑐾𑐟𑑂𑐰𑑄𑐣𑐏𑐏𑐜𑑂𑐐𑐩𑐸𑐏𑑂𑐫𑑄𑑋𑐏𑐬𑑂𑐰𑐵𑐰𑐟𑐵𑐬𑑄𑐳𑐸𑐏𑐡𑐵𑐡𑐶𑐮𑐾𑐏𑑄𑑍𑐏𑐶𑐮𑐵𑐨𑐶𑐢𑐵𑐣𑑄𑐥𑑂𑐬𑐞𑐩𑐵𑐩𑐶𑐰𑐶𑐲𑑂𑐞𑐸𑑄𑑌𑐀𑐟𑑅𑐥𑐬𑑄𑐣
b87f25bf,𑐣𑑂𑐴𑐸𑐥𑐹𑐬𑑂𑐞𑐵𑐫𑐵𑐒𑐵𑐳𑑄𑑘𑑓𑑕
f52b1z7c,𑐧𑐖𑑂𑐬𑐵𑐔𑐵𑐬𑑂𑐫𑐱𑑂𑐬𑐷𑐱𑑂𑐬𑐷𑐢𑐬𑐟𑐰𑐥𑐸𑐲𑐸𑐬𑐶𑐫𑑁𑐟𑐵𑐕𑐾𑑄𑐧𑐖𑐵𑐔𑐵𑐬𑑂𑐫𑐱𑑂𑐬𑐷𑐖𑐶𑐟𑐳𑐶𑑄𑐴
42d6d3a3,𑐟𑐟𑐸𑐮𑐵𑐢𑐬𑐎𑐮𑑂𑐫𑐟𑐲𑐶𑐟𑐵𑐢𑐟𑐖𑐸𑐬𑐶𑐧𑐐𑐟𑐖𑐸𑐫𑐵𑐌𑐠𑑂𑐰𑐫𑐵𑐟𑐣𑐵𑐩𑐣𑐧𑐸𑐟𑐨𑐵
01b2b18a,𑐬𑐎𑑂𑐲𑑂𑐩𑐶𑐢𑐩𑐂𑐠𑑂𑐰𑐳𑐾𑐣𑐱𑑂𑐰𑐐𑐺𑐴𑐾𑐩𑐣𑐳𑐂𑐕𑑂𑐫𑐵𑐢𑐩𑑂𑐩𑐔𑐶𑐟𑑂𑐄𑐟𑑂𑐫𑐖𑐸𑐫𑐵𑐌𑐳𑐶𑐬𑐵
944zb0z7,𑐎𑑂𑐲𑐟𑐵𑐲𑑂𑐥𑐚𑐔𑐫𑐵𑐴𑐩𑐵𑐱𑑂𑐔𑐳𑐥𑑂𑐟𑐵𑐰𑑂𑐢𑐫𑑅𑑌𑐟𑐵𑐬𑐵𑐣𑐵𑐠𑐥𑐡𑐵𑐬𑑂𑐠𑐳𑐥𑑂𑐟𑐰𑐮𑐶𑐟𑐾𑐣𑐾𑐥𑐵𑐮𑐳𑐩𑑂𑐰
fdc16fz1,𑐣𑐐𑑂𑐰𑐮𑐖𑐸𑐎𑑂𑐰𑐄𑐠𑐵𑐫𑐳𑑄𑐟𑐫𑐩𑐵𑐬𑑍𑐎𑐬𑐵𑐔𑐶𑐟𑑀𑐥𑐶𑐄𑐠𑐵𑐫𑐳𑐩𑐟
a98b193a,𑐟𑐶𑐧𑐸𑐫𑐵𑐰𑐬𑐳𑐵𑐣𑐣𑑍𑐣𑐶𑐟𑑂𑐫𑐀𑐳𑑂𑐟𑐵𑑑𑐔𑐾𑐎𑐟𑐳𑑂𑐫𑑄𑐩𑐟𑐕𑑀𑐫𑐎𑐾𑐩𑐵𑐮𑑍𑐂𑐣𑑂𑐡𑑂𑐬𑐖𑐵𑐟𑑂𑐬𑐵𑐫𑐵𑐥𑐹𑐬𑑂𑐞𑑂𑐞𑐩𑐵
d5202836,𑐳𑐴𑑍𑐨𑐵𑐬𑑂𑐫𑑂𑐫𑐵𑐩𑐣𑑀𑐳𑑂𑐫𑐵𑐟𑑂𑐩𑐖𑐰𑐖𑑂𑐬𑐵𑐔𑐵𑐫𑐶𑐏
9ad2c9ba,𑐣𑐖𑐸𑐬𑑀𑐱𑐸𑐨𑑌𑐩𑐟𑐕𑑀𑐫𑐎𑐾𑐫𑐵𑐟𑐎𑐸𑐬𑑑𑐔𑐶𑐎𑑄𑐕𑑀𑐫𑐾𑐎𑐾𑐩𑐵𑐬𑐱𑐸𑐨𑑋𑑋
2480zb2z,𑐑𑐾𑐕𑐵𑐫𑐱𑐸𑐎𑐶𑑑𑐖𑑀𑐣𑐵𑐫𑐵𑐫𑐩𑐢𑐸𑐥𑐬𑑂𑐎𑑂𑐎𑐫𑐵𑐟𑐡𑑄𑑑𑐡𑐾𑐰𑐳𑑂𑐟𑐡𑐎𑑂𑐲𑐶𑐞𑐵𑐡𑑄𑑒𑐴𑑀𑐩𑐫𑐵𑐟𑐡𑑄𑑖𑐥𑐹𑐖𑐵𑐰𑐵𑐬𑐶𑐥𑐵𑐴𑑂𑐩𑐳𑑂𑐟𑑄𑐡𑑄𑑑𑑐𑐠𑑂𑐰𑐟𑐾𑐡
db08122f,𑐎𑑄𑐰𑐸𑐎𑐬𑐷𑐰𑐖𑑍𑐩𑐵𑐢𑐰𑑄𑐬𑐹𑐐𑑂𑐩𑐳𑑄𑐎𑐵𑐱𑑄𑑍𑐥𑑂𑐬𑐨𑐸𑐡𑐾𑐰𑐣𑐩𑑀𑑇𑐳𑑂𑐟𑐸𑐟𑐾𑑋𑑋𑐱𑑂𑐬𑐷𑐱𑑂𑐬𑐷
4cb7d8d2,𑐣𑐷𑐣𑐶𑐩𑑂𑐴𑐰𑐵𑐎𑐵𑐩𑐾𑐣𑐠𑑂𑐰𑐥𑐶𑐠𑐸𑐐𑑂𑐰𑐵𑐕𑐾𑐬𑐰𑐟
70fd44dc,𑐐𑐱𑑂𑐰𑐬𑐥𑑄𑐔𑐵𑐫𑐣𑐀𑐴𑑀𑐬𑐵𑐟𑑂𑐬𑐫𑐖𑑂𑐘𑐫𑐵𑐒𑐵𑐰𑑍𑐳𑐹𑐰𑐬𑑂𑐞𑑂𑐞𑐎𑐮𑐾𑐱𑐢𑑂𑐰
295af803,𑐊𑐎𑐵𑐫𑑅𑑋𑐱𑐳𑑂𑐟𑑂𑐬𑐱𑐵𑐳𑑂𑐟𑑂𑐬𑐳𑑄𑐐𑐷𑐟𑐵𑐡𑐶𑐳𑐎𑐬𑐧𑐶𑐡𑑂𑐫𑐵𑐥𑐵𑐬𑐐𑑅𑐬𑐵𑐖𑐬𑐵𑐖𑐾𑐣𑑂𑐡𑑂𑐬𑐎𑐧𑐷𑐡𑑂𑐬𑐡𑐶𑐐𑑂𑐢
4cf3z288,𑐩𑐴𑐶𑑄𑐡𑑂𑐬𑐳𑐶𑑄𑐫𑐵𑐎𑐵𑐫𑐖𑑀𑐐𑐣𑐵𑐬𑐵𑑄𑑚𑐥𑐸𑐣𑐵𑐬𑐵𑑄𑑚𑐣𑐶𑐩𑑂𑐴𑐳𑐫𑐵𑑚𑐢𑐬𑑂𑐩𑑂𑐩
490f37f6,𑐀𑐱𑑂𑐮𑐥𑐵𑐣𑐎𑑂𑐲𑐟𑑂𑐟𑑅𑐱𑐸𑐨𑐫𑑀𑐐𑐾𑑅𑐧𑐾𑐳𑐥𑐟𑐶𑐧𑐵𑐳𑐬𑐾𑑅
f9053z13,𑐡𑐾𑐰𑐳𑑂𑐫𑐰𑐶𑐖𑐫𑐳𑐩𑐫𑐧𑐵𑐴𑐵𑐬
f3d9f6c8,𑐳𑐣𑐱𑑄𑐏𑐩𑐹𑐮𑐳𑐢𑐵𑐟𑐢𑐬𑑂𑐩𑑂𑐩𑐳𑐵𑐬𑐵𑐡𑐫𑐎𑑄𑑍𑐀𑐴𑑀𑐬𑐵𑐟𑑂𑐬𑐫𑐖𑑂𑐘𑐫𑐵𑐒𑑍𑐱𑑂𑐬𑐷𑑓𑐡𑐵𑐩𑑀𑐡𑐬𑐡𑐾𑐰𑐥𑑂𑐬𑐟𑐶𑐲𑑂𑐛𑐵𑐫𑐵𑐒𑐵𑐡𑐶𑐣𑐖𑐸𑐬𑑀𑑌𑐠𑑂𑐰𑐫𑐵𑐟𑐥𑑂𑐬𑐟𑑂𑐫𑐵𑐫𑐡𑐸𑐣𑑂𑐟𑐵
c768zbd9,𑐱𑑂𑐬𑐷𑐩𑐟𑑂𑐟𑑂𑐬𑐶𑐮𑑀𑐎𑐷𑐥𑐟𑐾𑑍𑐧𑑂𑐬𑐴𑑂𑐩𑑀𑐟𑑂𑐟𑑄𑐳𑐩𑐬𑐷𑐔𑐶𑐩𑐵𑑄𑐳𑐮𑐥𑐡𑐵𑐩𑑂𑐨𑑀𑐖𑐵𑐫𑐟𑐸𑐨𑑂𑐫𑐣𑑂𑐣𑐩𑑅𑑋𑐟𑐸𑐨𑑂𑐫𑑄𑐣𑐵𑐠𑐣𑐩𑑀𑐣𑐩
486dz4f2,𑐠𑑁𑐁𑐏𑐵𑐝𑐾𑐔𑐱𑐶𑐟𑐾𑑇𑐣𑐸𑐬𑐵𑐢𑐳
cfba3b95,𑐩𑐵𑐮𑑌𑑌𑐨𑐹𑐫𑑀𑐳𑐾𑐮𑑂𑐴𑑀𑐫𑐵𑐟𑐡𑐸𑐣𑑂𑐟𑐵𑐠𑑂𑐰𑐟𑐾𑑍𑐬𑑀𑐰𑑕𑐟𑐩𑐵𑐬𑐵𑐖𑐵𑐰𑐸𑐬𑑀𑐰𑐳𑑂𑐰𑑓𑐧𑐾𑐲𑐵𑐴𑐶𑐟𑐶𑐰𑐸𑑍𑐬𑑀𑐰𑑕𑐳𑐬𑐵𑐰𑐎𑑂𑐲𑐾𑐮𑐰𑐸𑐣𑐾𑐔𑐵𑐟𑐬𑐞𑐠𑑂𑐰
4315230d,𑐧𑐵𑐳𑐡𑐾𑐰𑐣𑐖𑐬𑐢𑐵
4z3fdf2d,𑐖𑑂𑐘𑐵𑐟𑐫𑐵𑐮𑐶𑐱𑐶𑐟𑑅𑐄𑐟𑑂𑐥𑐵𑐡𑐰𑑂𑐫𑐫𑐰𑐬𑑂𑐖𑐶𑐟𑑀𑐎𑑂𑐲𑐫𑐳𑐸𑐏𑑀𑐴𑐵𑐳𑑂𑐫𑑂‌𑐫𑐡𑐶𑐳𑑀𑐏𑑂𑐫𑐵𑐣𑑂𑐰𑐶𑐟𑑅𑐮𑑀𑐎𑐵𑐣𑐵𑑄
3dd23cd2,𑐟𑐟𑐸𑐮𑐵𑐢𑐬𑐎𑐮𑑂𑐫𑐟𑐲𑐶𑐟𑐵𑐢𑐟𑐖𑐸𑐬𑐶𑐧𑐐𑐟𑐖𑐸𑐫𑐵𑐌𑐠𑑂𑐰𑐫𑐵𑐟𑐣𑐵𑐩𑐣𑐧𑐸𑐟𑐨𑐵
428d842c,𑑊𑐳𑑂𑐰𑐳𑑂𑐟𑐶𑑋𑑋𑐱𑑂𑐬𑐷𑐱𑑂𑐬𑐷𑐱𑑂𑐬𑐷𑐐𑑀𑐮𑑀𑐎𑐣𑐵𑐠𑐡𑐾
228b7d19,𑐬𑑀𑐥𑐹𑐖𑐵𑐨𑐞𑑂𑐜𑐷𑐖𑑀𑑑𑐳𑐵𑐢𑐮𑐶𑐥𑐵𑐟𑑔𑐳𑐵𑐡𑐸𑐡𑐸𑐥𑐵𑐟𑑔𑐑𑐾𑐮𑐀𑐲𑑂𑐚𑐵𑑑𑐎𑐳𑑂𑐟𑐶𑐀𑐲𑑂𑐚𑐵𑑑𑐳𑐵𑐏𑐀𑐲𑑂𑐚𑐵𑐡𑐶𑐰𑐵𑐑𑐾𑐮𑐀𑐲𑑂𑐚𑐵𑑒𑐐𑐸𑐐𑑂𑐐𑐸𑐬𑐸𑐖
fccd2036,𑐥𑐸𑑑𑐩𑐵𑐴𑐵𑐡𑐶𑐥𑐕𑑀𑐔𑐎𑐾𑐩𑐵𑐮𑑍𑐁𑐲𑐵𑐕𑐶𑑑𑐑𑐾𑐮𑐦𑑄𑐕𑐶𑑑𑐔𑐾𑐎𑑄𑐡𑑄𑑒𑐡𑐾𑐰
02zzf517,𑐬𑐎𑐵𑐩𑐔𑐵𑐔𑐵𑐟𑑂𑐣𑐩𑑀𑐎𑑂𑐲𑐐𑐟𑐶𑐥𑑂𑐬𑐵𑐦𑐖𑐸
d6b55ccd,𑐳𑑂𑐟𑐡𑐎𑑂𑐲𑐶𑐞𑐵𑑍𑐡𑑄𑑒𑐥𑐸𑐖𑐵𑐧𑐵𑐮𑐶𑐫𑐟𑐵𑑍𑐡𑐎𑑂𑐲𑐶𑐞𑐵𑑍𑐧𑐶𑐫𑑍𑐠𑑂𑐰𑐟𑐾𑐔𑑀𑐳𑑂𑐫𑐟𑐎𑑀𑑍𑐐𑐸𑐠𑐶
490125c1,𑐳𑑂𑐫𑑄𑑍𑐠𑑂𑐰𑐡𑐾𑐰𑐮𑐡𑐫𑐎𑐰𑐶𑐖𑑂𑐫𑐵𑐎𑐖𑐸𑐬𑑀𑑌𑑌𑐱𑑂𑐬𑐾𑑇𑐫𑑀𑐳𑑂𑐟𑐸𑑌𑐳𑐩𑑂𑐰𑐟𑑂𑑘𑑐𑑑𑐩𑐵𑐬𑑂𑐐𑑂𑐐𑐱𑐶𑐮𑐱𑐸𑐎𑑂𑐮𑑌𑐥𑐥𑑂𑐚𑑂𑐫𑐵𑐣𑑂𑐟𑐶𑐠𑑁𑐱𑑂𑐬𑐰𑐞𑐥𑑂𑐬𑐢𑐣𑐾𑐲𑑂𑐛𑐵𑐣𑐎𑑂𑐲𑐾𑐟𑑂𑐬𑐾𑑌
67fa6525,𑐐𑐣𑐷𑐣𑑁𑐩𑐶𑐣𑐶𑐟𑑂𑐫𑑄𑑌𑑕𑑌𑐱𑐶𑐬𑑀𑐨𑐶𑐣𑑂𑐟𑑂𑐬𑐶𑐨𑐶𑐳𑑂𑐳𑑄𑐫𑐸𑐟𑐵𑐥𑐵𑐣𑐥𑐵𑐟𑐸𑑄𑑍𑐎𑐬𑐾𑐡𑐎𑑂𑐲𑐶𑐞𑐾𑑖𑐣𑐸𑐎𑑂𑐲𑐞𑑄𑐮𑐎𑑂𑐲𑐫𑐎𑐷𑑋
94d05fb1,𑐧𑐨𑐹𑐟𑐳𑑂𑐰𑐖𑐣𑐳𑐴𑐶𑐟𑐵𑐣𑑂𑐳𑐬𑑂𑐰𑐳𑐟𑑂𑐰𑐵
z1zz357c,𑐐𑐷𑐟𑐰𑐶𑐢𑐵𑐣𑐶𑐢𑐾𑑅𑑋𑐫𑐳𑑂𑐫𑐥𑑂𑐬𑐾𑐩𑐟𑐩𑑀𑐰𑐬𑑀𑐣𑐬𑐴𑐬𑐶𑐣𑑂𑐣𑐷𑐩𑐵𑐩𑐴𑐟𑑂𑐳𑐾𑐰𑐎𑑀𑑍𑐡𑐵𑐳𑐵𑐣𑐵𑑄𑐐𑐞𑐣𑐵𑐫
1zc82c42,𑑉𑐣𑐩𑑅𑐱𑑂𑐬𑐷𑐧𑐖𑑂𑐬𑐢𑐵𑐟𑐸𑐔𑐿𑐟𑑂𑐫𑐵𑐫𑑌𑑌𑐱𑑂𑐬𑑀𑐳𑑂𑐟𑐸𑐳𑐩𑑂𑐰𑐟𑑂𑑙𑑔𑑘
251f62c5,𑐟𑑂𑐬𑐱𑑂𑐬𑐷𑐬𑐟𑑂‍𑐣𑑅𑐡𑑂𑐧𑐶𑐟𑐶𑐫𑐥𑐸𑐟𑑂𑐬𑐢𑐣𑐬𑐟𑑂‍𑐣𑐟𑐺𑐟𑐶𑐫𑐥𑐸
50ba59b0,𑐡𑐎𑑀𑐫𑐵𑐟𑑄𑐡𑐎𑑂𑐲𑐶𑐞𑐵𑐰𑐶𑐳𑑂𑐫𑑄𑐫𑐵𑐒𑐵𑐠𑑂𑐰𑐟𑐾
d80az37b,𑐡𑑂𑐰𑐶𑐟𑐶𑐫𑐨𑐵𑐬𑑂𑐫𑐵𑑍𑐧𑐕𑐬𑐵𑐮𑐎𑑂𑐲𑑂𑐩𑐷𑑓
39f0bcf0,𑐳𑐶𑑄𑑅𑐟𑐳𑑂𑐫𑐨𑐵𑐬𑑂𑐖𑑂𑐫𑐵𑐎𑐺𑐲𑑂𑐞𑐩𑐵𑐫𑐵𑑅𑐟𑐳𑑂𑐫𑑅𑐖𑐾𑐳𑑂𑐟𑐥𑐸𑐟𑑂𑐬𑑅𑐩𑐣𑐶
54605d6z,𑐥𑐩𑐢𑐮𑐶𑐥𑐸𑐟𑑂𑐬𑐀𑐲𑑂𑐟𑐳𑐶𑑄𑐴𑐎𑐳𑐾𑐨𑐵𑐬𑑂𑐫𑐵𑐖𑐫𑐰𑐣𑑂𑐟𑐷𑐡𑑂𑐰𑐶𑐟𑑂𑐫𑐢𑐬𑑂𑐩𑑂‍𑐩𑐵𑐟𑐳𑑂𑐫
41c38d28,𑑊𑐳𑑂𑐰𑐳𑑂𑐟𑐶𑑋𑑋𑑌𑐱𑑂𑐬𑐷𑑓𑐔𑐣𑑂𑐡𑐾𑐱𑑂𑐰𑐬𑐷𑐨𑐰𑐵𑐣𑐷𑐥𑑂𑐬𑐶𑐟𑐶𑐣
160361az,𑐎𑑂𑐮𑐡𑑂𑐰𑐵𑐡𑐱𑐷𑐱𑑂𑐬𑐵𑐰𑐞𑐎𑐺𑐲𑑂𑐞𑐀𑐲𑑂𑐚𑐩𑐷𑐎𑐵𑐬𑑂𑐟𑑂𑐟𑐶𑐎𑐱𑐸𑐎𑑂𑐮𑐡𑑂𑐰𑐵𑐡𑐱𑐷𑐦𑐵𑐮𑑂𑐐𑐸𑐞𑐱𑐸𑐎𑑂𑐮𑐥𑐹𑐬𑑂𑐞𑐶𑐩𑐵𑐠𑑂𑐰𑐒𑐵𑐑𑐵𑐟𑐣𑑄
3bfdf658,𑐎𑑂𑐲𑐟𑐵𑐲𑑂𑐥𑐚𑐔𑐫𑐵𑐴𑐩𑐵𑐱𑑂𑐔𑐳𑐥𑑂𑐟𑐵𑐰𑑂𑐢𑐫𑑅𑑌𑐟𑐵𑐬𑐵𑐣𑐵𑐠𑐥𑐡𑐵𑐬𑑂𑐠𑐳𑐥𑑂𑐟𑐰𑐮𑐶𑐟𑐾𑐣𑐾𑐥𑐵𑐮𑐳𑐩𑑂𑐰
d314az39,𑐬𑐱𑑂𑐬𑐷𑐱𑐵𑐎𑑂𑐫𑐳𑐶𑑄𑐴𑐟𑐠𑐵𑐐𑐟𑐳𑑂𑐫𑑀𑐟𑑂𑐫𑐵𑐡𑐶𑑌𑑌𑐳𑑂𑐰𑐳𑑂𑐟𑐶
00bb8b21,𑐰𑐳𑑂𑐎𑐾𑐳𑐶𑐟𑑀𑐮𑐣𑐡𑐸𑐟𑐵𑐊𑐎𑐩𑐹𑐎𑐐𑑂𑐫𑐵𑐮𑐡𑑀𑐴𑑀𑐬𑐫𑐵
72z1267f,𑐮𑐏𑐠𑑄𑐒𑐩𑑂𑐴𑐫𑐵𑐟𑐣𑑂𑐴𑐶𑐣𑐖𑐵𑐎𑑂𑐫𑐥𑑂𑐬𑑒𑐢𑐵𑐬𑐾𑐰𑐶𑐫𑐩𑐵𑐮𑑅𑐮𑐏𑐩𑐠𑐣𑐳𑐵𑑅𑐥𑑄𑐣𑑂𑐔𑐩𑐴𑐵𑐥𑐵𑐟𑐎
zfc176f2,𑐖𑐸𑐮𑑌𑐱𑐸𑐨𑑄𑑌
2b58983c,𑐳𑐵𑐐𑐬𑑄𑑋𑐀𑐩𑐺𑐟𑐵𑐨𑐵𑐨𑐶𑐟𑐩𑑁𑐮𑐶𑑍𑐴𑐬𑐵𑐴𑐬𑑄𑐣𑐬𑐵𑐩𑑂𑐫𑐴𑑄𑑋𑑋𑐧𑐸𑐡𑑂𑐰𑑄𑐢𑐬𑑂𑐩𑑂𑐩𑐣𑑂𑐟𑐠𑐵𑐳𑑄𑐑𑑍𑐊𑐎𑑀
bffc577f,𑐎𑐳𑑂𑐫𑐥𑐸𑐟𑑂𑐬𑐴𑐬𑑂𑐲𑐣𑐬𑐳𑐶𑑄𑐣𑐷𑐩𑑂𑐴𑐢𑑄𑑍𑐩𑐸𑐣𑐶𑐢𑐣𑐎𑐳𑑂𑐫
6d39b14f,𑐥𑐵𑐫𑑚𑐢𑐬𑑂𑐩𑑂𑐩𑐞𑐵𑐬𑐵𑐫𑐣𑐥𑑂𑐬𑐩𑐸𑐏𑐥𑐬𑐶𑐧𑐵𑐬𑐡𑐎𑑀𑐩𑑀𑐎𑑂𑐲𑐐𑐟𑐶𑐬𑐵𑐎𑐖𑐸𑐥𑐵𑐫𑑌
106z61db,𑐎𑐰𑑄𑐟𑑀𑐎𑑀𑐮𑐶𑐰𑐶𑐕𑐾𑐰𑐖𑐵𑐜𑐔𑐵𑐖𑑂𑐫𑐱𑑂𑐬𑐷𑐬𑐵𑐩𑐖𑐸𑐳𑐱𑑂𑐬𑐷𑐮𑐾𑐕𑐩𑐣𑐖𑐸𑐳𑐠𑑂𑐰𑐥𑐣𑐶𑐳𑑂𑐫𑐣𑑅𑐮𑑄
8612f16b,𑑊𑐱𑑂𑐬𑐷𑑓𑐧𑐸𑐢𑐢𑐬𑑂𑐩𑐳𑑄𑐑𑐩𑐔𑐣𑐱𑑂𑐬𑐷𑐩𑐵
5f53d5a9,𑐬𑐵𑐩𑑍𑐩𑐵𑐢𑐰𑐬𑐵𑐩𑑍𑐢𑑄𑐖𑐹𑐬𑐵𑐩𑐨𑐵𑐮𑑀𑐠𑑂𑐰𑐟𑐾𑐳𑐩𑐸𑐔𑑂𑐔𑐫𑐣𑐟
799a89f0,𑐥𑐡𑐵𑐬𑐰𑐶𑐣𑑂𑐡𑐫𑐸𑐐𑐮𑐾𑐨𑐺𑐒𑑂𑐐𑐵𑐫𑐟𑐾𑐫𑐣𑑂𑐩𑐣𑑅𑑋𑐰𑐵𑐐𑑂𑐩𑐟𑑂𑐫𑐵𑐳𑑂𑐟𑑂𑐬𑐶𑐥𑐸𑐬𑐵𑐣𑑂𑐟𑐎𑐳𑑂𑐫𑐔𑐴𑐬𑐾𑐬𑑂𑐢𑑂𑐫𑐵𑐣𑐵𑐣𑐸𑐬𑐎𑑂𑐟𑑅𑐳𑐡𑐵𑑍𑐳𑑀𑐫𑐱𑑂𑐬𑐷𑐮𑐮𑐶𑐟𑐵𑐥𑐸𑐬𑐾𑐣𑐺𑐥𑐩𑐞𑐶𑑅
15642306,𑐬𑐶𑐴𑐬𑐴𑐬𑐴𑐬𑑂𑐩𑑂𑐫𑐴𑐬𑐰𑐵𑐴𑐣𑐨𑐬𑐴𑐬𑐶𑐞𑐵𑐎𑑂𑐲𑐷𑐴𑐵𑐳𑐴𑐷𑐬𑐎𑐴𑐶𑐞𑑂𑐜𑐷𑐬𑐥𑐶𑐞𑑂𑐜𑐴𑐮𑐢𑐬𑐢𑐰𑐮
2fa829z6,𑐫𑐵𑐣𑐵𑑅𑐥𑑂𑐬𑐟𑐶𑐳𑑂𑐠𑐵𑐳𑑄𑐥𑐸𑐬𑑂𑐞𑑂𑐞𑐫𑐵𑐣𑐵𑐡𑐷𑐣𑐖𑐸𑐮𑑅𑐱𑐸𑐨𑑄𑑅𑑌
d50bfz30,𑐰𑐷𑐬𑐥𑑂𑐬𑐨𑐷𑐟𑐶𑑄𑐥𑐬𑐶𑐰𑐵𑐬𑐕𑐶𑐫𑐵𑐠𑐸𑐐𑐸𑐖𑐣𑑂𑐩𑐳𑐩𑐣𑑀𑐬𑐠𑐥𑐸𑐬𑑂𑐞𑐖𑐸𑐫𑐾𑐩𑐵𑐮𑐥𑐬𑐟𑑂𑐬𑐳𑐩𑑀𑐎𑑂𑐲𑐥𑐡𑐧𑐶𑐮𑐵𑐫𑐡𑐫𑐩𑐵𑐮𑑅𑑌𑐱𑑂𑐬𑐷𑐳𑐩𑑂𑐰𑐟𑑂𑑑𑑐𑑒𑑐𑐳𑑂𑐟𑐶𑐦𑐵𑐮𑑂𑐐𑐸𑐞𑐱𑐸𑐎𑑂𑐮𑐥𑐵𑐡𑐸𑐄𑐟𑑂𑐬𑐨𑐡𑑂𑐬𑐣𑐎𑑂𑐲𑐟𑑂𑐬𑐳𑐵𑐏𑑂𑐫𑐫𑑀𑐐
55cdf064,𑐟𑑂𑐣𑐥𑑂𑐬𑐴𑐵𑐫𑐔𑐶𑐬𑑂𑐟𑑂𑐟𑐿𑐧𑐬𑐸𑐥𑐵𑐫𑐎𑐸𑐮𑐶𑐱𑑀𑐡𑑂𑐨𑐧𑐵𑐫𑐟𑐳𑑂𑐟𑑂𑐬𑐥𑐬𑐶𑐩𑑂𑐣𑐵𑐫𑐥𑑂𑐬𑐳𑑄𑐨𑐸𑐣𑐶𑐨𑐫𑑅𑑋𑑋
a7bd8fz8,𑐰𑑂𑐫𑐟𑐶𑐥𑐵𑐟𑐥𑐬𑐰𑐬𑐶𑐫𑐵𑐣𑐫𑑀𑐐𑑌𑐧𑐸𑐢𑐧𑐵𑐬𑑌𑐠𑑂𑐰𑐲𑐸𑐣𑑂𑐴𑐸𑐱𑑂𑐬𑐷𑑓𑐨𑐷𑐩𑐳𑐾𑐣𑐡𑐾𑐰𑐟𑐵
abc85f34,𑐡𑐶𑐣𑐾𑐮𑑀𑐎𑐣𑐵𑐠𑐾𑐏𑐬𑐵𑐐𑑂𑐬𑐿𑑌𑐫𑐵𑐱𑑂𑐬𑐷
77d2a4a3,𑐖𑐵𑐬𑐵𑐴𑐣𑐫𑐵𑐒𑐵𑑍𑐳𑐹𑐬𑑂𑐫𑑂𑐫𑐬𑐵𑐩𑑍𑐥𑐬𑑂𑐱𑐸𑐬𑐵𑐩𑐨𑐵𑐮𑑀𑐣𑐾𑐩𑑂𑐴𑑄𑐦𑐸𑐎𑐶𑐖𑐣
2zb6zb95,𑐳𑐥𑐸𑐬𑐵𑐨𑐵𑐬𑐶𑐳𑐰𑐰𑐵𑐐𑑀𑐥𑐵𑐮𑐬𑐵𑐩𑐩𑐵𑐩𑐢𑑄
15ca4d9z,𑐊𑐎𑐵𑐫𑑅𑑋𑐱𑐳𑑂𑐟𑑂𑐬𑐱𑐵𑐳𑑂𑐟𑑂𑐬𑐳𑑄𑐐𑐷𑐟𑐵𑐡𑐶𑐳𑐎𑐬𑐧𑐶𑐡𑑂𑐫𑐵𑐥𑐵𑐬𑐐𑑅𑐬𑐵𑐖𑐬𑐵𑐖𑐾𑐣𑑂𑐡𑑂𑐬𑐎𑐧𑐷𑐡𑑂𑐬𑐡𑐶𑐐𑑂𑐢
69a62cac,𑑊𑐱𑑂𑐬𑐷𑐎𑐺𑐲𑑂𑐞𑐵𑐫𑐣𑐩𑑅𑑌𑐨𑐹𑐨𑐵𑐬𑑄𑐴𑐬𑐟𑐾𑐬𑐶𑐥𑐹𑐣𑑂𑐎𑐮𑐸𑐲𑐶𑐞𑑀𑐴𑐟𑑂𑐰𑐵𑐩𑐡𑐵𑐣𑑂𑐢𑐵𑐣𑑂𑐣𑐺𑐥𑐵𑐣𑑂𑐢𑐬𑑂𑐩𑐵𑐣𑑂𑐳𑑂𑐫𑐵
d6a16f45,𑐳𑑄𑐐𑐕𑐶𑐫𑐵𑐟𑐡𑑄𑐡𑐎𑑂𑐲𑐞𑐵𑐠𑐶𑐖𑐣𑐥𑐣𑐶𑐳𑐾𑐣𑐳𑐟𑐥𑑂𑐥𑑂𑐫𑐵
zb885c8c,𑐥𑑂𑐬𑐵𑐟𑐶𑐣𑑍𑐎𑐵𑐫𑐧𑐵𑐱𑑂𑐬𑐣𑑀𑐖𑐣𑐶𑑄𑐟𑐳𑐎𑐮𑐥𑐵𑐥𑐲𑑂𑐚𑐫𑐵
69224a59,𑐟𑐶𑐔𑐶𑐎𑑄𑐀𑐚𑐣𑐰𑐶𑐒𑐵𑐰𑐥𑑂𑐬𑐟𑐶𑐲𑑂𑐛𑐵𑐫𑐵𑐒𑐵𑐖𑐸𑐮𑑀𑑋𑑋𑐀𑐰𑑂𑐫𑐧𑑂𑐬𑐴𑑂𑐩
9970cc68,𑐖𑐫𑐳𑐩𑐫𑐧𑐵𑐴𑐵𑐬𑐫𑐵𑐧
bbzd97c1,𑐱𑑂𑐬𑐷𑐱𑑂𑐬𑐷𑐱𑑂𑐬𑐷𑐧𑐖𑑂𑐬𑐫𑑀𑐐𑐶𑐣𑑂𑐫𑐣𑐩𑑅𑑌𑐟𑑂𑐰𑐡𑐷𑐫𑐥𑐡𑐡𑑂𑐰𑐣𑑂𑐡𑑂𑐰𑐩𑐩𑑂𑐨𑑀𑐖𑐰𑐺𑐣𑑂𑐡𑑍𑐬𑐸𑐔𑐵𑐡𑑂𑐬𑐖𑐫𑑀𑐐𑐶𑐣𑑂𑐫𑐢𑑀
cfab093a,𑐫𑐶𑐣𑐾𑐬𑐟𑑂𑐟𑐸𑐟𑑂𑐫𑐵𑐰𑐶𑐱𑑂𑐰𑐳𑐺𑐖𑐵𑑄𑐳𑑂𑐰𑐫𑑄𑐰𑐟𑐬𑐟𑐾𑐎𑐺𑐲𑑂𑐞𑐵𑐫𑐨𑐹𑐫𑑀𑐣𑐩𑑅𑑌𑐫𑑀𑐫𑑀𑐮𑐷𑐮𑐫𑑀𑐡𑐢𑐸𑐟𑑂𑐫𑐐𑐶𑐬𑐶𑑄𑐩𑐴𑐵𑐣𑑂𑐟𑑄𑐐𑑀𑐐𑑀𑐥𑐶
b1ca420z,𑐡𑐶𑐣𑐾𑐮𑑀𑐎𑐣𑐵𑐠𑐾𑐏𑐬𑐵𑐐𑑂𑐬𑐿𑑌𑐫𑐵𑐱𑑂𑐬𑐷
794d0f25,𑐩𑐳𑐾𑐣𑐳𑑂𑐠𑐵𑐥𑐣𑐵𑐫𑐵𑐣𑐵𑐡𑐾𑐐𑑀𑐮𑐡𑐫𑐎𑑄𑐣𑐶
az03502f,𑐟𑑂𑐬𑑅𑐣𑐶𑐮𑐬𑐟𑑂‍𑐣𑐥𑐸𑐟𑑂𑐬𑐶𑐔𑐣𑑂𑐡𑑂𑐬𑐩𑐵𑐫𑐵𑐠𑑂𑐰𑐟𑐾𑐥𑐬𑐶𑐧𑐵
1331f4c2,𑐳𑐰𑐶𑐔𑐵𑐮𑐫𑐵𑐫𑐟𑐵𑑍𑐩𑐢𑑄𑐡𑐵𑐣𑐵𑐫𑐎𑑍𑐠𑐎𑐸𑑄𑐩𑐫𑐷𑑍𑐢𑐣𑐩𑐫𑐷𑑍𑐡𑐾𑐰𑐮𑐎𑑂𑐲𑑂𑐩𑐷
96a1z07a,𑐱𑐸𑐨𑐱𑐣𑑂𑐟𑐸𑐳𑐬𑑂𑐰𑑂𑐰𑐡𑐵𑐎𑐵𑐮𑑄𑑋𑑋
2142c1d4,𑐟𑑂𑐫𑐰𑐵𑐬𑐠𑑂𑐰𑐎𑐸𑐣𑑂𑐴𑐸𑐎𑐶𑐟𑑂𑐟𑐶𑐥𑐸𑐬𑐶𑐫𑐵𑐱𑑂𑐬𑐷𑐖𑐵𑐖𑐸𑐰𑑂𑐫𑐵𑐢𑐾𑐱𑑂𑐰𑐬𑐫𑐵𑐥𑑂𑐬𑐳𑐵𑐡𑐣𑑍𑐐𑐸𑑄𑐡𑐾𑐱
add08256,𑑅𑐎𑐺𑐟𑑋𑑋𑐳𑑄𑐰𑐟𑑂𑑗𑑗𑑒𑐠𑑂𑐰𑐡𑑄𑐳𑐬𑐵
667ab51b,𑐖𑐳𑐰𑑂𑐖𑐐𑑅𑐥𑑂𑐬𑐟𑐶𑐡𑐶𑑄𑐱𑐳𑑂𑐠𑐶𑐟𑑂𑐰𑐵𑐥𑑂𑐬𑐩𑐟𑑂𑐳𑑂𑐫𑐣𑑂𑐡𑐣𑐾𑑌𑐀𑑄𑐐𑐵𑐣𑐵𑑄𑐥𑑂𑐬𑐨𑐰𑑀𑐟𑐣𑑀𑐟𑐸𑐴𑐶𑐳𑐡𑐵𑐩𑑀𑐡𑑄𑐥𑐬𑑄𑐥𑑂𑐬𑐵𑐞𑐶
841az771,𑐢𑐾𑑅𑐥𑐡𑑂‌𑐩𑐾𑐰𑐥𑐡𑑂𑐫𑐾𑐎𑑂𑐲𑐞𑐵𑐫𑐳𑑂𑐫𑐵𑑅𑐰𑐶𑐞𑐸𑐬𑐶𑐰𑐎𑑂𑐲𑐩𑐷𑐰𑐶𑐩𑐮𑐢𑐷𑑅𑐱𑑂𑐬𑐷𑐬𑐸𑐡𑑂𑐬𑐩𑐮𑑂𑐮𑑅𑐩𑐟𑐶𑑅𑐥𑑂𑐬𑐵𑐳𑐵𑐡𑑀𑐬𑐖𑐟𑐵𑐔𑐮𑐵
5b3az105,𑐮𑐶𑐟𑐎𑐣𑑂𑐡𑐬𑑂𑐑𑐲𑐬𑑂𑐫𑑂𑐫𑐱𑐵𑐣𑑂𑐟𑐶𑐖𑑂𑐘𑐵𑐣𑐖𑐣𑐶𑐟𑐳𑐸𑐬𑐐𑐸𑐬𑐸𑐨𑑂𑐬𑐵𑐣𑑂𑐟𑐶𑑋𑐱𑑂𑐬𑐷𑐖𑐟𑑂𑐩𑐷𑐱𑐔𑐬𑐞𑐳𑑂𑐩𑐬𑐞𑐱𑐩𑐶𑐟𑐎𑐾
408z7909,𑐰𑐱𑑂𑐬𑐷𑐨𑐹𑐥𑐟𑐷𑐣𑐵𑑄𑐳𑐨𑐵𑐳𑑂𑐠𑐵𑐣𑑄𑐳𑐣𑑂𑐩𑐞𑐶𑐩𑐞𑑂𑐜𑐥𑑄𑐳𑐸𑐮𑐮𑐶𑐟𑐖𑐷𑐬𑑂𑐞𑐟𑑂𑐰𑐥𑐵𑐳𑑂𑐫𑐡𑑂𑐬𑐸𑐟𑑄𑐳𑑄𑐐𑐷𑐟𑐵𑐬𑑂𑐞𑑂𑐞𑐰𑐥𑐵
cz4af438,𑐟𑐶𑐧𑐵𑐳𑐬𑐾𑑍𑐩𑐾𑐲𑐬𑐵𑐳𑐶𑐐𑐟𑐾𑐳𑐰𑐶𑐟𑐮𑐶𑑍𑐰𑐺𑐲𑐬𑐵𑐳𑐶𑐐𑐟𑐾𑑍𑐔𑐣𑑂𑐡𑑂𑐬𑐩𑐳𑐶𑑌
az46z89c,𑐡𑐫𑐎𑐵𑐖𑐸𑐬𑑀𑑍𑐟𑐟𑐥𑐸𑐞𑑂𑐫𑐵𑐠𑐾𑐣𑐖𑑀𑐖𑐩𑐵𑐣𑐳𑑂𑐫𑐁𑐫𑐶
05b5fzbb,𑐧𑐵𑐬𑐫𑐾𑐱𑑂𑐬𑐷𑑒𑐳𑑂𑐰𑐫𑐨𑐸𑐬𑑂𑐔𑐾𑐟𑑂𑐫𑐨𑐚𑑂𑐚𑐵𑐬𑐎𑐳𑐣𑐶𑐢𑐵𑐣𑐾𑐀𑐡𑑂𑐫𑐵𑐡𑐶𑑋𑑋𑐡𑐵𑐣𑐥𑐟𑐶𑐎𑐵𑐟𑐶𑐥𑐸
f0967f9b,𑐲𑑒𑐎𑑀𑐠𑐸𑐡𑑀𑐎𑑀𑐔𑐸𑑍𑐠𑑂𑐰𑐟𑐾𑐔𑐸𑐫𑐵𑐌𑐮𑐳𑐵𑐣𑑍𑐱𑑂𑐬𑐷𑐳𑐶
7979aa15,𑐳𑐶𑐫𑐵𑐖𑐸𑐬𑑀𑑍𑐠𑑂𑐰𑐔𑐾𑐎𑐣𑐀𑐟𑐩𑐎𑐶𑐮𑐶𑐟𑐵𑐟𑐳𑐵𑐳𑑀𑐣𑐎𑐾𑐔𑐮𑐎𑐳𑐵𑐬𑐟𑐬𑐳𑐵𑐔𑑂𑐰𑐵𑐦𑐶𑐣𑐧𑐥𑐸𑐟𑐳𑐵𑐧𑑂𑐬𑐩𑑂𑐴𑐴𑐠𑑂𑐫𑐵𑐰𑐵𑐬𑐴𑐠𑑂𑐫𑐵𑐐𑑂𑐰𑐴𑐴𑐠𑑂𑐫𑐵𑐳𑑂𑐟𑑂𑐬𑐷
9ff3922b,𑐏𑐞𑑂𑐜𑐾𑐨𑐵𑐬𑐟𑐧𑐬𑑂𑐲𑑌𑐴𑐶𑐩𑐧𑐚𑑂𑐚𑐎𑑂𑐲𑐶𑐱𑐥𑐵𑐡𑐾𑐣𑐾𑐥𑐵𑐮𑐩𑐞𑑂𑐜𑐮𑐾𑐱𑑂𑐬𑐷𑑓𑐥𑐱𑐸𑐥𑐟𑐶
4za26892,𑐩𑑂𑐫𑐾𑐳𑐒𑑂𑐎𑐬𑑂𑐲𑐞𑑄𑐥𑑂𑐬𑐨𑐸𑑄𑑋𑐥𑑂𑐬𑐡𑑂𑐫𑐸𑐩𑑂𑐣𑑄𑐥𑐱𑑂𑐔𑐶𑐩𑐡𑑂𑐰𑐵𑐬𑐶𑐎𑑁𑐰𑐾𑐫𑐸𑐫𑑂‌𑐬𑑂𑐫𑐵𑐩𑐣𑐶𑐬𑐸𑐡𑑂𑐢𑑄𑐎𑑌𑐩𑐢𑑂𑐫𑐾𑐣𑐵𑐬𑐵𑐫𑐞𑐬𑐹𑐥𑑄𑑍𑐥𑐬𑑄𑐧𑑂𑐬𑐴𑑂𑐩𑐳𑑂𑐰
0z87889b,𑐫𑑀𑐐𑐾𑐫𑐠𑐵𑐎𑐬𑐞𑐩𑐺𑐴𑐹𑐬𑑂𑐟𑑂𑐟𑐎𑐾𑐁𑐡𑐶𑐟𑑂𑐫𑐰𑐵𑐳𑐬𑐾𑐰𑐺𑐲𑐬𑐵𑐱𑐶𑐐𑐟𑐾𑐳
00cda055,𑐥𑐥𑑂𑐬𑐖𑑂𑐰𑐵𑐬𑐶𑐟𑐫𑐵𑐒𑐵𑐡𑐬𑑂𑐱𑐣𑐢𑐵𑐬𑐷𑐡𑐵
4dbb0ab5,𑐎𑐵𑐣𑐵𑐩𑐐𑐴𑐾𑑅𑐰𑐳𑑂𑐟𑐶𑐟𑐵𑑅𑐢𑐬𑑂𑐩𑐵𑐟𑐩𑐵𑐟𑑀𑐬𑐵𑐬𑑂𑐢𑑅𑐥𑐹𑐣𑑂𑐫𑐰𑐶𑐬
c2892az4,𑑊𑐣𑐶𑐟𑑂𑐫𑑄𑐱𑑂𑐬𑐷𑐱𑐶𑐰𑐮𑐶𑑄𑐐𑐥𑐸𑐖𑐣𑐧𑐶𑐢𑑁𑐎𑐵𑐬𑑂‍𑐫𑑄𑐖𑐣𑐿𑐳𑑂𑐟𑐟𑑂‍𑐥𑐬𑐿𑑅𑐱𑑂𑐬𑐷𑐏
9549f4fc,𑑌𑐱𑐸𑐨𑐩𑐒𑑂𑐐𑐮𑐨𑐰𑐟𑐸𑑌
4zc9a7f3,𑐖𑐳𑐰𑑂𑐖𑐐𑑅𑐥𑑂𑐬𑐟𑐶𑐡𑐶𑑄𑐱𑐳𑑂𑐠𑐶𑐟𑑂𑐰𑐵𑐥𑑂𑐬𑐩𑐟𑑂𑐳𑑂𑐫𑐣𑑂𑐡𑐣𑐾𑑌𑐀𑑄𑐐𑐵𑐣𑐵𑑄𑐥𑑂𑐬𑐨𑐰𑑀𑐟𑐣𑑀𑐟𑐸𑐴𑐶𑐳𑐡𑐵𑐩𑑀𑐡𑑄𑐥𑐬𑑄𑐥𑑂𑐬𑐵𑐞𑐶
1b7z50d1,𑐥𑐬𑑂𑐰𑐎𑐵𑐮𑐫𑐵𑐡𑐶𑐣𑐳𑑌𑐩𑐸𑐳𑐸𑑄𑐧𑐵𑐴𑐵
36671846,𑐏𑐬𑐡𑐾𑐰𑐟𑑂‍𑐥𑐟𑑂𑐣𑐷𑐮𑐎𑑂𑐲𑑂𑐩𑐷𑐡𑐾𑐰𑐷
f16fzcaz,𑐱𑐸𑐨𑐱𑐣𑑂𑐟𑐸𑐳𑐬𑑂𑐰𑑂𑐰𑐡𑐵𑐎𑐵𑐮𑑄𑑋𑑋
9c225cab,𑐫𑐵𑐒𑐵𑐰𑐵𑐴𑐵𑐬𑐫𑐵𑐡𑐵𑐎𑐸𑐖𑐸𑐎𑑂𑐰𑐵𑐛𑑂𑐫𑐵𑐛
300c630f,𑐮𑐢𑐬𑑂𑐩𑑂𑐩𑐔𑐎𑑂𑐬𑐧𑐵𑐴𑐵𑐫𑐵𑐱𑑂𑐬𑐷𑐧𑐖𑐵𑐔𑐵𑐬𑑂𑐫𑑂𑐫
5c064cb4,𑐄𑐟𑑂𑐫𑐖𑐸𑐫𑐵𑐌𑐳𑐶𑐬𑐵𑐢𑐬𑐐𑐸𑐠𑐶𑐳𑐡𑐸𑐣𑑂𑐟𑐵𑑍𑐢𑐵𑐬𑐏𑐵𑐧𑐸𑐬𑑀𑑑𑐔𑐸𑐬𑑓𑐎𑐶𑐡𑑀𑐬𑐶𑐌𑐧𑐸𑐬𑑀𑑒𑐴𑐵𑐎𑐸𑐟𑑂𑐰𑐵𑐦𑐟𑐌𑐬
9b489cz0,𑐎𑐾𑐢𑐎𑑄𑐢𑐵𑐬𑐳𑐵𑐡𑐾𑐰𑐫𑐵𑐳𑐸𑐡𑐶𑐳𑑂𑐟𑐷𑐮𑐵𑐎𑐖𑐸𑐬𑑀𑐨𑐶𑐒𑐵𑐱𑐸𑐨𑐩
270bc5b9,𑐡𑐎𑑀𑐫𑐵𑐟𑑄𑐡𑐎𑑂𑐲𑐶𑐞𑐵𑐰𑐶𑐳𑑂𑐫𑑄𑐫𑐵𑐒𑐵𑐠𑑂𑐰𑐟𑐾
3da696dc,𑐬𑐶𑐟𑑍𑐱𑐟𑐱𑑂𑐬𑐷𑐎𑐾𑐱𑐔𑐣𑑂𑐡𑑂𑐬𑐎𑐺𑐟𑐥𑐵𑐬𑐵𑐰𑐬𑑂𑐟𑐩𑐴𑐵𑐰𑐶𑐴𑐵𑐬𑐢𑐶𑐲𑑂𑐛𑐶𑐟𑑍𑐧𑐖𑑂𑐬𑐵𑐔𑐵𑐬𑑂𑐫𑐱𑑂𑐬𑐷
0fa8z4zf,𑐳𑑄𑐐𑐕𑐶𑐫𑐵𑐟𑐡𑑄𑑑𑐡𑐎𑑂𑐲𑐩𑐵𑐠𑐶𑐖𑐣𑐥𑐣𑐶𑐳𑐾𑐣𑐁𑐳𑐟𑐥𑑂𑐫𑐩
cbd05518,𑑊𑐳𑑄𑐩𑑂𑐧𑐟𑑗𑑙𑑖𑐔𑐿𑐟𑐎𑐺𑐲𑑂𑐞
984z045z,𑐠𑐶𑐳𑐎𑐷𑐬𑑂𑐟𑐶𑐳𑑍𑐐𑑀𑐩𑑂𑐴𑐳𑐾𑐣𑑍𑐎𑐔𑐶𑑄𑐐𑑂𑐮𑐠𑐣𑐳𑐵𑑍𑐮𑑀𑐨𑐫𑐵𑐟𑐳𑐵𑑍𑐌𑐩𑑂𑐴𑐫𑐵𑐟𑐥𑑄𑐔𑐩𑐴𑐵𑐥𑐵𑐟𑐎𑐬𑐵𑐎𑐖𑐸𑐬𑑀𑑌
dc03z595,𑐫𑐖𑐩𑐵𑐣𑐦𑐕𑐶𑐬𑐵𑐩𑐨𑐵𑐬𑑀𑑍𑐴𑐬𑐶𑐣𑐵𑐬𑐵𑐫𑐞𑐨𑐵𑐬𑑀𑑍𑐱𑐶𑐰𑐎𑐺𑐲𑑂𑐞𑐨𑐵𑐬𑑀𑑍𑐳𑑂𑐰𑐩𑑂𑐴𑐳
db755z3d,𑐣𑐳𑐾𑐣𑐎𑐾𑐢𑐎𑑄𑐢𑐵𑐮𑐳𑐵𑐡𑐾𑐰𑐫𑐵𑐎𑐸𑐡𑐶𑐳𑑂𑐟𑐷𑐮𑐵𑐎𑐖𑐸𑐫𑐰𑐨𑐶𑐣
210dbc21,𑐰𑐵𑐳𑑁𑐨𑐰𑐵𑐧𑑂𑐢𑐾𑑅𑑌𑐣𑐾𑐥𑐵𑐮𑐾𑐰𑐟𑑂𑐳𑐸𑐬𑐾𑐳𑑂𑐩𑐶𑐣𑐣𑐫𑐣𑐱𑐬𑐐𑐖𑐬𑑄𑐎𑐶𑐟𑐾𑐖𑑂𑐫𑐾𑐲𑑂𑐛𑐩𑐵𑐳𑐾𑑍𑐥𑑄𑐔𑐩𑑂𑐫𑐵𑑄𑐱𑐸𑐎𑑂𑐮𑐥𑐎𑑂𑐲𑐾𑑍𑐳𑐸𑐬𑐐𑐞𑐐𑐸𑐬𑐸𑐨𑐾𑐰𑐺𑐡𑑂𑐢𑐶𑐫𑑀𑐐𑐾𑑇𑐣𑑂𑐴𑐶𑐳𑑁𑐩𑑂𑐫𑐾
73cf55z4,𑐳𑑄𑐥𑐡𑐥𑐬𑐟𑑂𑐬𑐳𑑂𑐰𑐬𑑂𑐐𑑂𑐐𑐎𑐵𑐩𑐣𑐵𑐬𑑂𑐠𑐾𑐣𑐩𑐵𑐢𑐰𑐾𑐏𑐮𑐠𑐵𑐥
c73cf22b,𑐖𑐩𑑂𑐴𑑄𑑑𑐐𑑀𑑄𑐐𑐮𑑍𑐴𑐶𑐟𑐶𑐳𑐳𑑂𑐠𑐵𑐥𑐣𑐵𑐫𑐵𑐒𑐵𑐩𑑂𑐴𑑄𑐱𑑂𑐬𑐷𑑓𑐩𑐵𑐴𑐵𑐡𑐾𑐰𑑍𑐱𑑂𑐬𑐷𑑓𑐣𑐵𑐬𑐵𑐫𑐣𑐡𑐾
436a728d,𑐟𑑂𑐬𑐵𑐫𑐵𑐳𑑄𑐎𑑂𑐬𑐵𑐟𑐶𑐎𑐸𑐣𑑂𑐴𑐸𑐱𑑂𑐬𑐷𑑓𑐂𑐣𑐵𑐫𑐎𑐡𑐾𑐰𑐳𑑂𑐎𑐾𑐖𑐸𑑑𑐥𑐸𑐖𑐵𑑍𑐥𑐵𑑒𑐱𑑂𑐰𑐐𑑄𑐞𑐢𑐮𑐶𑐐𑑂𑐰𑑑𑐏𑐾
b773a813,𑐨𑑀𑐕𑐶𑐩𑐸𑐒𑐵𑐰𑐧𑐶𑐔𑑂𑐕𑑂𑐫𑐵𑐨𑑀𑐖𑐣𑐫𑐵𑐫𑐩𑐵𑐮𑑋𑑋𑐎𑐵𑐬𑑂𑐟𑐶𑐎𑐥𑐸𑐣𑐶𑐩𑐵𑐎𑐸𑐣𑑂𑐴𑐸
618b1d8z,𑐌𑐟𑐫𑐩𑐵𑐬𑐖𑐸𑐬𑑀𑑋𑑋𑑐𑑋𑑋𑐳𑐩𑑂𑐰𑐟𑑘𑑓𑑗
abb22c90,𑐩𑑂𑐫𑐾𑐳𑐒𑑂𑐎𑐬𑑂𑐲𑐞𑑄𑐥𑑂𑐬𑐨𑐸𑑄𑑋𑐥𑑂𑐬𑐡𑑂𑐫𑐸𑐩𑑂𑐣𑑄𑐥𑐱𑑂𑐔𑐶𑐩𑐡𑑂𑐰𑐵𑐬𑐶𑐎𑑁𑐰𑐾𑐫𑐸𑐫𑑂‌𑐬𑑂𑐫𑐵𑐩𑐣𑐶𑐬𑐸𑐡𑑂𑐢𑑄𑐎𑑌𑐩𑐢𑑂𑐫𑐾𑐣𑐵𑐬𑐵𑐫𑐞𑐬𑐹𑐥𑑄𑑍𑐥𑐬𑑄𑐧𑑂𑐬𑐴𑑂𑐩𑐳𑑂𑐰
9a0dz596,𑐫𑐠𑐵𑐎𑐬𑑂𑐞𑐩𑐸𑐴𑐸𑐟𑑂𑐬𑐾𑐱𑐸𑐎𑑂𑐬𑐧𑐵𑐮𑐳𑐮𑐾𑑌𑐧𑐶𑐕𑐸𑐮𑐵𑐳𑐶𑐐𑐟𑐾𑐳𑐧𑐶
b794d3f6,𑐢𑐬𑐐𑐸𑐠𑐶𑐳𑐡𑐸𑐣𑑂𑐟𑐵𑑍𑐢𑑀𑐬𑐏𑐵𑐧𑐸𑐬𑑀𑑑𑐔𑐸𑐬𑑓𑐎𑐶𑐡𑑀𑐬𑐶𑐌𑐧𑐸𑐬𑑀𑑒𑐴𑐵𑐎𑐸𑐟𑑂𑐰𑐵𑐦𑐮𑐌𑐬
bb383bfb,𑐬𑐐𑐾𑐣𑑍𑐳𑐸𑐎𑐸𑐮𑐵𑐩𑑂𑐨𑑀𑐖𑐵𑐚𑐰𑐷𑐨𑐵𑐳𑑂𑐰𑐟𑐵𑑍𑐱𑑂𑐬𑐷𑐩𑐡𑑂𑐰𑐷𑐬𑐣𑐬𑐾𑐣𑑂𑐡𑑂𑐬𑐨𑐹𑐩𑐶𑐥𑐟𑐶𑐣𑐵𑑇𑐎𑐵𑐬𑐶𑐳𑑂𑐦𑐸𑐟𑑄𑐣𑐹𑐟𑐣𑑄𑑌
916b2b50,𑐱𑐸𑐨𑑌𑐳𑐩𑑂𑐰𑐟𑑘𑑑𑑙𑐰𑐿𑐱𑐵𑐏𑐎𑐺𑐲𑑂𑐞𑑑𑑑𑐱𑑂𑐬𑐞𑐵𑐎𑑂𑐬𑐰𑐶𑐴𑐵𑐬𑐳𑐰𑐖𑑂𑐬𑐵
za73z4zf,𑐦𑐬𑐬𑐵𑐎𑐖𑐸𑐬𑑀𑑌𑑌𑐨𑐵𑐏𑐵𑐥𑐶𑐣𑐫𑐵𑐫𑐵𑐎𑐟𑐎𑐣𑐰𑐵𑐥𑐵𑐫𑐫𑐵𑐟𑐌𑐬𑐳𑐵𑐏𑐬𑐎𑐵𑐬𑐎𑐵𑐎𑐵𑐫𑐵𑐌𑐡𑐾𑐌𑐫𑐵𑐟𑐟𑐫𑐩𑐵𑐮𑐖𑐸𑐬𑑀𑐨𑐵𑐲𑐵𑐣𑐶𑐡𑐵𑐣
522ba59d,𑐞𑐵𑐬𑐵𑐫𑐣𑐟𑐸𑐠𑐷𑐥𑑂𑐬𑐟𑐶𑐲𑑂𑐛𑐵𑐫𑐵𑐒𑐵
5480ca90,𑐦𑐬𑐬𑐵𑐎𑐖𑐸𑐬𑑀𑑌𑑌𑐨𑐵𑐏𑐵𑐥𑐶𑐣𑐫𑐵𑐫𑐵𑐎𑐟𑐎𑐣𑐰𑐵𑐥𑐵𑐫𑐫𑐵𑐟𑐌𑐬𑐳𑐵𑐏𑐬𑐎𑐵𑐬𑐎𑐵𑐎𑐵𑐫𑐵𑐌𑐡𑐾𑐌𑐫𑐵𑐟𑐟𑐫𑐩𑐵𑐮𑐖𑐸𑐬𑑀𑐨𑐵𑐲𑐵𑐣𑐶𑐡𑐵𑐣
dfa4za59,𑐧𑑄𑐮𑐵𑐣𑐶𑐩𑑂𑐴𑐫𑐵𑐰𑐶𑐥𑑂𑐬𑐱𑑂𑐬𑐷𑐥𑐬𑐱𑐸𑐬𑐵𑐩𑐣𑐱𑑂𑐬𑐷𑐱𑑂𑐬𑐷𑐰𑐷𑐬𑐖𑐫𑐖𑑀𑐐𑐣𑐬𑐾𑐣𑑂𑐡𑑂𑐬𑐩𑐮𑑂𑐮𑐡𑐾𑐰𑐥𑑂𑐬𑐨𑐸𑐠𑐵𑐎𑐸𑐮𑐫𑐵
035c4ca0,𑐬𑑂𑐩𑑂𑐩𑐵𑐟𑑂𑐩𑐵𑐩𑐞𑐶𑐬𑐟𑑂𑐣𑑅𑐟𑐳𑑂𑐫𑐨𑐵𑐬𑑂𑐫𑑂𑐫𑐵𑐐𑑄𑐐𑐵𑐖𑐾𑐲𑑂𑐚𑐥𑐸
1cd0z66f,𑐱𑐵𑐎𑑂𑐫𑐨𑐶𑐎𑑂𑐲𑐸𑐱𑑂𑐬𑐷𑐡𑐾𑐰𑐔𑑄𑐡𑑂𑐬𑑍𑐱𑐵𑐎𑑂𑐫𑐨𑐶𑐎𑑂𑐲𑐸𑐱𑑂𑐬𑐷𑐢𑐣𑑍𑐱𑐵𑐎𑑂𑐫𑐨𑐶𑐎𑑂𑐲𑐸𑐱𑑂𑐬𑐷𑐐𑑂𑐫𑐵𑐣
4419a53f,𑐴𑐩𑐴𑐵𑐰𑐶𑐴𑐵𑐬𑐾𑐲𑑂𑐛𑐶𑐟𑐩𑐥𑐶𑐎𑐸𑐮𑐩𑐵𑐣
6588fd36,𑑊𑐳𑑂𑐰𑐳𑑂𑐟𑐶𑑋𑑋𑐳𑐩𑑂𑐧𑐟𑑂𑑘𑑓𑑘𑐩𑐵𑐑𑐱𑐸𑐡𑐶
9664zz75,𑐱𑑂𑐬𑐷𑐱𑑂𑐬𑐷𑐖𑐫𑐳𑐶𑐡𑑂𑐢𑐶𑐣𑐬𑐳𑐶𑑄𑐴𑐩𑐮𑑂𑐮𑐡𑐾𑐰𑐛𑐵𑐎𑐸𑐬𑐳𑐣𑐒𑐵𑐟𑑄𑐥𑑀𑐮𑐮𑐡𑐾𑐰𑐬𑐡𑑀𑐫𑐎𑑄𑐳𑐸𑐰𑐬𑑂𑐞𑑂𑐞
60d1a6cf,𑐮𑐶𑐟𑐥𑑂𑐬𑑀𑐡𑑂𑐫𑐣𑑂𑐩𑑀𑐴𑐢𑐣𑐵𑐣𑑂𑐢𑐎𑐵𑐬𑐥𑐚𑐮𑐥𑑂𑐬𑐰𑑂𑐫𑐎𑑂𑐟𑐧𑑀𑐢𑑀𑐡𑐫𑑅𑑋𑐱𑐵𑐣𑑂𑐟𑐎𑑂𑐮𑐵𑐣𑑂𑐟𑐥𑐬𑐵𑐨𑐰𑐵𑐫𑐟𑐢𑐬𑐵
9059bz8b,𑐟𑑂𑐬𑐥𑐶𑐔𑐱𑐶𑐧𑐧𑑂𑐬𑐩𑑂𑐴𑐳𑐸𑐟𑑂𑐬𑑄𑐔𑐣𑐶𑐟𑑂𑐫𑑄𑐣𑐿𑐧𑐾𑐡𑑂𑐫𑐵𑐣𑑂𑐟𑑄𑐩𑐡𑐵𑐟𑑄𑑅𑐱𑐶𑐧𑐥𑐡𑐎𑐩𑐮𑐍𑐨𑐵𑑍
965fb03d,𑐬𑐾𑑍𑐎𑐸𑑄𑐨𑐬𑐵𑐱𑐶𑐐𑐟𑐾𑐳𑐧𑐶𑐟𑐬𑐶𑐰𑐺𑐲𑐬𑐵𑐱𑐶𑐐𑐟𑐾𑐔𑐣𑑂𑐡𑑂𑐬𑐩𑐳𑐶𑑌𑐱𑑂𑐬𑐷𑑓𑐖
4170dc44,𑐳𑑂𑐠𑐵𑐥𑐣𑐵𑐫𑐵𑐒𑐵𑐖𑐸𑐬𑑀𑑋𑑋𑐨𑐵𑐏𑐵𑐠𑑂𑐰𑐒𑐸𑐬𑐾𑐳𑐸𑐣𑐵𑐣𑑄𑑍𑐳𑐾𑐣𑐎𑐰𑐳𑐵𑑍𑐳𑐶𑑄𑐕𑐾𑐟𑑂𑐰𑐵𑐎𑐱𑑂𑐰𑐟
975bfb5a,𑐮𑐢𑐬𑑂𑐩𑑂𑐩𑐔𑐎𑑂𑐬𑐧𑐵𑐴𑐵𑐫𑐵𑐱𑑂𑐬𑐷𑐧𑐖𑐵𑐔𑐵𑐬𑑂𑐫𑑂𑐫
ba8bcabc,𑐥𑐮𑐔𑐫𑐬𑑂𑐣𑐣𑑂𑐡𑐳𑐹𑐣𑑀𑐎𑐵𑐬𑐶𑑋𑐫𑐳𑑂𑐩𑐶𑐣𑑂𑐱𑑂𑐬𑐷𑐎𑐺𑐲𑑂𑐞𑐩𑐸𑐬𑑂𑐟𑐶𑑅𑐱𑐱𑐶𑐣𑐶𑐱𑐱𑐱𑑂𑐰𑐵𑐨𑐵𑐟𑐶𑐩𑐸𑐔𑐾𑐡𑐢𑑁𑐑𑑄𑐫𑐵𑑄𑐡𑐺𑐲𑑂𑐚𑑂𑐰𑐰𑐩𑐬𑑂𑐟𑑂𑐫𑑀
7591za92,𑐱𑐷𑐖𑐶𑐎𑑀𑐥𑑂𑐬𑐖𑐵𑑍𑐰𑐵𑐳𑑂𑐟𑐸𑐣𑐵𑐐𑐥𑐹𑐖𑐵𑑍𑐥
1f3c2d4b,𑐲𑐬𑐵𑐳𑐶𑐐𑐟𑐾𑐔𑐣𑑂𑐡𑑂𑐬𑐩𑐳𑐶𑑌𑐎𑐵𑐱𑑂𑐫𑐥𑐐𑑀𑐟𑑂𑐬𑐳𑑂𑐫𑐩𑐩𑑋𑐣𑐵𑐬𑐵𑐫𑐞𑐡𑐵𑐳𑐳𑑂𑐫𑑌𑐱𑑂𑐬𑐷
6685787b,𑐎𑐸𑐬𑐳𑐰𑐶𑐖𑐫𑐬𑐵𑐖𑑂𑐫𑐾𑐱𑐎𑑂𑐰𑐵𑐛𑑂𑐫𑐵𑐠𑐎𑐸𑐬
2db20cd0,𑐣𑐢𑐵𑐬𑐶𑐴𑐵𑐎𑐸𑐣𑐵𑐠𑐳𑑂𑐟𑑂𑐬𑐷𑐐𑑄𑐐𑐵𑐬𑐵𑐩𑐫𑐷𑐥𑐸𑐟𑑂𑐬
2cc40a7c,𑐳𑑂𑐟𑑂𑐬𑐵𑐬𑑂𑐠𑐰𑐶𑐟𑑂𑐟𑐟𑐸𑐮𑑂𑐫𑑀𑐣𑐢𑐬𑐵𑐥𑐟𑐶𑐬𑑂𑐨𑐸𑐰𑐶𑐟𑐡𑐵𑐰𑐎𑐞𑑂𑐛𑐣𑐵𑐠𑑀𑐥𑐩𑑅𑑌𑐁𑐳𑐷𑐡𑑂𑐫𑑀𑐐𑐣𑐬𑐾𑐣𑑂𑐡𑑂𑐬𑐩𑐮𑑂𑐮𑐣𑐺𑐥𑐟𑐶𑑅𑐱𑑂𑐬𑐷𑐱𑑂𑐬𑐷𑐣𑐶𑐰𑐵𑐳𑐵𑐟𑑂𑐩𑐖𑑀𑐫𑐟𑑂𑐟𑐸𑐮𑑂𑐫𑑀𑐨𑐸
za5fdb63,𑐣𑑂𑐡𑑂𑐬𑐵𑐫𑐣𑐩𑑀𑐣𑐩𑑅𑑋𑑋𑐨𑐬𑐰𑐵𑐫𑐳𑐬𑐳𑑂𑐰𑐟𑑂𑐫𑐥𑑂𑐬𑐞𑐩𑐵𑐩𑐶𑐡𑐶𑐣𑐾𑐡𑐶𑐣𑐾𑑋𑑋𑐫𑐳𑑂𑐫𑐵𑑅𑐳𑑂𑐰𑑄
ba468f81,𑐣𑑂𑐴𑐸𑐔𑐵𑐎𑑂𑐬𑐩𑐟𑐕𑑀𑐫𑐎𑐾𑐔𑐾𑐎𑑄𑑒𑐡𑐸𑐠𑐾𑐥𑑄𑐔𑑀𑐥𑐔𑐵𑐬𑐥𑐸𑐖𑑌𑐳𑑄𑐎𑑂𑐬𑐵𑐣𑑂𑐟𑐶𑐥𑐟𑐶𑐎𑑄𑐩𑐧𑐾
2z7a1z75,𑑊𑐱𑐸𑐫𑑀𑐳𑑂𑐟𑐸𑐳𑐧𑐟𑑂𑑙𑑘𑑒𑐩𑑂𑐟𑐶𑐎𑐵𑐟𑑂𑐟𑐶𑐎𑐩𑐵𑐳𑐾𑐎𑐺𑐳𑑂𑐣𑐥𑐎𑑂𑐲
c2aazz7b,𑐡𑐾𑐳𑐾𑑋𑑋𑑉𑐀𑐡𑑂𑐫𑐱𑑂𑐬𑐵𑐰𑐞𑐩𑐵𑐳𑐾𑑍𑐱𑐸𑐎𑑂𑐮𑐥𑐎𑑂𑐲𑐡𑐳𑐩𑐺𑐐𑐱𑐶𑐮𑑍𑐧𑐶𑐳𑐎𑑄𑐩𑑂𑐨𑑍𑐖𑐠𑐵𑐎
ac9c9f5d,𑐑𑐵𑐟𑐰𑐣𑐵𑐥𑐔𑑀𑐒𑐄𑐗𑐵𑐣𑑍𑐬𑑀𑐰𑐣𑑂𑐴𑐳𑑗𑐠𑑂𑐰𑐟𑐾𑐫𑐵𑐰𑐬𑑂𑐲𑐥𑑂𑐬𑐟𑐶𑐰𑐬𑐳𑐵𑐣𑐩𑐸𑐗𑐰𑐔𑐣𑑂𑐡𑑂𑐬𑐩𑐸𑐣𑐶𑐰𑐡𑐾𑐖𑐸𑑍𑐢𑐬𑑂𑐩𑑂𑐩𑐱𑑂𑐬𑐷𑐰𑐡𑐾𑐖𑐸
64534622,𑐮𑐵𑐫𑐸𑑍𑐖𑐶𑐬𑑂𑐞𑑂𑐞𑐄𑐡𑑂𑐢𑐵𑐬𑐫𑐵𑐳𑐵𑐳𑐸𑐏𑐵𑐰
3z4z5c3z,𑐬𑑀𑑌𑐱𑐸𑐨𑑄𑑌𑑅𑑌𑑛𑑌𑑐𑑌
f8b38c43,𑐮𑐨𑐶𑐎𑑂𑐲𑐵𑐨𑑀𑐖𑐣𑐫𑐵𑐫𑐩𑐵𑐮𑐥𑑂𑐬𑐳𑐾𑐲𑐮𑐾𑐎𑑀𑐐𑐸𑐠𑐶
8c7faac2,𑐱𑑂𑐬𑐷𑐩𑐟𑑂𑐟𑑂𑐬𑐶𑐮𑑀𑐎𑐷𑐥𑐟𑐾𑑍𑐧𑑂𑐬𑐴𑑂𑐩𑑀𑐟𑑂𑐟𑑄𑐳𑐩𑐬𑐷𑐔𑐶𑐩𑐵𑑄𑐳𑐮𑐥𑐡𑐵𑐩𑑂𑐨𑑀𑐖𑐵𑐫𑐟𑐸𑐨𑑂𑐫𑐣𑑂𑐣𑐩𑑅𑑋𑐟𑐸𑐨𑑂𑐫𑑄𑐣𑐵𑐠𑐣𑐩𑑀𑐣𑐩
3043c4f8,𑐢𑐣𑐥𑐟𑐶𑐡𑐾𑐌𑐩𑐵𑐟𑐵𑐩𑐴𑐷𑐖𑐫𑐮𑐎𑑂𑐲𑑂𑐩𑐷𑐢𑐣𑐶𑐩𑑂𑐴𑐫𑐵𑐟𑐩𑐴𑐵
9cdz2azd,𑑊𑑗𑑗𑑐𑐱𑐶𑐰𑑌
587c2024,𑐣𑐩𑐱𑑂𑐬𑐷𑐢𑐬𑑂𑐩𑐢𑐵𑐟𑐸𑐔𑐿𑐟𑑂𑐫𑐩𑐟𑐵𑐎𑐰𑐢𑐖𑐐𑐸𑐡𑐾𑐰𑐳𑑂𑐰𑐢𑐳𑐥𑑄𑐟𑐸𑐨𑐡𑐵𑐬𑐎𑐩𑐵𑐡𑐶𑐡𑐾𑐰𑑄𑐖𑐣𑐵
12z2z7d2,𑐬𑐵𑐴𑐎𑐵𑐮𑑂𑐫𑐾𑐟𑑂𑐫𑐵𑐡𑐶𑐩𑐢𑑂𑐫𑐵𑐥𑐸𑐬𑐶𑐳𑑂𑐠𑐵𑐣𑐾𑐱𑑂𑐬𑐷𑐧𑐵𑐮𑐎𑑁𑐩𑐵𑐬𑐷𑐣𑐶𑐰𑐵
90270z87,𑑊𑐳𑑄𑐧𑐟𑑗𑑙𑑗𑐧𑐿𑐱𑐵𑐏𑐱𑐸𑐎𑑂𑐮𑐥𑐸𑐬𑑂𑐞𑑂𑐞𑐩𑐵𑐳𑐷𑐱𑑂𑐬𑐷
99038052,𑐱𑑂𑐬𑐷𑐩𑐩𑐴𑐵𑐬𑐵𑐖𑐵𑐢𑐷𑐬𑐵𑐖𑐱𑑂𑐬𑐷𑐱𑑂𑐬𑐷𑐱𑑂𑐬𑐷𑐥𑐺𑐠𑑂𑐧𑐷𑐧𑐷𑐬𑐧𑐶𑐎𑑂𑐬
0b90f3a7,𑐫𑐣𑑂𑐟𑐷𑑍𑐩𑐬𑐷𑐣𑐸𑐐𑑂𑐬𑐬𑐹𑐥𑐵𑐩𑐴𑑄𑐟𑑂𑐬𑐵𑑄𑐨𑐖𑐵𑐩𑐶𑑌𑑘𑑌𑐣𑐰𑑀𑐩𑐾𑐩𑐩𑐢𑑂𑐫𑐵𑐣𑐳𑐣𑑂𑐟𑐵𑐣𑐱𑐎𑑂𑐟𑐶𑑍𑐬𑑂𑐣𑑂𑐣𑐔𑐥𑑂𑐬𑐵𑐞𑐬𑑀𑐢𑐾𑐖𑐐𑐟𑐵
59c408b3,𑐩𑐵𑐣𑐑𑐬𑑀𑐎𑐵𑐱𑑂𑐫𑐥𑑀𑐖𑐵𑐨𑐵𑐖𑐸
bd59b910,𑑊𑐳𑑂𑐰𑐳𑑂𑐟𑐶𑑋𑑋𑐱𑑂𑐬𑐷𑐱𑑂𑐬𑐷𑐱𑑂𑐬𑐷𑐐𑑀𑐮𑑀𑐎𑐣𑐵𑐠𑐡𑐾
0785a843,𑐨𑐶𑐩𑐳𑐾𑐣𑑅𑐥𑑂𑐬𑐷𑐟𑐷𑐣𑑅𑐳𑐶𑑄𑐑𑐡𑐸𑐣𑑂𑐟𑐵𑐖𑐸𑐮𑑀𑑅𑐳𑐸𑐨𑑄𑑌
626z29cf,𑐟𑐳𑑂𑐫𑐵𑐟𑑂𑐩𑐖𑑀𑐣𑐷𑐟𑐶𑐰𑐡𑐵𑑄𑐰𑐬𑐶𑐲𑑂𑐛𑑅𑐳𑑁𑐣𑑂𑐡𑐬𑑂𑐫𑐫𑐬𑐟𑑂𑐣𑐵𑐎𑐬𑐁𑐰𑐶𑐬𑐳𑐷𑐟𑑂𑑋𑐎𑐺𑐲𑑂𑐞𑐎𑐔𑐶𑐟𑑀𑐰𑐶𑐱𑐡𑐵𑑄𑐟𑐬𑐵𑐟𑑂𑐩𑐵𑐱𑑂𑐬𑐷𑐆
8569adb7,𑑊𑐳𑐩𑑂𑐧𑐟𑑂𑑗𑑗𑑑𑐖𑑂𑐫𑐾𑐲𑑂𑐛𑐱𑐸𑐎𑑂𑐮
1840234c,𑐑𑐶𑐬𑐵𑐖𑐩𑐾𑐣𑑋𑑋𑐟𑐳𑑂𑐩𑐶𑐣𑑂𑐡𑐶𑐣𑐾𑐎𑐵𑐱𑑂𑐫𑐥𑐖
833960b1,𑐬𑑀𑑍𑐎𑑂𑐰𑐥𑐹𑐕𑐾𑐫𑐵𑐧𑐷𑐮𑐳𑐶𑑄𑐴𑐨𑐵𑐬𑑀𑐄𑐗𑐵𑐣𑐕𑐾𑐫𑐵𑐢𑑄𑐖𑐸𑐨𑐵𑐬𑑀𑐠𑑂𑐰𑐟𑐾𑐳𑑂𑐟𑐳𑐩𑐢𑐵𑐬𑐫𑐵𑐒𑐵𑐌𑐂𑐟𑐸𑑄𑐰𑐵𑐴𑐵𑐬𑐟𑑀𑐮𑐟𑑄𑐰𑐟𑐩𑐸𑐐𑐬𑐫𑐣𑑂𑐟𑐵𑐕𑐾𑐫𑐵𑐨𑐶𑐎𑑂𑐲𑐸
fffd03c7,𑑉𑐣𑐩𑑅𑐱𑑂𑐬𑐷𑐐𑐞𑐾𑐱𑐵𑐫𑑋𑑋𑐱𑑂𑐬𑐷𑐔𑐞𑑂𑐜𑐾𑐱𑑂𑐰
13382z2f,𑐢𑐎𑐠𑐵𑐥𑐣𑐵𑐫𑐵𑐣𑐵𑐐𑐸𑐡𑐾𑐰𑐐𑐸𑐬𑐸𑐩𑐵𑐩𑐰𑐧𑐵𑐫𑐵𑐟𑐧𑑀𑐩𑐧𑐶𑐫𑐵𑑅𑐳𑐶𑐡𑐣𑐵𑐫𑐵𑐣𑐵𑐴
df7z563a,𑐨𑐵𑐣𑐸𑐥𑑂𑐬𑐟𑐶𑐩𑐥𑑂𑐬𑐟𑐵𑐥𑑀𑐰𑐶𑐬𑐵𑐖𑐟𑐾𑐩𑐵𑐬𑐳𑐩𑐵𑐣𑐬𑐹𑐥𑑅𑑌𑐳𑐱𑑂𑐬𑐷𑐣𑐶𑐰𑐵𑐳𑑀𑐣𑐺𑐥𑐰𑐵𑐳𑐬𑐾𑐱𑑀𑐨𑐐𑐷𑐬𑐠𑐳𑑂𑐫𑐵𑐣𑐸𑐩𑐟𑑄𑐐𑐺𑐴𑐷𑐟𑑂𑐰𑐵𑑍𑐀𑐎𑐵𑐬𑐫𑐡𑑂𑐨𑐷𑐲𑐞
0cc0ccda,𑐮𑐳𑐟𑑂𑐎𑐶𑐮𑐞𑑂𑐜𑐮𑐶𑐟𑐟𑑂𑐎𑑀𑐡𑐞𑑂𑐜𑐳𑑄𑐮𑐐𑑂𑐣𑑋𑐏𑐞𑑂𑐜𑐎𑐵𑐞𑑂𑐜𑐥𑑂𑐬𑐔𑐞𑑂𑐜𑐟𑐵𑐫𑐟𑐵𑐥𑐶𑐟𑐳𑐎𑐮𑐥𑑂𑐬𑐟𑐶𑐡𑐎𑑂𑐲𑐩
d9cfdf49,𑐟𑑂𑐬𑐥𑑂𑐬𑐵𑐳𑐵𑐡𑐾𑑇𑐳𑑂𑐩𑐶𑐣𑑂𑐎𑐣𑐎𑐎𑐮𑐱𑑁𑐳𑑂𑐠𑐵𑐥𑐶𑐟𑑁𑐨𑐷𑐩𑐨𑐎𑑂𑐟𑑂𑐫𑐵𑑋𑐴𑑀𑐩𑑄𑐎𑐺𑐟𑑂𑐰𑐵𑑇𑐣𑐸𑐥𑐩𑐫𑐱𑐳𑐵𑐱𑑂𑐬𑐷𑐣𑐶𑐰𑐵𑐳𑐾𑐣𑐬𑐵𑐖𑑂𑐘𑐵𑑌𑑌𑐴𑐬𑐶𑐰𑑄𑐱𑐾𑐣𑐎𑐺𑐟𑐵
64az7b3a,𑐱𑑂𑐬𑐷𑐱𑑂𑐬𑐷𑐱𑑂𑐬𑐷𑐢𑐩𑐢𑐵𑐟𑐸𑐔𑐿𑐟𑑂𑐫𑐖𑐶𑐬𑑂𑐞𑐄𑐢𑐵𑐬𑐫𑐵𑐒𑐵𑐳𑑂𑐬𑑀𑐳𑑂𑐟𑐸𑑌𑐳𑑄𑐩𑑂𑐧𑐟𑑂𑑘𑑑𑑒𑐧𑐿𑐳𑐵𑐲𑐎𑐺𑐲𑑂𑐞𑐊𑐎𑐵𑐡
a1bafd9c,𑐮𑐩𑐞𑑂𑐜𑐮𑐾𑐱𑐸𑐧𑐬𑑂𑐞𑑂𑐞𑐥𑐞𑐵𑐮𑐶𑐩𑐴𑐵𑐣𑐐𑐬𑐾𑐱𑐵𑐣𑑂𑐟𑐷𑐑
85d63f4b,𑐳𑑂𑐩𑐩𑐡𑐵𑐳𑐷𑐚𑐫𑐵𑐡𑐾𑐣𑐬𑐩𑑂𑐫𑐵𑑄𑑋𑐣𑐐𑐾𑐣𑑂𑐡𑑂𑐬𑐵𑐟𑑂𑐩𑐖𑐵𑑄𑐣𑐵𑐐𑐨𑐸𑐲𑑀𑐖𑑂𑐰𑐮𑐵𑐨𑑂𑐐𑐷𑑄𑑍𑐎𑐸𑐬𑐨𑑂𑐐𑐷𑐡𑐺𑐱𑑄𑐟𑐵𑐨𑐹𑐱𑑄𑐨𑐵𑐰𑐫𑐵𑐩𑑅𑑌𑑔
af468fd1,𑐱𑐶𑐬𑑀𑐬𑐸𑐴𑐱𑑂𑐬𑐷𑐩𑐣𑑂𑐩𑐵𑐣𑐾𑐳𑑂𑐰𑐬𑐷𑐲𑑂𑐛𑐡𑐾𑐰𑐟𑐵𑐰𑐬𑐔𑑂𑐔𑐥𑑂𑐬𑐳𑐵
270z5c7z,𑐨𑑀𑐕𑐶𑐩𑐸𑐒𑐵𑐰𑐧𑐶𑐔𑑂𑐕𑑂𑐫𑐵𑐨𑑀𑐖𑐣𑐫𑐵𑐫𑐩𑐵𑐮𑑋𑑋𑐎𑐵𑐬𑑂𑐟𑐶𑐎𑐥𑐸𑐣𑐶𑐩𑐵𑐎𑐸𑐣𑑂𑐴𑐸
98f6cff6,𑐳𑐶𑐡𑑂𑐢𑐶𑐫𑑀𑐐𑐾𑑌𑐱𑐸𑐎𑑂𑐬𑐰𑐵𑐬𑑌𑐠𑑂𑐰𑐎𑐸𑐣𑑂𑐴𑐸𑐱𑑂𑐬𑐷𑐩𑐟𑑂𑐱𑑂𑐬𑐷𑐱𑑂𑐬𑐷𑐎𑑂𑐰𑐵𑐠𑐨𑑀𑑄𑐟𑐎𑑂𑐰𑐵𑐔𑐥𑐵𑐬𑐨𑐚𑑂𑐚𑐵𑐬
c5300f9b,𑐫𑐵𑐥𑐵𑐴𑐵𑐳𑐶𑑄𑐨𑐵𑐬𑑀𑐠𑑂𑐰𑐟𑐾𑐒𑐵𑐩𑑂𑐴𑐵𑑕𑐳𑐩𑐸𑐔𑐫𑐣𑐔𑐵𑐠𑑂𑐰𑐮𑐖𑐐
174362z0,𑐩𑐣𑐬𑐶𑐳𑐟𑐶𑐮𑐨𑐣𑑂𑐟𑐾𑐳𑑂𑐩𑐬𑐣𑑂𑐟𑑅𑑌𑑒𑑌𑐬𑐞𑐾𑐔𑐞𑑂𑐜𑐩𑐸𑐞𑑂𑐜𑐵𑐡𑑂𑐬𑐶𑐣𑐸𑐞𑑂𑐜𑑄𑐣𑐶𑐎𑐺𑐳𑑂𑐫𑐵𑑍𑐡𑑂𑐨𑐚𑐵𑑄𑐣𑐶𑐬𑑂𑐩𑑂𑐩𑐟
f8a55586,𑐬𑐵𑐖𑐵𑐢𑐶𑐬𑐵𑐖𑐱𑑂𑐬𑐷𑐱𑑂𑐬𑐷𑐰𑐷𑐬𑐣𑐵𑐬𑐵𑐫𑐞𑐠𑑂𑐰𑐫𑐵𑐣𑐥𑐸𑐟𑑂𑐬𑐩𑐴𑐵𑐬𑐵𑐖𑐵𑐢𑐶𑐬𑐵𑐖𑐱𑑂𑐬𑐷𑐱𑑂𑐬𑐷𑐥𑑂𑐬𑐵𑐞𑐣𑐵𑐬𑐵
0cfb4302,𑐱𑑂𑐬𑐷𑐖𑐫𑐖𑐐𑑂𑐟𑐥𑑂𑐬𑐎𑐵𑐳𑐩𑐮𑑂𑐮𑐡𑐾𑐰𑐥𑑂𑐬𑐨𑐸𑐛𑐵
7c13cb94,𑐴𑐵𑐞𑑂𑐜𑐳𑐎𑐾𑐟𑑀𑐬𑐞𑐟𑐫𑐵𑐧𑐶𑐫𑐸𑐱𑑂𑐬𑐷𑐐𑑀𑐥𑐶𑐣𑐳𑐶𑑄𑐴𑐖𑐶𑐰𑐣
d39ad69c,𑐟𑑂𑐬𑐵𑐣𑑍𑐴𑑄𑐣𑐾𑐩𑐵𑐮𑐩𑐴𑐵𑐣𑐳𑐵𑐳𑐹𑐣𑐵𑐣𑑄𑐠𑑂𑐰𑐡𑐾𑐰𑐮𑐳𑐾𑐣𑐎𑐮𑐳𑐵
07bf3z4c,𑐢𑐣𑐫𑐵𑐫𑐩𑐵𑐮𑐩𑐴𑐵𑐡𑐾𑐰𑐫𑐵𑐟𑐥𑐵𑐔𑐩𑐵𑐟𑐖𑐸𑐕𑐣𑐵𑐬𑐵𑐫𑐞𑐫𑐵𑐟𑐥𑐵
0927898c,𑐫𑐵𑐣𑐵𑑅𑐥𑑂𑐬𑐟𑐶𑐳𑑂𑐠𑐵𑐳𑑄𑐥𑐸𑐬𑑂𑐞𑑂𑐞𑐫𑐵𑐣𑐵𑐡𑐷𑐣𑐖𑐸𑐮𑑅𑐱𑐸𑐨𑑄𑑅𑑌
076623b0,𑐐𑐸𑐖𑐸𑐬𑐶𑐕𑑀𑐎𑐵𑐳𑑂𑐫𑑄𑐥𑑂𑐬𑐟𑐶𑑄𑐳𑑂𑐠𑐵𑐫𑐵𑐒𑐵𑐖𑐸𑐬𑑀𑑍𑐐𑐖𑐸𑐬𑐷𑐕𑐵𑐳𑑂𑐫𑑄𑐢𑐸𑑄𑐐𑑂𑐰𑐖𑐸𑐬𑑀𑑌𑐠𑑂𑐰𑐰𑐾𑐬𑐳
1d4d3d48,𑐠𑑂𑐰𑐟𑐾𑑍𑐬𑑀𑐰𑑔𑐲𑑀𑐣𑐵𑐠𑐬𑐶𑐰𑐸𑐬𑑀𑐰𑑔𑐀𑐦𑐮𑐰𑐸𑐬𑑀𑐰𑑕𑐡𑐸𑐰𑐡𑐸𑐰𑐸𑑍𑐬𑑀𑐰𑑑𑐫𑐵𑐐𑐰𑐸𑑍𑐬𑑀𑐰𑑕𑐖𑐶𑐰𑐶𑐮𑐰𑐸𑑍𑐬𑑀𑐰𑑒𑐦𑐵𑐡𑑀𑐬𑐰𑐸
44aac713,𑐢𑑂𑐬𑐸𑐰𑐥𑑂𑐬𑐰𑑂𑐫𑐵𑐑𑐵𑐚𑐫𑑀𑐐𑐾𑑌𑐧𑐸𑐢𑐰𑐵𑐳𑐬𑐾𑑌𑐠𑑂𑐰𑐎𑐸𑐣𑑂𑐴𑐸𑐠𑑂𑐰𑐡𑐾𑐰𑐮𑐥𑑂𑐬𑐟𑐶𑐲𑑂𑐛𑐵𑐫𑐵𑐳𑑂𑐫𑑄𑐳𑐸𑐰𑐬𑑂𑐞𑐵𑐎𑐮𑐱𑐢𑑂𑐰𑐖𑐵𑐰𑐬𑑀𑐴𑐣𑐫𑐵𑐒𑐵𑐡𑐶𑐣𑐖𑐸𑐬𑑀𑑌𑐨𑐵𑐲𑐵
1az01f81,𑐐𑐶𑐫𑐵𑐟𑐣𑐶𑐟𑑂𑐫𑐥𑑂𑐬𑑒𑐖𑐵𑐎𑐶𑐧𑐶𑐫𑐩𑐵𑐮𑑍𑐣𑐶𑐟𑑂𑐫𑐧𑐥𑐸𑐫𑐩𑐵𑐮𑑍𑐖𑐷𑐐𑑂𑐬𑐶𑐳𑑄𑐣𑑂𑐫𑐵𑐳𑐶𑐣𑐠𑑀𑐩𑑄𑐞𑑂𑐜𑐥𑐳𑐖𑐵
f75303d5,𑐴𑐾𑐩𑐵𑐬𑑂𑐫𑐟𑐵𑐬𑐵𑐳𑐴𑐶𑐟𑐡𑑂𑐰𑐫𑐱𑐶𑐮𑐵𑐳𑑂𑐟𑑄
b4911d97,𑐩𑐴𑐵𑐬𑐵𑐖𑐵𑐢𑐶𑐬𑐵𑐖𑐱𑑂𑐬𑐷𑐱𑑂𑐬𑐷𑐖𑐫𑐥𑑂𑐬𑐟𑐵𑐥𑐩𑐮𑑂𑐮𑐡𑐾𑐰𑐥𑑂𑐬𑐨𑐸𑐠𑐵𑐎𑐸𑐬𑐳𑑂𑐫𑐰𑐶𑐖𑐫𑐬𑐵𑐖𑑂𑐫𑑅
49d7da43,𑐬𑐾𑑍𑐎𑐸𑑄𑐨𑐬𑐵𑐱𑐶𑐐𑐟𑐾𑐳𑐧𑐶𑐟𑐬𑐶𑐰𑐺𑐲𑐬𑐵𑐱𑐶𑐐𑐟𑐾𑐔𑐣𑑂𑐡𑑂𑐬𑐩𑐳𑐶𑑌𑐱𑑂𑐬𑐷𑑓𑐖
3312f349,𑐩𑑄𑐖𑐸𑐬𑐵𑐩𑐰𑑀𑐢𑐬𑐵𑐩𑐐𑐸𑐡𑑄𑐡𑐮𑐾𑐰𑐴𑐶𑐬𑐶𑐳𑐖𑑂𑐫𑐵𑐒𑐵𑐖𑐸𑐬
fac7893z,𑐧𑐾𑐏𑐵𑐮𑐎𑑂𑐲𑑂𑐩𑐷𑑋𑑋𑐖𑑀𑐐𑐢𑐬𑑋𑑋𑐐𑐖𑐮𑐎𑑂𑐲𑑂𑐩𑐷𑑋𑑋𑐩𑐸𑐣𑐶𑐢𑐬𑑋𑑋
82758294,𑐫𑐥𑐶𑐰𑐫𑑌𑑌𑐠𑑂𑐰𑐡𑐾𑐰𑐮𑐳𑐑𑐵𑐔𑐥𑐸𑐫𑐎𑐾𑐰𑐵𑐮𑐎𑐾𑐧𑐸𑑄𑐐𑐫𑐵𑐟𑐰𑑀𑐂𑐣𑑂𑐡𑑂𑐬𑐫𑐵𑐟𑐣𑐰𑑀𑐣𑐖𑐸𑐮𑑀𑑌𑐠𑑂𑐰𑐟𑐾𑐫𑐵𑐔𑐶𑑄
b8d5d8a1,𑐱𑑂𑐔𑐬𑑂𑐫𑐵𑐢𑐬𑑂𑐩𑑂𑐩𑐱𑐵𑐮𑐵𑐰𑑂𑐫𑐬𑐔𑐶𑐳𑐸𑐰𑐶𑐨𑐮𑐵𑑄𑐰𑐶𑐲𑑂𑐞𑐸𑐩𑐮𑑂𑐮𑑀𑐣𑐬𑐾𑐣𑑂𑐡𑑂𑐬𑑍𑐳𑑂𑐟𑐳𑑂𑐫𑐵𑑄𑐳𑑄𑐳𑑂𑐠𑐵𑐥𑑂𑐫𑐰𑐶𑐲𑑂𑐞𑐸𑑄𑐳𑐸𑐬𑐩𑐸𑐣𑐶𑐣𑐩𑐶𑐟𑑐𑐨𑑀𑐐𑐨𑑀𑐎𑑂𑐲𑐎𑐴𑐾𑐟𑐸𑑄𑑌𑑌
d4b92bd5,𑐳𑑂𑐠𑐵𑐣𑐳𑑂𑐫𑐂𑐴𑐾𑐰𑐥𑐹𑐞𑑂𑐫𑐨𑐹𑐩𑑁𑑌𑐀𑐡𑑂𑐫𑑅𑐱𑑂𑐬𑐵𑐰𑐞𑐩𑐵𑐳𑑂𑐫𑐱𑐎𑑂𑐬𑐥𑐎𑑂𑐲𑐟𑐺𑐟𑐶𑐫𑐵𑐟𑐶𑐠𑑁𑐥𑐹
cf3f79ba,𑐣𑐱𑑂𑐬𑐷𑐩𑐟𑑂𑐱𑑂𑐬𑐷𑑓𑐎𑐵𑐲𑑂𑐛𑐨𑑀𑐟𑐣𑑂𑐴𑐰𑐣𑐾𑐖𑐮𑐢𑐵𑐮𑐶𑐡𑐫𑐎𑑄𑐥𑐟𑐶𑐳𑑂𑐠𑐵𑐫𑐵𑐒𑐵𑐡𑐶𑐣𑐖𑐸𑐬𑑀𑑌𑐠𑑂𑐰𑐖𑐮𑐢𑐸𑐣𑐷𑐳
d1676017,𑐟𑐮𑐨𑐹𑐲𑐞𑑀𑐰𑐶𑐖𑐫𑐰𑐵𑐣𑑂𑐱𑑂𑐬𑐷𑐎𑐷𑐬𑑂𑐟𑐶𑐳𑐶𑐴𑑀𑐣𑐺𑐥𑑅𑑌𑐀𑐖𑐣𑐶𑐎𑐸𑐳𑐸𑐩𑐳𑐶𑑄𑐴𑑅𑐱𑐟𑑂𑐬𑐸𑐩𑐟𑑂𑐟𑐾𑐩𑐳𑐶𑑄𑐴𑑅𑐩𑐩𑐬𑐨𑐸𑐰𑐶𑐎𑐬𑐵𑐮𑑀𑐩𑐾𑐡𑐶𑐣𑐷
65b419cb,𑐱𑐸𑐨𑐳𑐩𑑂𑐰𑐟𑑂𑑘𑑑𑑙𑐰𑐿𑐱𑐵𑐲𑐎𑐺𑐲𑑂𑐞𑐫𑐬𑐶𑐡𑐾𑐰𑐟𑐟𑐵𑐨𑐵
2065f0a2,𑐣𑐾𑐥𑑂𑐬𑐟𑐶𑐲𑑂𑐛𑐵𑐥𑑂𑐫𑐣𑐶𑐟𑑂𑐫𑑄𑐰𑐣𑑂𑐡𑐾𑐣𑐩𑐵𑐩𑑂𑐫𑐴𑑄𑑌𑐀𑐑𑐟𑑂𑐫𑐵𑐡𑐶
f3d77z3z,𑐬𑐵𑐖𑐬𑐵𑐖𑐾𑐣𑑂𑐡𑑂𑐬𑐳𑐎𑐬𑐬𑐵𑐖𑐔𑐎𑑂𑐬𑐵𑐢𑐶𑐳𑑂𑐰𑐬𑑍𑐱𑑂𑐬𑐷𑐱𑑂𑐬𑐷𑐖𑐫𑐨𑐹𑐥𑐵𑐬𑐾𑐣𑑂𑐡𑑂𑐬𑐩𑐮𑑂𑐮𑐡𑐾𑐰
9fcbcb11,𑐟𑐳𑐵𑐩𑐴𑐵𑐬𑐵𑐖𑐵𑐫𑐵𑐐𑐸𑐞𑐵𑐴𑐵𑐐𑐵𑐬𑐖𑐸𑐬𑑀𑑌𑐠𑑂𑐰𑐟𑐶𑐮𑑂𑐴𑐵𑐳𑐾𑐟𑐎𑑀𑐩𑐫𑐵𑐟𑐳𑐵𑐥𑑄𑐔𑐩𑐴𑐵𑐥𑐵𑐥𑐮𑐵
41629d20,𑐩𑐣𑑂𑐰𑐎𑐬𑐾𑐀𑐲𑑂𑐚𑐵𑐰𑐶𑐱𑐟𑐶𑐟𑐩𑐾𑐔𑐟𑐸𑐫𑐸𑐐𑐳𑑂𑐫𑐎𑐬𑐾𑐥𑑂𑐬𑐠𑐩𑐥𑐵𑐡𑐾𑐖𑐩𑑂𑐧𑐸𑐡𑑂𑐢𑐶
24a55dbz,𑐎𑐸𑐬𑐳𑐰𑐶𑐖𑐫𑐬𑐵𑐖𑑂𑐫𑐾𑐱𑐎𑑂𑐰𑐵𑐛𑑂𑐫𑐵𑐠𑐎𑐸𑐬
fa02a516,𑐱𑐸𑐨𑐳𑐩𑑂𑐰𑐟𑑂𑑘𑑑𑑙𑐰𑐿𑐱𑐵𑐲𑐎𑐺𑐲𑑂𑐞𑐫𑐬𑐶𑐡𑐾𑐰𑐟𑐟𑐵𑐨𑐵
736dzc23,𑐧𑐬𑑂𑐲𑐧𑑄𑐢𑐵𑐡𑐶𑐎𑐬𑑂𑐩𑑂𑐩𑐞𑐶𑐱𑑂𑐬𑐷𑐣𑐵𑐬𑐵𑐫𑐞𑐡𑐵𑐳𑐾𑐣𑐳𑑀𑐬𑐴𑐡𑑂𑐬𑑀𑐥𑑄𑐣𑐶𑐎𑑄𑐎𑑂𑐲𑐾𑐟𑑂𑐬𑐳𑑄𑐥𑐡𑐟𑑂𑐟𑑄
bd8d51a8,𑐴𑐵𑐡𑐾𑐰𑐳𑑂𑐎𑐾𑑍𑐱𑑂𑐬𑐷𑑓𑐣𑐵𑐬𑐵𑐫𑐣𑐳𑑂𑐎𑑄𑑍𑐣𑐾𑐩𑑂𑐴𑑄𑐳𑑂𑐟𑐵𑑍𑐖𑐸𑑑𑐥𑐸𑐖𑐵𑑍𑐡𑑄𑑒𑐡𑐎𑑂𑐲𑐶𑐣𑐵𑐡𑑄𑑒
5b513815,𑐰𑐬𑐖𑑅𑐱𑐱𑐵𑐳𑐮𑐮𑐶𑐟𑐵𑐩𑐶𑐏𑑂𑐫𑐵𑑄𑐥𑐸𑐬𑐷𑑄𑐱𑑂𑐬𑐷𑐩𑐟𑐷𑑄𑐱𑑂𑐬𑐷𑐩𑐡𑑂‌𑐫𑑀𑐐𑐣𑐬𑐾𑐣𑑂𑐡𑑂𑐬𑐩𑐮𑑂𑐮𑐣𑐺𑐥𑐟𑐶𑐬𑑂𑐰𑐬𑐷𑐩𑐥𑑄𑐔𑐵𑐣𑐣𑑅𑑋𑐥𑐡𑑂𑐡𑑀
62208z30,𑐩𑐴𑐶𑑄𑐡𑑂𑐬𑐳𑐶𑑄𑐫𑐵𑐎𑐵𑐫𑐖𑑀𑐐𑐣𑐵𑐬𑐵𑑄𑑚𑐥𑐸𑐣𑐵𑐬𑐵𑑄𑑚𑐣𑐶𑐩𑑂𑐴𑐳𑐫𑐵𑑚𑐢𑐬𑑂𑐩𑑂𑐩
f22239d9,𑐬𑑂𑐰𑐦𑐵𑐮𑑂𑐐𑐸𑐞𑐷𑐣𑐎𑑂𑐲𑐾𑐟𑐬𑐾𑐱𑐶𑐰𑐾𑐖𑑀𑐐𑐾𑐖𑐠𑐵𑐎𑐬𑑂𑐞𑑂𑐞𑐩𑑀𑐴𑑀𑐟𑐾𑐬𑐾𑐧𑐾𑐴𑐳𑑂𑐫𑐥𑐟𑐶𑐰𑐵𑐳𑐬𑐾𑐧𑐺𑐟
d9fzdf31,𑐥𑐹𑐬𑑂𑐞𑑂𑐞𑐩𑐵𑐳𑑂𑐫𑐵𑐫𑐵𑐟𑐶𑐠𑑁𑐥𑐸𑐲𑑂𑐫𑐣𑐎𑑂𑐲𑐾𑐟𑑂𑐬𑐁𑐫𑐹𑐲𑐩𑐵
c532c0dz,𑐎𑑂𑐰𑐵𑐔𑐥𑐵𑐡𑐾𑐰𑐳𑑂𑐎𑐾𑐕𑑀𑐫𑐎𑐾𑐩𑐵𑐬𑐠𑑂𑐰𑐣𑐳𑐟𑐶𑐎𑐸𑐣𑑂𑐴𑐸𑐳𑐐𑐫𑐵𑐟𑐳𑐩𑑂𑐴𑐔𑐧𑐶𑐫𑐾𑐩𑐵𑐬𑐰
39bzbz43,𑐎𑑂𑐬𑐩𑐵𑐟𑐵𑐖𑐣𑑂𑐟𑐮𑐎𑑂𑐲𑑂𑐩𑐷𑐢𑐷𑐬𑑂𑐖𑐮𑐎𑑂𑐲𑑂𑐩𑐷
c7090563,𑐬𑐾𑑍𑐎𑐸𑑄𑐨𑐬𑐵𑐱𑐶𑐐𑐟𑐾𑐳𑐧𑐶𑐟𑐬𑐶𑐰𑐺𑐲𑐬𑐵𑐱𑐶𑐐𑐟𑐾𑐔𑐣𑑂𑐡𑑂𑐬𑐩𑐳𑐶𑑌𑐱𑑂𑐬𑐷𑑓𑐖
aa4c1b10,𑐣𑐨𑐵𑐬𑑀𑐠𑐸𑐟𑐶𑐳𑐩𑐹𑐔𑐫𑐣𑐖𑑂𑐘𑐵𑐣𑐬𑐵𑐖𑐥𑑂𑐬𑐩𑐸𑐲𑑄𑐖𑐊𑐬𑐵𑐖𑐩𑑄𑐘𑑂𑐖𑐸𑐬𑐵𑐖𑑍𑐢𑐣𑐬𑐵𑐖𑐨𑐵𑐟𑐺𑐥𑐸𑐟𑑂𑐬𑐧𑐺𑐣𑑂𑐡𑑂𑐬𑐬𑐵
31160676,𑐐𑐖𑐴𑐬𑐶𑐞𑐵𑐰𑐶𑐲𑑂𑐞𑐸𑐩𑐮𑑂𑐮𑐾𑐣𑐬𑐵𑐖𑑂𑐘𑐵𑑋𑐩𑑀𑐎𑑂𑐲𑐵𑐬𑑂𑐠𑐾𑐰𑐎𑐺𑐟𑐵𑐳𑐵𑐣𑐶𑐖𑐎𑐸𑐮𑐩𑐞𑐶𑐣𑐵𑐢𑐬𑑂𑐩𑑂𑐩𑐔𑐶𑐟𑐾𑐣𑐬𑐩𑑂𑐫𑐵𑐡𑑂𑐬𑐲𑑂𑐚𑐸𑑄𑐰𑐳𑑂𑐟𑐸𑑄𑐔𑐫𑑀𑐐𑑂𑐫𑐵𑐖𑐐𑐟𑐶𑐣𑐶𑐬𑐹𑐥𑐩𑐵𑐣𑐾
c3706bd0,𑐡𑐷𑐰𑑂𑐫𑐩𑐚𑐣𑐬𑐰𑐶𑐎𑐸𑐮𑐟𑐶𑐮𑐎𑐴𑐣𑐸𑐩𑐢𑑂𑐰𑐖𑐣𑐾𑐥𑐵𑐮𑐾𑐱𑑂𑐰𑐬𑐩𑐴𑐵𑐬𑐵𑐖𑐵𑐢𑐶𑐬𑐵𑐖𑐨𑐸𑐥𑐎𑐾
6770fdb1,𑐣𑐱𑑂𑐬𑐷𑐩𑐟𑑂𑐱𑑂𑐬𑐷𑑓𑐎𑐵𑐲𑑂𑐛𑐨𑑀𑐟𑐣𑑂𑐴𑐰𑐣𑐾𑐖𑐮𑐢𑐵𑐮𑐶𑐡𑐫𑐎𑑄𑐥𑐟𑐶𑐳𑑂𑐠𑐵𑐫𑐵𑐒𑐵𑐡𑐶𑐣𑐖𑐸𑐬𑑀𑑌𑐠𑑂𑐰𑐖𑐮𑐢𑐸𑐣𑐷𑐳
18858z80,𑐧𑐱𑑂𑐰𑐟𑐩𑐟𑑂𑐰𑐣𑑂𑐟𑐬𑐾𑐀𑐲𑑂𑐚𑐵𑐧𑐶𑐱𑐟𑐶𑐟𑐩𑐾𑐔𑐟𑐸𑐬𑑂𑐫𑐸𑐐𑐟𑑂𑐫𑐎𑐮𑐾𑑅𑐥𑑂𑐬𑐠𑐩𑐥𑐵𑐡𑐾𑐨𑐣𑐟
5c733825,𑐮𑑂𑐫𑑍𑐲𑐐𑐣𑐵𑐫𑐵𑑄𑑍𑐱𑑂𑐬𑐷𑑓𑐐𑐸𑐖𑐾𑐖𑑀𑐐𑐱𑑂𑐰𑐬𑐷𑐮𑐲𑐎𑐡𑐾𑐱𑐾𑑍𑐱𑑂𑐬𑐷𑑓𑐥𑐱𑐸𑐥𑐟𑐶𑐳𑑄𑐣𑑂𑐫
9c3316a7,𑐫𑐵𑐟𑑄𑐔𑐾𑐎𑐣𑐦𑑄𑑖𑐰𑐬𑑂𑐲𑐥𑑂𑐬𑐟𑐶𑐧𑐶𑐫𑐩𑐵𑐮𑑋𑐣𑐶𑐟𑑂𑐫𑐥𑐹𑐖𑐵𑐰𑐵𑐬𑐶𑐫𑐵𑐟𑑍𑐖𑐵𑐎𑑂𑐫𑐦𑑄𑑙𑑐𑐧𑐶𑐫𑐩𑐵𑐮𑑋𑐥𑐸𑐣𑐬𑑂𑐨𑐵𑐲𑐵𑐳𑐡𑐵𑐰
7dad64a0,𑐫𑐵𑐟𑐳𑑂𑐫𑐣𑐺𑐥𑐣𑐵𑐫𑐎𑑅𑐥𑑂𑐬𑐞𑐩𑐟𑐶𑐱𑑂𑐬𑐷𑐰𑐶𑐲𑑂𑐞𑐸𑐩𑐮𑑂𑐮𑐎𑐺𑐟𑐷𑑋𑐐𑑀𑐥𑐷𑐣𑐵𑐠𑐥𑐡𑐵𑐬𑐰𑐶𑐣𑑂𑐡𑐰𑐶𑐐𑐮𑐵𑐟𑑂𑐥𑐷𑐫𑐹𑐲𑐱𑐷𑐟𑐵𑐱𑐸𑐣𑐵𑐱𑐸𑐡𑑂𑐢𑑅𑐎𑑄𑐳𑐣𑐶𑐳𑐹𑐡𑐣𑐵
f7f833f1,𑐥𑐡𑐵𑐥𑐹𑐬𑑂𑐞𑐩𑐵𑐳𑐷𑐱𑑂𑐬𑐵𑐰𑐞𑐎𑐺𑐲𑑂𑐞𑐀𑐲𑑂𑐚𑐩𑐷𑐠𑑂𑐰𑐥𑑂𑐫𑑄𑐑𑐵𑐟𑐣𑑄𑐣𑑂𑐴𑐶𑐣𑐔𑐾𑐎𑐣𑐦𑑄𑑑𑐔𑐵𑐎𑑂𑐬𑐩𑐟𑐕𑑀𑐫
85d17df7,𑐎𑐾𑐱𑑂𑐰𑐬𑐶𑐒𑐵𑐏𑐵𑐔𑑀𑐎𑐫𑐵𑐱𑑂𑐬𑐷𑐖𑐶𑐡𑐾𑐰𑐖𑐸𑐖𑐸𑐬𑑀𑑌𑐱𑐸𑐨𑑌𑐨𑐹𑐫𑑄𑐎𑑀𑐎𑐵𑐳𑑂𑐰𑐵𑐣𑐴𑐵𑐣𑐾𑐕𑐶𑑑
5az2770b,𑐖𑐔𑐎𑑂𑐬𑐵𑐢𑐶𑐱𑑂𑐰𑐬𑐳𑑂𑐰𑐰𑐶𑐎𑑂𑐬𑐩𑑀𑐥𑐵𑐬𑑂𑐖𑑂𑐖𑐶𑐟𑐐𑐖𑐥𑐟𑐶𑐥𑐡𑐾𑐧𑐶𑐬𑐵𑐖𑐩𑐵𑐣𑐱𑑂𑐬𑐷𑐱𑑂𑐬𑐷𑐖𑐫𑐩𑐴𑐶𑑄𑐡𑑂𑐬𑐳𑐶𑑄𑐴𑐡𑐾𑐰𑐥𑐮𑐩𑐨𑐚𑑂𑐚𑐵𑐬𑐎𑐡𑐾𑐰𑐵𑐣𑐵𑑄𑐳𑐡𑐵𑐳𑐩𑐬
22f7ca21,𑐫𑐵𑐥𑐵𑐴𑐵𑐳𑐶𑑄𑐨𑐵𑐬𑑀𑐠𑑂𑐰𑐟𑐾𑐒𑐵𑐩𑑂𑐴𑐵𑑕𑐳𑐩𑐸𑐔𑐫𑐣𑐔𑐵𑐠𑑂𑐰𑐮𑐖𑐐
5950bzca,𑐬𑑀𑐡𑐶𑐣𑐳𑐩𑑂𑐧𑐟𑑘𑑑𑑒𑐖𑑂𑐫𑐾𑐲𑑂𑐛
24801391,𑐴𑑀𑐔𑑂𑐔𑐱𑐶𑐏𑐬𑑀𑐩𑐵𑐮𑐵𑐫𑐟𑐾𑐖𑐵𑐣𑑂𑐴𑐰𑐷𑑋𑐥𑐹𑐬𑑂𑐞𑐾𑐡𑐸𑑅𑐎𑐮𑐱𑐵𑐫𑐟𑐾𑐡𑐶𑐩𑐞𑐶𑐱𑑂𑐰𑐎𑐵𑐫𑐟𑐾𑐳𑐬𑑂𑐰𑑂𑐰𑐡𑐵𑑋𑐫𑐟𑑂𑐬𑐵𑐫𑑄𑐣𑐰𑐣𑐷𑐮
f0b0d1f4,𑐟𑐥𑐟𑑂𑐬𑐵𑐠𑐿𑐚𑑂𑐚𑐲𑑂𑐚𑐳𑐵𑐎𑑂𑐲𑐶𑐱𑑂𑐬𑐷𑑓𑐔𑑄𑐡𑑂𑐬𑐳𑑂𑐛𑐫𑐩𑐡𑐣𑐶𑐟𑑂𑐰𑑄𑑋𑑋
04923b8f,𑐥𑐶𑐞𑑄𑑋𑐥𑑄𑐔𑐟𑐟𑑂𑐟𑑂𑐰𑐵𑐟𑑂𑐩𑐎𑑄𑐡𑐾𑐰𑑄𑐥𑑂𑐬𑐵𑐳𑐵𑐡𑐾𑐳𑑂𑐠𑐵𑐥𑐶𑐟𑑀𑐣𑐺𑐥𑑌𑑋𑐥𑑂𑐬𑐵𑐳𑐵𑐡𑐩𑐾𑐣𑐩𑐟𑐶𑐨𑐎𑑂𑐟𑐶𑐩𑐟𑐵𑐰𑐶𑐟𑐷𑐫𑑂‌𑐬𑑂𑐫𑑍𑐣𑐵𑐬𑐵𑐫𑐞𑐵𑐫
548750z9,𑐟𑑂𑐬𑐵𑐣𑑍𑐴𑑄𑐣𑐾𑐩𑐵𑐮𑐩𑐴𑐵𑐣𑐳𑐵𑐳𑐹𑐣𑐵𑐣𑑄𑐠𑑂𑐰𑐡𑐾𑐰𑐮𑐳𑐾𑐣𑐎𑐮𑐳𑐵
523a202f,𑐡𑐾𑐰𑐥𑑂𑐬𑐨𑐸𑐛𑐵𑐎𑐸𑐮𑐳𑐣𑐳𑑂𑐰𑐣𑐐𑐬𑑄𑐕𑐐𑐸𑐮𑐣𑐸𑐫𑐵𑐰𑐣𑐾𑐥𑐵𑐮𑐾𑐱𑑂𑐰𑐬𑐖𑐸𑐫𑐵𑐰𑐰𑐶𑐖𑐫𑐬𑐵𑐖𑑂𑐫𑐫𑐵𑐒𑐰𑐶𑐖𑑂𑐫𑐵𑐎𑑍𑐠𑐠𑐶𑑄𑐀𑐰𑐳𑐬𑐳𑐱𑑂𑐬𑐷𑑓𑐨𑐷𑐩𑐳𑐾
9a0752aa,𑐳𑐴𑐶𑐟𑑄𑐳𑑄𑐳𑑂𑐠𑐵𑐥𑐫𑐵𑐩𑐵𑐳𑐳𑑍𑐎𑐺𑐟𑑂𑐰𑐵𑐟𑐟𑑂𑐬𑐣𑐬𑐾𑐣𑑂𑐡𑑂𑐬𑐨𑐹𑐥𑐟𑐶𑐩𑐞𑐶𑐴𑑀𑐩𑑄𑐔𑐎𑑀𑐚𑑂𑐫𑐵𑐴𑐸𑐟𑐶𑑄𑑌𑑐𑑌
3b782bd1,𑐬𑐵𑐩𑑍𑐩𑐵𑐢𑐰𑐬𑐵𑐩𑑍𑐢𑑄𑐖𑐹𑐬𑐵𑐩𑐨𑐵𑐮𑑀𑐠𑑂𑐰𑐟𑐾𑐳𑐩𑐸𑐔𑑂𑐔𑐫𑐣𑐟
0c56973z,𑐱𑑂𑐬𑐷𑐩𑐟𑑂𑐟𑑂𑐬𑐶𑐮𑑀𑐎𑐷𑐥𑐟𑐾𑑍𑐧𑑂𑐬𑐴𑑂𑐩𑑀𑐟𑑂𑐟𑑄𑐳𑐩𑐬𑐷𑐔𑐶𑐩𑐵𑑄𑐳𑐮𑐥𑐡𑐵𑐩𑑂𑐨𑑀𑐖𑐵𑐫𑐟𑐸𑐨𑑂𑐫𑐣𑑂𑐣𑐩𑑅𑑋𑐟𑐸𑐨𑑂𑐫𑑄𑐣𑐵𑐠𑐣𑐩𑑀𑐣𑐩
b2az7bf0,𑐳𑑄𑐥𑐡𑐥𑐬𑐟𑑂𑐬𑐳𑑂𑐰𑐬𑑂𑐐𑑂𑐐𑐎𑐵𑐩𑐣𑐵𑐬𑑂𑐠𑐾𑐣𑐩𑐵𑐢𑐰𑐾𑐏𑐮𑐠𑐵𑐥
45f7fzc5,𑐬𑑂𑐠𑑄𑐳𑐡𑐵𑐥𑑂𑐬𑐵𑐬𑑂𑐠𑐣𑐷𑐫𑑅𑑌𑑑𑑐𑑌𑐟𑑂𑐰𑐡𑐬𑑂𑐔𑑂𑐔𑐵𑐢𑐶𑐬𑑂𑐡𑑂𑐡𑐸𑐲𑑂𑐎𑐬𑐵𑐩𑐡𑑂𑐰𑐶𑐢𑐵𑐩𑐵𑑄𑑍𑐎𑐺𑐥𑐵𑐰𑐵𑐬𑐶𑐢𑐾𑐥𑐵𑐴𑐶𑐡𑐸𑐲𑐸𑐬𑐩𑑂𑐰𑐶𑐬𑐵𑐱𑐾𑑅𑑋𑐣𑐳𑐾
b6ba39dz,𑐫𑐳𑐾𑑄𑐰𑐵𑐫𑐩𑐵𑐬𑐖𑐸𑐬𑑀𑐨𑐵𑐏𑐵𑐠𑑂𑐰𑐫𑐵𑐐𑐸𑐠𑐶𑐎𑐟𑐎𑐾𑐐𑐸𑐬𑐸𑐥𑐡𑑂𑐩𑐢𑑂𑐬𑐢𑐬𑑂𑐩𑑂𑐩𑐎𑑂𑐬𑑍𑐟𑐥𑐵𑐡𑐾𑐌𑑍𑐳𑑂𑐰𑐳𑑂𑐟𑐶𑐡𑐾𑐌𑐬𑐕𑐾𑐩
2a29597z,𑐥𑐱𑐸𑐥𑐟𑐶𑐔𑐬𑐞𑐎𑐩𑐬𑐥𑐬𑐶
8a82892z,𑐔𑐸𑑒𑐠𑐸𑐮𑐶𑐌𑐮𑐳𑐵𑐣𑐞𑐡𑐸𑐠𑐾𑑍𑐳𑐾𑐐𑐸𑐳𑐟𑐶𑐳𑐵𑐔𑐶𑐣𑑂𑐣𑐵𑐮𑐫𑐵𑐫𑐧𑐵𑐟𑐮𑐳𑐔𑐿𑐟𑑂𑐫𑐫𑐵𑐧𑐸𑐳𑐵𑐢
8a49z53c,𑑊𑐳𑑂𑐰𑐳𑑂𑐟𑐶𑑋𑑋𑐳𑐩𑑂𑐧𑐟𑑂𑑘𑑓𑑘𑐩𑐵𑐑𑐱𑐸𑐡𑐶
27173ff6,𑐩𑐵𑐩𑐶𑐩𑐵𑑄𑐱𑐸𑐨𑐎𑐬𑐷𑐫𑐲𑑂𑐚𑐸𑑅𑐳𑐩𑐳𑑂𑐫𑐵𑐥𑐫𑐟𑑂𑑌𑑌𑐀𑐟𑑅𑐥𑐬𑑄𑐣𑐾𑐥𑐵𑐮𑐨𑐵𑐲𑐵𑑌𑐳𑑄𑐰𑐟𑑂𑑘𑑒𑑕𑐖𑐾𑐲𑑂𑐛𑐱𑐸𑐎𑑂𑐮𑐡𑑂𑐰𑐵𑐡𑐱𑑂𑐫𑐵𑑄𑐟𑐶𑐠𑑁
bf7c3za3,𑐬𑑀𑑋𑑋𑐥𑐸𑐣𑐨𑐵𑐏𑐵𑐠𑑂𑐰𑐕𑐾𑐳𑐢𑐬𑑂𑐩𑑂𑐩𑐬𑐵𑐖𑐵𑐫𑐵𑐰𑑄𑐳𑐡𑐟𑑀
aff17b27,𑐳𑑂𑐥𑐟𑐶𑐧𑐵𑐳𑐬𑐾𑐎𑐸𑑄𑐨𑐬𑐵𑐳𑐶𑐐𑐟𑐾𑐱𑑂𑐬𑐷𑐳𑐸𑐬𑑂𑐫𑑂𑐫𑐩𑐷𑐣𑐾𑐐𑐟𑐾𑐔𑐣𑑂𑐡𑑂𑐬𑐩𑐟𑑂𑐫𑐾𑐫𑐾𑐟𑐟𑑂‌𑐡𑐶𑐣𑐾𑐱𑑂𑐬𑐷𑐰𑐖𑑂𑐬𑐢𑐵𑐟𑐸𑐔𑐿𑐟𑑂𑐫𑐖𑐶𑐬𑑂𑐞𑐄𑐡𑑂𑐢𑐵𑐬𑐫𑐵𑐣𑐵𑐌𑐥𑑂𑐬𑐟𑐶𑐳𑑂𑐠𑐵𑐫𑐵𑐣𑐵𑐡𑐷𑐣𑐖𑐸𑐮𑑅𑑌𑑌𑐱𑐸𑐨𑐳𑑌
ff3z84f9,𑑊𑐳𑑄𑐩𑑂𑐧𑐟𑑗𑑙𑑖𑐔𑐿𑐟𑐎𑐺𑐲𑑂𑐞
c7cf3621,𑐟𑑂𑐬𑐶𑐨𑐸𑐰𑐣𑐳𑐰𑐵𑐳𑐮𑐫𑐸𑐖𑐸𑐮𑐱𑐸𑐨𑑌
dff712df,𑐟𑑂𑐫𑑄𑐡𑐫𑐎𑐵𑐱𑐸𑐨𑑅𑑋𑑋
68420013,𑐱𑑂𑐬𑐷𑐩𑐟𑑂𑐟𑑂𑐬𑐶𑐮𑑀𑐎𑐷𑐥𑐟𑐾𑑍𑐧𑑂𑐬𑐴𑑂𑐩𑑀𑐟𑑂𑐟𑑄𑐳𑐩𑐬𑐷𑐔𑐶𑐩𑐵𑑄𑐳𑐮𑐥𑐡𑐵𑐩𑑂𑐨𑑀𑐖𑐵𑐫𑐟𑐸𑐨𑑂𑐫𑐣𑑂𑐣𑐩𑑅𑑋𑐟𑐸𑐨𑑂𑐫𑑄𑐣𑐵𑐠𑐣𑐩𑑀𑐣𑐩
68c460z4,𑑊𑑉𑐀𑐡𑑂𑐫𑐱𑑂𑐰𑐫𑐟𑐧𑐵𑐮𑐵𑐖𑑂𑐘𑐵𑐎𑐮𑑂𑐥𑐾𑐧𑐰𑐱𑑂𑐰𑐟𑐩𑐣𑑀𑑄𑐟𑐬𑑍𑐎𑐮𑐶𑐐𑐸𑐖𑐸𑐐𑐨
z3da188f,𑐡𑐸𑐠𑑂𑐰𑑍𑐦𑑄𑑑𑐎𑐐𑐸𑐦𑑀𑐫𑐵𑑋𑑋𑐄𑐥𑐬𑐵𑑄𑐣𑑂𑐟𑐬𑐣𑑄𑐴𑐵𑐣𑐾𑑍𑐐𑐸𑐣𑐶𑐮𑐵𑐫𑐵𑑍𑐳𑐵𑐥𑐵𑐡𑐸𑐎𑑀𑐣𑑂𑐴𑐸𑐱𑑂𑐬𑐷
3b086f68,𑐳𑐣𑐩𑐴𑐵𑐬𑐵𑐖𑐵𑐢𑐶𑐬𑐵𑐖𑐰𑐷𑐬𑐱𑑂𑐬𑐷𑐱𑑂𑐬𑐷𑐖𑐫𑐖𑑀𑐐𑐣𑐬𑐾𑐣𑑂𑐡𑑂𑐬𑐩𑐮𑑂𑐮𑐥𑑂𑐬𑐨𑐸𑐠𑐵𑐎𑐸𑐬𑐫𑐵𑐖𑐸𑐬𑑀𑑌𑐠𑑂𑐰
8443fb00,𑑉𑐣𑐩𑑅𑐱𑑂𑐬𑐷𑐧𑐖𑑂𑐬𑐢𑐵𑐟𑐸𑐔𑐿𑐟𑑂𑐫𑐵𑐫𑑌𑑌𑐱𑑂𑐬𑑀𑐳𑑂𑐟𑐸𑐳𑐩𑑂𑐰𑐟𑑂𑑙𑑔𑑘
2z5c331f,𑐟𑐣𑐡𑐫𑐎𑐵𑐰𑑄𑐎𑐸𑐟𑑀𑐮𑐳𑐖𑐸𑐬𑑀𑑄𑐠𑑂𑐰
ca16a191,𑐩𑑂𑐨𑐫𑑀𑐐𑐾𑑌𑐱𑑂𑐰𑐩𑐧𑐵𑐳𑐬𑐾𑑌𑐫𑐠𑐵𑐎𑐬𑐞𑐩𑐸𑐴𑐸𑐬𑑂𑐟𑑂𑐟𑐾𑑌𑐩𑐾𑐏𑐬𑐵𑐳𑐶𑐐𑐟𑐾𑐳𑐵𑐰𑐿𑐟𑐬𑐶𑑌𑐧𑐺
b313cff8,𑐱𑑂𑐬𑐵𑐰𑐞𑐱𑐸𑐡𑑂𑐢𑐷𑑑𑑔𑐱𑐸𑐨𑑋𑑋
1zf89988,𑐲𑐬𑐵𑐳𑐶𑐐𑐟𑐾𑐔𑐣𑑂𑐡𑑂𑐬𑐩𑐳𑐶𑑌𑐎𑐵𑐱𑑂𑐫𑐥𑐐𑑀𑐟𑑂𑐬𑐳𑑂𑐫𑐩𑐩𑑋𑐣𑐵𑐬𑐵𑐫𑐞𑐡𑐵𑐳𑐳𑑂𑐫𑑌𑐱𑑂𑐬𑐷
09f0z255,𑐳𑑄𑐰𑐟𑑂‌𑑘𑑘𑑕𑐱𑑂𑐬𑐵𑐰𑑄𑐎𑐺𑐲𑑂𑐞𑑍𑐀𑐩𑐵𑐰𑐵𑐳𑐶𑑍𑐠𑐸𑐎𑐸𑐣𑑂𑐴𑐸𑑍𑐱𑑂𑐬𑐷𑑓𑐨𑐐
959dz6f0,𑐧𑑂𑐬𑐩𑑂𑐴𑐴𑐟𑑂𑐫𑐵𑐳𑑂𑐟𑑂𑐬𑐷𑐴𑐟𑑂𑐫𑐵𑐧𑐵𑐮𑐴𑐟𑑂𑐫𑐵𑐐𑐸𑐬𑐸𑐴𑐟𑑂𑐫𑐵𑐠𑑂𑐰𑐟𑐾𑐥𑑄𑐔𑐩𑐴𑐵𑐥𑐵𑐟𑐎𑐬𑐵𑐎𑐖𑐸
1d78814f,𑐮𑐏𑐠𑑄𑐒𑐩𑑂𑐴𑐫𑐵𑐟𑐣𑑂𑐴𑐶𑐣𑐖𑐵𑐎𑑂𑐫𑐥𑑂𑐬𑑒𑐢𑐵𑐬𑐾𑐰𑐶𑐫𑐩𑐵𑐮𑑅𑐮𑐏𑐩𑐠𑐣𑐳𑐵𑑅𑐥𑑄𑐣𑑂𑐔𑐩𑐴𑐵𑐥𑐵𑐟𑐎
43fc5zza,𑐳𑐩𑑂𑐰𑐟𑑂𑑘𑑒𑑙𑐦𑐵𑐮𑑂𑐐𑐸𑐞𑐱𑐸𑐎𑑂𑐮𑐣𑐰𑐩𑐷𑐬𑑀𑐴𑐶𑐞𑐷𑐣𑐎𑑂𑐲𑐟𑑂𑐬𑐾𑐧𑐢𑐺𑐟𑐶𑐫𑐬𑐰𑐶𑐲𑑂𑐎𑑄𑐨
c8128153,𑐠𑐎𑐸𑐠𑑂𑐰𑐟𑐾𑐳𑐾𑐣𑐂𑐣𑐵𑐫𑐎𑑀𑐥𑐸𑐬𑐵𑐨𑐵𑐬𑐶𑑄𑐥𑐱𑑂𑐔𑐶𑐩
769a5222,𑐕𑐫𑑂‌𑐩𑐵𑐢𑐰𑐬𑐵𑐩𑐢𑑄𑐖𑐸𑐬𑐵𑐩𑐖𑐫𑐬𑐵𑐩𑐠𑐸𑐟𑐶𑐳𑐩𑐸𑐔𑐫𑐣𑐠𑑂𑐰𑐎𑑂𑐰
26959344,𑐫𑐵𑐔𑐎𑑄𑑍𑐨𑐵𑐏𑐵𑐠𑐠𑐸𑐮𑑂𑐴𑐟𑐶𑐎𑑂𑐰𑐧𑐸𑐬𑐰𑑒𑐨𑐸𑐫𑐎𑑂𑐰𑐠𑐸𑐮𑑂𑐴𑐸𑐟𑐶𑐎𑑂𑐰𑐧𑐸𑐮𑐰𑑒𑐔𑐸𑐬𑑒𑐨𑐸𑐫𑐟𑐶𑐔𑑀𑐡𑑂𑐰𑐬𑐧𑐸𑐬𑐰𑑕𑐠𑑂𑐰𑐟𑐾𑐫𑐵
afb42ff6,𑐡𑐶𑑍𑐳𑐎𑐬𑐰𑐶𑐡𑑂𑐫𑐵𑐬𑐐𑑅𑐬𑐵𑐖𑐬𑐵𑐖𑐾𑐣𑑂𑐡𑑂𑐬𑐎𑐰𑐷𑑄𑐣𑑂𑐡𑑂𑐬𑐰𑐶𑐡𑐐𑑂𑐰𑐔𑐸𑐟𑑂𑐬𑐵𑐩𑐞𑐶𑑍𑐩𑐴𑐵𑐬𑐵𑐖𑐵𑐢𑐶𑐬𑐵𑐖
db73z03f,𑐩𑐵𑐩𑑂𑐫𑐴𑑄𑑋𑑋𑐱𑑂𑐬𑐷𑐴𑐾𑐬𑐸𑐎𑐥𑑂𑐬𑐷𑐟𑐶𑐣𑐎𑐵𑐣𑑂𑐟𑐶𑐥𑐸𑐬𑐶𑐩𑐴𑐵𑐣𑐐𑐬𑐾
99b4658a,𑐦𑑂𑐫𑐵𑐒𑐳𑐸𑐣𑐵𑐣𑑄𑐎𑐵𑐳𑐾𑐳𑐣𑐳𑐵𑑍𑐠𑑂𑐰𑐰𑐶𑐴𑐵𑐬𑑍𑐢𑑂𑐰𑑄𑐳𑐣𑐵𑐫𑐵𑐒𑐵𑐥𑑂𑐬𑐵𑐔𑐶𑐟𑑍𑐥𑑄𑐔𑐩𑐴𑐵
bzaa9107,𑐡𑐫𑐎𑐵𑐖𑐸𑐬𑑀𑑍𑐟𑐟𑐥𑐸𑐞𑑂𑐫𑐵𑐠𑐾𑐣𑐖𑑀𑐖𑐩𑐵𑐣𑐳𑑂𑐫𑐁𑐫𑐶
23776851,𑐳𑑂𑐟𑑂𑐬𑐵𑐬𑑂𑐠𑐰𑐶𑐟𑑂𑐟𑐟𑐸𑐮𑑂𑐫𑑀𑐣𑐢𑐬𑐵𑐥𑐟𑐶𑐬𑑂𑐨𑐸𑐰𑐶𑐟𑐡𑐵𑐰𑐎𑐞𑑂𑐛𑐣𑐵𑐠𑑀𑐥𑐩𑑅𑑌𑐁𑐳𑐷𑐡𑑂𑐫𑑀𑐐𑐣𑐬𑐾𑐣𑑂𑐡𑑂𑐬𑐩𑐮𑑂𑐮𑐣𑐺𑐥𑐟𑐶𑑅𑐱𑑂𑐬𑐷𑐱𑑂𑐬𑐷𑐣𑐶𑐰𑐵𑐳𑐵𑐟𑑂𑐩𑐖𑑀𑐫𑐟𑑂𑐟𑐸𑐮𑑂𑐫𑑀𑐨𑐸
z5aa113c,𑐨𑐵𑑍𑐥𑑂𑐬𑐷𑐟𑐶𑐣𑐠𑑂𑐰𑐀𑐒𑐖𑐶𑐬𑑂𑐞𑑂𑐞𑐖𑐸𑐫𑐵𑐰𑐔𑑀𑐣𑐾𑑍𑐖𑐶𑐣𑑀𑐡𑑂𑐢𑐵𑐬𑐞𑐫𑐵𑐒𑐣𑑍𑐮𑑂𑐴𑑀
607f27ad,𑐫𑐵𑐟𑐡𑑄𑑒𑐡𑐾𑐰𑐳𑑂𑐟𑑄𑐡𑐎𑑂𑐲𑐶𑐞𑐵𑐡𑑄𑑘𑐥𑐹𑐖𑐵𑐰𑐵𑐬𑐶𑐳𑑂𑐰𑐩𑐳𑑂𑐟𑑄𑐠𑑂𑐰𑐟𑐾𑐡𑐫𑐎𑑄𑐥𑐹𑐖𑐵𑐫𑐵𑐫𑐩𑐵𑐮𑑌𑑌𑐠𑑂𑐰𑐟𑐾𑐄
2692z863,𑑊𑐳𑑂𑐰𑐳𑑂𑐟𑐶𑑌𑐱𑑂𑐬𑐷𑐱𑑂𑐬𑐷𑐱𑑂𑐬𑐷𑐳𑑂𑐰𑐾𑐲𑑂𑐚𑐡𑐾𑐰𑐟𑐵𑐥𑑂𑐬𑐷𑐟𑑂𑐫
zacz6d71,𑐱𑑂𑐰𑐬𑐵𑐫𑑅𑑌
1ac5bc03,𑑌𑑗𑑌𑐎𑐚𑑁𑑅𑑋𑐥𑐶𑐔𑐬𑑂𑐩𑑂𑐩𑐩𑑂𑐫𑐬𑑀𑐖𑑂𑐘𑐵𑐳𑐩𑐵𑐣𑐵𑑄𑑍𑐳𑐡𑐵𑐰𑐶𑐩𑑂𑐰𑐎𑐵𑐣𑑂𑐟𑐶𑑄𑐬𑐸𑐔𑐵𑐣𑐶𑐣𑑂𑐡𑐫𑐣𑑂𑐟𑐷𑑄𑑋𑐥𑑂𑐬𑐔𑐞𑑂𑐜𑐵𑐡𑑂𑐡𑐴𑐵𑐳𑐾𑐣𑐰𑐶𑐨𑑂𑐬𑐵𑐳
dd1fz748,𑐟𑐶𑐩𑐶𑐬𑐵𑐣𑐧𑐩𑐐𑑂𑐣𑐳𑐟𑑂𑐧𑐵𑑅𑐩𑑀𑐴𑐵𑐣𑑂𑐢𑐎𑐵𑐬𑐟𑐶𑐩𑐶𑐬𑐵
1489d444,𑐟𑑂𑐫𑐰𑐵𑐬𑐠𑑂𑐰𑐎𑐸𑐣𑑂𑐴𑐸𑐎𑐶𑐟𑑂𑐟𑐶𑐥𑐸𑐬𑐶𑐫𑐵𑐱𑑂𑐬𑐷𑐖𑐵𑐖𑐸𑐰𑑂𑐫𑐵𑐢𑐾𑐱𑑂𑐰𑐬𑐫𑐵𑐥𑑂𑐬𑐳𑐵𑐡𑐣𑑍𑐐𑐸𑑄𑐡𑐾𑐱
c1c24559,𑐟𑑂𑐬𑐵𑐣𑑍𑐴𑑄𑐣𑐾𑐩𑐵𑐮𑐩𑐴𑐵𑐣𑐳𑐵𑐳𑐹𑐣𑐵𑐣𑑄𑐠𑑂𑐰𑐡𑐾𑐰𑐮𑐳𑐾𑐣𑐎𑐮𑐳𑐵
53b00357,𑐨𑐎𑑂𑐟𑐶𑐐𑑂𑐰𑐥𑐵𑐮𑐡𑐵𑐳𑐟𑐳𑑂𑐫𑐰𑐶𑐩𑐮𑐵𑐳𑑂𑐟𑑂𑐬𑐷
z2ab81b1,𑐣𑑀𑐳𑑀𑐢𑐣𑐫𑐵𑐫𑐩𑐵𑐬𑑋𑑋𑐱𑑂𑐬𑐷𑐐𑑀𑐬𑑀𑐎𑐣𑐵𑐠
zf424930,𑐱𑑂𑐬𑐷𑐥𑐺𑐠𑐶𑐰𑐷𑐰𑐷𑐬𑐰𑐶𑐎𑑂𑐬𑐩
35z8cazz,𑐀𑐩𑐵𑐟𑑂𑐫𑑍𑐮𑐎𑑂𑐲𑑂𑐩𑐷𑐣𑐵𑐬𑐵𑐫𑐞𑐨𑐵𑐬𑑀𑑍𑐮𑐾𑐰𑐵𑐨𑐵𑐬𑑀𑑍𑐮𑐎𑑂𑐲𑑂𑐩𑐷𑐢𑐬𑐨𑐵𑐬𑑀𑑍𑐠𑑂𑐰𑐟𑐾𑐳𑐾𑐣𑑍𑐠𑑂𑐰𑐔𑑀𑐳𑑂𑐫𑑄𑐟𑐎𑑀𑐰𑐬𑑂𑐲𑐥𑑂𑐬𑐟𑐶𑐀𑐰𑐶𑐕𑐶𑐣𑑂𑐣𑐫𑐵𑐒𑐔𑐶𑐣𑑂𑐟
z05c3071,𑐩𑐵𑐣𑐰𑐵𑐣𑐬𑐢𑑂𑐰𑐖𑐱𑑂𑐬𑐷𑐳𑐟𑐹𑐰𑐶𑐴𑐵𑐬𑐩𑐴𑐵𑐣𑐐𑐬𑐣𑐵𑐫𑐎𑐣𑐬𑐥𑐟𑐶𑐩𑐴𑐵𑐬𑐵𑐖𑐵𑐢𑐶𑐬𑐵𑐖𑐱𑑂𑐬𑐷
91c57bab,𑐰𑐶𑐢𑑂𑐣𑐑𑐳𑑂𑐟𑐸𑑋𑑋𑐱𑑂𑐬𑐷𑐔𑐞𑑂𑐜𑐶𑐎𑐵𑐥𑑂𑐬𑐶𑐟𑐶𑐎𑐺𑐟𑐬𑑂𑐳𑑂𑐫𑐫
c6880322,𑐖𑐶𑐰𑐣𑐳𑐶𑑄𑐴𑐖𑐶𑐟𑐬𑐐𑑀𑐩𑐶𑐳𑐶𑑄𑐴𑐩𑐫𑐵𑐳𑐶𑑄𑐴𑐴𑐬𑐶𑐰𑐵𑐢𑐰
05c9zd53,𑐬𑑀𑑋𑑋𑐥𑐸𑐣𑐨𑐵𑐏𑐵𑐠𑑂𑐰𑐕𑐾𑐳𑐢𑐬𑑂𑐩𑑂𑐩𑐬𑐵𑐖𑐵𑐫𑐵𑐰𑑄𑐳𑐡𑐟𑑀
2dc8d345,𑐠𑑂𑐰𑐟𑐾𑑍𑐬𑑀𑐰𑑔𑐲𑑀𑐣𑐵𑐠𑐬𑐶𑐰𑐸𑐬𑑀𑐰𑑔𑐀𑐦𑐮𑐰𑐸𑐬𑑀𑐰𑑕𑐡𑐸𑐰𑐡𑐸𑐰𑐸𑑍𑐬𑑀𑐰𑑑𑐫𑐵𑐐𑐰𑐸𑑍𑐬𑑀𑐰𑑕𑐖𑐶𑐰𑐶𑐮𑐰𑐸𑑍𑐬𑑀𑐰𑑒𑐦𑐵𑐡𑑀𑐬𑐰𑐸
c5ada806,𑐥𑑄𑐔𑐩𑐶𑐎𑐸𑐣𑑂𑐴𑐸𑐰𑐣𑐶𑐎𑐐𑑂𑐰
4746694a,𑐣𑑂𑐴𑐸𑐡𑐶𑐣𑐥𑐫𑐖𑑂𑐘𑐫𑐵𑐒𑑍𑐥𑐰𑐶𑐟𑑂𑐬𑐵𑐬𑑀𑐴𑐞𑐫𑐵𑐫𑐩𑐵𑐮𑑌𑐔𑐟𑑂𑐬𑐎𑐺𑐲𑑂𑐞𑐡𑑂𑐰𑐵𑐡𑐱𑐷𑐎𑐸𑐣𑑂𑐴𑐸𑑍𑐡𑐶𑐣𑐥𑐫𑐖𑑂𑐘𑐫𑐵𑐒𑑍𑐡𑐩𑐣𑐵𑐬𑑀𑐴𑐬𑐞𑐫𑐵𑐫𑐩𑐵𑐮𑑋
7zzff459,𑐮𑐶𑐎𑐾𑑇𑐳𑑂𑐩𑐶𑐣𑑂𑐫𑐩𑐱𑐾𑐳𑐬𑐰𑐾𑐚𑐾𑐰𑐬𑑂𑐲𑐾𑐩𑐶𑐟𑐾𑐩𑐵
56ffzd31,𑐰𑐳𑐟𑐶𑑄𑐎𑐸𑐬𑑂𑐰𑐣𑑂𑐴𑐶𑐎𑑀𑐚𑑂𑐫𑐵𑐴𑐸𑐟𑐶𑐔𑐎𑑂𑐬𑐾𑐎𑐮𑑂𑐥𑐟𑐬𑐸𑑄𑐢𑐬𑐵𑐡𑐶𑐰𑐶𑐲𑐡𑐾𑐡𑐟𑑂𑐰𑐵𑐔𑐟𑐥𑑂𑐟𑐸𑑄𑐐𑐟𑐁𑐳𑐷𑐟𑑂𑐳𑐶𑐡𑑂𑐢𑐶𑐟𑐺𑐳𑐶𑑄𑐴𑐩𑐮𑑂𑐮𑐣𑐺𑐥𑐟𑐶𑑅𑐥𑐸𑐟𑑂𑐬𑐵𑐫𑐬𑐵𑐖𑑂𑐫𑑄𑐡𑐡𑐣𑑂𑑋𑐟𑐳𑑂𑐫
c514df02,𑐣𑐵𑐩𑐵𑐬𑐎𑑂𑐟𑐵𑐎𑐺𑐟𑐶𑐳𑐸𑑄𑐡𑐬𑑀𑐬𑐰𑐶𑐬𑐶𑐰𑐱𑑂𑐬𑐷𑐮𑑀𑐎𑐣𑐵𑐠𑑅𑐥𑑂𑐬𑐨𑐸𑑌𑐱𑑂𑐬𑐷𑐨𑐷𑐩𑐳𑑂𑐫𑐩𑐞𑐾𑑅𑐳𑐩𑐵𑐳𑑂𑐠𑐮𑐩𑐶
f9134f8d,𑐥𑑂𑐬𑐔𑐫𑐥𑐸𑐞𑑂𑐜𑐬𑐷𑐎𑐣𑐫𑐣𑐱𑐫𑐣𑐳𑐥𑑂𑐬𑐔𑐞𑑂𑐜𑐨𑐵𑐣𑐸𑐡𑐫𑐴𑐶𑐩𑐨𑐵𑐣𑐸𑐩𑐞𑑂𑐜𑐮𑐴𑐳𑐴𑐶𑐩𑐴𑐶𑐩𑐐𑐶
1f6zc822,𑐧𑐿𑐬𑑀𑐔𑐣𑐡𑐫𑐎𑐵𑐳𑑂𑐰𑐥𑐶𑐟𑐵𑐡𑐶𑐧𑑄𑐐𑐟𑐢𑐣𑐡𑐟𑑂𑐟𑐳𑐶𑑄𑐳𑑂𑐰𑐩𑐵𑐟𑐵𑐡𑐶𑐧𑑄𑐐𑐟𑐖𑑀𑐐
a69c6f4d,𑐎𑑂𑐟𑐷𑐱𑑂𑐰𑐣𑐵𑐩𑑂𑐣𑐶𑐔𑐟𑐟𑑂𑐳𑐴𑑀𑐡𑐬𑐣𑐵𑐩𑐰𑑋𑑋𑐖
01afaz58,𑐬𑑂𑐡𑑂𑐡𑐞𑑂𑐜𑐰𑐶𑐩𑐸𑐎𑑂𑐟𑐰𑐵𑐞𑐣𑐶𑐎𑐬𑐵𑐎𑑂𑐬𑐵𑐣𑑂𑐟𑑀𑐟𑑂𑐟𑐩𑐵𑐒𑑂𑐐𑑀𑐬𑐶𑐥𑐬𑑂𑐨𑐾𑐖𑐾𑐔𑐵𑐧𑑂𑐢𑐶𑐰𑐣𑐵𑐡𑑂𑐬𑐶𑐐𑐴𑑂𑐰𑐬𑐐𑐸𑐴𑐵𑑄𑐴𑐶𑐟𑑂𑐰𑐵𑐳𑑂𑐰𑐎𑐷𑐫𑐵𑑄𑐥𑐸𑐬𑐷𑑄
8a387168,𑐳𑐶𑐎𑑅𑐎𑐣𑑂𑐡𑐬𑑂𑐥𑑂𑐥𑐰𑐟𑑂𑐳𑐸𑐣𑑂𑐡𑐬𑑀𑑍𑐰𑐷𑐞𑐵𑐟𑐵𑐮𑐩𑐺𑐡𑐒𑑂𑐐𑐐𑐷𑐟𑐣𑐶𑐥𑐸𑐞𑑅𑐳𑐒𑑂𑐐𑐷𑐟𑐰𑐶𑐡𑑂𑐫𑐵𑐣𑐶𑐢𑐶𑑅𑑋𑐨𑐵𑐳𑑂𑐰𑐡𑑂𑐩𑐵𑐣𑐸𑐣𑐶𑐨𑑅𑐥𑑂𑐬𑐟𑐵𑐥𑐣𑐶𑐴𑐟𑐥𑑂𑐬𑑀𑐡𑑂𑐫𑐟𑑂𑐥𑑂𑐬𑐟𑐷𑐥𑐡𑑂𑐫𑐸
85d365c0,𑐫𑐵𑐲𑐸𑐣𑐣𑐖𑑀𑐖𑐩𑐵𑐣𑐳𑑂𑐫𑐁𑐫𑐸𑐁𑐬𑑀𑐐𑑂𑐫𑑍𑐖𑐣𑐢𑐣𑐰𑐺𑐡𑑂𑐢𑐶𑐬𑐳𑑂𑐟𑐸𑑋𑑋𑐂𑐴𑑀𑐬𑑀𑐎𑐾𑐳𑐸𑐲
d5c6zd9c,𑐬𑑂𑐰𑐦𑐵𑐮𑑂𑐐𑐸𑐞𑐷𑐣𑐎𑑂𑐲𑐾𑐟𑐬𑐾𑑍𑐱𑐶𑐰𑐖𑑀𑐐𑐾𑐖𑐠𑐵𑐎𑐬𑑂𑐞𑐩𑑀𑐴𑑀𑐟𑐬𑐾𑑍𑐧𑐾𑐴𑐳𑑂𑐥𑐟𑐶𑐰𑐵𑐳𑐬𑐾𑑍𑐎𑑂𑐬𑐎𑑂𑐬
15cc3899,𑐁𑐔𑐵𑐬𑑂𑐫𑑂𑐫𑐖𑐸𑐥𑐣𑐶𑐰𑐶𑐖𑑂𑐫𑐵𑐔𑐎𑑄𑐮𑐔𑑂𑐕𑑂𑐫𑐵𑐨𑐐𑐰𑐟𑐶𑐥𑐵𑐠𑐳𑐵𑐬𑑂𑐡𑑂𑐢𑐫𑐵𑐔𑐎𑐵𑐖𑐸𑐬𑑀𑐖𑐶𑐩𑐕𑐩𑑂𑐴𑐣𑐵𑐫𑐎𑐧𑐶𑐖𑑂𑐫𑐵𑐔𑐎𑑄𑐳𑑄𑐐𑐨𑑀𑐖
607zd6b5,𑐱𑑂𑐬𑐷𑐩𑐮𑑂𑐮𑑀𑐎𑐾𑐱𑐡𑐿𑐰𑐳𑐬𑐞𑐩𑐥𑐶
08723c69,𑐩𑐵𑐮𑑌𑑌𑐨𑐹𑐫𑑀𑐳𑐾𑐮𑑂𑐴𑑀𑐫𑐵𑐟𑐡𑐸𑐣𑑂𑐟𑐵𑐠𑑂𑐰𑐟𑐾𑑍𑐬𑑀𑐰𑑕𑐟𑐩𑐵𑐬𑐵𑐖𑐵𑐰𑐸𑐬𑑀𑐰𑐳𑑂𑐰𑑓𑐧𑐾𑐲𑐵𑐴𑐶𑐟𑐶𑐰𑐸𑑍𑐬𑑀𑐰𑑕𑐳𑐬𑐵𑐰𑐎𑑂𑐲𑐾𑐮𑐰𑐸𑐣𑐾𑐔𑐵𑐟𑐬𑐞𑐠𑑂𑐰
04125bd5,𑐥𑐬𑐾𑐲𑐸𑐳𑑂𑐰𑐬𑑂𑐐𑑂𑐐𑐥𑑂𑐬𑐵𑐥𑑂𑐟𑑂𑐫𑐬𑑂𑐠𑐬
2a17f520,𑐱𑑄𑐏𑐔𑐎𑑂𑐬𑐐𑐡𑐵𑐰𑑂𑐖𑐶𑐣𑑄𑐟𑐵𑐬𑑂𑐎𑑂𑐲𑑂𑐫𑐵𑐳𑐣𑐳𑑂𑐠𑑄𑐡𑐾𑐰𑐾𑐱𑑄𑐥𑐷𑐟𑐵𑐩𑑂𑐧𑐬𑐳𑐸𑐱𑑀𑐨𑐶𑐟𑑄𑑌𑐰𑐺𑐲𑐳𑑄𑐴𑐵𑐳𑑂𑐠𑐶𑐟𑑄𑐱𑐵𑑄𑐟
3877a8za,𑐟𑑂𑐬𑐱𑑂𑐬𑐷𑐬𑐟𑑂‍𑐣𑑅𑐡𑑂𑐧𑐶𑐟𑐶𑐫𑐥𑐸𑐟𑑂𑐬𑐢𑐣𑐬𑐟𑑂‍𑐣𑐟𑐺𑐟𑐶𑐫𑐥𑐸
1fc99ab0,𑐎𑑂𑐲𑐟𑑂𑐬𑐾𑑍𑐐𑐥𑐸𑐕𑐥𑐬𑑂𑐰𑑂𑐰𑐟𑑍𑐱𑑂𑐬𑐷𑑒𑐱𑑂𑐰𑐫𑐰𑐸𑐔𑐟𑑂𑐫𑐠𑐵𑐣𑑂𑐫𑑍𑐀𑐳𑑂𑐟𑐰𑐬𑐵𑐐𑐳𑐣𑐶𑐢𑐵𑐣𑑂𑐫
59z2930a,𑑊𑐳𑑂𑐰𑐳𑑂𑐟𑐶𑐱𑑂𑐬𑐶𑐫𑑀𑐳𑑂𑐟𑐸𑑋𑑋𑐥𑐎𑑂𑐲𑐵𑐡𑑂𑐬𑐶
cffz2005,𑐱𑐸𑐨𑑌𑐳𑐩𑑂𑐰𑐟𑑘𑑑𑑙𑐰𑐿𑐱𑐵𑐏𑐎𑐺𑐲𑑂𑐞𑑑𑑑𑐱𑑂𑐬𑐞𑐵𑐎𑑂𑐬𑐰𑐶𑐴𑐵𑐬𑐳𑐰𑐖𑑂𑐬𑐵
b81z9627,𑐳𑐶𑐎𑑅𑐎𑐣𑑂𑐡𑐬𑑂𑐥𑑂𑐥𑐰𑐟𑑂𑐳𑐸𑐣𑑂𑐡𑐬𑑀𑑍𑐰𑐷𑐞𑐵𑐟𑐵𑐮𑐩𑐺𑐡𑐒𑑂𑐐𑐐𑐷𑐟𑐣𑐶𑐥𑐸𑐞𑑅𑐳𑐒𑑂𑐐𑐷𑐟𑐰𑐶𑐡𑑂𑐫𑐵𑐣𑐶𑐢𑐶𑑅𑑋𑐨𑐵𑐳𑑂𑐰𑐡𑑂𑐩𑐵𑐣𑐸𑐣𑐶𑐨𑑅𑐥𑑂𑐬𑐟𑐵𑐥𑐣𑐶𑐴𑐟𑐥𑑂𑐬𑑀𑐡𑑂𑐫𑐟𑑂𑐥𑑂𑐬𑐟𑐷𑐥𑐡𑑂𑐫𑐸
6f0c6czd,𑐐𑑂𑐬𑐞𑐷𑑅𑐳𑑁𑐣𑑂𑐡𑐬𑑂𑐫𑐬𑑂𑐖𑑂𑐖𑐶𑐟𑐩𑐷𑐣𑐎𑐾𑐟𑐸𑐬𑐖𑐶𑐟𑑀𑐰𑐶𑐡𑑂𑐫𑐵𑐥𑐬𑐷𑐟𑐵𑐱𑐰𑑀𑐡𑐶𑐎𑑂𑐳𑑂𑐟𑑂𑐬𑐷𑐎𑐬𑑂𑐞𑐰𑐶𑐨𑐹𑐲𑐞𑐷𑐎𑐺𑐟𑐫𑐱𑑀
08f4afcf,𑐳𑑂𑐠𑐵𑐣𑐳𑑂𑐫𑐂𑐴𑐾𑐰𑐥𑐹𑐞𑑂𑐫𑐨𑐹𑐩𑑁𑑌𑐀𑐡𑑂𑐫𑑅𑐱𑑂𑐬𑐵𑐰𑐞𑐩𑐵𑐳𑑂𑐫𑐱𑐎𑑂𑐬𑐥𑐎𑑂𑐲𑐟𑐺𑐟𑐶𑐫𑐵𑐟𑐶𑐠𑑁𑐥𑐹
bz26z8f5,𑐳𑐶𑐎𑑅𑐎𑐣𑑂𑐡𑐬𑑂𑐥𑑂𑐥𑐰𑐟𑑂𑐳𑐸𑐣𑑂𑐡𑐬𑑀𑑍𑐰𑐷𑐞𑐵𑐟𑐵𑐮𑐩𑐺𑐡𑐒𑑂𑐐𑐐𑐷𑐟𑐣𑐶𑐥𑐸𑐞𑑅𑐳𑐒𑑂𑐐𑐷𑐟𑐰𑐶𑐡𑑂𑐫𑐵𑐣𑐶𑐢𑐶𑑅𑑋𑐨𑐵𑐳𑑂𑐰𑐡𑑂𑐩𑐵𑐣𑐸𑐣𑐶𑐨𑑅𑐥𑑂𑐬𑐟𑐵𑐥𑐣𑐶𑐴𑐟𑐥𑑂𑐬𑑀𑐡𑑂𑐫𑐟𑑂𑐥𑑂𑐬𑐟𑐷𑐥𑐡𑑂𑐫𑐸
7750169z,𑐬𑑀𑐥𑐩𑐎𑐺𑐟𑐾𑐡𑐵𑐩𑑀𑐡𑐬𑐾𑑅𑐳𑐬𑑂𑐰𑑂𑐰𑐡𑐵𑐥𑑂𑐬𑐷
00bb461d,𑐥𑐬𑑂𑐰𑐎𑐵𑐮𑐫𑐵𑐡𑐶𑐣𑐳𑑌𑐩𑐸𑐳𑐸𑑄𑐧𑐵𑐴𑐵
346bddzd,𑐱𑑂𑐬𑐷𑐴𑐾𑐬𑐸𑐎𑐔𑐮𑐞𑐳𑐾𑐰𑐎𑐱𑑂𑐬𑐷𑐰𑐶𑐱𑑂𑐰𑐎𑐬𑑂𑐩𑑂𑐩𑐵𑐀𑐰𑐟𑐵𑐬
f85z0zzc,𑐟𑐶𑐥𑑂𑐬𑐠𑑌𑐱𑐶𑐰𑐨𑐎𑑀𑐴𑐬𑐶𑐲𑑂𑐫𑐵𑐟𑐵𑐢𑐬𑑂𑐩𑑂𑐩𑐎𑐬𑑂𑐩𑑂𑐩𑐥𑐹𑐧𑑀𑐡𑑂𑐫𑐩𑑅𑐮𑑀𑐎𑐣𑐵𑐠𑑀𑐔𑑂𑐔𑐎𑐵𑐣𑐶
a85251bc,𑐎𑑂𑐲𑐟𑑂𑐬𑐾𑑍𑐐𑐥𑐸𑐕𑐥𑐬𑑂𑐰𑑂𑐰𑐟𑑍𑐱𑑂𑐬𑐷𑑒𑐱𑑂𑐰𑐫𑐰𑐸𑐔𑐟𑑂𑐫𑐠𑐵𑐣𑑂𑐫𑑍𑐀𑐳𑑂𑐟𑐰𑐬𑐵𑐐𑐳𑐣𑐶𑐢𑐵𑐣𑑂𑐫
fa6b3824,𑐧𑐬𑑂𑐞𑑂𑐞𑐥𑐩𑐴𑐵𑐣𑐐𑐬𑐾𑐢𑑂𑐰𑐵𑐎𑐵𑐧𑐵𑐴𑐵𑐡𑐵𑐟𑐏𑐵𑐬𑑄𑐰𑐣𑑂𑐟𑐵𑐕𑐾𑑍𑐐𑐺𑐴𑐵𑐢𑐶𑐧𑐵
3381c781,𑐩𑐣𑑄𑑍𑐂𑐟𑐶𑐩𑑄𑐐𑐮𑐳𑑄𑑍𑐮𑐸𑐫𑐟𑐵𑑍𑐥𑑂𑐬𑑑𑐡𑐸𑐡𑐸𑑍𑐥𑑂𑐬𑑑𑐖𑐵𑐎𑐶𑑍𑐠𑑂𑐰𑐟𑐾𑐢𑐸𑐣𑐎𑐵𑐰𑐦𑐮𑐾𑐳𑐡𑐵𑐣
3fdd48cf,𑑊𑐳𑑄𑐧𑐟𑑗𑑙𑑗𑐧𑐿𑐱𑐵𑐏𑐱𑐸𑐎𑑂𑐮𑐥𑐸𑐬𑑂𑐞𑑂𑐞𑐩
7c38474c,𑐣𑑂𑐟𑐣𑐵𑐬𑐵𑐫𑐞𑐨𑐵𑐬𑑀𑐠𑑄𑐕𑐚𑑀𑐮𑐫𑐵𑐢𑑄𑐖𑐸𑐨𑐵𑐬𑑀𑐰𑑄𑐎𑐸𑐚𑑀𑐮
75d0z327,𑐣𑐫𑐵𑐫𑐩𑐵𑐮𑐖𑐸𑐮𑐱𑐸𑐨𑑌𑐳𑑄𑐧𑐟𑑙𑑔𑑕𑐩𑐵𑐑𑐧𑐡𑐶𑑕𑐳𑐥𑑂𑐬𑐟𑐶𑐲𑑂𑐛𑐵𑐫𑐵𑐒𑐵𑐡𑐶𑐣𑐖𑐸𑐮𑐱𑐸𑐨
528zb029,𑐥𑐬𑐾𑐲𑐸𑐳𑑂𑐰𑐬𑑂𑐐𑑂𑐐𑐥𑑂𑐬𑐵𑐥𑑂𑐟𑑂𑐫𑐬𑑂𑐠𑐬
337167dz,𑐀𑐣𑐣𑑂𑐟𑐡𑐶𑐫𑐡𑐾𑐰𑐷𑐠𑑂𑐰𑐩𑑂𑐴𑐩𑐴𑐵𑐬𑐵𑐣𑐶𑐩𑐴𑐵𑐬𑐵𑐣𑐶𑐢𑐶𑐬𑐵𑐖𑐨𑐸𑐥𑐎𑐾𑐱𑐬𑐷𑐱𑑂𑐬𑐷𑐱𑑂𑐬𑐷𑐎𑐰𑐷𑐣𑑂𑐡𑑂𑐬𑐖𑐫𑐥𑑂𑐬
d83002z0,𑐨𑐵𑐣𑐷𑐮𑐥𑐡𑑂𑐩𑐘𑐩𑐸𑐞𑑂𑐜𑑄𑑍𑐎𑐬𑐵𑐩𑑂𑐨𑑀𑐬𑐸𑐴𑐣𑐵𑐰𑐴𑐣𑑂𑐟𑐷𑑄𑐳𑑂𑐩𑐶𑐟𑐵𑐳𑑂𑐫𑐵𑑄𑑋𑐣𑐩𑐳𑑂𑐫𑐵𑑄𑐰𑐶𑐬𑑄𑐔𑐷𑐣𑑂𑐡𑑂𑐬𑐰𑐺𑐣𑑂𑐡𑐵𑐬𑐎𑑁𑐰𑑍𑐬
1df95969,𑐰𑐮𑐳𑐵𑐞𑑄𑐣𑐡𑐰𑐠𑑂𑐫𑑄𑐔𑐐𑐸𑐬𑐵𑐠𑑂𑐰𑐎𑑍𑐔𑐠𑐵𑐎𑐎𑐸𑐣𑑂𑐴𑐸𑐧𑐸𑐳𑐵𑐢𑐣𑐫𑐵𑐫𑐩𑐵𑐬𑑍𑐨𑐵𑐲𑐵𑐮𑐳𑐕𑐥𑑀𑐬𑐥𑐹𑐬𑑂𑐞𑑂𑐞𑐩𑐵𑐳𑐶𑐎𑐸
a6af3z64,𑐌𑐧𑐮𑐚𑑀𑐮𑐾𑐎𑐸𑐎𑑂𑐲𑐾𑐫𑐵𑐧𑑄𑐱𑐱𑐵𑐎𑑂𑐫𑐨𑐶𑐎𑑂𑐲𑐸𑑌𑐢
c9f98740,𑐫𑐵𑐣𑐵𑑅𑐥𑑂𑐬𑐟𑐶𑐳𑑂𑐠𑐵𑐳𑑄𑐥𑐸𑐬𑑂𑐞𑑂𑐞𑐫𑐵𑐣𑐵𑐡𑐷𑐣𑐖𑐸𑐮𑑅𑐱𑐸𑐨𑑄𑑅𑑌
10921655,𑐬𑐵𑐩𑐬𑐔𑑄𑐣𑑂𑐡𑑂𑐬𑐨𑐵𑐬𑑀𑑍𑐀𑐣𑑂𑐟𑐳𑐶𑑄𑐒𑐨𑐵𑐬𑑀
49ac291f,𑐫𑐸𑐐𑐵𑐡𑐶𑐣𑑁𑐩𑐶𑐱𑐸𑐎𑑂𑐮𑐰𑐵𑐬𑐩𑐸𑐳𑑄𑐧𑐵𑐴𑐵
fbb750b9,𑐬𑑂𑐟𑑂𑐟𑐶𑐖𑐵𑐎𑑂𑐫𑐎𑐸𑐜𑑑𑐣𑐶𑐟𑑂𑐫𑑄𑐧𑐶𑐫𑐩𑐵𑐮𑑋𑐖𑑂𑐫𑐾𑐲𑑂𑐛𑐱𑐸𑐎𑑂𑐮𑐥𑐣𑐔𑐩𑐷𑐎𑐸𑐣𑑂𑐴𑐸𑐡𑐶𑐣𑐫𑐖𑑂𑐘𑐫𑐵𑐒𑐧𑑀𑐳𑐵𑐢𑐣𑐫𑐵𑐫𑐩𑐵𑐮𑑋𑐎𑐵𑐬𑑂𑐟𑑂𑐟𑐶𑐎𑐱𑐸𑐎𑑂𑐮𑐡𑑂𑐰𑐵𑐡𑐱𑐷𑐎𑐸
d3b6ffa2,𑐥𑑂𑐬𑑑𑐔𑐶𑐎𑐸𑐒𑑕𑐕𑑀𑐕𑑀𑐐𑐸𑐩𑐵𑐒𑐵𑐕𑑀𑐣𑐎𑐾𑑍𑐡𑑄𑑕𑐳𑐵𑐫𑐟𑐵𑐡𑐎𑑂𑐲𑐶𑐣𑐵𑐧𑐶𑐫𑑍
da64z0bz,𑐖𑐸𑐬𑑀𑐠𑑂𑐰𑐟𑐾𑐡𑐾𑐐𑑀𑐮𑐣𑐾𑐐𑑀𑐮𑐳𑐔𑐶𑑄𑐟𑐵𑐫𑐵
32772b17,𑐩𑑅𑐱𑑂𑐬𑐷𑐮𑑀𑐎𑐣𑐵𑐠𑐵𑐫𑑌𑐡𑐵𑐎𑑂𑐲𑐶𑐞𑑂𑐫𑑀𑐟𑑂𑐟𑐬𑐡𑐶𑐐𑑂𑐐𑐟𑑅𑐎𑐬𑐟𑐮𑐾𑐥𑐒𑑂𑐎𑐾𑐬𑐸𑐴𑑅𑐳𑐵𑐬𑐠𑐶𑑄𑐎𑐺𑐟𑑂𑐰𑐵𑐔𑐵𑐞𑑂𑐜
14d04cfa,𑐣𑐵𑐩𑐵𑐬𑐎𑑂𑐟𑐵𑐎𑐺𑐟𑐶𑐳𑐸𑑄𑐡𑐬𑑀𑐬𑐰𑐶𑐬𑐶𑐰𑐱𑑂𑐬𑐷𑐮𑑀𑐎𑐣𑐵𑐠𑑅𑐥𑑂𑐬𑐨𑐸𑑌𑐱𑑂𑐬𑐷𑐨𑐷𑐩𑐳𑑂𑐫𑐩𑐞𑐾𑑅𑐳𑐩𑐵𑐳𑑂𑐠𑐮𑐩𑐶
daf482dc,𑐳𑐳𑐵𑐧𑐔𑐥𑑂𑐬𑐔𑐵𑐧𑑂‍𑐰𑐮𑑅𑐥𑑂𑐬𑐵𑐣𑐶𑐡𑐎𑑀𑐄𑐡𑐵𑐬𑐖𑐸𑐫𑐵𑐩𑐵𑐮𑐢𑐎𑐠𑑂‍𑐰𑐱𑑂𑐬𑐷𑑓𑐔𑐂𑐟𑐾𑐠𑑂‍
d05a7fzb,𑐢𑑂𑐬𑐶𑐫𑐸𑐐𑑄𑐳𑑂𑐩𑐬𑐣𑑂𑐟𑐶𑐩𑐸𑐣𑐫𑑀𑐑𑐵𑐫𑐣𑑂𑐟𑐶𑐫𑐡𑑂𑐫𑑀𑐐𑐶𑐣𑑅𑐳𑑄𑐥𑐸𑐖𑑂𑐫𑐣𑑂𑐟𑐶𑐳𑐸𑐣𑐵𑑓𑐳𑐸𑐬𑐵𑑅𑐏
27c77z40,𑐬𑐳𑐱𑐸𑐎𑑂𑐬𑐥𑐎𑑂𑐲𑐥𑐹𑐬𑑂𑐞𑐩𑐵𑐳𑑂𑐫𑐟𑐶𑐠𑑀𑐮𑑀𑐴𑐶𑐣𑐶𑐣𑐎𑑂𑐲𑐟𑑂𑐬𑐾𑐳𑐶𑐡𑑂𑐢𑐶𑐖𑑀𑐐
405181b7,𑐩𑑄𑐖𑐸𑐬𑐵𑐩𑐰𑑀𑐢𑐬𑐵𑐩𑐐𑐸𑐡𑑄𑐡𑐮𑐾𑐰𑐴𑐶𑐬𑐶𑐳𑐖𑑂𑐫𑐵𑐒𑐵𑐖𑐸𑐬
c262zdc2,𑐟𑐫𑐾𑐰𑐵𑐡𑑂𑐫𑐫𑑄𑑌𑑌𑐎𑐵𑐫𑐲𑑂𑐛𑐎𑐸𑐮𑐳𑑄𑐖𑐵𑐟𑑀𑐰𑐶𑐲𑑂𑐞𑐸𑐳𑐶𑑄𑐴𑐱𑑂𑐰𑐢𑐵𑐬𑑂𑐩𑐶𑐎𑑅𑐩𑐱𑐶𑐎𑐞𑑂𑐜𑐷𑐟𑐶𑐣𑐵
5650zc53,𑑅𑐳𑐸𑐟𑑀𑐐𑐸𑐞𑐣𑐶𑐢𑐶𑐬𑑂𑐫𑑂𑐫𑐱𑑂𑐰𑐾𑐣𑑂𑐡𑑂𑐬𑐩𑐮𑑂𑐮𑐵𑐩𑐶𑐢𑑅𑐱𑐸𑐡𑑂𑐢𑐵𑐔𑐵𑐬𑐰𑐟𑐷𑐐𑐸𑐞𑐣𑐶𑐮𑐫𑐵𑐟𑐸𑐮𑑂𑐫𑐵𑐴𑐬𑐾𑑅𑐎𑐵𑐣𑑂𑐟𑐫𑐵𑑅𑑌𑐟𑐳𑑂𑐫𑐵𑑅𑐳𑐸𑐟𑐵𑐳𑐷𑐟𑑂𑐳𑐸𑐡𑐟𑐷𑐎𑐸
f2d151a2,𑐫𑐵𑐒𑐵𑐣
143z1397,𑐟𑐸𑐮𑑀𑐣𑐳𑐶𑑄𑐴𑐢𑐟𑐖𑐖𑐩𑐵𑐣𑐫𑐵𑐩𑐣𑐳𑐂𑐢𑐵𑐐𑐸𑐳𑑂𑐫𑐵𑐠𑑂𑐰𑐔𑐿𑐟𑑂𑐫𑐡𑑀𑐳𑐵𑐮𑐡𑐫
ba10c6zz,𑐎𑐵𑐰𑑂𑐫𑐎𑐵𑐲𑐵𑐮𑐒𑑂𑐎𑑂𑐫𑐬𑐵𑐡𑐶𑐳𑐎𑐮𑐱𑐵𑐩𑑂𑐟𑑂𑐬𑐵𑐣𑐸𑐱𑐬𑐞𑐳𑐸𑐐𑐟𑐩𑐟𑐰𑐶𑐣𑐵𑐡𑐶𑐟𑐵𑐣𑑂𑐟𑐲𑑂𑐎𑐬𑐞𑐱𑐶𑐟𑐶𑐎𑑂𑐟𑐞𑑂𑐛
db93db86,𑐨𑑂𑐬𑐵𑐟𑑂𑐟𑐾𑐰𑐶𑐱𑑂𑐰𑐳𑐶𑑄𑐴𑐨𑐵𑐬𑑀𑐎𑐣𑐾𑐲𑑂𑐛𑐨𑑂𑐬𑐵𑐟𑑂𑐟𑐾𑐣𑐬𑐳𑐶𑑄𑐴𑐨𑐵𑐬𑑀𑐠𑑂𑐰𑐟𑐾𑐳𑑂𑐫𑐣𑐔𑐶𑐣𑑂𑐟𑐵𑐫𑐵𑐔𑐎𑑄𑐠𑑂𑐰𑐡𑐾𑐰𑐮𑐡𑐫𑐎𑐧𑐶𑐖𑑂𑐫𑐵𑐎𑐖𑐸𑐬𑑀𑑌𑐱𑐸𑐩
a1d372f7,𑐐𑐷𑐟𑐰𑐶𑐢𑐵𑐣𑐶𑐢𑐾𑑅𑑋𑐫𑐳𑑂𑐫𑐥𑑂𑐬𑐾𑐩𑐟𑐩𑑀𑐰𑐬𑑀𑐣𑐬𑐴𑐬𑐶𑐣𑑂𑐣𑐷𑐩𑐵𑐩𑐴𑐟𑑂𑐳𑐾𑐰𑐎𑑀𑑍𑐡𑐵𑐳𑐵𑐣𑐵𑑄𑐐𑐞𑐣𑐵𑐫
faa916z3,𑐟𑑌𑐳𑑂𑐰𑐫𑑄𑐨𑐹𑐳𑐩𑑂𑐧𑐟𑑙𑑓𑐁𑐏𑐵𑐡𑐱𑐎𑐡𑐩𑐳𑐶𑐎𑐸𑐴𑐥𑐢𑐶𑐡𑐶𑐣𑐖𑐸𑐬𑑀𑑌𑐩𑐴𑐵𑐬𑐵
790z389a,𑐎𑑂𑐲𑑂𑐩𑐶𑑍𑐔𑐟𑐸𑐬𑑂𑐠𑐥𑐸𑐟𑑂𑐬𑐩𑐹𑐣𑐶𑐢𑐬𑑍𑐣𑐵𑐔𑐷𑐩𑐸𑐣𑐶𑐠𑐎𑐸𑑄𑑍𑐟𑐳𑑂𑐫𑐖𑐾𑐲𑑂𑐛𑐨𑐐𑐶𑐣𑐶𑐔
492b1f38,𑐥𑑄𑐔𑐩𑐶𑐎𑐸𑐣𑑂𑐴𑐸𑐰𑐣𑐶𑐎𑐐𑑂𑐰
bazab52f,𑐡𑐶𑐣𑐾𑐮𑑀𑐎𑐣𑐵𑐠𑐾𑐏𑐬𑐵𑐐𑑂𑐬𑐿𑑌𑐫𑐵𑐱𑑂𑐬𑐷
f708adb6,𑐱𑑂𑐰𑐬𑐵𑐫𑑅𑑌
03000a1z,𑐫𑐵𑐒𑐵𑐣
c99f202f,𑐀𑐳𑑂𑐫𑐨𑐱𑑂𑐬𑐷𑐢𑐧𑐟𑑍𑐡𑑂𑐢𑐶𑐱𑑂𑐬𑐷𑐱𑐶𑐟𑐰𑐟𑐷𑑌𑐠𑑂𑐰𑐟𑐾𑐥𑑂𑐬𑐩𑐸𑐏
292b1771,𑐱𑐶𑐢𑑂𑐡𑐶𑐬𑐵𑐩𑐴𑐵𑐎𑐸𑐥𑐩𑑂𑐩𑐬𑐵𑐩𑐐𑐸𑐣𑐶𑐬𑐵𑐩𑐎𑐶𑐬𑑂𑐟𑑂𑐟𑐶𑐬𑐵𑐩
3zz064a8,𑐔𑐩𑐶𑐱𑐸𑐎𑑂𑐬𑐧𑐵𑐬𑐲𑐸𑐬𑐸𑐱𑑂𑐬𑐷𑑓𑐧𑐖𑑂𑐬𑐳𑐟𑑂‍𑐧𑐠𑐵𑐥𑐣𑐵
990ff915,𑐩𑐴𑐵𑐬𑐵𑐖𑐵𑐢𑐶𑐬𑐵𑐖𑐱𑑂𑐬𑐷𑐱𑑂𑐬𑐷𑐣𑐬𑐳𑐶𑑄𑐴𑐩𑐮𑑂𑐮𑐡𑐾𑐰𑐥𑑂𑐬𑐨𑐸𑐠𑐵𑐎𑐸𑐮𑐮𑑄𑐖𑐸𑐬𑑀𑑍𑐔
90b2c8f6,𑐰𑐷𑐥𑐡𑐥𑑂𑐬𑐷𑐟𑐫𑐾𑐟𑐾𑐣𑐳𑑂𑐰𑐬𑑂𑐞𑑂𑐞𑐰𑐶𑐨𑐹𑐲𑐶𑐟𑑄𑐐𑐺𑐴𑐩𑐶𑐡𑑄𑐨𑐰𑑂𑐫𑐵𑐳𑑂𑐥𑐡𑑄𑐎𑐵𑐬𑐶𑐟𑑄𑑌𑐳𑐩𑑂𑐰𑐟𑑂𑑗𑑖𑑑𑐦𑐵
bdz899d0,𑐳𑐸𑐬𑑂𑐖𑐬𑐵𑐩𑐨𑐵𑐮𑑀𑐥𑐱𑐸𑐬𑐵𑐩𑐣𑐾𑐴𑑂𑐩𑐦𑐸𑐎𑐶𑐖𑐥𑐸𑐟𑑂𑐬
9398902f,𑐥𑐸𑐣𑐬𑐎𑑂𑐲𑐩𑐶𑐟𑑂𑐫𑐵𑐟𑐶𑐨𑐵𑐫𑐸𑐟𑐷𑐬𑐕𑐶𑐢𑐮𑐷𑐔𑐟𑐸𑐫𑐰𑐵𑐮𑐫𑐟𑑂𑐬𑐷𑐎𑑂𑐲𑐣𑐳𑑂𑐰𑐮𑐷𑐟𑐵𑐮𑐵𑐡𑐸
8cd7cza2,𑐣𑑂𑐴𑐸𑐡𑐶𑐣𑐥𑐫𑐖𑑂𑐘𑐫𑐵𑐒𑑍𑐥𑐰𑐶𑐟𑑂𑐬𑐵𑐬𑑀𑐴𑐞𑐫𑐵𑐫𑐩𑐵𑐮𑑌𑐔𑐟𑑂𑐬𑐎𑐺𑐲𑑂𑐞𑐡𑑂𑐰𑐵𑐡𑐱𑐷𑐎𑐸𑐣𑑂𑐴𑐸𑑍𑐡𑐶𑐣𑐥𑐫𑐖𑑂𑐘𑐫𑐵𑐒𑑍𑐡𑐩𑐣𑐵𑐬𑑀𑐴𑐬𑐞𑐫𑐵𑐫𑐩𑐵𑐮𑑋
d2922698,𑐎𑐸𑐣𑑂𑐴𑐸𑐱𑑂𑐬𑐷𑑒𑐎𑐺𑐲𑑂𑐞𑐵𑐰𑐶𑐲𑑂𑐞𑐸
4f091cc1,𑐎𑐵𑐰𑑂𑐫𑐎𑐵𑐲𑐵𑐮𑐒𑑂𑐎𑑂𑐫𑐬𑐵𑐡𑐶𑐳𑐎𑐮𑐱𑐵𑐩𑑂𑐟𑑂𑐬𑐵𑐣𑐸𑐱𑐬𑐞𑐳𑐸𑐐𑐟𑐩𑐟𑐰𑐶𑐣𑐵𑐡𑐶𑐟𑐵𑐣𑑂𑐟𑐲𑑂𑐎𑐬𑐞𑐱𑐶𑐟𑐶𑐎𑑂𑐟𑐞𑑂𑐛
dd2b97ff,𑐖𑐊𑐣𑐶𑐖𑐊𑐬𑐵𑐖𑐎𑐳𑑂𑐫𑐡𑐵𑐬𑐵𑐖𑐊𑐩𑐐𑐬𑐵𑐩𑑄𑐖𑐸𑐬𑐵𑐖𑐎𑐳𑑂𑐫𑐡𑐵𑐬𑐵𑐳𑐸𑐩𑐢𑑄𑐬𑐶𑑍𑐠𑐸𑐟𑐶𑐳𑑂𑐫𑐣
4ca798c1,𑐐𑑂𑐫𑑋𑑋𑐥𑑂𑐬𑐖𑑂𑐘𑐵𑐮𑑀𑐎𑐬𑑂‌𑐰𑐱𑐿𑐩𑑀𑐎𑑂𑐲𑐥𑑂𑐬𑐵𑐥𑑂𑐟𑐫𑐳𑑂𑐟𑐸𑑋𑑋𑐱𑐸𑐨𑐩𑑄𑐐𑐮𑐨
9cz8d0fc,𑐱𑑂𑐬𑐷𑐩𑐮𑑂𑐮𑑀𑐎𑐾𑐱𑐡𑐿𑐰𑐳𑐬𑐞𑐩𑐥𑐶
1bz69b8d,𑐰𑐱𑑂𑐬𑐷𑐨𑐹𑐥𑐟𑐷𑐣𑐵𑑄𑐳𑐨𑐵𑐳𑑂𑐠𑐵𑐣𑑄𑐳𑐣𑑂𑐩𑐞𑐶𑐩𑐞𑑂𑐜𑐥𑑄𑐳𑐸𑐮𑐮𑐶𑐟𑐖𑐷𑐬𑑂𑐞𑐟𑑂𑐰𑐥𑐵𑐳𑑂𑐫𑐡𑑂𑐬𑐸𑐟𑑄𑐳𑑄𑐐𑐷𑐟𑐵𑐬𑑂𑐞𑑂𑐞𑐰𑐥𑐵
z2dba646,𑐩𑐳𑐾𑐣𑐳𑑂𑐠𑐵𑐥𑐣𑐵𑐫𑐵𑐣𑐵𑐡𑐾𑐐𑑀𑐮𑐡𑐫𑐎𑑄𑐣𑐶
5ddf022d,𑐡𑐎𑐣𑐶𑐬𑑂𑐩𑑂𑐩𑐶𑐟𑑄𑐳𑐸𑐰𑐶𑐢𑐶𑐧𑐟𑑂𑐕𑐟𑑂𑐰𑐵𑐥𑑂𑐬𑐟𑐶𑐲𑑂𑐛𑐵𑑄𑐥𑐬𑐵𑑄𑐳𑑂𑐰𑐾𑐲𑑂𑐛𑐱𑑂𑐬𑐷𑐥𑐳𑐶𑐟𑐸𑐲𑑂𑐛
5da1z9d4,𑐣𑐖𑑀𑐐𑐾𑐳𑐣𑐶𑐔𑐬𑐧𑐵𑐳𑐬𑐾𑑋𑑋𑐧𑐶𑐥𑑂𑐬𑐱𑑂𑐬𑐷𑐧𑐶𑐩𑐮𑐵
6f1d2d54,𑐟𑑂𑐫𑐰𑐵𑐬𑐠𑑂𑐰𑐎𑐸𑐣𑑂𑐴𑐸𑐎𑐶𑐟𑑂𑐟𑐶𑐥𑐸𑐬𑐶𑐫𑐵𑐱𑑂𑐬𑐷𑐖𑐵𑐖𑐸𑐰𑑂𑐫𑐵𑐢𑐾𑐱𑑂𑐰𑐬𑐫𑐵𑐥𑑂𑐬𑐳𑐵𑐡𑐣𑑍𑐐𑐸𑑄𑐡𑐾𑐱
d8zc1f0z,𑐱𑑂𑐬𑐷
0zbcf43f,𑐮𑐎𑑂𑐲𑑂𑐩𑐷𑐮𑐎𑑂𑐲𑐶𑐟𑐨𑐹𑐩𑐶𑐩𑑄𑐜𑐮𑐢𑐬𑑅𑐎𑐵𑐣𑑂𑐟𑑂𑐫𑐵𑐖𑐐𑐟𑑂𑐎𑐵𑐣𑑂𑐟𑐫𑐣𑑂𑑋𑐰𑐬𑐶𑐎𑑂𑐲𑑂𑐩𑐵𑐥𑐟𑐶𑐮𑑀𑐎𑐎𑑀𑐎𑐴𑐺𑐡𑐫𑐾𑐱𑑀𑐎𑑄𑐣𑐶𑐟𑐵𑐣𑑂𑐟𑑄𑐡𑐶𑐱𑐣𑑂
77449969,𑑊𑑉𑐱𑑂𑐬𑐷𑑓𑐨𑐷𑐩𑐳𑐾𑐣𑐵𑐫𑐣𑐩𑑅𑑌𑑌𑐡𑑀𑐬𑑂𑐡𑐞𑑂𑐜𑐾𑐣𑐧𑐮𑐾𑐣𑐫𑐾𑐣𑐣𑐶𑐴𑐟𑑀𑐡𑐸𑑅𑐱𑐵𑐣𑑂𑐟𑐡𑐸𑑅𑐱𑐵𑐳𑐣𑑀𑑍𑐫𑐸𑐡𑑂𑐢𑐾𑐨𑐷𑐲𑐞𑐫𑐵𑐖𑐑𑐵𑐣𑐐𑐡𑐫𑐵𑐡𑐸𑐂𑐬𑑂𑐫𑑀𑐢𑐣𑑄𑐫𑑀𑑇𑐢𑐩
7206c53a,𑐟𑑂𑐟𑐣𑐫𑑀𑐩𑐴𑐵𑐣𑑂𑐳𑐸𑐣𑐶𑐥𑐸𑐞𑑅𑐱𑑂𑐬𑐷𑐱𑑂𑐬𑐷𑐣𑐶𑐰𑐵𑐳𑑀𑐣𑐺𑐥𑑅𑑋𑐳𑑁𑐣𑑂𑐡𑐬𑑂𑐫𑐾𑐳𑐩𑐣𑑀𑐨𑐰𑑅𑐥𑑂𑐬𑐟𑐶𑐡𑐶𑐣𑑄𑐡𑐵𑐣𑐎𑐣𑐶𑐲𑑂𑐛𑐵𑐩𑐟𑐶𑐬𑑂𑐮𑑀𑐎𑐾𑐱𑐳𑑂𑐫𑐥𑐡𑐵𑐬𑐰𑐶𑐣𑑂𑐡𑐩𑐢𑐸𑐥𑑅𑐳𑑄𑐐𑐷𑐟𑐱𑐵
04783f48,𑑊𑐳𑐫𑑀𑐳𑑂𑐟𑐸𑑋𑑋𑐱𑑂𑐬𑐷𑑓𑐐𑑂𑐰𑐬𑑀𑐎𑐥𑐵𑐡𑐸𑐎𑐵𑐳𑐡𑐷
1a743ba7,𑑉𑐣𑐩𑑅𑐱𑑂𑐬𑐷𑐩𑐡𑑂𑐬𑐵𑐬𑑂𑐫𑑂𑐫𑐵𑐰𑐮𑑁𑐎𑐶𑐟𑐾
ba8zb78c,𑑊𑐳𑑂𑐰𑐳𑑂𑐟𑐶𑐱𑑂𑐬𑐷𑑓𑐔𑐞𑑂𑐜𑐾𑐱𑑂𑐰𑐬𑐷𑐨𑐰𑐵𑐣𑑂𑐫𑐣𑐩𑑅𑑋𑑋𑐐𑐞𑐾𑐱𑐵𑐫𑐩𑐴𑐾𑐱𑐵𑐫𑐣𑐵𑐛𑐾
d1z69774,𑐣𑑂𑐟𑐵𑑍𑐬𑐵𑐩𑐨𑐡𑑂𑐬𑐨𑐵𑐬𑑀𑐳𑐡𑐵𑐡𑐾𑐰𑐨𑐵𑐬𑑀𑐮
b08a635z,𑐮𑐶𑐟𑐥𑑂𑐬𑑀𑐡𑑂𑐫𑐣𑑂𑐩𑑀𑐴𑐢𑐣𑐵𑐣𑑂𑐢𑐎𑐵𑐬𑐥𑐚𑐮𑐥𑑂𑐬𑐰𑑂𑐫𑐎𑑂𑐟𑐧𑑀𑐢𑑀𑐡𑐫𑑅𑑋𑐱𑐵𑐣𑑂𑐟𑐎𑑂𑐮𑐵𑐣𑑂𑐟𑐥𑐬𑐵𑐨𑐰𑐵𑐫𑐟𑐢𑐬𑐵
8cad268c,𑐬𑐎𑐸𑐣𑑂𑐴𑐸𑐡𑐸𑐣𑑂𑐟𑐵𑐖𑐸𑐬𑑀𑐱𑐸𑐨𑑌
2c5cafbz,𑐒𑐣𑐟𑐫𑐵𑐳𑑍𑐳𑐸𑐣𑐵𑐣𑑄𑑍𑐔𑐵𑐳𑐣𑐫𑐵𑐫𑐩𑐡𑐸𑑍𑐡𑐾𑐰𑐫𑐵𑐨𑐸𑐖𑐸𑐬𑑀𑑋𑑋𑑐𑑋𑑋
7z390681,𑑋𑑋𑐡𑑂𑐰𑐶𑐟𑐶𑐫𑐵𑐣𑑂𑐟𑐶𑐠𑑁𑐱𑐸𑐨𑐱𑑂𑐬𑐷𑑓𑐖𑐰𑐫𑐡𑐾𑐰𑐫𑐵𑐟𑑍𑐱𑐶𑐖
z7969d7b,𑐀𑐩𑐱𑑁𑑌𑐀𑐡𑑂𑐫𑐦𑐵𑐮𑑂𑐐𑐸𑐞𑐩𑐵𑐳𑐾𑐱𑐸𑐎𑑂𑐮𑐥𑐎𑑂𑐲𑐾𑐀𑐲𑑂𑐚𑐩𑑂𑐫𑐵𑐣𑑂𑐟𑐶𑐠𑑁𑐩𑐺
c8czdc14,𑐥𑐟𑐵𑑍𑐎𑐸𑑑𑐩𑐟𑐵𑐎𑐶𑐖𑐵𑐎𑐶𑑍𑐖𑐸𑑑𑐣𑐶𑐱𑐮𑐵𑐮𑑍𑐩𑑂𑐴𑑄𑑑𑐴𑐵𑐳𑐧𑐵𑐴𑐵𑑄𑐡𑐫𑐎𑐾𑐩𑐵𑐮
a4599218,𑐣𑐾𑐴𑑂𑐩𑐵𑐳𑑂𑐟𑐵𑐥𑐵𑐔𑐵𑐫𑐵𑐟𑐔𑐾𑐎𑐣𑐀𑐳𑑂𑐟𑐵𑑒𑐩𑐟𑐵𑐰𑑂𑐰𑐵𑐟𑑕𑑋𑑋𑐱𑑂𑐬𑐷𑐥𑐘𑑂𑐔𑐩𑐶
8c02599f,𑑊𑐱𑑂𑐬𑐷𑑓𑐮𑐎𑑂𑐲𑑂𑐩𑐷𑐣𑐵𑐬𑐵𑐫𑐞𑐵𑐫𑐣𑐩𑑅𑑌𑐱𑑂𑐬𑐷𑑓𑐄𑐩𑐵𑐩𑐴𑐾𑐱𑑂𑐰𑐬𑐵𑐫𑐣𑐩𑑅𑑌𑑌𑐮𑐎𑑂𑐲𑑂𑐩𑐷𑐣𑐵𑐬𑐵𑐫𑐞𑐵𑑄𑐢𑑂𑐫𑐵𑐫𑐾
433cz39a,𑐖𑐊𑐣𑐶𑐖𑐊𑐬𑐵𑐖𑐎𑐳𑑂𑐫𑐡𑐵𑐬𑐵𑐖𑐊𑐩𑐐𑐬𑐵𑐩𑑄𑐖𑐸𑐬𑐵𑐖𑐎𑐳𑑂𑐫𑐡𑐵𑐬𑐵𑐳𑐸𑐩𑐢𑑄𑐬𑐶𑑍𑐠𑐸𑐟𑐶𑐳𑑂𑐫𑐣
a0897f7f,𑐮𑐎𑑂𑐲𑑂𑐩𑐷𑐮𑐎𑑂𑐲𑐶𑐟𑐨𑐹𑐩𑐶𑐩𑑄𑐜𑐮𑐢𑐬𑑅𑐎𑐵𑐣𑑂𑐟𑑂𑐫𑐵𑐖𑐐𑐟𑑂𑐎𑐵𑐣𑑂𑐟𑐫𑐣𑑂𑑋𑐰𑐬𑐶𑐎𑑂𑐲𑑂𑐩𑐵𑐥𑐟𑐶𑐮𑑀𑐎𑐎𑑀𑐎𑐴𑐺𑐡𑐫𑐾𑐱𑑀𑐎𑑄𑐣𑐶𑐟𑐵𑐣𑑂𑐟𑑄𑐡𑐶𑐱𑐣𑑂
ac4fd7f6,𑐧𑐨𑐹𑐟𑐳𑑂𑐰𑐖𑐣𑐳𑐴𑐶𑐟𑐵𑐣𑑂𑐳𑐬𑑂𑐰𑐳𑐟𑑂𑐰𑐵
z2658ab7,𑐰𑐵𑐫𑐵𑐎𑑌𑐠𑑀𑐐𑐸𑐬𑐳𑐾𑐰𑐵𑐣𑑍𑐩𑐴𑐵𑐬𑐵𑐖𑐵𑐥𑑂𑐬𑐳𑐣𑑂𑐣𑐖𑐸𑐫𑐵𑐰𑐠𑑀𑐩𑐞𑐶𑐩𑐞𑑂𑐜𑐥𑐳𑐧𑐶𑐖𑑂𑐫𑐵𑐒𑐵𑐰𑐣𑐬
68098ab4,𑐳𑑂𑐩𑐩𑐡𑐵𑐳𑐷𑐚𑐫𑐵𑐡𑐾𑐣𑐬𑐩𑑂𑐫𑐵𑑄𑑋𑐣𑐐𑐾𑐣𑑂𑐡𑑂𑐬𑐵𑐟𑑂𑐩𑐖𑐵𑑄𑐣𑐵𑐐𑐨𑐸𑐲𑑀𑐖𑑂𑐰𑐮𑐵𑐨𑑂𑐐𑐷𑑄𑑍𑐎𑐸𑐬𑐨𑑂𑐐𑐷𑐡𑐺𑐱𑑄𑐟𑐵𑐨𑐹𑐱𑑄𑐨𑐵𑐰𑐫𑐵𑐩𑑅𑑌𑑔
8bc6c56a,𑐰𑐳𑑂𑐎𑐾𑐳𑐶𑐟𑑀𑐮𑐣𑐡𑐸𑐟𑐵𑐊𑐎𑐩𑐹𑐎𑐐𑑂𑐫𑐵𑐮𑐡𑑀𑐴𑑀𑐬𑐫𑐵
0643b904,𑐱𑑂𑐰𑐬𑑍𑐖𑐐𑐟𑑂𑐩𑑀𑐴𑑀𑐣𑑍𑐱𑑂𑐰𑐩𑑂𑐴𑑄𑐳𑐵
cb2d797f,𑐳𑐸𑐧𑐬𑑂𑐞𑑂𑐞𑐳𑑂𑐩𑐾𑐟𑐫𑐵𑐱𑑂𑐬𑐷
a8cf9b7a,𑐐𑐸𑐞𑐏𑐐𑐱𑐶𑐎𑐵𑐬𑑂𑐟𑐶𑐎𑐾𑐱𑐸𑐎𑑂𑐮𑐥𑐎𑑂𑐲𑐾
39148707,𑐠𑑂𑐰𑐟𑐾𑐔𑐿𑐟𑑂𑐫𑐫𑐵𑐨𑐐𑐰𑐵𑐣𑐫𑐵𑑍𑐰𑐬𑑂𑐲𑐧𑐣𑑂𑐢𑐣𑐫𑐵𑐫𑐟𑐐𑑂𑐮𑐵𑐳𑐳𑐮𑐐𑐵𑐧𑐸𑐬𑑀𑑒𑐮𑑂𑐴𑐸𑐟𑐶𑐎𑑂𑐰𑐧𑐸
a1b5f0b1,𑐰𑐷𑐥𑐡𑐥𑑂𑐬𑐷𑐟𑐫𑐾𑐟𑐾𑐣𑐳𑑂𑐰𑐬𑑂𑐞𑑂𑐞𑐰𑐶𑐨𑐹𑐲𑐶𑐟𑑄𑐐𑐺𑐴𑐩𑐶𑐡𑑄𑐨𑐰𑑂𑐫𑐵𑐳𑑂𑐥𑐡𑑄𑐎𑐵𑐬𑐶𑐟𑑄𑑌𑐳𑐩𑑂𑐰𑐟𑑂𑑗𑑖𑑑𑐦𑐵
37403387,𑐧𑐨𑐹𑐟𑐳𑑂𑐰𑐖𑐣𑐳𑐴𑐶𑐟𑐵𑐣𑑂𑐳𑐬𑑂𑐰𑐳𑐟𑑂𑐰𑐵
59462d4a,𑐢𑐣𑐫𑐵𑐫𑐩𑐵𑐮𑐩𑐴𑐵𑐡𑐾𑐰𑐫𑐵𑐟𑐥𑐵𑐔𑐩𑐵𑐟𑐖𑐸𑐕𑐣𑐵𑐬𑐵𑐫𑐞𑐫𑐵𑐟𑐥𑐵
af54f8za,𑐠𑐸𑐥𑐸𑐲𑐸𑐬𑐦𑐬𑐾𑐩𑑄𑐡𑐥𑐡𑐫𑐎𑐵𑐰𑐥𑐟𑐶𑐳𑑂𑐠𑐵𑐫𑐵𑐒𑐵𑐡𑐶𑐣𑐳𑐩𑑂𑐰
a42d1z2f,𑐢𑐣𑐫𑐵𑐫𑐩𑐵𑐮𑐩𑐴𑐵𑐡𑐾𑐰𑐫𑐵𑐟𑐥𑐵𑐔𑐩𑐵𑐟𑐖𑐸𑐕𑐣𑐵𑐬𑐵𑐫𑐞𑐫𑐵𑐟𑐥𑐵
1z374c81,𑐔𑐵𑐩𑐵𑐟𑐖𑐸𑐕𑐶𑐳𑐮𑐱𑑂𑐰𑐟𑐶𑐫𑐵𑐟𑐥𑐵𑐔𑐵𑐩𑐵𑐟𑐖𑐸𑐕𑐶𑐥𑐘𑑂𑐔𑐥𑐔𑐵𑐬𑐥𑐸𑐖𑐵
dzc141z7,𑐳𑑄𑐣𑑂𑐟𑐵𑐣𑐣𑐰𑐬𑐟𑑂𑐣𑑋𑑋𑐔𑐟𑐸𑐲𑐲𑑂𑐛𑐶𑐰𑐶𑐴𑐶𑐥𑑂𑐬𑐵𑐥𑑂𑐟𑐫𑐳𑑂𑐟𑐸𑑍𑐥𑐾𑐊
6183cf76,𑐧𑐖𑑂𑐬𑐵𑐔𑐵𑐬𑑂𑐫𑐱𑑂𑐬𑐷𑐱𑑂𑐬𑐷𑐢𑐬𑐟𑐰𑐥𑐸𑐲𑐸𑐬𑐶𑐫𑑁𑐟𑐵𑐕𑐾𑑄𑐧𑐖𑐵𑐔𑐵𑐬𑑂𑐫𑐱𑑂𑐬𑐷𑐖𑐶𑐟𑐳𑐶𑑄𑐴
dcf3cb81,𑐣𑐵𑐣𑐟𑐳𑑂𑐫𑐨𑐵𑐬𑑂𑐖𑑂𑐫𑐵𑐩𑑀𑐟𑐶𑐩𑐵𑐫𑐵
66z41f4z,𑐮𑐵𑐳𑐶𑐢𑐎𑑄𑐣𑐶𑐧𑐾𑐡𑐣𑐫
cd2340ab,𑐬𑐎𑐵𑐩𑐔𑐵𑐔𑐵𑐟𑑂𑐣𑐩𑑀𑐎𑑂𑐲𑐐𑐟𑐶𑐥𑑂𑐬𑐵𑐦𑐖𑐸
8d1z3daz,𑐖𑐫𑐬𑐞𑐩𑐮𑑂𑐮𑐡𑐾𑐰𑐥𑑂𑐬𑐨𑐸𑐛𑐵𑐎𑐸𑐬𑐳𑑂𑐫𑑍𑐰𑐶𑐖𑐫𑐬𑐵𑐖𑑂𑐫𑐾𑑋𑑋𑐟𑐳𑑂𑐫𑐩𑐵𑐑𑐰𑑂𑐬𑐟
dbf458f7,𑐒𑐵𑐖𑐸𑐮𑑀𑑍𑐊𑐟𑐾𑐲𑐵𑐖𑐖𑐩𑐵𑐣𑐳𑑂𑐫𑑋𑑋𑐁𑐫𑐸𑐬𑐵𑐮𑑀𑐐𑑂𑐫𑐖𑐣𑐢𑐣
15b4411c,𑐣𑐾𑐲𑑂𑐛𑑍𑐨𑐵𑐳𑑂𑐫𑐮𑐳𑐶𑑍𑐟𑐳𑑂𑐫𑐳𑑂𑐟𑑂𑐬𑐷𑐐𑑂𑐫𑐵𑐣𑐖𑑀𑐟𑐶𑑌𑐥𑐸𑐟𑑂𑐬𑐠𑐵𑐎𑐸𑐳𑐶𑑄𑐥𑑂𑐟
0238a079,𑐥𑐸𑐟𑑂𑐬𑐳𑑂𑐫𑐨𑐵𑐬𑑂𑐫𑑂𑐫𑐵𑐡𑐡𑐸𑐩𑐞𑐷𑑍𑐡𑐸𑐴𑐶𑐟𑐐𑑂𑐜𑐞𑐵𑐡𑑂𑐢𑐶𑐣𑐷𑐫𑐥𑐸𑐟𑑂𑐬𑐷𑐀𑐣𑑂𑐣𑐧𑐸𑐥𑑁
b18z064d,𑐰𑐱𑐵𑐱𑐸𑐡𑐶𑑓𑐥𑑂𑐬𑐟𑐶𑐲𑑂𑐛𑐵𑐫𑐵𑐒𑐵𑐡𑐶𑐣
80f0a5a0,𑐦𑐮𑐡𑐵𑐱𑑂𑐬𑐷𑐰𑐵𑐐𑑂𑐩𑐟𑐷𑐟𑑂𑐫𑐡𑑂𑐨𑐸𑐟𑐵𑑍𑐳𑑂𑐣𑐵𑐣𑐵𑐡𑑂𑐡𑐵𑐣𑐎𑐺𑐟𑐵𑐟𑑂𑐳𑐡𑐵𑐩𑐟𑐶𑐩𑐟𑐵𑑄𑐥𑐵𑐥𑐵𑐣𑑂𑐢𑐰𑐶𑐢𑑂𑐰𑑄𑐱𑐶𑐣𑐷𑑋𑐳𑐬𑑂𑐰𑐖𑑂𑐘𑐳𑑂𑐫𑐩𑐸𑐏𑑀𑐨𑑂𑐡𑐰𑐵𑐥𑐱𑐸𑐥𑐟𑐾𑑅𑐳𑑂𑐠𑐵𑐣𑐾𑐳𑑂𑐟𑑂𑐬𑐰𑐣𑑂𑐟𑐷
172aaf74,𑑘𑑓𑑐𑐔𑐟𑑂𑐬𑐎𑐺𑐲𑑂𑐞𑑍𑐀𑐩𑐵𑐰𑐵𑐱𑑂𑐫𑐵𑑍𑐳𑑀𑐩𑐧𑐵
0ffc6b02,𑐠𑐳𑑂𑐫𑑄𑐮𑑀𑐨𑐩𑐫𑐵𑐎𑐵𑐮𑐾𑐄𑐟𑑂𑐟𑑀𑐟𑑂𑐟𑐬𑐖𑐸𑐬𑑀𑑌
d624338b,𑐳𑐵𑐐𑐬𑑄𑑋𑐀𑐩𑐺𑐟𑐵𑐨𑐵𑐨𑐶𑐟𑐩𑑁𑐮𑐶𑑍𑐴𑐬𑐵𑐴𑐬𑑄𑐣𑐬𑐵𑐩𑑂𑐫𑐴𑑄𑑋𑑋𑐧𑐸𑐡𑑂𑐰𑑄𑐢𑐬𑑂𑐩𑑂𑐩𑐣𑑂𑐟𑐠𑐵𑐳𑑄𑐑𑑍𑐊𑐎𑑀
940z84fd,𑐱𑑂𑐬𑐷𑑓
218c2db1,𑐴𑐵𑐬𑐫𑐵𑑅𑐢𑑂𑐰𑐵𑐎𑐵𑐳𑑅𑐢𑐵𑐟𑐸𑐫𑐵𑐳𑐶𑑄𑐑𑐳𑑂𑐠𑐵𑐥𑐣𑐵𑐫𑐵𑐣𑐵𑑅𑐡𑐵𑐣𑐥𑐟𑐶
fd83z792,𑐩𑐵𑐮𑑌𑑌𑐨𑐹𑐫𑑀𑐳𑐾𑐮𑑂𑐴𑑀𑐫𑐵𑐟𑐡𑐸𑐣𑑂𑐟𑐵𑐠𑑂𑐰𑐟𑐾𑑍𑐬𑑀𑐰𑑕𑐟𑐩𑐵𑐬𑐵𑐖𑐵𑐰𑐸𑐬𑑀𑐰𑐳𑑂𑐰𑑓𑐧𑐾𑐲𑐵𑐴𑐶𑐟𑐶𑐰𑐸𑑍𑐬𑑀𑐰𑑕𑐳𑐬𑐵𑐰𑐎𑑂𑐲𑐾𑐮𑐰𑐸𑐣𑐾𑐔𑐵𑐟𑐬𑐞𑐠𑑂𑐰
2f6c7d87,𑐥𑐶𑐞𑑄𑑋𑐥𑑄𑐔𑐟𑐟𑑂𑐟𑑂𑐰𑐵𑐟𑑂𑐩𑐎𑑄𑐡𑐾𑐰𑑄𑐥𑑂𑐬𑐵𑐳𑐵𑐡𑐾𑐳𑑂𑐠𑐵𑐥𑐶𑐟𑑀𑐣𑐺𑐥𑑌𑑋𑐥𑑂𑐬𑐵𑐳𑐵𑐡𑐩𑐾𑐣𑐩𑐟𑐶𑐨𑐎𑑂𑐟𑐶𑐩𑐟𑐵𑐰𑐶𑐟𑐷𑐫𑑂‌𑐬𑑂𑐫𑑍𑐣𑐵𑐬𑐵𑐫𑐞𑐵𑐫
2fzd121b,𑐡𑐡𑐶𑐧𑐾𑐩𑐵𑐣𑑀𑐬𑐰𑐷𑐎𑐸𑐬𑐟𑐶𑐮𑐎𑐴𑐣𑐸𑐩𑐢𑑂𑐰𑐖𑐣𑐾𑐥𑐵𑐬𑐱𑑂𑐰𑐬𑐩𑐴𑐵𑐬𑐵𑐖𑐵
34a31c72,𑐳𑐶𑑄𑐴𑑍𑐱𑐵𑐎𑑂𑐫𑐨𑐶𑐎𑑂𑐲𑐸𑐱𑑂𑐬𑐷𑐥𑐩𑑍𑐳𑐶𑐎𑑂𑐰𑐩𑐐𑐸𑐜𑐶𑐰𑐶𑐴𑐵𑐬𑑍𑐧𑐖𑐵𑐔𑐵𑐬𑑂𑐫𑐱𑑂𑐬𑐷𑐬𑐣𑑂𑐴𑐡𑐾
z22ba747,𑐞𑑂𑐜𑐮𑐬𑐶𑐬𑐸𑐥𑐩𑐡𑐵𑐣𑐢𑐵𑐬𑑀𑐥𑐵𑐬𑑂𑐖𑑂𑐖𑐶𑐟𑐫𑐱𑑂𑐬𑑅𑐥𑐹𑐬𑐎𑐫𑐸𑐬𑐰𑐶𑐦𑐮𑐷𑐎𑐺𑐟𑐱𑑂𑐬𑐷𑐏𑐞𑑂𑐜𑐏𑐞𑑂𑐜𑐬𑐸𑐞𑑂𑐜𑐬𑐷𑐎
21dc1b09,𑐊𑐰𑑄𑐧𑐶𑐱𑐾𑐧𑐶𑐳𑐶𑐳𑑂𑐟𑐬𑐵𑐫𑐵𑑄𑐩𑐵𑐴𑐵𑐥𑐸𑐞𑑂𑐫𑑍𑐐𑐵𑐩𑐔𑐵𑐣𑐣𑐶𑐫𑐵𑑍𑐮𑐴𑑂𑐣𑐩𑐵𑐣𑐳𑐶𑑄𑐡𑐵𑐣𑐵𑐫
zdfc6z44,𑐬𑐶𑐏𑐡𑐾𑐰𑑍𑐟𑐳𑑂𑐫𑐣𑐵𑐬𑐷𑐢𑐣𑐰𑐟𑐷𑑍𑐀𑐳𑑂𑐫𑐥𑐸𑐟𑑂𑐬𑐷𑐬𑐟𑑂𑐣𑐡𑐾𑐰𑐷𑑍𑐢𑐣𑐳𑐶𑑄𑐴𑐳𑑂𑐫𑐡𑑂𑐰𑐴𑐶𑐟𑑂𑐫𑐢𑐰𑐟𑐷𑑍
ff97d2bf,𑐣𑑄𑐱𑑂𑐬𑐷𑐧𑐖𑑂𑐬𑐳𑐟𑑂‍𑐧𑐫𑐱𑐩𑑄𑐱𑐶𑐬𑐳𑐵𑑄𑐣𑐩𑐵𑐩𑐷𑑌𑑒𑑌𑐱𑐹𑐢𑑂𑐫𑐱𑑂𑐬𑐷
5758dc13,𑐛𑐣𑑂𑐟𑐷𑐴𑐶𑐟𑑄𑐳𑐾𑐫𑐎𑐵𑐣𑐵𑑄𑐳𑑂𑐩𑐬𑐣𑑂𑐟𑐷𑑋𑐖𑐐𑐖𑑂𑐖𑐵𑐜𑑂𑐫𑐩𑐵𑐣𑐷𑐫𑐢𑐺𑐟𑑂𑐰𑐵𑐎𑐥𑐵𑐮𑐾𑑍𑐩𑐸𑐡𑐟𑑂𑐫𑐸𑐐𑑂𑐬𑐟𑐵𑐬𑐵𑐨𑐸𑐖𑐳𑑂𑐟𑐟𑑂𑐫𑐳𑑄𑐏𑑂𑐫
73f6b2zf,𑐣𑑀𑐳𑑀𑐢𑐣𑐫𑐵𑐫𑐩𑐵𑐬𑑋𑑋𑐱𑑂𑐬𑐷𑐐𑑀𑐬𑑀𑐎𑐣𑐵𑐠
dbdc3fz1,𑐬𑐩𑑂𑐴𑑄𑑌𑑖𑑌𑐳𑐩𑐸𑐴𑐖𑐸𑐫𑐵𑐌𑐔𑑀𑐣𑐵𑐧𑐾𑐮𑐳𑐢𑐬𑑂𑐩𑑂𑐩
727bd9z4,𑐬𑑂𑐖𑑂𑐫𑐵𑐬𑐵𑐩𑐵𑐫𑐵𑑅𑐎𑐣𑑂𑐫𑐳𑑂𑐟𑐨𑐵𑐬𑑂𑐖𑑂𑐫𑐵𑐬𑐟𑑂𑐣𑐡𑐾𑐰𑐶𑑅𑐩𑑀𑐟𑐶
8160zf34,𑐬𑐶𑐟𑑍𑐱𑐟𑐱𑑂𑐬𑐷𑐎𑐾𑐱𑐔𑐣𑑂𑐡𑑂𑐬𑐎𑐺𑐟𑐥𑐵𑐬𑐵𑐰𑐬𑑂𑐟𑐩𑐴𑐵𑐰𑐶𑐴𑐵𑐬𑐢𑐶𑐲𑑂𑐛𑐶𑐟𑑍𑐧𑐖𑑂𑐬𑐵𑐔𑐵𑐬𑑂𑐫𑐱𑑂𑐬𑐷
1d967724,𑐟𑑂𑐬𑐵𑐬𑑀𑐴𑐣𑐫𑐵𑐫𑑌𑑌𑐠𑑂𑐰𑐟𑐾𑐄𑐥𑐔𑐵𑐬𑐡𑐫𑐎𑑄𑐔𑐟𑑂𑐬𑐱𑐸𑐎𑑂𑐮𑐟𑑂𑐬𑐫𑑀𑐡𑐱𑐷𑐡𑐩𑐣𑐵𑐬𑑀𑐴𑐣𑐫𑐵𑐫𑑌𑑌𑐖𑑂𑐫𑐾𑐲𑑂𑐛𑐱𑐸𑐎𑑂𑐮
6b6c4604,𑐀𑐱𑑂𑐮𑐥𑐵𑐣𑐎𑑂𑐲𑐟𑑂𑐟𑑅𑐱𑐸𑐨𑐫𑑀𑐐𑐾𑑅𑐧𑐾𑐳𑐥𑐟𑐶𑐧𑐵𑐳𑐬𑐾𑑅
00d46601,𑐩𑐮𑑂𑐮𑐳𑑂𑐫𑑍𑐖𑑂𑐫𑐾𑐲𑑂𑐛𑐵𑐳𑐬𑑂𑐰𑐐𑐸𑐞𑐵𑐣𑑂𑐰𑐶𑐟𑐵𑑋𑐰𑐶𑐲𑑂𑐞𑐸𑐩𑐟𑐷𑐟𑐶𑐣𑐵𑐩𑑂𑐣𑐵𑐳𑑁𑐰𑐶𑐲𑑂𑐞𑑀𑐬𑑂𑐮𑐎𑑂𑐲𑑂𑐩𑐷𑐬𑐶𑐰𑐵𑐥𑐬𑐵𑑌𑐎𑐣𑐶𑐲𑑂𑐛𑐵𑐖𑐫𑐮𑐎𑑂𑐲𑑂𑐩𑐷𑐳𑐵𑑍𑐱𑑄𑐎𑐬𑐳𑑂𑐫𑐾𑐰𑐥𑐵𑐬𑑂𑐰𑑂𑐰𑐟𑐷
69a2z2a0,𑐖𑐔𑐎𑑂𑐬𑐵𑐢𑐶𑐱𑑂𑐰𑐬𑐳𑑂𑐰𑐰𑐶𑐎𑑂𑐬𑐩𑑀𑐥𑐵𑐬𑑂𑐖𑑂𑐖𑐶𑐟𑐐𑐖𑐥𑐟𑐶𑐥𑐡𑐾𑐧𑐶𑐬𑐵𑐖𑐩𑐵𑐣𑐱𑑂𑐬𑐷𑐱𑑂𑐬𑐷𑐖𑐫𑐩𑐴𑐶𑑄𑐡𑑂𑐬𑐳𑐶𑑄𑐴𑐡𑐾𑐰𑐥𑐮𑐩𑐨𑐚𑑂𑐚𑐵𑐬𑐎𑐡𑐾𑐰𑐵𑐣𑐵𑑄𑐳𑐡𑐵𑐳𑐩𑐬
16691a63,𑐬𑐎𑐸𑐣𑑂𑐴𑐸𑐡𑐸𑐣𑑂𑐟𑐵𑐖𑐸𑐬𑑀𑐱𑐸𑐨𑑌
zdf05857,𑐥𑐸𑐬𑑂𑐞𑑂𑐞𑐩𑐵𑐳𑐷𑐱𑑂𑐬𑐷𑐔𑐣𑑂𑐡𑑂𑐬𑐳𑐾𑐏𑐬𑐡𑐾𑐰
fb149044,𑐰𑐟𑑂𑐳𑐬𑐾𑑋𑐔𑐟𑑂𑐬𑐾𑐩𑐵𑐳𑐶𑐳𑐶𑐟𑐾𑐡𑐶𑐣𑐾𑐬𑐸𑐐𑐸𑐬𑑀𑑅𑐲𑐲𑑂𑐛𑑂𑐫𑐵𑑄𑐟𑐶𑐠𑑁𑐳𑑄𑐫𑐟𑐾𑑋𑐱𑑂𑐬𑐷𑐩𑐡𑑂𑐨𑐬𑐰𑐩𑐹𑐬𑑂𑐟𑑂𑐟𑐶𑐱𑐎𑑂𑐟𑐶
7097163f,𑐨𑑀𑐖𑐣𑐫𑐵𑐔𑐎𑐾𑐩𑐵𑐮𑑌𑐱𑑂𑐬𑐷𑐰𑐵𑐐𑑂𑐩𑐟𑐷𑐩𑐹𑐬𑑂𑐟𑐶𑐳𑐥𑐹𑐖𑐵𑑍𑐩𑐟𑐧𑐶𑐫𑑍𑐣𑐶𑐟𑑂𑐫𑐩𑐵𑐮𑑌𑑌𑐰𑐔𑐶𑐣𑑂𑐟𑐵𑐫𑐵𑐎𑑍𑐐𑑀𑐲𑑂𑐛𑐷𑐀𑐩𑐵𑐟𑑂𑐫𑑍𑐢𑑂𑐰𑐎𑑍
d9547d08,𑐮𑐕𑐶𑐩𑐶𑐨𑑂𑐬𑐵𑐟𑐵𑐥𑐸𑐟𑑂𑐬𑐨𑐵𑐖𑐸𑐡𑐾𑐌𑐎𑐳𑑂𑐫𑐨𑐵𑐬𑑂𑐫𑑂𑐫𑐵𑐐𑐸𑐣𑐮𑐕𑐶𑐩𑐷𑑌𑐎
da4b3813,𑐰𑐳𑐟𑐶𑑄𑐎𑐸𑐬𑑂𑐰𑐣𑑂𑐴𑐶𑐎𑑀𑐚𑑂𑐫𑐵𑐴𑐸𑐟𑐶𑐔𑐎𑑂𑐬𑐾𑐎𑐮𑑂𑐥𑐟𑐬𑐸𑑄𑐢𑐬𑐵𑐡𑐶𑐰𑐶𑐲𑐡𑐾𑐡𑐟𑑂𑐰𑐵𑐔𑐟𑐥𑑂𑐟𑐸𑑄𑐐𑐟𑐁𑐳𑐷𑐟𑑂𑐳𑐶𑐡𑑂𑐢𑐶𑐟𑐺𑐳𑐶𑑄𑐴𑐩𑐮𑑂𑐮𑐣𑐺𑐥𑐟𑐶𑑅𑐥𑐸𑐟𑑂𑐬𑐵𑐫𑐬𑐵𑐖𑑂𑐫𑑄𑐡𑐡𑐣𑑂𑑋𑐟𑐳𑑂𑐫
db993bba,𑑑𑑑𑐧𑐸𑐢𑐧𑐵𑐬𑐎𑐹𑐣𑑂𑐴𑐹𑑍𑐱𑑂𑐬𑐷𑑒𑐐𑐬𑐹𑐜
71a7d142,𑐡𑐸𑐠𑑂𑐰𑑍𑐦𑑄𑑑𑐎𑐐𑐸𑐦𑑀𑐫𑐵𑑋𑑋𑐄𑐥𑐬𑐵𑑄𑐣𑑂𑐟𑐬𑐣𑑄𑐴𑐵𑐣𑐾𑑍𑐐𑐸𑐣𑐶𑐮𑐵𑐫𑐵𑑍𑐳𑐵𑐥𑐵𑐡𑐸𑐎𑑀𑐣𑑂𑐴𑐸𑐱𑑂𑐬𑐷
48ff8a77,𑐱𑑂𑐬𑐷𑐱𑑂𑐬𑐷𑐖𑐫𑐥𑑂𑐬𑐟𑐵𑐥𑐩𑐮𑑂𑐮𑐡𑐾𑐰𑐥𑑂𑐬𑐨𑐸𑐠𑐵𑐎𑐸𑐬𑐳𑑂𑐫𑐰𑐶𑐖𑐫𑐬𑐵𑐖𑑂𑐫𑑅𑑋𑑋𑐱𑑂𑐬𑐷𑐳𑐸𑐰𑐬𑑂𑐞𑑂𑐞𑐥𑐞𑐵𑐮𑐶𑐩𑐴𑐵
00bz04z9,𑐎𑑂𑐲𑑂𑐩𑐷𑐔𑑌𑐟𑐡𑐣𑐸𑐖𑐱𑑂𑐬𑐷𑐖𑐷𑐟𑐱𑑂𑐬𑐩𑐳𑑂𑐫𑐨𑐵𑐬𑑂‍𑐫𑐵𑐱𑑂𑐬𑐷𑐰𑐶𑐖𑐣𑐮𑐎𑑂𑐲𑑂𑐩𑐷𑐳𑐵𑑌𑐎
z22zb3ba,𑐧𑐖𑑂𑐬𑐵𑐬𑑂𑐫𑐵𑐥𑑂𑐥𑐴𑐰𑐿𑑌𑑑𑑌𑐢𑐬𑑂𑐩𑐔𑐶𑐟𑑂𑐟𑐿
f93f0352,𑐟𑐥𑐟𑑂𑐬𑐵𑐠𑐿𑐚𑑂𑐚𑐲𑑂𑐚𑐳𑐵𑐎𑑂𑐲𑐶𑐱𑑂𑐬𑐷𑑓𑐔𑑄𑐡𑑂𑐬𑐳𑑂𑐛𑐫𑐩𑐡𑐣𑐶𑐟𑑂𑐰𑑄𑑋𑑋
b71cb6df,𑐖𑑀𑐟𑐶𑐟𑐳𑑂𑐫𑐨𑐵𑐬𑑂𑐫𑑂𑐫𑐵𑑍𑐥𑐡𑐸𑐩𑐣𑐷𑐮𑐎𑑂𑐲𑑂𑐩𑐷𑐟𑐡𑐣𑐸𑐨𑐵𑐬𑑂𑐫𑑂𑐫𑐵𑐴𑐾𑐬𑐩𑐣𑐷𑑍𑐥𑐸𑐣𑐱𑑂𑐔𑐨𑐵𑐬𑑂𑐫𑑂𑐫𑐵𑑍𑐥𑐡𑐸𑐩𑐣𑐷𑐥𑑂𑐬𑐠
84890522,𑐟𑐬𑐵𑐳𑐶𑐐𑐟𑐾𑐳𑐰𑐶𑐟𑐬𑐾𑐳𑐶𑑄𑐴𑐬𑐵𑐳𑐶𑐐𑐟𑐾𑐔𑑄𑐡𑑂𑐬𑐩𑐳𑐶𑑌𑐟𑐳𑑂𑐩𑐶𑐡𑐶𑐣𑐾𑑌𑐂𑐟𑐸𑑄𑐧𑐵𑐴𑐵𑐬𑐁
c6ca1c28,𑐟𑑂𑐬𑐶𑐨𑐸𑐰𑐣𑐳𑐰𑐵𑐳𑐮𑐫𑐸𑐖𑐸𑐮𑐱𑐸𑐨𑑌
fd26d6dd,𑐧𑐨𑐹𑐟𑐳𑑂𑐰𑐖𑐣𑐳𑐴𑐶𑐟𑐵𑐣𑑂𑐳𑐬𑑂𑐰𑐳𑐟𑑂𑐰𑐵
c7200740,𑐴𑐾𑐩𑐵𑐬𑑂𑐫𑐟𑐵𑐬𑐵𑐳𑐴𑐶𑐟𑐡𑑂𑐰𑐫𑐱𑐶𑐮𑐵𑐳𑑂𑐟𑑄
dc6z811c,𑐩𑐴𑐵𑐬𑐵𑐖𑐵𑐢𑐶𑐬𑐵𑐖𑐱𑑂𑐬𑐷𑐱𑑂𑐬𑐷𑐖𑐫𑐥𑑂𑐬𑐟𑐵𑐥𑐩𑐮𑑂𑐮𑐡𑐾𑐰𑐥𑑂𑐬𑐨𑐸𑐠𑐵𑐎𑐸𑐬𑐳𑑂𑐫𑐰𑐶𑐖𑐫𑐬𑐵𑐖𑑂𑐫𑑅
ac9294dc,𑐩𑐵𑐫𑑀𑐴𑐣𑑂𑐟𑐶𑐳𑑂𑐩𑐣𑐶𑐱𑐶𑐥𑑂𑐬𑐔𑐞𑑂𑐜𑐰𑐮𑐶𑐣𑑄𑐎𑐵𑐩𑐵𑐟𑐸𑐬𑑄𑐎𑐷𑐔𑐎𑑄𑑍𑐱𑐟𑑂𑐬𑐹𑐞𑐵𑑄𑐩𑐰𑐡𑑄𑐨𑐫𑐒𑐎𑐬𑐣𑐶𑐩𑑄𑐟𑑄𑐨𑐷𑐩𑐳𑐾𑐣𑑄𑐨𑐖𑐾𑑋𑐣𑐵𑐣𑐵𑐣𑐺𑐟𑑂𑐫𑐎𑐮𑐵𑐰𑐶𑐮𑐵𑐳𑐬
5f722090,𑐣𑐫𑐵𑐫𑐩𑐵𑐮𑐖𑐸𑐮𑐱𑐸𑐨𑑌𑐳𑑄𑐧𑐟𑑙𑑔𑑕𑐩𑐵𑐑𑐧𑐡𑐶𑑕𑐳𑐥𑑂𑐬𑐟𑐶𑐲𑑂𑐛𑐵𑐫𑐵𑐒𑐵𑐡𑐶𑐣𑐖𑐸𑐮𑐱𑐸𑐨
z7b1a5d0,𑑊𑑗𑑗𑑐𑐱𑐶𑐰𑑌
1287cf99,𑐞𑑂𑐜𑐬𑐾𑐧𑐵𑐳𑐸𑐎𑐶𑐎𑑂𑐲𑐾𑐟𑑂𑐬𑐾𑐱𑑂𑐬𑐷𑑓𑐥𑐱𑐸𑐥𑐟𑐶𑐳𑐣𑐶𑐢𑐵𑐣𑐾𑐧𑐵𑐐𑑂𑐩𑐟𑑂𑐫𑐵𑑄𑐥𑐱𑑂𑐔𑐶𑐩𑐎𑐸𑐬𑐾𑐧𑐶𑐲𑑂
d35101f7,𑐢𑐵𑐬𑐾𑐳𑐶𑐎𑑀𑐬𑐫𑐣𑑂𑐟𑐵𑐐𑑂𑐬𑐴𑐢𑐣𑐳𑐶𑑄𑐴𑐩𑐸𑐬𑐳𑐶
68516d4f,𑐥𑐵𑐔𑐵𑐩𑐵𑐟𑐔𑐾𑐎𑐣𑐀𑐳𑑂𑐟𑐵𑑒𑐩𑐟𑐵𑐥𑑂𑐰𑐵𑑕𑑋𑑋𑐥𑐸𑐖𑐵𑐰𑐵𑐬𑐶𑐫𑐵𑐟𑐵𑐖𑐵𑐎𑐶
595c448f,𑐨𑑅𑐳𑑄𑐩𑑂𑐰𑐟𑑂𑑘𑑔𑑐𑐔𑐟𑑂𑐫𑐱𑐸𑐮𑑂𑐎𑐔𑐟𑐸𑐠𑐶𑐥𑐥𑐘𑑂𑐔𑐩𑐶𑐎𑐸𑐣𑑂𑐴𑐸𑐥𑐟𑐶𑐳𑑂𑐛𑐵𑐫𑐵𑐒𑐵𑐖𑐸𑐬𑑀𑐠𑑂𑐰𑐧𑐾𑐬𑐳𑑄𑐥𑐬𑑂𑐡𑑂𑐩𑐢𑑂𑐬𑑍𑐢𑐡𑑂𑐩𑐢𑑂𑐬𑐥𑑂𑐬𑐩𑐹𑐏𑐞
f8ac1815,𑐠𑑂𑐰𑐡𑐾𑐰𑐮𑐳𑐮𑑂𑐴𑑀𑐣𑐾𑐩𑐵𑐮𑐎𑐵𑐮𑐾𑐩𑐾𑐰𑐣𑐮𑑂𑐴𑑀𑐒𑐩𑐡𑐟𑐳𑐵𑐰𑑂𑐫𑐳𑐟𑐥𑐣𑐶𑐳𑑂𑐫𑐔𑐶𑐣𑑂𑐟𑐵𑐫𑐵𑐒𑐣𑐡𑐾𑐰𑐫𑐵𑐰𑐳𑑂𑐟𑐸𑐣𑐮𑑂𑐴𑑀𑐣𑐾𑐩𑐵𑐮𑐖𑐸𑐬𑑀𑑌𑐠𑑂𑐰𑐡𑐾
cc6dzza9,𑐱𑑂𑐬𑐷𑐩𑐮𑑂𑐮𑑀𑐎𑐾𑐱𑐡𑐿𑐰𑐳𑐬𑐞𑐩𑐥𑐶
3z64582a,𑐮𑐮𑐶𑐟𑑄𑐎𑐺𑐟𑑄𑑋𑐔𑐵𑐟𑐸𑐬𑑂𑐰𑐬𑑂𑐐𑐦𑐮𑐵𑐥𑑂𑐬𑐵𑐥𑑂𑐟𑐶𑑍𑐢𑐬𑑂𑐩𑐱𑐵𑐮𑐵𑐩𑐶𑐩𑐵𑑄𑐱𑐸𑐨𑑄𑑋𑑋
a302351b,𑐫𑐣𑑂𑐣𑐶𑐩𑐵𑐬𑑂𑐞𑐰𑐶𑐢𑑁𑐩𑐴𑐔𑑂𑐕𑐩𑐨𑐺𑐟𑐵𑐢𑐶𑐎𑑂𑐫𑑀𑐢𑐩𑐵𑐬𑑄𑐨𑐎𑐺𑐡𑑂𑐰𑐷𑐬𑐳𑑂𑐫𑐵𑐣𑐸𑐔𑐬𑑀𑐣𑐬𑐾𑐣𑑂𑐡𑑂𑐬𑐣𑐺𑐥𑐟𑐾𑑅𑐳𑑄
77c016d0,𑐣𑐵𑑄𑐱𑑂𑐬𑐷𑐡𑐾𑐐𑑀𑐮𑐡𑐫𑐎𑑄𑐖𑐥𑐟𑐶𑐳𑐴𑐶𑐟𑑄𑐣𑐱𑑂𑐬𑐷𑐨𑐷
f0020597,𑐡𑑂𑐢𑐶𑐎𑐵𑐩𑐣𑐵𑐬𑑂𑐠𑑍𑐫𑐠𑐵𑐱𑐵𑐱𑑂𑐟𑑂𑐬𑑀𑐎𑑂𑐟𑐟𑐠𑐵𑐦𑐮𑐥𑑂𑐬𑐵𑐥𑑂𑐟𑐾𑐟𑐶𑑌𑐥𑐸𑐣𑐨𑐵𑐥𑐵
1a20zza9,𑐬𑐳𑑄𑐩𑐶𑐟𑐾𑐧𑐸𑐢𑐡𑐶𑐣𑐾𑐣𑐾𑐥𑐵𑐮𑐳𑐵𑐎𑐾
4zd7b1bb,𑐟𑑂𑐫𑐢𑑂𑐰𑐳𑐣𑑍𑐬𑐎𑐵𑐖𑐸𑐬𑑀𑑋𑑋𑐱𑐸𑐨𑑅𑑋𑑋
cdc7c3z0,𑐡𑑂𑐫𑐕𑐵𑐫𑐩𑐵𑐮𑐥𑑄𑐔𑑀𑐥𑐔𑐵𑐬𑐥𑐸𑐖𑐵𑑌𑐥𑐸𑐖𑐵𑐫𑐵𑐎𑐧𑑂𑐬𑐵𑐩𑑂𑐴𑐞𑐫𑐵𑐟𑐎𑐾𑐦𑑄𑑔𑑕𑐧𑑂𑐬𑐵𑐩𑑂𑐴𑐞
1815d711,𑐟𑑂𑐫𑐴𑐵𑑍𑐥𑐵𑐥𑐵𑐣𑐶𑐫𑐵𑐣𑑂𑐟𑐶𑐰𑐶𑐮𑐫𑑄𑐥𑐹𑐞𑑂𑐫𑑄𑐨𑐰𑐣𑐶𑐔𑐵𑐳𑐵𑐎𑐠𑑄𑐟𑐸𑐮𑐳𑐷𑐮𑑀𑐎𑐾
6449cz4b,𑐨𑐵𑐬𑑂𑐫𑑂𑐫𑐵𑐧𑐾𑐏𑐵𑐮𑐎𑑂𑐲𑑂𑐩𑐷𑐟𑐺𑐟𑐷𑐫𑐥𑐸𑐟𑑂𑐬𑐖𑑀𑐐𑐢𑐬𑑍𑐎𑐵𑐣𑑂𑐟𑐐𑐖𑑍𑐮
d5609f2a,𑐩𑐵𑐣𑐾𑐣𑐳𑑂𑐰𑐰𑐵𑐔𑐵𑐥𑐟𑐶𑐥𑐣𑑂𑐣𑐶𑐟𑐸𑐟𑐾𑐣𑑍𑐳𑑂𑐰𑐫𑐣𑐶𑐩𑐶𑐟𑐾𑐣𑑍𑐡𑐾
0ffbfzz6,𑐳𑐴𑐶𑐟𑑄𑐳𑑄𑐳𑑂𑐠𑐵𑐥𑐫𑐵𑐩𑐵𑐳𑐳𑑍𑐎𑐺𑐟𑑂𑐰𑐵𑐟𑐟𑑂𑐬𑐣𑐬𑐾𑐣𑑂𑐡𑑂𑐬𑐨𑐹𑐥𑐟𑐶𑐩𑐞𑐶𑐴𑑀𑐩𑑄𑐔𑐎𑑀𑐚𑑂𑐫𑐵𑐴𑐸𑐟𑐶𑑄𑑌𑑐𑑌
6ffb92bz,𑐎𑐡𑐸𑐰𑐵𑐬𑐴𑐵𑐛𑑀𑑍𑐢𑐣𑐨𑐵𑐬𑑀𑑍𑐐𑑂𑐰𑐥𑐶𑐬𑐵𑐖𑐨𑐵𑐬𑑀𑑍𑐀𑐩𑐶𑐟𑐳𑐶𑑄𑐴𑐨𑐵𑐬𑑀𑑍𑐔𑑄
a067fd54,𑐨𑐺𑐔𑑂𑐕𑐒𑑂𑐐𑐵𑐚𑐰𑐷𑐩𑐞𑑂𑐜𑐶𑐣𑐷𑐩𑑀𑐴𑐢𑑂𑐰𑐵𑐣𑑂𑐟𑐰𑐶𑐣𑐵𑐱𑐶𑐣𑐷𑐳𑐸𑐬𑐨𑐫𑐔𑑂𑐕𑐾𑐡𑑀𑐟𑑂𑐳𑐰𑑀
z64a361d,𑐱𑐵𑐎𑑂𑐫𑐩𑐸𑐣𑐶𑐱𑑂𑐬𑐷𑐢𑐣𑐱𑑂𑐬𑐷𑐢𑐩𑑂𑐩𑐐𑐶𑐬𑐶𑑍𑐎𑐶𑐣𑑂𑐴𑐳𑐶𑑄𑐴𑐨𑐵𑐰𑑍𑐟𑐰𑐢𑐶𑐎𑐨𑐵𑐰𑑍𑐧𑐶𑐣𑑂𑐴𑐸𑐨𑐵𑐰𑑍𑐣𑑂𑐴𑐰𑐣𑐨𑐵
442b618d,𑐖𑑀𑐐𑐖𑑀𑐐𑐬𑐴𑐶𑐟𑑂𑐬𑐶𑐥𑐸𑐟𑑂𑐬𑐶𑐥𑐟𑐵𑐬𑐟𑐶𑐬𑐶𑐫𑐾𑐥𑐸𑐟𑑂𑐬𑐶𑐧𑐶𑐳𑑂‍𑐣𑐸𑐩𑐵𑐫𑐵𑐥𑑁𑐟𑑂𑐬𑐢𑐬𑑂𑐩𑑂‍𑐩𑐵
c66d57a2,𑐢𑐩𑑂𑐩𑐡𑐾𑐰𑐨𑐵𑐬𑑀𑑌𑐥𑐬𑐨𑐵
c357aab0,𑐬𑐡𑐷𑐣𑑓𑐊𑐣𑑂𑐡𑑂𑐫𑐵𑐟𑐖𑑀𑐬𑐕𑐷𑐎𑐵𑐟𑐷𑐎𑐣
azbcd9ab,𑐫𑐣𑑂𑐟𑐷𑑍𑐩𑐬𑐷𑐣𑐸𑐐𑑂𑐬𑐬𑐹𑐥𑐵𑐩𑐴𑑄𑐟𑑂𑐬𑐵𑑄𑐨𑐖𑐵𑐩𑐶𑑌𑑘𑑌𑐣𑐰𑑀𑐩𑐾𑐩𑐩𑐢𑑂𑐫𑐵𑐣𑐳𑐣𑑂𑐟𑐵𑐣𑐱𑐎𑑂𑐟𑐶𑑍𑐬𑑂𑐣𑑂𑐣𑐔𑐥𑑂𑐬𑐵𑐞𑐬𑑀𑐢𑐾𑐖𑐐𑐟𑐵
6d386172,𑐳𑐶𑑄𑐴𑐨𑐵𑐰𑑋𑐔𑐣𑑂𑐡𑑂𑐬𑐳𑐶𑑄𑐴𑐨𑐵𑐰𑑍𑐖𑐶𑐰𑐣𑐎𑐾𑐱𑐨𑐵𑐰𑑍𑐰𑐫𑐎𑐸𑐟𑐨𑐵𑐰𑑍𑐱𑐶𑐰𑐨𑐵𑐰𑑍𑐨𑐵𑐐𑐶𑐳𑐶𑑄𑐴
3637b4f5,𑐟𑑂𑐫𑐰𑐵𑐬𑐠𑑂𑐰𑐎𑐸𑐣𑑂𑐴𑐸𑐎𑐶𑐟𑑂𑐟𑐶𑐥𑐸𑐬𑐶𑐫𑐵𑐱𑑂𑐬𑐷𑐖𑐵𑐖𑐸𑐰𑑂𑐫𑐵𑐢𑐾𑐱𑑂𑐰𑐬𑐫𑐵𑐥𑑂𑐬𑐳𑐵𑐡𑐣𑑍𑐐𑐸𑑄𑐡𑐾𑐱
d94fadz8,𑐰𑑂𑐫𑐟𑐶𑐥𑐵𑐟𑐥𑐬𑐰𑐬𑐶𑐫𑐵𑐣𑐫𑑀𑐐𑑌𑐧𑐸𑐢𑐧𑐵𑐬𑑌𑐠𑑂𑐰𑐲𑐸𑐣𑑂𑐴𑐸𑐱𑑂𑐬𑐷𑑓𑐨𑐷𑐩𑐳𑐾𑐣𑐡𑐾𑐰𑐟𑐵
a20za3a3,𑐐𑐱𑑂𑐰𑐬𑐥𑑄𑐔𑐵𑐫𑐣𑐀𑐴𑑀𑐬𑐵𑐟𑑂𑐬𑐫𑐖𑑂𑐘𑐫𑐵𑐒𑐵𑐰𑑍𑐳𑐹𑐰𑐬𑑂𑐞𑑂𑐞𑐎𑐮𑐾𑐱𑐢𑑂𑐰
a83fc435,𑐫𑐳𑐩𑐫𑐧𑐵𑐴𑐵𑐬𑐫𑐵𑐧𑐵𑐳
za250384,𑐟𑐵𑐕𑐾𑐨𑐷𑐎𑑂𑐲𑐸𑐱𑑂𑐬𑐷𑐖𑐳𑐬𑐵𑐫𑐖𑐸𑑍𑐥𑐸𑐟𑑂𑐬𑐖𑐐𑐟𑐩𑐸𑐣𑐶𑑍𑐟𑑂𑐬𑐶𑐢𑐣𑐰𑐟𑐶𑐥𑐸𑐟𑑂𑐬𑐶𑐁𑐡𑐬𑐎𑑂𑐲𑑂𑐩𑐶𑑍𑐖𑐐
2143fd4d,𑐥𑑀𑐐𑐵𑐬𑐰𑐴𑐶𑐮𑐶𑐥𑐕𑐾𑑄𑐣𑐬𑐴𑐬𑐶𑑍𑐩𑑂𑐴𑐫𑐵𑐔𑐩𑐣𑑀𑐴𑐬𑐷𑑍𑐩𑐵𑐣𑑂𑐫𑐾𑐱𑑂𑐰𑐬𑐷𑑍𑐥𑑂𑐬𑐩𑐸𑐏𑐫𑑀𑐳𑑂𑐰𑐩𑑂𑐴𑐳𑐾
482bfb82,𑐬𑑂𑐟𑑂𑐟𑐶𑐖𑐵𑐎𑑂𑐫𑐎𑐸𑐜𑑑𑐣𑐶𑐟𑑂𑐫𑑄𑐧𑐶𑐫𑐩𑐵𑐮𑑋𑐖𑑂𑐫𑐾𑐲𑑂𑐛𑐱𑐸𑐎𑑂𑐮𑐥𑐣𑐔𑐩𑐷𑐎𑐸𑐣𑑂𑐴𑐸𑐡𑐶𑐣𑐫𑐖𑑂𑐘𑐫𑐵𑐒𑐧𑑀𑐳𑐵𑐢𑐣𑐫𑐵𑐫𑐩𑐵𑐮𑑋𑐎𑐵𑐬𑑂𑐟𑑂𑐟𑐶𑐎𑐱𑐸𑐎𑑂𑐮𑐡𑑂𑐰𑐵𑐡𑐱𑐷𑐎𑐸
72d65918,𑐥𑐶𑐟𑑂𑐬𑑀𑑅𑐳𑑂𑐰𑐬𑑂𑐐𑑂𑐐𑐳𑑂𑐠𑐶𑐬𑐵𑐫𑐔𑑌𑐐𑐴𑐣𑐟𑑂𑐬𑐧𑐳𑑀𑐰𑐬𑑂𑐲𑐦𑐵𑐮𑑂𑐐𑐸𑐞𑐱𑐸𑐎𑑂𑐮𑐥𑐎𑑂𑐲𑐎𑑀𑐡𑐸
24ba5302,𑐩𑑄𑐐𑐮𑐳𑐮𑐸𑐫𑐠𑑂𑐰𑐎𑑀𑐣𑑂𑐴𑐸𑐩𑑂𑐴𑑄𑐒𑐵𑑕𑐳𑐵𑐴𑐫𑐵𑐌𑐂𑐣𑐵𑐫𑐎𑑀𑐳𑑄𑐳𑐵𑐣𑐎𑐾
35cf3439,𑐰𑐳𑑂𑐎𑐾𑐳𑐶𑐟𑑀𑐮𑐣𑐡𑐸𑐟𑐵𑐊𑐎𑐩𑐹𑐎𑐐𑑂𑐫𑐵𑐮𑐡𑑀𑐴𑑀𑐬𑐫𑐵
z70057ad,𑐎𑑀𑐚𑑂𑐫𑐵𑐴𑐸𑐣𑑂𑐟𑐶𑐴𑑀𑐩𑐫𑐵𑐒𑐵𑐰𑐠𑑀𑐩𑐞𑐶𑐩𑐞𑑂𑐜𑐥𑑄𑐳𑐱𑐎𑑂𑐟𑐶𑐣𑐳𑐴𑐶𑐟𑐨𑐬𑐰𑐡𑐫𑐎𑑄𑐳𑑂𑐠𑐵𑐥𑐣𑐵
fa93faf3,𑐥𑐶𑐎𑐮𑑂𑐫𑐣𑐵𑐟𑑂𑐬𑐫𑑄𑑋𑐊𑐰𑑄𑐬𑐸𑐥𑑀𑐴𑐰𑑄𑐳𑐬𑑂𑐰𑑂𑐰𑑍𑐎𑐮𑑂𑐫𑐣𑐵𑐨𑐵𑐰𑐩𑐵𑐟𑑂𑐬𑐎𑑄𑑋𑑋𑐱𑐩𑑂𑐟𑑂𑐬𑐱𑐵𑐩𑑂𑐟𑑂𑐬𑐳𑑄𑐐𑐷𑐟𑐵
83a63221,𑐫𑐞𑐠𑑂𑐰𑐫𑐵𑐣𑐎𑐾𑐴𑐾𑐬𑐵𑐖𑐎𑐸𑐩𑐵𑐬𑐱𑑂𑐬𑐷𑐱𑑂𑐬𑐷𑐬𑐸𑐥𑐩𑐟𑐶𑐡𑐾𑐰𑐷𑐠𑑂𑐰𑐫𑐵𑐣𑐎𑐾𑐴𑐾𑐬𑐵𑐖𑐎𑐸𑐩𑐵𑐬𑐷𑐱𑑂𑐬𑐷𑐱𑑂𑐬𑐷
cc36836b,𑐱𑐵𑐎𑑂𑐫𑐨𑐶𑐎𑑂𑐲𑐸𑐱𑑂𑐬𑐷𑐖𑐶𑐣𑐶𑐱𑐵𑐎𑑂𑐫𑐨𑐶𑐎𑑂𑐲𑐸𑐱𑑂𑐬𑐷𑐬𑐟𑑂𑐣𑐔𑐣𑑂𑐡𑑂𑐬𑐱𑐵𑐎𑑂𑐫𑐨𑐶𑐎𑑂𑐲𑐸𑐰𑐾𑐏𑐵𑐳𑐶𑑄𑐴
6d371774,𑐧𑐨𑐹𑐟𑐳𑑂𑐰𑐖𑐣𑐳𑐴𑐶𑐟𑐵𑐣𑑂𑐳𑐬𑑂𑐰𑐳𑐟𑑂𑐰𑐵
06025ccd,𑐡𑐶𑐣𑐾𑐮𑑀𑐎𑐣𑐵𑐠𑐾𑐏𑐬𑐵𑐐𑑂𑐬𑐿𑑌𑐫𑐵𑐱𑑂𑐬𑐷
c0ddb743,𑐳𑐶𑑄𑐴𑑀𑐡𑐫𑐵𑐥𑐬𑑅𑑋𑐨𑐷𑐩𑐳𑐾𑐣𑐳𑐩𑑅𑐳𑐵𑐬𑐾𑐳𑐬𑑂𑐰𑐱𑐟𑑂𑐬𑐸𑐰𑐶𑐣𑐵𑐱𑐎𑑅𑑌𑐀𑐖𑐷𑐖𑐣𑐔𑑂𑐕𑐷𑐖𑐫𑐰𑐶𑐲𑑂𑐞𑐸𑐩𑐮𑑂𑐮𑐳𑑂𑐟𑐳𑑂𑐫𑐵𑑄
ab3czd47,𑐩𑐡𑐸𑐧𑐴𑐷𑐬𑐣𑐿𑐆𑐟𑑂𑐫𑐕𑐾𑐫𑐵𑐟𑐵𑐩𑑂𑐬𑐎𑐵𑐬𑐡𑐶𑐰𑑄𑐐𑐟𑐥𑐶𑐟𑐵𑐩𑐴
a781bz26,𑑌𑐡𑐵𑐣𑐥𑐟𑐶𑐖𑐖𑐩𑐵𑐣𑐎𑐵𑐲𑑂𑐛𑐩𑐞𑑂𑐜𑐥𑐩𑐴𑐵𑐣𑐐𑐬𑐾𑐩𑐶𑐔𑑂𑐫𑐵𑐎𑐩𑐸𑐐𑐬𑐟𑑀𑐬
014861b1,𑐖𑑂𑐘𑐮𑐫𑐟𑐵𑐕𑐾𑐬𑐵𑐰𑐟𑑍𑐰𑐶𑐟𑐸𑐳𑐶𑐴𑐣𑐳𑑂𑐰𑐴𑐳𑑂𑐟𑐣𑐳𑑂𑐰𑐰𑐶𑐡𑑂𑐫
947100f5,𑐩𑐟𑑂𑐫𑐵𑐥𑐹𑐬𑑂𑐰𑑂𑐰𑐎𑐸𑐬𑐾𑑍𑐱𑑂𑐬𑐷𑐩𑐎𑐵𑐟𑑂𑐟𑐶𑐥𑐸𑐮𑐶𑐩𑐵𑐴𑐵𑐣𑐐𑐬𑐾𑑍𑐱𑑂𑐬𑐷𑑒𑐫𑐩𑐩𑐬𑐾𑐱𑑂𑐰𑐬𑐨𑐚𑑂𑐚𑐵𑐬𑐎
d13d5303,𑐣𑑂𑐟𑐵𑑍𑐬𑐵𑐩𑐨𑐡𑑂𑐬𑐨𑐵𑐬𑑀𑐳𑐡𑐵𑐡𑐾𑐰𑐨𑐵𑐬𑑀𑐮
4c011ccc,𑐎𑐺𑐲𑑂𑐞𑐡𑑂𑐰𑐶𑐟𑐷𑐫𑐵𑐴𑐳𑑂𑐟𑐵𑐣𑐎𑑂𑐲𑐾𑐟𑑂𑐬𑑍𑐱𑐸𑐨𑐫𑑀𑐐𑐰𑐸𑐢𑐰𑐵𑐬𑐎𑐸𑐣𑑂𑐴𑐸𑐱𑑂𑐬𑐷𑐱𑑂𑐬𑐷𑐱𑑂𑐬𑐷𑐂𑐲𑑂𑐚𑐡𑐾𑐰𑐟𑐵𑐥𑑂𑐬𑐷𑐟𑐶
70611686,𑐟𑐵𑐥𑐩𑐮𑑂𑐮𑐱𑑂𑐰𑐾𑐟𑐣𑑂𑐴𑐸𑐩𑐴𑐵𑐬𑐵𑐣𑐶𑐱𑑂𑐬𑐷𑐱𑑂𑐬𑐷𑐱𑐵𑐥𑐸𑐬𑑂𑐰𑑂𑐰𑐟𑐳𑐡𑐾𑐰𑐮𑐡𑐵𑐒𑐵𑐰𑐱𑑂𑐬𑐷𑐱𑑂𑐬𑐷𑐱𑑂𑐬𑐷𑐣𑐷𑐮𑐳𑐬
d2f9z542,𑐢𑐵𑐟𑐦𑐮𑐾𑐳𑐔𑑀𑐒𑐡𑐾𑐰𑐫𑐵𑐟𑑍𑐣𑐶𑐱𑐬𑐵𑐰𑐰𑐖𑐶𑐎𑐸𑐜𑑑𑐟𑐵𑑑𑐩𑐢𑐶𑑍𑐥𑐵𑐟𑑑𑐢𑐬𑐶𑐡𑑄𑑑𑐑𑐾𑐬𑐡𑐶𑐰𑐵𑐠𑑂𑐰
5fb334zz,𑐫𑐎𑑄𑐧𑑀𑐳𑐵𑐢𑐣𑐫𑐵𑐫𑐩𑐵𑐮𑑌𑑌𑐡𑐾𑐱𑐰𑐮𑐶𑐖𑑂𑐰𑐎𑑀𑐰𑐵𑐴𑐶𑐎𑐣𑐠𑑂𑐰𑐟𑐾𑐄𑐥𑐔𑐵𑐬𑐡𑐫𑐎𑑄𑐱𑑂𑐬𑐵𑐰𑐞𑐱𑐸𑐎𑑂𑐮𑐡𑑂𑐰𑐵𑐡𑐱𑐷𑐎𑐸𑐣𑑂𑐴𑐸𑐥𑐰𑐶
9907b46d,𑐥𑐸𑐟𑑂𑐬𑐧𑐵𑐬𑐎𑐸𑐩𑐵𑐬𑐳𑐴𑐡𑑂𑐬𑐾𑐟𑐶𑑍𑐠𑐸𑐬𑐶𑐥𑐬𑐶𑐧𑐵𑐬𑐕𑐶𑐫𑐵𑐢𑐬𑑂𑐩𑑂𑐩𑐔𑐶𑐟𑑂𑐟𑐄𑐟𑑂𑐥𑐟𑑂𑐟𑐶
5104b8ad,𑐴𑐵𑐄𑐖𑑀𑐐𑐶𑑌𑐠𑑂𑐰𑐟𑐾𑐖𑐶𑐩𑐔𑑂𑐫𑐵𑐩𑑂𑐴𑐨𑑀𑐩𑐸𑐒𑐵𑐰𑐖𑐶𑐬𑑂𑐞𑑂𑐞𑑀𑐡𑑂𑐢𑐵𑐬𑐫𑐵𑐒𑐣𑐁𑐰𑐣𑐔𑐶𑐒𑐵
1d7d0173,𑑊𑐱𑑂𑐬𑐷𑑓𑐔𑐞𑑂𑐜𑐾𑐱𑑂𑐰𑐬𑐷𑐥𑑂𑐬𑐷𑐟𑐶𑐣
133cz98f,𑐬𑐶𑐏𑐡𑐾𑐰𑑍𑐟𑐳𑑂𑐫𑐣𑐵𑐬𑐷𑐢𑐣𑐰𑐟𑐷𑑍𑐀𑐳𑑂𑐫𑐥𑐸𑐟𑑂𑐬𑐷𑐬𑐟𑑂𑐣𑐡𑐾𑐰𑐷𑑍𑐢𑐣𑐳𑐶𑑄𑐴𑐳𑑂𑐫𑐡𑑂𑐰𑐴𑐶𑐟𑑂𑐫𑐢𑐰𑐟𑐷𑑍
6bd72a3b,𑐥𑐹𑐟𑑂𑐬𑑍𑐳𑐶𑐡𑑂𑐢𑐶𑐬𑐵𑐩𑐴𑐵𑐎𑐹𑐬𑐵𑐩𑑍𑐥𑐡𑑂𑐩𑐬𑐵𑐩𑑍𑐐𑐸𑐞𑐶𑐬𑐵𑐩𑐎𑐷𑐬𑑂𑐟𑑂𑐟𑐶
az24286z,𑐣𑑍𑐠𑐵𑐥𑐶𑐟𑐢𑐬𑑂𑐩𑑂𑐩𑐬𑐵𑐖𑐳𑑄𑐏𑑂𑐬𑐡𑐾𑐌𑐠𑑂𑐰𑐟𑐾𑐳𑐾𑐣𑑍𑐐𑐸𑐬𑐵𑐠𑑂𑐰𑐥𑑄𑐘𑑂𑐔𑐩𑐶𑐎𑐸𑐣𑑂𑐴𑐸𑐟𑐸𑑄𑐥𑐸𑐫𑐩𑐵𑐬𑐖𑐸𑐬𑑀𑑌𑐨𑐵𑐏𑐵𑐬𑑂𑐫𑐸𑐟𑐵
f3zd80f4,𑐥𑐡𑐵𑐥𑐹𑐬𑑂𑐞𑐩𑐵𑐳𑐷𑐱𑑂𑐬𑐵𑐰𑐞𑐎𑐺𑐲𑑂𑐞𑐀𑐲𑑂𑐚𑐩𑐷𑐠𑑂𑐰𑐥𑑂𑐫𑑄𑐑𑐵𑐟𑐣𑑄𑐣𑑂𑐴𑐶𑐣𑐔𑐾𑐎𑐣𑐦𑑄𑑑𑐔𑐵𑐎𑑂𑐬𑐩𑐟𑐕𑑀𑐫
f64c43c3,𑐟𑐫𑐵𑐟𑐳𑐵𑐥𑑄𑐔𑐩𑑋𑑋𑐔𑑄𑐡𑐵𑐎𑐩𑐾𑐠𑐶𑐬𑑋𑑋𑑐𑑋𑑋𑐱𑐸𑐨𑑋𑑋
2162dcdb,𑐠𑑂𑐰𑐀𑐒𑐳𑑂𑐫𑐬𑐒𑐵𑐳𑐾𑑄𑑍𑐳𑐸𑐣𑐵𑐣𑑄𑐮𑑂𑐴𑑀𑐣𑐾𑐟𑐾𑐰𑐖𑐸𑐬𑑀𑑍𑐠𑑂𑐰𑐳𑐵𑐴𑐵𑐳𑐣𑑍𑐬𑑀𑐴𑑀
38d4bzb2,𑐱𑐸𑐨𑑌𑐳𑐩𑑂𑐰𑐟𑑘𑑑𑑙𑐰𑐿𑐱𑐵𑐏𑐎𑐺𑐲𑑂𑐞𑑑𑑑𑐱𑑂𑐬𑐞𑐵𑐎𑑂𑐬𑐰𑐶𑐴𑐵𑐬𑐳𑐰𑐖𑑂𑐬𑐵
25903bb5,𑐬𑐣𑐎𑑂𑐲𑐟𑑂𑐬𑐥𑑂𑐬𑐷𑐟𑐶𑐫𑑀𑐐𑐧𑐹𑐢𑐧𑐵𑐬𑐠𑑂𑐰𑐎𑐸𑐴𑑂𑐣𑐸𑐥𑑂𑐬𑐟𑐶𑐲𑑂𑐛𑐵𑐡𑐶𑐣𑐱𑐸𑐨
b242c731,𑐱𑑂𑐬𑐷𑐱𑑂𑐬𑐷𑐖𑐫𑐳𑐶𑐡𑑂𑐢𑐶𑐣𑐬𑐳𑐶𑑄𑐴𑐩𑐮𑑂𑐮𑐡𑐾𑐰𑐛𑐵𑐎𑐸𑐬𑐳𑐣𑐒𑐵𑐟𑑄𑐥𑑀𑐮𑐮𑐡𑐾𑐰𑐬𑐡𑑀𑐫𑐎𑑄𑐳𑐸𑐰𑐬𑑂𑐞𑑂𑐞
8ac1564b,𑐣𑐹𑐐𑐵𑐩𑐺𑐟𑑂𑐫𑐡𑐮𑐶𑐎𑐰𑐖𑐰𑐎𑑂𑐲𑐟𑑂𑐬𑐡𑐸𑐂𑐩𑐡𑐩𑐳𑑂𑐟𑐣𑐾𑐥𑐵𑐮𑐖𑐩𑐟𑐶𑐟𑐵𑐟𑐶𑐩𑐸𑐂𑐐𑐣𑐳𑐥𑐕𑐾
bf481693,𑐰𑑄𑐟𑐸𑐳𑐡𑐵𑐎𑐵𑐮𑑄𑑋𑑋
09az2294,𑐬𑐵𑐩𑐬𑐔𑑄𑐣𑑂𑐡𑑂𑐬𑐨𑐵𑐬𑑀𑑍𑐀𑐣𑑂𑐟𑐳𑐶𑑄𑐒𑐨𑐵𑐬𑑀
9453f72z,𑐔𑐸𑐬𑑒𑐠𑑂𑐰𑐟𑐾𑐧𑐸𑐫𑐵𑐌𑐬𑐳𑐵𑐣𑐣𑐡𑐸𑐠𑐾𑐴𑐣𑐾𑐩𑐵𑐬𑐡𑐶𑐬𑐥𑐸𑐣𑑂𑐴𑐶𑐳𑐶𑐎𑐸𑐣𑑂𑐴𑐸𑐩𑐵𑐴𑐵𑐡𑐶𑐥𑐥𑐸𑑄𑑑
9051a609,𑐣𑐵𑐣𑐟𑐳𑑂𑐫𑐨𑐵𑐬𑑂𑐖𑑂𑐫𑐵𑐩𑑀𑐟𑐶𑐩𑐵𑐫𑐵
3b258f8d,𑐳𑑄𑐰𑐟𑑂‌𑑘𑑘𑑕𑐱𑑂𑐬𑐵𑐰𑑄𑐎𑐺𑐲𑑂𑐞𑑍𑐀𑐩𑐵𑐰𑐵𑐳𑐶𑑍𑐠𑐸𑐎𑐸𑐣𑑂𑐴𑐸𑑍𑐱𑑂𑐬𑐷𑑓𑐨𑐐
99f2af68,𑑊𑐳𑑄𑐰𑐟𑑘𑑗𑑑𑐁𑐳𑐸𑐶𑐣𑐶𑑅𑐎𑐺𑐲𑑂𑐞𑑅𑐡𑐳𑐩𑑂𑐫𑐵𑑄𑐣𑑂𑐟𑐶𑐠𑑂𑐰𑑁
58da9a1d,𑐟𑐐𑑂𑐬𑐎𑐾𑐟𑐎𑐎𑐸𑐩𑐸𑐡𑑄𑐎𑐵𑐱𑐎𑑁𑐩𑐸𑐡𑐷𑐎𑐵𑐩𑐶𑐣𑐷𑐎𑐥𑐎𑑂𑐲𑐎𑐵𑐣𑑂𑐟𑐵𑐎𑐬𑑂𑐞𑑂𑐜𑐸𑐬𑐖𑐟𑐎𑐸𑐞𑑂𑐜𑐮𑐎𑐵𑐣𑑂𑐟𑐶𑐎
30c1789b,𑐎𑐺𑐲𑑂𑐞𑐡𑑂𑐰𑐶𑐟𑐷𑐫𑐵𑐴𑐳𑑂𑐟𑐵𑐣𑐎𑑂𑐲𑐾𑐟𑑂𑐬𑑍𑐱𑐸𑐨𑐫𑑀𑐐𑐰𑐸𑐢𑐰𑐵𑐬𑐎𑐸𑐣𑑂𑐴𑐸𑐱𑑂𑐬𑐷𑐱𑑂𑐬𑐷𑐱𑑂𑐬𑐷𑐂𑐲𑑂𑐚𑐡𑐾𑐰𑐟𑐵𑐥𑑂𑐬𑐷𑐟𑐶
2zbbc763,𑐰𑐶𑐲𑐫𑐰𑐶𑐲𑐢𑐬𑐐𑑂𑐬𑐳𑑂𑐟𑐔𑐶𑐟𑑂𑐟𑑀𑐥𑐣𑐷𑐔𑑅𑑌𑐖𑑂𑐫𑐾𑐲𑑂𑐛𑐾𑐩𑐵𑐳𑐶𑐳𑐶𑐟𑐾𑐖𑐣𑐵𑐬𑑂𑐡𑑂𑐡𑐣𑐟𑐶𑐠𑑁𑐧𑐵𑐞𑐵𑐖𑐶𑐣𑐵𑐐𑐒𑑂𑐎𑐶𑐟𑐾𑐰𑐬𑑂𑐲𑐾𑐥𑑄𑐎𑑂𑐟𑐶
99zc65f2,𑐖𑑂𑐬𑐵𑐔𑐵𑐫𑐾𑐱𑑂𑐬𑐷𑐰𑑂𑐫𑐏𑐵𑐳𑐶𑑄𑐴𑐡𑐾𑐰𑑍𑐔𑐎𑐾𑐱𑑂𑐰𑐬𑐷𑐫𑐵𑐒𑐣𑐡𑐵𑐣𑐥𑐟𑐶𑐨𑐵𑐳𑑂𑐎𑐬𑐡𑐾𑐰𑐳𑑄𑐳𑑂𑐎𑐵
z0a74305,𑐧𑐖𑑂𑐬𑐳𑐟𑑂‍𑐧𑐵𑐨𑐸𑐧𑐣𑐧𑐬𑐐𑐸𑐬𑐹𑑄𑐳𑐬𑑂𑐧𑑂𑐧𑐧𑐹𑐡𑑂𑐢𑐨𑐧𑐣𑑂𑐟𑑄𑑅
625zaad0,𑐟𑑄𑐟𑐾𑐟𑑌𑐰𑐣𑑂𑐡𑐾𑐟𑐵𑐬𑑂𑐖𑑂𑐫𑐵𑐳𑐣𑑄𑐡𑐾𑐰𑑄𑑍𑐮𑐎𑑂𑐲𑑂𑐩𑐷𑐣𑐵𑐬𑐵𑐫𑐵𑐞𑑄𑐥𑐸𑐣𑐨𑐰𑐵𑐣𑐶𑐱𑑄𑐎𑐬𑑄𑐔𑐰𑐐𑑀
71f1324z,𑑊𑐱𑑂𑐬𑐹𑐫𑑀𑐳𑑂𑐟𑐸𑐳𑐩𑑂𑐧𑐟𑑂𑑖𑑓𑑖𑐩𑐵𑐑𑐩𑐵𑐳𑑂𑐫𑐱𑐹𑐎𑑂𑐮𑐥𑐎𑑂𑐲𑐾
c20bzb9d,𑐣𑑂𑐴𑐣𑑂𑐴𑑀𑐫𑐠𑑀𑐳𑑂𑐰𑐣𑐨𑑀𑐖𑐾𑐣𑐎𑐾𑐩𑐵𑐮𑑍𑐩𑑄𑐐𑐥𑐳𑐔𑐶𑑄𑐟𑐵𑐫𑐵𑐎𑐣𑑂𑐴𑐣𑑌𑐧𑐬𑐲𑐸𑐣𑐶𑐔𑐥𑐵𑐮𑐫𑐵𑐖𑑀
z3z704zd,𑐡𑐷𑐰𑑂𑐫𑐩𑐚𑐣𑐬𑐰𑐶𑐎𑐸𑐮𑐟𑐶𑐮𑐎𑐴𑐣𑐸𑐩𑐢𑑂𑐰𑐖𑐣𑐾𑐥𑐵𑐮𑐾𑐱𑑂𑐰𑐬𑐩𑐴𑐵𑐬𑐵𑐖𑐵𑐢𑐶𑐬𑐵𑐖𑐨𑐸𑐥𑐎𑐾
6bcz5136,𑐱𑐸𑐎𑑂𑐮𑑑𑑐
1z8f68d2,𑑗𑑗𑑑
3z148d8c,𑐠𑑂𑐰𑐟𑐾𑐫𑐵𑐐𑐸𑐠𑐶𑐖𑐣𑐫𑐥𑐟𑐶𑐎𑑂𑐬𑐖𑐸𑑌
97b48599,𑐢𑐵𑐩𑐢𑑀𑐬𑐒𑑂𑐞𑐬𑐡𑐹𑐬𑑂𑐒𑑂𑐐𑐬𑐡𑑂𑐰𑐶𑐬𑐡𑐫𑐸𑐠𑐥𑐟𑐶𑐥𑐵𑐡𑑀𑐴𑐸𑐟𑐢𑐸𑐩𑐵𑐎𑐵𑐬𑐢𑐸𑐮𑐶𑐢𑑂𑐞𑐳𑐬𑐶𑐟𑐡𑐶𑐎𑑂𑐎𑐞𑐸𑐮𑐵𑐟𑐵𑐟𑑂𑐬𑑂𑐫𑐩𑐵𑐣𑐎𑐾
9dc9086b,𑐖𑑀𑐟𑐶𑐟𑐳𑑂𑐫𑐨𑐵𑐬𑑂𑐫𑑂𑐫𑐵𑑍𑐥𑐡𑐸𑐩𑐣𑐷𑐮𑐎𑑂𑐲𑑂𑐩𑐷𑐟𑐡𑐣𑐸𑐨𑐵𑐬𑑂𑐫𑑂𑐫𑐵𑐴𑐾𑐬𑐩𑐣𑐷𑑍𑐥𑐸𑐣𑐱𑑂𑐔𑐨𑐵𑐬𑑂𑐫𑑂𑐫𑐵𑑍𑐥𑐡𑐸𑐩𑐣𑐷𑐥𑑂𑐬𑐠
2508zaz5,𑐬𑐳𑑄𑐩𑐶𑐟𑐾𑐧𑐸𑐢𑐡𑐶𑐣𑐾𑐣𑐾𑐥𑐵𑐮𑐳𑐵𑐎𑐾
1fd1b9z5,𑐰𑑒𑐢𑐸𑐣𑐶𑐖𑐰𑑑𑐡𑑄𑑘𑐟𑐸𑐟𑐸𑐎𑑄𑐳𑐾𑐳𑐵𑐣𑐶𑐱𑑂𑐬𑐵𑐰𑐖𑑀𑑓𑐩𑐵𑐑𑐾𑐟𑑀𑐕𑐵𑐫𑐫𑐵𑐟𑐑𑐾𑐮𑐎𑐸𑐜𑑒𑐳𑐵𑐏𑐎𑐸𑐜𑑒𑐩𑐬𑐔𑐡𑑖𑐠𑑂𑐰𑐟𑐾𑐟𑐸𑐟𑐎𑑄𑐩𑐵
fc1405ca,𑐴𑐬𑐶𑐧𑐵𑐴𑐵𑐬𑐡𑑀𑐬𑐧𑐸𑐬𑑀𑑔𑐠𑐳𑐶𑐡𑑀𑐧𑐸𑐬𑑀𑑔𑐱𑐸𑐣𑐥𑐵𑐧𑐸𑐬𑑀𑑓𑐳𑐸𑐣𑐥𑐵𑐧𑐸𑐬𑑀𑑓
81787813,𑐣𑐵𑐐𑐎𑐮𑐶𑐟𑐾𑐣𑐾𑐥𑐵𑐮𑐳𑐩𑐟𑐵𑐬𑐾𑐱𑐸𑐎𑐺
d5308d66,𑐩𑑂𑐫𑐳𑐵𑐟𑐴𑐵𑐬𑑂𑐫𑑂𑐫𑐵𑐐𑐸𑐞𑐳𑐸𑐣𑑂𑐡𑐬𑐷𑑌𑐟𑐣𑑂𑐩𑐢𑑂𑐫𑐩𑑀𑐰𑐶𑐱𑑂𑐰𑐳𑐶𑑄𑐴𑑀𑐩𑐸𑐜𑐳𑐶𑑄𑐴𑑅𑐎𑐣𑐶𑐲𑑂𑐛𑐎𑑅𑐫𑐵𑐟𑐵
00a0fda8,𑐟𑐵𑐬𑐎𑐸𑑖𑐥𑐹𑐬𑑂𑐰𑑂𑐰𑐥𑐵𑐏𑐵𑐨𑐹𑐩𑐎𑐵𑑍𑐰𑐐𑐸𑐠𑐶𑐳𑑍𑐡𑐵𑐟𑐵𑐖𑐸𑐳𑐬𑐵𑐫𑐖𑐸𑑍𑐥𑐬𑑀𑐐𑐖𑐸𑐬
5z8ab83d,𑑓𑐰𑐫𑐧𑐶𑐫𑐩𑐵𑐮𑑌𑐠𑑂𑐰𑐔𑑂𑐫𑐵𑐑𑐟𑐣𑑄𑐱𑑄𑐏𑐥𑐸𑐫𑐎𑐾𑐩𑐵𑐮𑐱𑑄𑐏𑐥𑐸𑐰𑐴𑑂𑐣𑐫𑐵𑐟𑐡𑑄𑑔
268b602a,𑐟𑐶𑐳𑐸𑐧𑐬𑑂𑐞𑑂𑐞𑐥𑐣𑐵𑐬𑐶𑐩𑐴𑐵𑐣𑐐𑐬𑐾𑑍𑐟𑑄𑐧𑐮𑐵𑐕𑐶𑐟𑑂‍𑐰𑐵𑐮𑐫𑐵𑑍𑐟𑐸𑐮𑐵𑐢𑐬𑑍𑐢𑐬𑑂𑐩𑑂𑐩𑐞𑐵𑐬𑐵𑐫𑐞
83b750z4,𑐎𑐸𑐣𑐵𑐠𑐣𑐬𑐵𑐬𑑂𑐖𑑂𑐫𑐾𑐐𑐵𑐩𑐥𑐵𑐟𑐡𑐎𑑀𑐫𑐵
c724b87a,𑐥𑐟𑑂𑐬𑐵𑐬𑑂𑐠𑐾𑐡𑐺𑐲𑑂𑐚𑐳𑐵𑐎𑑂𑐲𑐶𑐱𑑂𑐬𑐷𑐱𑑂𑐬𑐷𑐖𑐫𑐖𑑂𑐫𑑀𑐟𑐶𑐥𑑂𑐬𑐎𑐵𑐱𑐩𑐮𑑂𑐮𑐡𑐾𑐰𑑌𑐳𑐩𑑂𑐰𑐟𑑂𑑘𑑘𑑑𑐩𑐵𑐑𑐱𑐸𑐡𑐶𑑑𑑕
771853a9,𑐴𑐬𑐶𑐧𑐵𑐴𑐵𑐬𑐡𑑀𑐬𑐧𑐸𑐬𑑀𑑔𑐠𑐳𑐶𑐡𑑀𑐧𑐸𑐬𑑀𑑔𑐱𑐸𑐣𑐥𑐵𑐧𑐸𑐬𑑀𑑓𑐳𑐸𑐣𑐥𑐵𑐧𑐸𑐬𑑀𑑓
z9015zf8,𑐥𑐮𑐔𑐫𑐬𑑂𑐣𑐣𑑂𑐡𑐳𑐹𑐣𑑀𑐎𑐵𑐬𑐶𑑋𑐫𑐳𑑂𑐩𑐶𑐣𑑂𑐱𑑂𑐬𑐷𑐎𑐺𑐲𑑂𑐞𑐩𑐸𑐬𑑂𑐟𑐶𑑅𑐱𑐱𑐶𑐣𑐶𑐱𑐱𑐱𑑂𑐰𑐵𑐨𑐵𑐟𑐶𑐩𑐸𑐔𑐾𑐡𑐢𑑁𑐑𑑄𑐫𑐵𑑄𑐡𑐺𑐲𑑂𑐚𑑂𑐰𑐰𑐩𑐬𑑂𑐟𑑂𑐫𑑀
841b56fa,𑑉𑐣𑐩𑑅𑐱𑑂𑐬𑐷𑐐𑑀𑐰𑐶𑐣𑑂𑐡𑐵𑐫𑑌𑐐𑑀𑐰𑐶𑐣𑑂𑐡𑐦𑐵𑐮𑑂𑐐𑐸𑐎𑑂𑐬𑐶𑐫𑐵𑐡𑐾𑐰𑐷
f4130f41,𑐟𑑂‍𑐥𑐟𑑂𑐣𑐷𑐮𑐎𑑂𑐲𑑂𑐩𑐷𑐡𑐾𑐰𑐷𑐣𑐡𑐫
cdzbd19d,𑐦𑑄𑑓𑑐𑐠𑐸𑐟𑐶𑐴𑐵𑐣𑐾𑑋𑑋𑐠𑑂𑐰𑐎𑐵𑐬𑑂𑐖𑐟𑑂𑐰𑐵𑐮𑐥𑐘𑑂𑐔𑐳𑐩𑐸𑐔𑐫𑐣𑐠𑑂𑐰𑐥𑐸𑐏𑐸𑐬
fc1f5f71,𑐬𑐰𑐶𑐎𑐸𑐮𑐟𑐶𑐮𑐎𑐴𑐣𑐸𑐩𑐡𑑂𑐢𑑂𑐰𑐖𑐩𑐵𑐞𑐶𑐐𑑂𑐮𑐵𑐢𑐶𑐥𑐟𑐶𑐩𑐴𑐵𑐬𑐵𑐖𑐢𑐶𑐬𑐵𑐖𑐰𑐷𑐬𑐱𑑂𑐬𑐷𑐱𑑂𑐬𑐷𑐖𑐫𑐖𑑀
ac9120a7,𑐥𑑂𑐬𑑑𑐔𑐶𑐎𑐸𑐒𑑕𑐕𑑀𑐕𑑀𑐐𑐸𑐩𑐵𑐒𑐵𑐕𑑀𑐣𑐎𑐾𑑍𑐡𑑄𑑕𑐳𑐵𑐫𑐟𑐵𑐡𑐎𑑂𑐲𑐶𑐣𑐵𑐧𑐶𑐫𑑍
955d0b04,𑐟𑐶𑐧𑐵𑐳𑐬𑐾𑑍𑐩𑐾𑐲𑐬𑐵𑐳𑐶𑐐𑐟𑐾𑐳𑐰𑐶𑐟𑐮𑐶𑑍𑐰𑐺𑐲𑐬𑐵𑐳𑐶𑐐𑐟𑐾𑑍𑐔𑐣𑑂𑐡𑑂𑐬𑐩𑐳𑐶𑑌
f5azf9c5,𑐨𑑀𑐖𑐣𑐫𑐵𑐔𑐎𑐾𑐩𑐵𑐮𑑌𑐱𑑂𑐬𑐷𑐰𑐵𑐐𑑂𑐩𑐟𑐷𑐩𑐹𑐬𑑂𑐟𑐶𑐳𑐥𑐹𑐖𑐵𑑍𑐩𑐟𑐧𑐶𑐫𑑍𑐣𑐶𑐟𑑂𑐫𑐩𑐵𑐮𑑌𑑌𑐰𑐔𑐶𑐣𑑂𑐟𑐵𑐫𑐵𑐎𑑍𑐐𑑀𑐲𑑂𑐛𑐷𑐀𑐩𑐵𑐟𑑂𑐫𑑍𑐢𑑂𑐰𑐎𑑍
af223zba,𑐡𑑂𑐬𑐩𑐥𑐎𑑂𑐲𑐴𑐩𑐵𑐮𑐳𑐸𑐟𑐵𑐣𑐵𑑄𑑍𑐳𑐡𑐵𑐡𑑂𑐡𑐬𑑂𑐑𑐱𑐵𑐣𑐵𑑄𑐴𑐶𑐟𑑄𑐳𑐣𑑂𑐟𑐣𑑀𑐟𑐶𑑌𑑑𑑑𑑌𑐞𑐶𑐰𑐬𑑂𑐨𑐵𑐣𑐸𑐔𑐎𑑂𑐟𑑂𑐬𑐲𑑂𑐎𑐸𑐮𑐵𑐔𑐵𑐬𑐣𑑂𑐟𑑂𑐬𑑄𑐥
57430f4f,𑐁𑐬𑑀𑐖𑑂𑐘𑐊𑐳𑐸𑐫𑐖𑐣𑐢𑐣𑐮𑐎𑑂𑐲𑑂𑐩𑐷𑐳𑐟𑐟𑐶𑐳𑑄𑐟𑐵𑐣
z45709z0,𑐣𑑄𑐱𑑂𑐬𑐷𑐧𑐖𑑂𑐬𑐳𑐟𑑂‍𑐧𑐫𑐱𑐩𑑄𑐱𑐶𑐬𑐳𑐵𑑄𑐣𑐩𑐵𑐩𑐷𑑌𑑒𑑌𑐱𑐹𑐢𑑂𑐫𑐱𑑂𑐬𑐷
f98d54b5,𑐣𑐨𑐚𑑂𑐚𑐵𑐬𑐎𑐎𑐵𑐳𑐣𑑂𑐴𑐥𑐵𑐔𑐥𑐵𑐜𑐫𑐵𑐒𑐔𑑀𑐒𑐳𑐳𑐊𑐰𑐛𑐵𑐎𑐸𑐮𑐳𑐣𑐩𑐣𑑂𑐟𑑂𑐬𑐷𑐨𑐐𑐷𑐬𑐠𑐨𑐫𑐵𑐨𑐵𑐬𑑀𑐳𑐰𑐳𑑄𑐰𑐟𑐫𑐵𑐒𑐣𑐁𑐖𑑂𑐘𑐵𑐥𑑂𑐬𑐳𑐣𑑂𑐣𑐖𑐸
87b76cdc,𑐖𑑀𑐐𑐖𑑀𑐐𑐬𑐴𑐶𑐟𑑂𑐬𑐶𑐥𑐸𑐟𑑂𑐬𑐶𑐥𑐟𑐵𑐬𑐟𑐶𑐬𑐶𑐫𑐾𑐥𑐸𑐟𑑂𑐬𑐶𑐧𑐶𑐳𑑂‍𑐣𑐸𑐩𑐵𑐫𑐵𑐥𑑁𑐟𑑂𑐬𑐢𑐬𑑂𑐩𑑂‍𑐩𑐵
405fb7f0,𑐖𑐸𑐬𑑀𑑌𑐠𑑂𑐰𑐣𑐿𑐬𑐎𑑀𑐠𑑄𑐎𑐵𑐖𑐵
92a6c4d2,𑐢𑐬𑐩𑐡𑐵𑐳𑐡𑐾𑐰𑐶𑐡𑐵𑐳𑑋𑑋𑐠𑑂𑐰𑐟𑐾𑐳𑑂𑐫𑐣𑐔𑐶
cd47c03c,𑐧𑐶𑐟𑐿𑑅𑐨𑐹𑐐𑐞𑐷𑐫𑑅𑑌𑑉𑐀𑐡𑑂𑐫𑐧𑑂𑐬𑐩𑑂𑐴𑐞𑑀𑐡𑑂𑐰𑐶𑐟𑐷𑐫𑐥𑐬𑐵𑐡𑑂𑐫𑐾𑐱𑐾𑐨𑐧𑐵𑐣𑐵𑐴𑐵𑐎𑐮𑑂𑐥𑐾𑐧𑑂𑐬𑐿
7686b105,𑑚𑐄𑐟𑑂‍𑐟𑐥𑐟𑐶𑐖𑐸𑐫𑐵𑑚𑐮𑐳𑐶𑐫𑐵𑐌𑑚𑐥𑑂𑐬𑐟𑐶𑐲𑑂𑐛𑐵𑐫𑐵𑐒𑐵𑐡𑐶𑐣
cb1d0bd6,𑐖𑐵𑐎𑑂𑐫𑐾𑐦𑑄𑑖𑑐𑐧𑐥𑐸𑐎𑐫𑐵𑐟𑐰𑐶𑐫𑐩𑐵𑐬𑑄𑐡𑑄𑐳𑑋𑐖𑐵𑐎𑑂𑐫𑐦𑑄𑑑𑑐𑐳𑐶𑐣𑐐𑐩𑐵𑐮𑐔𑑀𑐎𑐩𑑂𑐴𑐫𑐵
f1b08a51,𑐎𑑂𑐟𑐶𑐦𑐮𑐮𑐵𑐫𑐣𑐡𑐕𑐸𑐚𑑀𑐮𑐫𑐵𑐢𑑄𑐖𑐸𑐨𑐵𑐬𑑀𑐚𑑁𑐚𑐶𑐎𑐨𑐵𑐬𑑀𑐀
0f6cab86,𑑋𑑋𑐨𑐵𑐏𑐵𑐠𑑂𑐰𑐬𑐵𑐕𑐾𑐫𑐵𑐀𑐟𑐐𑐮𑐶𑐣𑐡𑐸𑑍𑐳𑐎𑐬𑑂𑐫𑑄𑑍𑐠𑑂𑐰𑐰𑐶𑐴𑐵𑐬𑐳𑐳𑑄𑐎𑐮𑑂𑐥𑐫𑐵
928517dd,𑐔𑑄𑐔𑐟𑑂𑐎𑑀𑐚𑐶𑐟𑐬𑑄𑐐𑐶𑐞𑐷𑐩𑐞𑐶𑐩𑐟𑐷𑐳𑑄𑐐𑐩𑑂𑐫𑐳𑑄𑐰𑐵𑐴𑐶𑐣𑐷𑑍𑐳𑐾𑐫𑑄𑐧𑑂𑐬𑐴𑑂𑐩𑐳𑐬𑐳𑑂𑐰𑐟𑐷𑐰𑐶𑐖𑐫𑐟𑐾𑐐𑑀𑐒𑑂𑐐𑑀𑐥𑐩𑐵𑐰𑐵𑐐𑑂𑐩𑐟𑐷𑑌
z0247bf3,𑐟𑑍𑐎𑐵𑐱𑐶𑐬𑐵𑐖𑐫𑐵𑐕𑐾𑐣𑐡𑐎𑑂𑐲𑐶𑐞𑐟𑐢𑐬𑑂𑐩𑑂𑐩𑐬𑐵𑐖𑐫𑐵
5020b23c,𑐧𑐱𑑂𑐰𑐟𑐩𑐟𑑂𑐰𑐣𑑂𑐟𑐬𑐾𑐀𑐲𑑂𑐚𑐵𑐧𑐶𑐱𑐟𑐶𑐟𑐩𑐾𑐔𑐟𑐸𑐬𑑂𑐫𑐸𑐐𑐟𑑂𑐫𑐎𑐮𑐾𑑅𑐥𑑂𑐬𑐠𑐩𑐥𑐵𑐡𑐾𑐨𑐣𑐟
1890bd34,𑐟𑐵𑐫𑐵𑑅𑐡𑐶𑐣𑐳𑑅𑐱𑑂𑐬𑐷𑑓𑐁𑐬𑑂𑐖𑑂𑐫𑐵𑐰𑐬𑑀𑐎𑐶𑐟𑐾𑐳𑑂𑐰𑐬𑐖𑐩𑐬𑐾𑐳𑑂𑐰𑐬𑐫𑐵𑐰𑐶
4aa05fc3,𑐬𑐐𑑂𑐰𑐟𑑂𑐬𑐫𑐵𑐟𑐕𑐶𑑍𑐡𑐫𑐎𑐵𑐟𑐵𑐬𑐖𑐸𑐕𑐶𑑍𑐡𑐟𑐵
f66bd109,𑐱𑑂𑐬𑐷𑐩𑐔𑑂𑐕𑐷𑐮𑐥𑐸𑐬𑐣𑑂𑐡𑐬𑑀𑐰𑐶𑐖𑐫𑐟𑐾𑐮𑑀𑐎𑑀𑐟𑑂𑐟𑐬𑐱𑑂𑐰𑐣𑑂𑐡𑑂𑐬𑐰𑐟𑑂𑑌𑐀𑐴𑑄𑐎𑐺𑐟𑐰𑐳𑐸𑐣𑑂𑐢𑐬𑐵𑐢𑐶𑐥𑐩𑐴𑐾𑐨𑐩𑐹𑐬𑑂𑐢𑐵𑐎𑐸𑐱𑑀𑐩𑐴𑐵𑐎𑐸𑐮𑐶𑐳𑐥𑑄𑐘𑑂𑐖𑐬𑑅
cf064c96,𑐣𑑂𑐴𑐶𑐟𑐵𑐬𑑂𑐠𑑌𑐣𑐾𑐥𑐵𑐮𑐳𑐩𑑂𑐰𑐟𑐿𑐳𑑂𑐩𑐶𑐣𑐥
5a731772,𑐀𑐡𑑂𑐫𑐵𑐱𑑂𑐬𑐷𑐩𑐱𑑂𑐬𑐷𑐱𑐵𑐎𑑂𑐫𑐳𑐶𑑄𑐴𑐾𑐟𑑂𑐫𑐵𑐡𑐶𑑋𑑋𑐳𑑂𑐰𑐳𑑂𑐟𑐶𑐱𑑂𑐬𑐷𑐱𑑂𑐬𑐷𑐩𑐴𑐵𑐬𑐵𑐖𑐢𑐶
5z56a1c3,𑐫𑐵𑐟𑐑𑐾𑐮𑐀𑐲𑑂𑐚𑐵𑑒𑐐𑐸𑐐𑑂𑐐𑐸𑐬𑐸𑐖𑑒𑐩𑐢𑐸𑐥𑐬𑑂𑐎𑑂𑐎𑐡𑑄𑑑𑐩𑐵𑐑𑐾𑐫𑐵𑐟𑐑𑐾𑐮𑐎𑐸𑐜𑑒𑐳𑐵𑐏𑐎𑐸𑐜𑑒𑐩𑐬𑐔𑐡𑑄𑑖𑐠𑑂𑐰𑐟𑐾𑐩𑐵𑐑𑐾𑐕𑐵𑐫
a08df9cd,𑐖𑐵𑐩𑐫𑐵𑐳𑐵𑐡𑐾𑐰𑐟𑐵𑐫𑐵𑐎𑐸𑐡𑐺𑐲𑑂𑐚𑐶𑐫𑐵𑐟
2933z1z9,𑑊𑐳𑑂𑐰𑐳𑑂𑐟𑐶𑑌𑐏𑑂𑐫𑐵𑐟𑐎𑐸𑑄𑐖𑐣𑐾𑐟𑑂𑐬
cf5d4253,𑐩𑐴𑐵𑐣𑐠𑐬𑐾𑐱𑑂𑐬𑐷𑐫𑑄𑐐𑑂𑐮𑐎𑐵𑐲𑑂𑐚𑐩𑐞𑑂𑐜𑐥𑐳𑑂𑐠𑐵𑐣𑐾𑐂𑐴𑐿𑐰𑐥𑐹𑐞𑑂𑐫𑐨𑐸𑐩𑑁𑑌𑐱𑑂𑐬𑑀𑐫𑑀𑐬𑐳𑑂𑐟𑐸𑐳
a6d08ff8,𑐂𑐣𑐵𑐫𑐎𑑀𑐡𑐾𑐰𑐳𑑂𑐎𑑄𑐥𑐸𑐖𑐵𑐫𑐵𑐫𑑍𑐖𑐸𑑑𑐥𑐸𑐖𑐵𑑍𑐥𑐵𑑒𑐱𑑂𑐰𑐐𑑄𑐢𑑁𑑍𑐐𑑂𑐰𑑑𑐏𑐾𑐖𑐱𑑂𑐬𑐷
24536dcz,𑐟𑑂𑐫𑐢𑑂𑐰𑐳𑐣𑑍𑐬𑐎𑐵𑐖𑐸𑐬𑑀𑑋𑑋𑐱𑐸𑐨𑑅𑑋𑑋
addd47a6,𑐠𑑂𑐰𑐔𑐿𑐟𑑂𑐫𑐳𑐵𑐬𑐐𑑂𑐰𑐴𑐳𑑂𑐰𑐮𑐳𑐣𑐎𑐬𑐳𑐵𑐐𑑂𑐰𑐳𑐰𑐵𑐮𑐵𑐡𑐠𑐵𑐟𑐔𑐰𑐩𑐳𑐵𑐫𑐵𑐫𑐬𑐵𑐎𑐡𑐵𑐣
ba341137,𑐳𑑂𑐫𑐔𑐬𑐣𑐥𑐵𑐡𑐸𑐎𑐵𑐳𑐾𑐧𑐶𑐟𑐱𑑂𑐬𑐷𑐱𑑂𑐬𑐷𑐳𑐶𑐡𑑂𑐢𑐶𑐣𑐬𑐳𑐶𑑄𑐴𑐩𑐮𑑂𑐮𑐡𑐾𑐰𑐳𑑂𑐫𑐰𑐶𑐖𑐫𑐬𑐵𑐖𑑂𑐫𑐾𑐮𑐮𑐶𑐟𑐣𑐐𑐬𑐾𑐥𑐹𑐬𑑂𑐰𑑂𑐰𑐡𑐶𑐱𑐶𑐣𑑀𑐐𑑂𑐮𑐨𑑀𑐣𑑂𑐟𑐳𑑂𑐫𑐄𑐟𑑂𑐟𑐬𑐥𑐵
f96bb621,𑐫𑐵𑐲𑐸𑐣𑐣𑐖𑑀𑐖𑐩𑐵𑐣𑐳𑑂𑐫𑐁𑐫𑐸𑐁𑐬𑑀𑐐𑑂𑐫𑑍𑐖𑐣𑐢𑐣𑐰𑐺𑐡𑑂𑐢𑐶𑐬𑐳𑑂𑐟𑐸𑑋𑑋𑐂𑐴𑑀𑐬𑑀𑐎𑐾𑐳𑐸𑐲
35cabc25,𑐮𑑂𑐮𑐡𑐾𑐰𑐥𑑂𑐬𑐨𑐸𑐠𑐵𑐎𑐹𑐬𑐳𑐄𑐨𑐫𑐬𑐵𑐖𑑂𑐫𑐳𑐥𑑂𑐬𑐵𑐢𑐵𑐣𑐵𑐒𑑂𑐐𑐴𑐵𑐎𑐹
912784d8,𑐎𑐵𑐲𑑂‍𑐛𑐩𑐞𑑂‍𑐡𑐥𑐩𑐴𑐵𑐣𑐐𑐬𑐾𑐟𑐬𑐰𑑀𑐟𑑀𑐮𑐧𑐜𑐣𑐣𑐶𑐫𑐾𑐟𑐵𑐕𑐾𑑃𑐫𑐵𑐥𑐶𑐟
z0b5adz0,𑑊𑑉𑐣𑐩𑑅𑐬𑐟𑑂‍𑐣𑐟𑑂𑐬𑐫𑐵𑐫𑑌𑐀𑐞𑐱𑑀𑐬𑐶𑐬𑑂𑐩𑑂𑐩𑐮𑑀𑐟𑑂𑐨𑐹𑐟𑑀𑑍𑐣𑐶𑐲𑑂𑐥𑑂𑐬𑐥𑐘𑑂𑐔𑑅𑐐𑐸𑐞𑐵𑐱𑑂𑐬𑐫𑑅𑐥𑐘𑑂𑐔𑐳𑑂𑐎𑐥𑐵𑐟𑑂‍𑐩𑐣𑑂𑐣
zbzz030f,𑐲𑐸𑑋𑑋𑐟𑐶𑐲𑑂𑐫𑐎𑐸𑐖𑐔𑐵𑐬𑑂𑐫𑑂𑐫𑐩𑐾𑐳𑐖𑑂𑐘𑐆𑐎𑑂𑐲𑐾𑐐
646c690d,𑐥𑐫𑐟𑐾𑐣𑐬𑐵𑐣𑑂𑐣𑐶𑐖𑐠𑐾𑐳𑑄𑐬𑐎𑑂𑐲𑐟𑐾𑐳𑑄𑐳𑐺𑐟𑑅𑑌𑐎𑑂𑐲𑐷𑐬𑐵𑐖𑑂𑐢𑐵𑐬𑐸𑐨𑐸𑐖𑐐𑐾𑐱𑐨𑑀𑐐𑐱𑐫𑐣𑐾𑐳𑐵𑐡𑑂𑐢𑑄𑐱𑑂𑐬𑐶𑐫𑐵𑐱𑐵
27610b79,𑐑𑐾𑐕𑐵𑐫𑐱𑐸𑐎𑐶𑑑𑐖𑑀𑐣𑐵𑐫𑐵𑐫𑐩𑐢𑐸𑐥𑐬𑑂𑐎𑑂𑐎𑐫𑐵𑐟𑐡𑑄𑑑𑐡𑐾𑐰𑐳𑑂𑐟𑐡𑐎𑑂𑐲𑐶𑐞𑐵𑐡𑑄𑑒𑐴𑑀𑐩𑐫𑐵𑐟𑐡𑑄𑑖𑐥𑐹𑐖𑐵𑐰𑐵𑐬𑐶𑐥𑐵𑐴𑑂𑐩𑐳𑑂𑐟𑑄𑐡𑑄𑑑𑑐𑐠𑑂𑐰𑐟𑐾𑐡
6dca0466,𑐡𑐶𑐰𑑂𑐫𑑁𑐲𑑂𑐲𑐢𑑄𑑍𑐡𑐾𑐰𑑄𑐣𑑁𑐩𑐶𑐴𑐬𑐶𑑄𑐟𑑂𑐬𑐶𑐮𑑀𑐎𑐳𑐸𑐏𑐡𑑄𑐥𑑄𑐔𑐵𑐟𑑂𑐩𑐎𑑄𑐎𑐾𑐱𑐰𑑄𑑌𑐥𑐮𑐵𑐡𑐥𑑂𑐬𑐞𑐟𑑍𑐥𑑂𑐬𑐳𑐣𑑂𑐣𑐰𑐡𑐣
10f5z41z,𑑌𑑒𑑌𑐣𑐰𑐩𑑂𑐫𑐵𑑄𑐥𑐺𑐞𑑂𑐫𑐟𑐶𑐠𑑁𑐖𑑂𑐫𑐟𑐶𑐱𑐸𑐨𑐱𑐸
c5a2a383,𑐢𑑂𑐬𑐸𑐰𑐥𑑂𑐬𑐰𑑂𑐫𑐵𑐑𑐵𑐚𑐫𑑀𑐐𑐾𑑌𑐧𑐸𑐢𑐰𑐵𑐳𑐬𑐾𑑌𑐠𑑂𑐰𑐎𑐸𑐣𑑂𑐴𑐸𑐠𑑂𑐰𑐡𑐾𑐰𑐮𑐥𑑂𑐬𑐟𑐶𑐲𑑂𑐛𑐵𑐫𑐵𑐳𑑂𑐫𑑄𑐳𑐸𑐰𑐬𑑂𑐞𑐵𑐎𑐮𑐱𑐢𑑂𑐰𑐖𑐵𑐰𑐬𑑀𑐴𑐣𑐫𑐵𑐒𑐵𑐡𑐶𑐣𑐖𑐸𑐬𑑀𑑌𑐨𑐵𑐲𑐵
52902zza,𑐟𑐳𑑄𑑍𑐩𑐵𑐢𑐶𑐕𑐵𑐫𑐩𑐵𑐮𑐩𑑂𑐴𑑑𑐱𑑂𑐬𑐷𑐰𑐶𑐱𑑂𑐰𑐵𑐣𑐣𑑂𑐡𑐨𑐵𑐖𑐸𑑍𑐄𑐥𑐵𑐢𑑂𑐫𑐵𑑍𑐩𑑂𑐴𑑄𑑑𑐱𑑂𑐬𑐷𑐣𑐷𑐮𑐎𑐞𑑂𑐛𑐵𑐣𑐣𑑂𑐡𑐨𑐵𑐖𑐸𑑍𑐄𑐥𑐵𑐢𑑂𑐫𑐵𑑍𑐩𑑂𑐴𑑄𑑑𑐥𑐸𑐛𑐷𑐳𑑀𑐎𑐩𑑂𑐴𑐧𑑂𑐬𑐵𑐴𑑂𑐩
73cdbf28,𑐡𑐾𑐰𑐳𑐎𑐾𑐮𑐸𑐫𑐵𑐩𑐸𑐡𑐫𑐡𑐫𑐎𑑄𑐡𑑀𑐴𑑀𑐬𑐰𑐵𑐖𑐸𑐬𑑀𑑌𑐳𑐸𑐨𑐩𑐳𑑂𑐟𑐸𑐳𑐬𑑂𑐰𑑂𑐰𑐡𑐵𑑌
z85zzd07,𑐥𑐹𑐖𑐵𑐨𑐵𑑄𑐜𑐷𑐖𑑀𑑑𑐣𑐶𑐱𑑂𑐬𑐵𑐰𑐖𑑀𑑑𑐩𑐵𑐑𑐾𑐟𑐵𑑒𑐡𑐶𑐰𑐵𑐑𑐾𑐮𑐀𑑒𑐐𑐸𑐐𑐸𑐮𑐖𑑑𑐡𑑄𑑔𑐡𑐎𑑂𑐲𑐶𑐞𑐡𑐾𑐰𑐳𑑂𑐟𑐰𑐧𑑂𑐬𑐵𑐴𑑂𑐩
1z8da356,𑐡𑐩𑐫𑐶𑐟𑐸𑑄𑐟𑑂𑐬𑐵𑐟𑐸𑑄𑐳𑐸𑐴𑐺𑐟𑑂𑐳𑐖𑑂𑐖𑐣𑐵𑐣𑑂𑐨𑐹𑐩𑐶𑑄𑐨𑐹𑐲𑐫𑐶𑐟𑐸𑑄𑐟𑐩𑑅𑐳𑐩𑐫𑐶𑐟𑐸𑑄𑐎𑐬𑑂𑐟𑐸𑑄𑐰𑑂𑐫𑐰𑐳𑑂𑐠𑐵𑑄𑐳𑐟𑐷𑑄𑑋𑐰𑐶𑐡𑑂𑐰𑐵𑑄𑐳𑑀𑐣𑐩𑐫𑐣𑑂𑐟𑐶𑐨𑐹𑐥𑐟𑐶𑐐𑐖𑐵𑐣𑑂
946b0cf8,𑐱𑑂𑐬𑐷𑐩𑐕𑑂𑐬𑐷𑐱𑐵𑐎𑑂𑐫𑐳𑐶𑑄𑐴𑐾𑐟𑑂𑐫𑐵𑐡𑐶𑑐𑑌𑐡𑐵𑐣𑐥𑐟𑐶𑐖𑐖𑐩𑐵𑐣𑐣𑐾𑐥𑐵𑐮𑐩𑐞𑑂𑐜𑐮𑐾𑐱𑐵𑐣𑑂𑐟𑐶𑑄𑐑𑐟𑐳𑑂𑐠𑐵𑐣𑐾𑐠𑐵𑐫𑐩𑐡𑐸𑐟𑑀𑐮𑐣𑑂𑐴𑐸𑐧𑐵𑐴𑐵𑐮𑐳𑐔𑑀𑐣𑐩𑑂𑐴𑐳𑑂𑐠𑐵𑐥𑐶𑐟𑐣𑐵𑐫𑐎𑐖𑑀𑐐𑐰𑐷𑐬𑐟𑐳𑑂𑐫𑐨𑐵𑐬𑑂𑐫𑑂𑐫𑐵𑐖𑑂𑐘𑐵𑐣𑐶𑐠𑐎𑐸𑑄
6fb1707c,𑐥𑐹𑐖𑐵𑐨𑐵𑑄𑐜𑐷𑐖𑑀𑑑𑐣𑐶𑐱𑑂𑐬𑐵𑐰𑐖𑑀𑑑𑐩𑐵𑐑𑐾𑐟𑐵𑑒𑐡𑐶𑐰𑐵𑐑𑐾𑐮𑐀𑑒𑐐𑐸𑐐𑐸𑐮𑐖𑑑𑐡𑑄𑑔𑐡𑐎𑑂𑐲𑐶𑐞𑐡𑐾𑐰𑐳𑑂𑐟𑐰𑐧𑑂𑐬𑐵𑐴𑑂𑐩
a8424a15,𑐖𑑀𑐐𑐖𑑀𑐐𑐬𑐴𑐶𑐟𑑂𑐬𑐶𑐥𑐸𑐟𑑂𑐬𑐶𑐥𑐟𑐵𑐬𑐟𑐶𑐬𑐶𑐫𑐾𑐥𑐸𑐟𑑂𑐬𑐶𑐧𑐶𑐳𑑂‍𑐣𑐸𑐩𑐵𑐫𑐵𑐥𑑁𑐟𑑂𑐬𑐢𑐬𑑂𑐩𑑂‍𑐩𑐵
9a95c2cf,𑐞𑐷𑐡𑐾𑐰𑐧𑑂𑐬𑐵𑐴𑑂𑐩𑐞𑐥𑐹𑐖𑐎𑑋𑐣𑐵𑐩𑑂𑐣𑐵𑐩𑐬𑑀𑐴𑐬𑐥𑐬𑑄𑐳𑐶𑑄𑐴𑐰𑐶𑐏𑑂𑐫𑐵𑐟𑐬𑐵𑐩𑐎𑐩𑐖𑐸𑐣𑐷
a4a1c98z,𑐟𑑂𑐬𑐱𑑂𑐬𑐷𑐬𑐟𑑂‍𑐣𑑅𑐡𑑂𑐧𑐶𑐟𑐶𑐫𑐥𑐸𑐟𑑂𑐬𑐢𑐣𑐬𑐟𑑂‍𑐣𑐟𑐺𑐟𑐶𑐫𑐥𑐸
faazf696,𑐟𑐶𑐦𑐮𑐾𑐡𑐫𑐎𑐵𑐰𑐸𑐥𑐟𑐶𑐳𑑂𑐠𑐵𑐫𑐵𑐒𑐵𑐡𑐶𑐣𑐖𑐸𑐬𑑀𑑋𑐬𑑂𑐰𑐏𑐬𑑂𑐰𑐏𑐞𑐰𑐸𑐱𑐵
d9d73833,𑑊𑐱𑑂𑐬𑐷𑑓𑐮𑐎𑑂𑐲𑑂𑐩𑐷𑐣𑐵𑐬𑐵𑐫𑐞𑐵𑐫𑐣𑐩𑑅𑑌𑐱𑑂𑐬𑐷𑑓𑐄𑐩𑐵𑐩𑐴𑐾𑐱𑑂𑐰𑐬𑐵𑐫𑐣𑐩𑑅𑑌𑑌𑐮𑐎𑑂𑐲𑑂𑐩𑐷𑐣𑐵𑐬𑐵𑐫𑐞𑐵𑑄𑐢𑑂𑐫𑐵𑐫𑐾
13bzd897,𑐄𑐟𑑂𑐥𑐟𑑂𑐟𑐶𑐖𑐸𑐳𑑂𑐫𑑄𑐣𑑂𑐴𑐵𑐥𑐵𑐫𑐵𑐐𑐸𑐔𑐿𑐟𑑂𑐫𑐖𑐶𑐣𑐖𑐸𑐫𑐵𑐌𑐒𑐐𑐸𑑌𑐩
09d56f01,𑐱𑑂𑐬𑐷𑐱𑑂𑐬𑐷𑐳𑐸𑐩𑐟𑐶𑐖𑐫𑐖𑐶𑐟𑐵𑐩𑐶𑐟𑑂𑐬𑐩𑐮𑑂𑐮
3df17a96,𑐔𑐵𑐬𑑂𑐫𑑂𑐫𑐥𑐬𑐶𑐏𑐡𑐾𑐰𑐣𑐠𑐌𑐟𑐣𑐵𑐩𑐣𑐱𑑂𑐬𑐷𑑓𑐧𑐖𑑂𑐬𑐳𑐟𑑂𑐰𑐥𑑂𑐬𑐟𑐶𑐩𑐵𑐡𑐫𑐎𑐵𑐖𑐸𑐬𑑀𑑌
7d62fz6c,𑐩𑑄𑐐𑐮𑐳𑐮𑐸𑐫𑐠𑑂𑐰𑐎𑑀𑐣𑑂𑐴𑐸𑐩𑑂𑐴𑑄𑐒𑐵𑑕𑐳𑐵𑐴𑐫𑐵𑐌𑐂𑐣𑐵𑐫𑐎𑑀𑐳𑑄𑐳𑐵𑐣𑐎𑐾
315b2124,𑐥𑑄𑐔𑐬𑑀𑐥𑐞𑐶𑐎𑑄𑐬𑑀𑐰𑐒𑐵𑑕𑑍𑐀𑐦𑐮𑐰𑐸𑐎𑑂𑐲𑐾𑐟𑑂𑐬𑐟𑑂𑐬𑐫𑐬𑑀𑐥𑐞𑐶𑐎𑑄𑐬𑑀𑐰𑐳𑑂𑐰𑑓𑐕𑑀𑐀𑐦𑐮𑐎𑑂𑐲𑐾𑐟𑑂𑐬𑐥𑑄𑐔𑐬𑑀𑐥𑐞𑐶𑐎𑐬𑑀𑐰𑐒𑐵𑑕𑑍𑐂𑐡𑑀𑐮𑐎𑑂𑐲𑐾𑐟𑑂𑐬𑑄
9ffd5c20,𑐬𑑂𑐰𑑂𑐰𑐟𑑂𑐫𑐴𑐰𑐷𑑄𑐥𑑂𑐬𑐱𑐵𑐣𑑂𑐟𑐵𑑄𑐟𑐩𑑂𑐧𑑁𑐡𑑂𑐢𑐣𑐵𑐐𑑄𑐱𑐶𑐬𑐳𑐵𑐣𑐩𑐵𑐩𑐶𑑌𑐳𑐵𑐎𑐵𑐬𑐵𑐔𑐣𑐶𑐬𑐵𑐎𑐺𑐟𑐶𑐬𑑂𑐨𑐐𑐰𑐟𑐷𑐥𑑂𑐬𑐵
5241d1c8,𑐬𑑀𑑍𑐖𑐫𑐟𑐬𑐵𑐖𑐨𑐵𑐬𑑀𑑍𑐰𑐶𑐎𑐸𑐨𑐵𑐬𑑀𑑍𑐎𑐸𑐳𑐸𑐩𑐬𑐵𑐖𑐨𑐵𑐬𑑀𑑍𑐖𑐫𑐟𑑂𑐬𑐵𑐖𑐾
c5c42czz,𑐫𑐵𑐫𑑍𑐦𑑄𑑕𑑐𑐳𑐨𑐸𑑄𑑍𑐥𑐵𑐣𑐧𑐶𑐫𑑍𑐨𑐹𑑄𑑑𑑐𑐳𑐧𑐸𑑄𑐮𑐵𑐴𑐵𑐟𑐶𑐣𑐧𑐶𑐫𑐎𑐸𑑓𑐩𑑂𑐰𑐵𑐟𑑍𑐎𑐸𑑒𑐮
zfcb6d3a,𑐬𑐳𑑄𑐩𑐶𑐟𑐾𑐧𑐸𑐢𑐡𑐶𑐣𑐾𑐣𑐾𑐥𑐵𑐮𑐳𑐵𑐎𑐾
76aadc8f,𑐨𑐶𑐟𑐵𑐥𑐶𑐱𑐵𑐴𑐵𑑅𑑋𑐟𑐿𑐬𑑂𑐧𑑂𑐧𑐶𑐡𑑂𑐫𑐟𑐵𑐡𑐱𑐧𑐮𑐾𑐣𑐫𑐡𑐵𑐴𑐶𑐥𑑂𑐬𑐵𑐥𑑂𑐟𑐵𑑅𑑍𑐳𑑄𑐎𑐳𑑂𑐫𑐶𑐟𑐵𑑅𑐡𑐱𑐡𑐶
04084958,𑐟𑑂𑐣𑐥𑑂𑐬𑐴𑐵𑐫𑐔𑐶𑐬𑑂𑐟𑑂𑐟𑐿𑐧𑐬𑐸𑐥𑐵𑐫𑐎𑐸𑐮𑐶𑐱𑑀𑐡𑑂𑐨𑐧𑐵𑐫𑐟𑐳𑑂𑐟𑑂𑐬𑐥𑐬𑐶𑐩𑑂𑐣𑐵𑐫𑐥𑑂𑐬𑐳𑑄𑐨𑐸𑐣𑐶𑐨𑐫𑑅𑑋𑑋
z78z9556,𑐫𑐳𑐩𑐫𑐧𑐵𑐴𑐵𑐬𑐫𑐵𑐧𑐵𑐳
fb06033d,𑐫𑐸𑐐𑐵𑐡𑐶𑐣𑑁𑐩𑐶𑐱𑐸𑐎𑑂𑐮𑐰𑐵𑐬𑐩𑐸𑐳𑑄𑐧𑐵𑐴𑐵
0fb66da8,𑐠𑑂𑐰𑐀𑐒𑐳𑑂𑐫𑐬𑐒𑐵𑐳𑐾𑑄𑑍𑐳𑐸𑐣𑐵𑐣𑑄𑐮𑑂𑐴𑑀𑐣𑐾𑐟𑐾𑐰𑐖𑐸𑐬𑑀𑑍𑐠𑑂𑐰𑐳𑐵𑐴𑐵𑐳𑐣𑑍𑐬𑑀𑐴𑑀
128fzc48,𑐳𑐸𑐧𑐬𑑂𑐞𑑂𑐞𑐳𑑂𑐩𑐾𑐟𑐫𑐵𑐱𑑂𑐬𑐷
98d4f67c,𑑊𑑉𑐣𑐩𑑅𑐱𑑂𑐬𑐷𑐧𑐖𑑂𑐬𑐢𑐵𑐟𑐰𑐾𑑌𑑌𑐣𑐩𑐳𑑂𑐟𑐸𑐔𑐿𑐟𑑂𑐫𑐵𑐫𑐳𑐐𑐟𑐵𑐮𑐫𑐵𑐫𑐰𑐶𑐱𑐸𑐡𑑂𑐢𑐬𑐸𑐥𑐵𑐫𑐡𑐸𑐬𑐶𑐟𑐵𑐥𑑂𑐬𑐴𑐵𑐫𑑌𑐔𑐶𑐟𑐿𑐧𑐬𑐸𑐥𑐵𑐫𑐎𑐸𑐱𑑂𑐰𑑀𑐟𑑂‌𑐨𑐰𑐵𑐫𑐟𑑄𑐔𑐿𑐟𑑂𑐫𑐬𑐸𑐥𑐵𑐫𑐥𑑂𑐬𑐣𑐩𑐵𑐩𑐶𑐨𑐸𑐫𑑌𑑌𑐀𑐡𑑂𑐫
9b32117d,𑐥𑐥𑑂𑐬𑐖𑑂𑐰𑐵𑐬𑐶𑐟𑐫𑐵𑐒𑐵𑐡𑐬𑑂𑐱𑐣𑐢𑐵𑐬𑐷𑐡𑐵
dz663ab5,𑐧𑐾𑐏𑐵𑐮𑐎𑑂𑐲𑑂𑐩𑐷𑑋𑑋𑐖𑑀𑐐𑐢𑐬𑑋𑑋𑐐𑐖𑐮𑐎𑑂𑐲𑑂𑐩𑐷𑑋𑑋𑐩𑐸𑐣𑐶𑐢𑐬𑑋𑑋
5385620d,𑐱𑑂𑐬𑐷𑐩𑐟𑑂𑐟𑑂𑐬𑐶𑐮𑑀𑐎𑐷𑐥𑐟𑐾𑑍𑐧𑑂𑐬𑐴𑑂𑐩𑑀𑐟𑑂𑐟𑑄𑐳𑐩𑐬𑐷𑐔𑐶𑐩𑐵𑑄𑐳𑐮𑐥𑐡𑐵𑐩𑑂𑐨𑑀𑐖𑐵𑐫𑐟𑐸𑐨𑑂𑐫𑐣𑑂𑐣𑐩𑑅𑑋𑐟𑐸𑐨𑑂𑐫𑑄𑐣𑐵𑐠𑐣𑐩𑑀𑐣𑐩
5afd6095,𑐞𑐶𑐐𑑂𑐮𑐵𑐢𑐶𑐥𑐟𑐶𑑍𑐣𑐾𑐥𑐵𑐮𑐾𑐱𑑂𑐰𑐬𑑍𑐳𑐎𑐮𑐬𑐵𑐖𑐵𑐖𑐾𑐱𑑂𑐰𑐬𑐩𑐵𑐣𑐩𑐵𑐣𑑀𑐣𑑂𑐣𑐟𑑍𑐩𑐴𑐵𑐬𑐵𑐖𑐵𑐢𑐶𑐬𑐵𑐖𑑍𑐱𑑂𑐬𑐷𑐱𑑂𑐬𑐷𑐖𑐫𑐰𑐶𑐲𑑂𑐞𑐸𑐩𑐮𑑂𑐮𑐡𑐾𑐰𑐥𑑂𑐬𑐨𑐸𑐠𑐵𑐎𑐸𑐬
c5zf56cz,𑑉𑐣𑐩𑑅𑐱𑑂𑐬𑐷𑐩𑐡𑑂𑐬𑐵𑐬𑑂𑐫𑑂𑐫𑐵𑐰𑐮𑑁𑐎𑐶𑐟𑐾
81d999d4,𑐖𑐩𑐎𑐞𑑂𑐜𑐶𑐎𑐵𑐫𑐳𑐴𑐶𑐟𑑀𑐫𑑀𑐐𑐩𑑂𑐧𑐬𑑀𑐣𑐵𑐫𑐎𑑅𑐳𑐬𑑂𑐰𑑂𑐰𑐥𑐬𑑂𑐞𑑂𑐞𑑅𑐥𑐬𑐩𑐵𑐡𑐶𑐧𑐸𑐡𑐨𑐐𑐰𑐵𑐣𑐰𑐣𑑂𑐡𑐾
ac6a9aa2,𑐟𑑂𑐬𑐵𑐬𑑀𑐴𑐣𑐫𑐵𑐫𑑌𑑌𑐠𑑂𑐰𑐟𑐾𑐄𑐥𑐔𑐵𑐬𑐡𑐫𑐎𑑄𑐔𑐟𑑂𑐬𑐱𑐸𑐎𑑂𑐮𑐟𑑂𑐬𑐫𑑀𑐡𑐱𑐷𑐡𑐩𑐣𑐵𑐬𑑀𑐴𑐣𑐫𑐵𑐫𑑌𑑌𑐖𑑂𑐫𑐾𑐲𑑂𑐛𑐱𑐸𑐎𑑂𑐮
340b22d2,𑐥𑐩𑐢𑐮𑐶𑐥𑐸𑐟𑑂𑐬𑐀𑐲𑑂𑐟𑐳𑐶𑑄𑐴𑐎𑐳𑐾𑐨𑐵𑐬𑑂𑐫𑐵𑐖𑐫𑐰𑐣𑑂𑐟𑐷𑐡𑑂𑐰𑐶𑐟𑑂𑐫𑐢𑐬𑑂𑐩𑑂‍𑐩𑐵𑐟𑐳𑑂𑐫
cz0a928d,𑐳𑑂𑐠𑐵𑐣𑐳𑑂𑐫𑑍𑐂𑐴𑐾𑐰𑐥𑐹𑐞𑑂𑐫𑐨𑐹𑐩𑑌𑐀𑐡𑑂𑐫𑑅𑐱𑑂𑐬𑐵𑐰𑐞𑐩𑐵𑐳𑑂𑐫𑐱𑐎𑑂𑐬𑐥𑐎𑑂𑐲𑐟𑐺𑐟𑐶𑐫𑐵𑐟𑐶𑐠𑑁𑑍𑐥𑐹
7d800827,𑐎𑐬𑑂𑐲𑑓𑐣𑐶𑐩𑐾𑐡𑐶𑐧𑐸𑐮𑑀𑑑𑐠𑑂𑐰𑐟𑐾𑐫𑐵𑐧𑐮𑐳𑐵𑐣𑐣𑐴𑑄𑐣𑐎𑐵𑐬𑑂𑐟𑑂𑐟𑐶𑐎𑐣
9216f28z,𑐬𑐡𑐱𑐩𑑂𑐫𑐵𑑄𑐟𑐶𑐠𑑁𑐄𑐟𑑂𑐟𑐬𑐨𑐡𑑂𑐬𑐥𑐬𑐬𑐾𑐰𑐟𑐷𑐣𑐎𑑂𑐲𑐟𑑂𑐬𑐳𑑁𑐨𑐵𑐐𑑂𑐫
c704z63a,𑐩𑐵𑐣𑐑𑐬𑑀𑐎𑐵𑐱𑑂𑐫𑐥𑑀𑐖𑐵𑐨𑐵𑐖𑐸
b16zb501,𑐫𑐳𑐾𑑄𑐰𑐵𑐫𑐩𑐵𑐬𑐖𑐸𑐬𑑀𑐨𑐵𑐏𑐵𑐠𑑂𑐰𑐫𑐵𑐐𑐸𑐠𑐶𑐎𑐟𑐎𑐾𑐐𑐸𑐬𑐸𑐥𑐡𑑂𑐩𑐢𑑂𑐬𑐢𑐬𑑂𑐩𑑂𑐩𑐎𑑂𑐬𑑍𑐟𑐥𑐵𑐡𑐾𑐌𑑍𑐳𑑂𑐰𑐳𑑂𑐟𑐶𑐡𑐾𑐌𑐬𑐕𑐾𑐩
29cc97dd,𑐴𑐩𑐴𑐵𑐰𑐶𑐴𑐵𑐬𑐾𑐲𑑂𑐛𑐶𑐟𑐩𑐥𑐶𑐎𑐸𑐮𑐩𑐵𑐣
0f2715fa,𑐥𑑂𑐬𑐵𑐟𑐶𑐣𑑍𑐎𑐵𑐫𑐧𑐵𑐱𑑂𑐬𑐣𑑀𑐖𑐣𑐶𑑄𑐟𑐳𑐎𑐮𑐥𑐵𑐥𑐲𑑂𑐚𑐫𑐵
db3b148b,𑐳𑐢𑐬𑑂𑐩𑑂𑐩𑐳𑐵𑐮𑐵𑐔𑐥𑐵𑐮𑐡𑐫𑐎𑐵𑐱𑑂𑐬𑐷𑐳𑐶𑐡𑑂𑐢𑐶𑐎𑐵𑐮𑐶𑐎𑐵
57a3500b,𑐰𑐱𑐵𑐎𑑂𑐫𑐱𑐵𑐎𑑂𑐫𑐨𑐶𑐎𑑂𑐲𑐸𑐱𑑂𑐬𑐷𑐖𑐸𑐐𑐶𑐡𑐾𑐰𑐠𑐸𑐟𑐶𑐢𑐬𑑂𑐩𑐐𑑀𑐲𑑂𑐛𑐶𑐳𑐩𑐹𑐔𑐫𑐳𑑄𑐨𑐵𑐲𑐣
bb735748,𑐥𑐱𑐸𑐥𑐟𑐶𑐥𑐵𑐡𑐥𑐵𑐠𑑀𑐖𑐥𑐬𑐵𑐐𑐬𑐵𑐐𑐶𑐟𑐱𑑂𑐬𑐷𑐩𑐣𑑂𑐩𑐵𑐣𑐾𑐱𑑂𑐰𑐬𑐷𑐲𑑂𑐚𑐡𑐾𑐰𑐟𑐵𑐰𑐬𑐮𑐎𑑂𑐲𑐥𑑂𑐬𑐳𑐵𑐡𑐡𑐾
d443c117,𑐣𑐢𑐵𑐬𑐶𑐴𑐵𑐎𑐸𑐣𑐵𑐠𑐳𑑂𑐟𑑂𑐬𑐷𑐐𑑄𑐐𑐵𑐬𑐵𑐩𑐫𑐷𑐥𑐸𑐟𑑂𑐬
88bcz4z0,𑐡𑐎𑐣𑐶𑐬𑑂𑐩𑑂𑐩𑐶𑐟𑑄𑐳𑐸𑐰𑐶𑐢𑐶𑐧𑐟𑑂𑐕𑐟𑑂𑐰𑐵𑐥𑑂𑐬𑐟𑐶𑐲𑑂𑐛𑐵𑑄𑐥𑐬𑐵𑑄𑐳𑑂𑐰𑐾𑐲𑑂𑐛𑐱𑑂𑐬𑐷𑐥𑐳𑐶𑐟𑐸𑐲𑑂𑐛
73cbb9a8,𑐟𑐶𑐧𑐵𑐳𑐬𑐾𑑍𑐩𑐾𑐲𑐬𑐵𑐳𑐶𑐐𑐟𑐾𑐳𑐰𑐶𑐟𑐮𑐶𑑍𑐰𑐺𑐲𑐬𑐵𑐳𑐶𑐐𑐟𑐾𑑍𑐔𑐣𑑂𑐡𑑂𑐬𑐩𑐳𑐶𑑌
b19d2152,𑐬𑐶𑑍𑐩𑐷𑐣𑐬𑐵𑐱𑐶𑐐𑐟𑐾𑐔𑐣𑑂𑐡𑑂𑐬𑐩𑐳𑐶𑑌𑐟𑐳𑑂𑐩𑐶𑐣𑑂𑐡𑐶𑐣𑐾𑐎𑐶𑐬𑑂𑐟𑑂𑐟𑐶𑐥𑐸𑐬𑐶𑐫𑐵𑐔𑐵𑐦𑐬𑐰𑑄𑐟𑐵
d02c74d9,𑑉𑐣𑐩𑑅𑐱𑑂𑐬𑐷𑑓𑐴𑐾𑐬𑐸𑐎𑐰𑐖𑑂𑐬𑐵𑐫𑑋𑑋𑐰𑐖𑑂𑐬𑐳𑐟𑑂𑐰𑐣𑐩𑐩𑑂𑐟𑐸𑐨𑑂𑐫𑑄𑑍𑐟𑐿
d7043236,𑐥𑐵𑐥𑐬𑐵𑐎𑐖𑐸𑐫𑐵𑐫𑑋𑑋𑐳𑐸𑐣𑐵𑐣𑑄𑑍𑐠𑑂𑐰𑐦𑐬𑐾𑐳𑐰𑑄𑐥𑐸𑐒𑐣𑑄𑑍𑐐𑐵𑐣𑐥𑐸𑐒𑐣𑐨𑐶𑐣𑐎𑑄𑐣𑐶𑐡𑐵𑐣
d27f2169,𑐰𑐵𑐥𑐸𑐫𑐩𑐵𑐮𑐨𑑀𑐕𑐶𑐩𑐸𑐒𑐵𑐰𑐰𑐶𑐔𑑂𑐕𑑂𑐫𑐵𑐨𑑀𑐖𑐣𑐫𑐵𑐫𑐩𑐵𑐬𑑋𑑋𑑋𑑋𑑊𑐳𑐩𑑂𑐰𑐟𑑂
448584d2,𑐄𑐟𑑂𑐟𑐨𑐡𑑂𑐬𑐣𑐎𑑂𑐲𑐟𑑂𑐬𑐾𑐥𑑂𑐬𑐷𑐟𑐶𑐖𑑀𑐐𑐾𑐳𑑂𑐰𑐩𑐰𑐵𑐳𑐬𑐾𑐠𑑂𑐰𑐎𑐸𑐣𑑂𑐴𑐸𑐳𑑄𑐥𑐹𑐬𑑂𑐞𑐥𑑂𑐬𑐟𑐶𑐲𑑂𑐛𑐵𑐫𑐵𑐒𑐵𑐡𑐶𑐣𑐖𑐸𑐬𑑀𑐱𑐸𑐨
b286f4cz,𑐳𑐰𑐶𑐔𑐵𑐮𑐫𑐵𑐫𑐟𑐵𑑍𑐩𑐢𑑄𑐡𑐵𑐣𑐵𑐫𑐎𑑍𑐠𑐎𑐸𑑄𑐩𑐫𑐷𑑍𑐢𑐣𑐩𑐫𑐷𑑍𑐡𑐾𑐰𑐮𑐎𑑂𑐲𑑂𑐩𑐷
zfcb8a43,𑐎𑐖𑐸𑐬𑑀𑑍𑐠𑑂𑐰𑐟𑐶𑐮𑑂𑐴𑐵𑐳𑐾𑐟𑐎𑑀𑐫𑐵𑐟𑐳𑐵𑐩𑐴𑐵𑐥𑐸𑐣𑑂𑐫𑐮𑐵𑐎𑐖𑐸𑐬𑑀𑑌𑐠𑑀𑐐𑐸𑐬𑐮𑑀𑐴𑑀𑐫𑐵𑐳𑐶𑑄𑐴𑐵
f8zb1329,𑐧𑑄𑐮𑐵𑐣𑐶𑐩𑑂𑐴𑐫𑐵𑐰𑐶𑐥𑑂𑐬𑐱𑑂𑐬𑐷𑐥𑐬𑐱𑐸𑐬𑐵𑐩𑐣𑐱𑑂𑐬𑐷𑐱𑑂𑐬𑐷𑐰𑐷𑐬𑐖𑐫𑐖𑑀𑐐𑐣𑐬𑐾𑐣𑑂𑐡𑑂𑐬𑐩𑐮𑑂𑐮𑐡𑐾𑐰𑐥𑑂𑐬𑐨𑐸𑐠𑐵𑐎𑐸𑐮𑐫𑐵
41cz9610,𑐥𑐵𑐥𑐬𑐵𑐎𑐖𑐸𑐫𑐵𑐫𑑋𑑋𑐳𑐸𑐣𑐵𑐣𑑄𑑍𑐠𑑂𑐰𑐦𑐬𑐾𑐳𑐰𑑄𑐥𑐸𑐒𑐣𑑄𑑍𑐐𑐵𑐣𑐥𑐸𑐒𑐣𑐨𑐶𑐣𑐎𑑄𑐣𑐶𑐡𑐵𑐣
ddzad411,𑐳𑑂‍𑐠𑐵𑐥𑐣𑐥𑐟𑐶𑐠𑐵𑐫𑐵𑐣𑐵𑐡𑐶𑐣𑐖𑐸𑐣𑐵𑑅𑐱𑑂𑐬𑐷𑑓𑐳𑐸𑐖𑐶𑐣𑑂‍𑐡𑑂𑐬𑐧𑐶𑐎𑑂𑐬𑐩𑐳𑐵𑐴𑐾𑐧𑐫𑐵𑐳
6bb6981c,𑐊𑐩𑐟𑐶𑐡𑐫𑐎𑐵𑐖𑐸𑐬𑑀𑐦𑐵𑐮𑑂𑐐𑐸
z3368b13,𑐡𑐾𑐧𑐥𑑂𑐬𑐩𑐹𑐲𑐣𑐖𑐖𑐩𑐵𑐣𑐖𑐏𑐬𑐵𑐖𑐨𑐵𑐬𑑀
f0ab1c53,𑐱𑐵𑐎𑑂𑐫𑐨𑐶𑐎𑑂𑐲𑐸𑐱𑑂𑐬𑐷𑐖𑐶𑐣𑐶𑐱𑐵𑐎𑑂𑐫𑐨𑐶𑐎𑑂𑐲𑐸𑐱𑑂𑐬𑐷𑐬𑐟𑑂𑐣𑐔𑐣𑑂𑐡𑑂𑐬𑐱𑐵𑐎𑑂𑐫𑐨𑐶𑐎𑑂𑐲𑐸𑐰𑐾𑐏𑐵𑐳𑐶𑑄𑐴
5d082a09,𑐬𑑂𑐖𑑂𑐫𑐵𑐬𑐵𑐩𑐵𑐫𑐵𑑅𑐎𑐣𑑂𑐫𑐳𑑂𑐟𑐨𑐵𑐬𑑂𑐖𑑂𑐫𑐵𑐬𑐟𑑂𑐣𑐡𑐾𑐰𑐶𑑅𑐩𑑀𑐟𑐶
5451218f,𑐧𑑄𑐮𑐵𑐣𑐶𑐩𑑂𑐴𑐫𑐵𑐰𑐶𑐥𑑂𑐬𑐱𑑂𑐬𑐷𑐥𑐬𑐱𑐸𑐬𑐵𑐩𑐣𑐱𑑂𑐬𑐷𑐱𑑂𑐬𑐷𑐰𑐷𑐬𑐖𑐫𑐖𑑀𑐐𑐣𑐬𑐾𑐣𑑂𑐡𑑂𑐬𑐩𑐮𑑂𑐮𑐡𑐾𑐰𑐥𑑂𑐬𑐨𑐸𑐠𑐵𑐎𑐸𑐮𑐫𑐵
53a8b271,𑐳𑐴𑐳𑑂𑐬𑐴𑑀𑐩𑐰𑐶𑐢𑐶𑐣𑐵𑐰𑐷𑐬𑐾𑐱𑑂𑐰𑐬𑑀𑐨𑐹𑐳𑐸𑐬𑑅𑑋𑐴𑑀𑐟𑐵𑐰𑐶𑐲𑑂𑐞𑐸𑐩𑐏𑑄𑐰𑐶𑐢𑐵𑐫𑐴𑐰𑐶𑐲𑐵𑐳𑑄𑐟𑐬𑑂𑐥𑑂𑐫𑐰𑐴𑑂𑐣𑐶𑑄𑐳𑐸𑐢𑐷𑑅𑐎𑐾𑐳𑐵𑐬𑐾𑑅𑐥𑑂𑐬𑐟𑐶
1c5c00dz,𑐔𑐸𑑒𑐠𑐸𑐮𑐶𑐌𑐮𑐳𑐵𑐣𑐞𑐡𑐸𑐠𑐾𑑍𑐳𑐾𑐐𑐸𑐳𑐟𑐶𑐳𑐵𑐔𑐶𑐣𑑂𑐣𑐵𑐮𑐫𑐵𑐫𑐧𑐵𑐟𑐮𑐳𑐔𑐿𑐟𑑂𑐫𑐫𑐵𑐧𑐸𑐳𑐵𑐢
7ad10f83,𑐳𑐶𑑄𑐴𑐵𑐳𑐣𑐳𑐩𑐾𑐰𑐳𑐸𑐣𑑄𑐔𑑀𑐣𑐾𑐩𑐡𑐸𑐔𑑀𑐣𑐳𑐵𑐩𑐴𑐵𑐬𑐵𑐖𑐵𑐫𑐵𑐐𑐸𑐞𑐵𑐴𑐵𑐐𑐵𑐬𑐖𑐸𑐬𑑀𑑌𑐠𑑂𑐰𑐀𑐎𑑂𑐲𑐬
z212d2ac,𑐫𑐩𑑂𑐩𑐵𑑍𑐡𑐟𑑀𑐮𑐷𑐮𑐥𑐸𑐬𑑂𑐰𑑂𑐰𑐵𑐳𑐬𑐳𑑂𑐰𑐟𑑂𑐫𑐳𑐶𑐟𑑂𑐰𑑄𑑌𑑑𑑓𑑌𑐂𑐟𑑂𑐠𑑄𑐳𑐡𑐵𑐳𑐵𑐢𑐎𑐵𑐳𑑂𑐰𑐵𑑄𑐩𑑂𑐟𑐸𑐰𑑂𑐬𑐣𑑂𑐟𑐶𑑍𑐟𑑂𑐰𑐩𑐎𑐵𑐖𑐐𑐟𑑂𑐬𑐵𑐞𑐎𑐬𑑂𑐟𑑂𑐟𑐷
2ffad1c8,𑐨𑐶𑐩𑐳𑐾𑐣𑑅𑐥𑑂𑐬𑐷𑐟𑐷𑐣𑑅𑐳𑐶𑑄𑐑𑐡𑐸𑐣𑑂𑐟𑐵𑐖𑐸𑐮𑑀𑑅𑐳𑐸𑐨𑑄𑑌
d270525a,𑐳𑐴𑑍𑐨𑐵𑐬𑑂𑐫𑑂𑐫𑐵𑐩𑐣𑑀𑐳𑑂𑐫𑐵𑐟𑑂𑐩𑐖𑐰𑐖𑑂𑐬𑐵𑐔𑐵𑐫𑐶𑐏
b9d88zff,𑐎𑑂𑐟𑑍𑐧𑐞𑑂𑐜𑐾𑑍𑐖𑑄𑐩𑑂𑐧𑐸𑑍𑐡𑐷𑐥𑐾𑑍𑐴𑐾𑐩𑐸𑐥𑐵𑐡𑐾𑑍𑐧𑐵𑐳𑐸𑐎𑐶𑐎𑑂𑐲𑐟𑑂𑐬𑐾𑑍𑐴𑐾𑐩𑐵𑐮𑐫𑐵𑑍𑐡𑐎𑑂𑐲𑐶𑐣
cz5f8c32,𑐳𑐥𑐸𑐬𑐵𑐨𑐵𑐬𑐶𑐳𑐰𑐰𑐵𑐐𑑀𑐥𑐵𑐮𑐬𑐵𑐩𑐩𑐵𑐩𑐢𑑄
f4ccc5dc,𑐱𑑂𑐬𑐷𑐱𑑂𑐬𑐷𑐱𑑂𑐬𑐷𑐢𑐩𑐢𑐵𑐟𑐸𑐔𑐿𑐟𑑂𑐫𑐖𑐶𑐬𑑂𑐞𑐄𑐢𑐵𑐬𑐫𑐵𑐒𑐵𑐳𑑂𑐬𑑀𑐳𑑂𑐟𑐸𑑌𑐳𑑄𑐩𑑂𑐧𑐟𑑂𑑘𑑑𑑒𑐧𑐿𑐳𑐵𑐲𑐎𑐺𑐲𑑂𑐞𑐊𑐎𑐵𑐡
6d898c70,𑐣𑐾𑐴𑑂𑐩𑐵𑐳𑑂𑐟𑐵𑐥𑐵𑐔𑐵𑐫𑐵𑐟𑐔𑐾𑐎𑐣𑐀𑐳𑑂𑐟𑐵𑑒𑐩𑐟𑐵𑐰𑑂𑐰𑐵𑐟𑑕𑑋𑑋𑐱𑑂𑐬𑐷𑐥𑐘𑑂𑐔𑐩𑐶
725cf5zf,𑐟𑐶𑐳𑐸𑐧𑐬𑑂𑐞𑑂𑐞𑐥𑐣𑐵𑐬𑐶𑐩𑐴𑐵𑐣𑐐𑐬𑐾𑑍𑐟𑑄𑐧𑐮𑐵𑐕𑐶𑐟𑑂‍𑐰𑐵𑐮𑐫𑐵𑑍𑐟𑐸𑐮𑐵𑐢𑐬𑑍𑐢𑐬𑑂𑐩𑑂𑐩𑐞𑐵𑐬𑐵𑐫𑐞
b2bd44b3,𑑊𑑉𑐣𑐩𑑅𑐱𑑂𑐬𑐷𑐥𑑄𑐔𑐟𑐟𑑂𑐰𑐵𑐟𑑂𑐩𑐣𑐾𑐣𑐵𑐬𑐵𑐫𑐞𑐫𑑋𑐫𑑄𑐰𑑂𑐬𑐮𑐾𑐣𑑂𑐡𑑂𑐬𑐩𑐸𑐣𑐷𑐣𑑂𑐡𑑂𑐬𑐔𑐣𑑂𑐡𑑂𑐬𑐰𑐶𑐰𑐢𑐵𑐢𑑂𑐫𑐵𑐫𑐣𑑂𑐟𑐶𑐴𑐟𑑂𑐥𑐒𑑂𑐎
54fz6d1b,𑐟𑑂𑐫𑐥𑐸𑐖𑐵𑐫𑐵𑐟𑐰𑐸𑐟𑐫𑐵𑐎𑐬𑑂𑐲𑑒𑐡𑑀𑐎𑑀𑐰𑐸𑐎
8za84ccb,𑐎𑑂𑐬𑐟𑐱𑑂𑐬𑐷𑐎𑐞𑑂𑐛𑐴𑐬𑑂𑐩𑑂𑐫𑐔𑐣𑑂𑐡𑑂𑐬𑐩𑐞𑑂𑐜𑐮𑐬𑐶𑐥𑐸𑐩𑐸𑐞𑑂𑐜𑐩𑐞𑑂𑐜𑐮𑐏𑐞𑑂𑐜𑐣𑐥𑑂𑐬𑐔𑐞𑑂𑐜𑐎𑐵𑐞𑑂𑐜𑐩𑐞𑑂𑐜𑐶𑐟𑐎𑑀𑐡𑐞𑑂𑐜𑐵𑐮𑐎𑑂𑐲𑐺𑐟
23d745da,𑐟𑐬𑑍𑐧‍𑐺𑐲𑐮𑐵𑐳𑐶𑐐𑐟𑐾𑐔𑑄𑐡𑑂𑐬‌𑐩𑐳𑐶𑐊𑐟𑐟𑐡𑐶𑐣𑐎‌𑐩𑐖𑐾𑐲𑑂𑐛𑐐𑐸𑐠𑐶𑐎
57b6072c,𑐩𑐵𑐩𑑂𑐫𑐴𑑄𑑋𑑋𑐱𑑂𑐬𑐷𑐴𑐾𑐬𑐸𑐎𑐥𑑂𑐬𑐷𑐟𑐶𑐣𑐎𑐵𑐣𑑂𑐟𑐶𑐥𑐸𑐬𑐶𑐩𑐴𑐵𑐣𑐐𑐬𑐾
d5345d31,𑐟𑐶𑐣𑐡𑐫𑐎𑐵𑐖𑐸𑐬𑑀𑑍𑑌𑐱𑐸𑐨𑑌
3zzcc7f6,𑐖𑐣𑐣𑐨𑑀𑐥𑐾𑐡𑐸𑐐𑐸𑐠𑐶𑐖𑐣𑐠𑑂𑐰𑐟𑐾𑑍𑐖𑑂𑐫𑐾𑐲𑑂𑐚𑐥𑐸𑐟𑑂𑐬𑐣𑐵𑐬𑐵𑑄
9080dc7a,𑐧𑐖𑑂𑐬𑐵𑐬𑑂𑐫𑐵𑐥𑑂𑐥𑐴𑐰𑐿𑑌𑑑𑑌𑐢𑐬𑑂𑐩𑐔𑐶𑐟𑑂𑐟𑐿
539c6b17,𑐐𑐸𑐖𑐸𑐬𑐶𑐕𑑀𑐎𑐵𑐳𑑂𑐫𑑄𑐥𑑂𑐬𑐟𑐶𑑄𑐳𑑂𑐠𑐵𑐫𑐵𑐒𑐵𑐖𑐸𑐬𑑀𑑍𑐐𑐖𑐸𑐬𑐷𑐕𑐵𑐳𑑂𑐫𑑄𑐢𑐸𑑄𑐐𑑂𑐰𑐖𑐸𑐬𑑀𑑌𑐠𑑂𑐰𑐰𑐾𑐬𑐳
6125c6zf,𑐟𑐐𑑂𑐬𑐎𑐾𑐟𑐎𑐎𑐸𑐩𑐸𑐡𑑄𑐎𑐵𑐱𑐎𑑁𑐩𑐸𑐡𑐷𑐎𑐵𑐩𑐶𑐣𑐷𑐎𑐥𑐎𑑂𑐲𑐎𑐵𑐣𑑂𑐟𑐵𑐎𑐬𑑂𑐞𑑂𑐜𑐸𑐬𑐖𑐟𑐎𑐸𑐞𑑂𑐜𑐮𑐎𑐵𑐣𑑂𑐟𑐶𑐎
d61acf44,𑐫𑐐𑑂𑐧𑐵𑐳𑐥𑐸𑐬𑐌𑑒𑐡𑐵𑐬𑐲𑐵𑐧𑐸𑐨𑐹𑐫𑐩𑐵𑐬𑑂𑐐𑐡𑑀𑐬𑐧𑐸𑐬𑐌𑑑𑑌𑐨𑐸𑐫𑐩𑐵𑐐𑐡𑐵𑐬𑐧𑐸𑐟
6bca8244,𑐟𑑂‍𑐥𑐟𑑂𑐣𑐷𑐮𑐎𑑂𑐲𑑂𑐩𑐷𑐡𑐾𑐰𑐷𑐣𑐡𑐫
668d3835,𑑊𑑉𑐀𑐡𑑂𑐫𑐱𑑂𑐰𑐫𑐟𑐧𑐵𑐮𑐵𑐖𑑂𑐘𑐵𑐎𑐮𑑂𑐥𑐾𑐧𑐰𑐱𑑂𑐰𑐟𑐩𑐣𑑀𑑄𑐟𑐬𑑍𑐎𑐮𑐶𑐐𑐸𑐖𑐸𑐐𑐨
0z8b1b8a,𑐫𑐵𑐔𑐎𑑄𑑍𑐨𑐵𑐏𑐵𑐠𑐠𑐸𑐮𑑂𑐴𑐟𑐶𑐎𑑂𑐰𑐧𑐸𑐬𑐰𑑒𑐨𑐸𑐫𑐎𑑂𑐰𑐠𑐸𑐮𑑂𑐴𑐸𑐟𑐶𑐎𑑂𑐰𑐧𑐸𑐮𑐰𑑒𑐔𑐸𑐬𑑒𑐨𑐸𑐫𑐟𑐶𑐔𑑀𑐡𑑂𑐰𑐬𑐧𑐸𑐬𑐰𑑕𑐠𑑂𑐰𑐟𑐾𑐫𑐵
db9z74ad,𑐐𑐸𑐞𑐏𑐐𑐱𑐶𑐎𑐵𑐬𑑂𑐟𑐶𑐎𑐾𑐱𑐸𑐎𑑂𑐮𑐥𑐎𑑂𑐲𑐾
419z584f,𑐑𑐵𑐟𑐰𑐣𑐵𑐥𑐔𑑀𑐒𑐄𑐗𑐵𑐣𑑍𑐬𑑀𑐰𑐣𑑂𑐴𑐳𑑗𑐠𑑂𑐰𑐟𑐾𑐫𑐵𑐰𑐬𑑂𑐲𑐥𑑂𑐬𑐟𑐶𑐰𑐬𑐳𑐵𑐣𑐩𑐸𑐗𑐰𑐔𑐣𑑂𑐡𑑂𑐬𑐩𑐸𑐣𑐶𑐰𑐡𑐾𑐖𑐸𑑍𑐢𑐬𑑂𑐩𑑂𑐩𑐱𑑂𑐬𑐷𑐰𑐡𑐾𑐖𑐸
z98940fz,𑐰𑐎𑐸𑐣𑑂𑐴𑐸𑐳𑐶𑑄𑐴𑐳𑐶𑑄𑐢𑐶𑐣𑐷𑑍𑐕𑐾𑐥𑐮𑐢𑐵𑐎
c49zaa5d,𑐎𑐾𑐢𑐎𑑄𑐢𑐵𑐬𑐳𑐵𑐡𑐾𑐰𑐫𑐵𑐳𑐸𑐡𑐶𑐳𑑂𑐟𑐷𑐮𑐵𑐎𑐖𑐸𑐬𑑀𑐨𑐶𑐒𑐵𑐱𑐸𑐨𑐩
d6974849,𑐳𑐩𑑂𑐰𑐟𑑂𑑗𑑕𑑗𑐩𑐵𑐑𑐩𑐵𑐳𑐎𑐺𑐲𑑂𑐞𑐥𑐎𑑂𑐲
fd71c6c9,𑐟𑑂𑐬𑐵𑐫𑐵𑐳𑑄𑐎𑑂𑐬𑐵𑐟𑐶𑐎𑐸𑐣𑑂𑐴𑐸𑐱𑑂𑐬𑐷𑑓𑐂𑐣𑐵𑐫𑐎𑐡𑐾𑐰𑐳𑑂𑐎𑐾𑐖𑐸𑑑𑐥𑐸𑐖𑐵𑑍𑐥𑐵𑑒𑐱𑑂𑐰𑐐𑑄𑐞𑐢𑐮𑐶𑐐𑑂𑐰𑑑𑐏𑐾
dcb009d9,𑐡𑐾𑐰𑐟𑑂‍𑐥𑐟𑑂𑐣𑐷𑐮𑐎𑑂𑐲𑑂𑐩𑐷𑐡𑐾
bbd8aff8,𑐩𑐟𑑂𑐫𑐵𑑅𑐥𑐸𑐬𑑂𑐧𑑂𑐧𑐎𑐸𑐮𑐾𑑌𑐐𑐵𑑄𑐐𑐸𑐮𑐥𑐚𑑂𑐚𑐣𑐾𑑌𑐁𑐬𑑂𑐫𑑂𑐫𑐵𑐧𑐬𑑂𑐟𑑂𑐟𑐡𑐾𑐱𑐾𑐱𑑂𑐬𑐷𑐩𑐟𑑂‍𑐎𑐵𑐣𑑂𑐟𑐶𑐥𑐹𑐬
46409b90,𑐖𑐫𑐳𑐩𑐫𑐧𑐵𑐴𑐵𑐬𑐫𑐵𑐧
a7bz9d88,𑐬𑐾𑑍𑐎𑐸𑑄𑐨𑐬𑐵𑐱𑐶𑐐𑐟𑐾𑐳𑐧𑐶𑐟𑐬𑐶𑐰𑐺𑐲𑐬𑐵𑐱𑐶𑐐𑐟𑐾𑐔𑐣𑑂𑐡𑑂𑐬𑐩𑐳𑐶𑑌𑐱𑑂𑐬𑐷𑑓𑐖
fc38688d,𑐐𑐣𑐬𑐾𑐣𑑂𑐡𑑂𑐬𑐩𑐮𑑂𑐮𑐥𑑂𑐬𑐨𑐸𑐠𑐵𑐎𑐸𑐬𑐣𑑍𑐣𑑂𑐴𑐥𑐵𑐫𑐵𑐩𑐞𑐶𑐩𑐞𑑂𑐜𑐥𑐖𑐷𑐬𑑂𑐞𑐖𑐸𑐫𑐵𑐰𑐣𑑂𑐴𑐸𑐬𑐡𑐫𑐎𑑄𑐧𑐶𑐖𑑂𑐫𑐵𑐒𑐵𑐰
af5cd229,𑐰𑐶𑐟𑐬𑐶𑐩𑐷𑐣𑐬𑐵𑐱𑐶𑐐𑐟𑐾𑐔𑐣𑑂𑐡𑑂𑐬𑐩𑐳𑐶𑑋𑑋𑑋𑑋𑐳𑐩𑑂𑐧𑐟𑑂𑑙𑑐𑑗𑐖𑑂𑐫𑐾𑐲𑑂𑐛𑐎𑐺𑐲𑑂𑐞
058zz812,𑑊𑑉𑐱𑑂𑐬𑐷𑐐𑑀𑐥𑐵𑐮𑐾𑐱𑑂𑐰𑐬𑐵𑐫𑑌𑐐𑑀𑐥𑐵𑐮𑐾𑐱𑑂𑐰𑐬𑐡𑐾𑐰𑑋
a2571b47,𑑊𑑉𑐣𑐩𑑅𑑌𑐱𑑂𑐬𑐾𑐫𑑀𑑇𑐳𑑂𑐟𑐸𑑌𑐳𑑄𑐰𑐟𑑂𑑗𑑔𑑗𑐩𑐵𑐑𑐱𑐸𑐎𑑂𑐮𑑌𑐥𑑄𑐔𑐩𑑂𑐫𑐵𑐣𑑂𑐟𑐶𑐠𑑁𑑌𑐄𑐟𑑂𑐟𑐬𑐨𑐡𑑂𑐬𑐣𑐎𑑂𑐲𑐟𑑂𑐬𑐾
6774fz99,𑐖𑐸𑐬𑑀𑑍𑐳𑐵𑐮𑐚𑑀𑐮𑐫𑐵𑐩𑐵𑐣
89zd3255,𑐟𑐬𑐵𑐳𑐶𑐐𑐟𑐾𑐳𑐰𑐶𑐟𑐬𑐾𑑍𑐳𑐶𑑄𑐴𑐬𑐵𑐳𑐶𑐐𑐟𑐾𑐔𑑄𑐡𑑂𑐬𑐩𑐳𑐶𑑌𑐟𑐳𑑂𑐩𑐶𑐡𑐶𑐣𑐾𑑌𑐂𑐟𑐸𑑄𑐧𑐵𑐴𑐵𑐬𑐌
bz06b1cf,𑐄𑐟𑑂𑐟𑐨𑐡𑑂𑐬𑐣𑐎𑑂𑐲𑐟𑑂𑐬𑐾𑐥𑑂𑐬𑐷𑐟𑐶𑐖𑑀𑐐𑐾𑐳𑑂𑐰𑐩𑐰𑐵𑐳𑐬𑐾𑐠𑑂𑐰𑐎𑐸𑐣𑑂𑐴𑐸𑐳𑑄𑐥𑐹𑐬𑑂𑐞𑐥𑑂𑐬𑐟𑐶𑐲𑑂𑐛𑐵𑐫𑐵𑐒𑐵𑐡𑐶𑐣𑐖𑐸𑐬𑑀𑐱𑐸𑐨
15f83880,𑐠𑑂𑐰𑐟𑐾𑐔𑐿𑐟𑑂𑐫𑐫𑐵𑐨𑐐𑐰𑐵𑐣𑐫𑐵𑑍𑐰𑐬𑑂𑐲𑐧𑐣𑑂𑐢𑐣𑐫𑐵𑐫𑐟𑐐𑑂𑐮𑐵𑐳𑐳𑐮𑐐𑐵𑐧𑐸𑐬𑑀𑑒𑐮𑑂𑐴𑐸𑐟𑐶𑐎𑑂𑐰𑐧𑐸
dfz3a62b,𑐱𑐸𑐨𑐳𑐩𑑂𑐰𑐟𑑂𑑘𑑑𑑙𑐰𑐿𑐱𑐵𑐲𑐎𑐺𑐲𑑂𑐞𑐫𑐬𑐶𑐡𑐾𑐰𑐟𑐟𑐵𑐨𑐵
3046a3zd,𑐁𑐬𑑀𑐖𑑂𑐘𑐊𑐳𑐸𑐫𑐖𑐣𑐢𑐣𑐮𑐎𑑂𑐲𑑂𑐩𑐷𑐳𑐟𑐟𑐶𑐳𑑄𑐟𑐵𑐣
64a1b715,𑐐𑑂𑐰𑐣𑐶𑐡𑐵𑐣𑐫𑐵𑐟𑐳𑐵𑐳𑑂𑐫𑐴𑐵𑐫𑐸𑐣𑐵𑐥𑐵𑐎𑐟𑐟𑐢𑐖𑐖𑐸𑐫𑐵𑐴𑐵𑐫𑐳𑐬𑐵𑐎𑐴𑐵𑐮𑑀𑑌𑐱𑐸𑐨
97988824,𑐴𑐵𑐄𑐖𑑀𑐐𑐶𑑌𑐠𑑂𑐰𑐟𑐾𑐖𑐶𑐩𑐔𑑂𑐫𑐵𑐩𑑂𑐴𑐨𑑀𑐩𑐸𑐒𑐵𑐰𑐖𑐶𑐬𑑂𑐞𑑂𑐞𑑀𑐡𑑂𑐢𑐵𑐬𑐫𑐵𑐒𑐣𑐁𑐰𑐣𑐔𑐶𑐒𑐵
5308b7f0,𑑊𑑉𑐣𑐩𑑅𑐬𑐟𑑂‍𑐣𑐟𑑂𑐬𑐫𑐵𑐫𑑌𑐀𑐞𑐱𑑀𑐬𑐶𑐬𑑂𑐩𑑂𑐩𑐮𑑀𑐟𑑂𑐨𑐹𑐟𑑀𑑍𑐣𑐶𑐲𑑂𑐥𑑂𑐬𑐥𑐘𑑂𑐔𑑅𑐐𑐸𑐞𑐵𑐱𑑂𑐬𑐫𑑅𑐥𑐘𑑂𑐔𑐳𑑂𑐎𑐥𑐵𑐟𑑂‍𑐩𑐣𑑂𑐣
ab69bazc,𑐒𑐵𑐖𑐸𑐮𑑀𑑍𑐊𑐟𑐾𑐲𑐵𑐖𑐖𑐩𑐵𑐣𑐳𑑂𑐫𑑋𑑋𑐁𑐫𑐸𑐬𑐵𑐮𑑀𑐐𑑂𑐫𑐖𑐣𑐢𑐣
54a343b7,𑐦𑑄𑑓𑑐𑐠𑐸𑐟𑐶𑐴𑐵𑐣𑐾𑑋𑑋𑐠𑑂𑐰𑐎𑐵𑐬𑑂𑐖𑐟𑑂𑐰𑐵𑐮𑐥𑐘𑑂𑐔𑐳𑐩𑐸𑐔𑐫𑐣𑐠𑑂𑐰𑐥𑐸𑐏𑐸𑐬
65b4z04d,𑐩𑐡𑐸𑐥𑑄𑐔𑐥𑐵𑐟𑐎𑐬𑐵𑐎
zz2z9335,𑐐𑐣𑐷𑐣𑑁𑐩𑐶𑐣𑐶𑐟𑑂𑐫𑑄𑑌𑑕𑑌𑐱𑐶𑐬𑑀𑐨𑐶𑐣𑑂𑐟𑑂𑐬𑐶𑐨𑐶𑐳𑑂𑐳𑑄𑐫𑐸𑐟𑐵𑐥𑐵𑐣𑐥𑐵𑐟𑐸𑑄𑑍𑐎𑐬𑐾𑐡𑐎𑑂𑐲𑐶𑐞𑐾𑑖𑐣𑐸𑐎𑑂𑐲𑐞𑑄𑐮𑐎𑑂𑐲𑐫𑐎𑐷𑑋
dc35a94z,𑐩𑐾𑐴𑐾𑐬𑐩𑐵𑐣𑐥𑐸𑐟𑑂𑐬𑐳𑐸𑐲𑐸𑐨𑐵𑐖𑐸𑐠𑑂𑐰𑐟𑐾𑐳𑐎𑐮𑐥𑐬𑐶𑐰𑐵𑐬𑐳𑐩𑑀𑐴𑑅𑐖𑐸𑐫𑐵𑐌𑐱𑑂𑐬𑐷
a9cb69a8,𑑊𑐳𑑂𑐰𑐳𑑂𑐟𑐶𑐱𑑂𑐬𑐷𑑓𑐔𑐞𑑂𑐜𑐾𑐱𑑂𑐰𑐬𑐷𑐨𑐰𑐵𑐣𑑂𑐫𑐣𑐩𑑅𑑋𑑋𑐐𑐞𑐾𑐱𑐵𑐫𑐩𑐴𑐾𑐱𑐵𑐫𑐣𑐵𑐛𑐾
c0dd4a26,𑐢𑑂𑐬𑐶𑐫𑐸𑐐𑑄𑐳𑑂𑐩𑐬𑐣𑑂𑐟𑐶𑐩𑐸𑐣𑐫𑑀𑐑𑐵𑐫𑐣𑑂𑐟𑐶𑐫𑐡𑑂𑐫𑑀𑐐𑐶𑐣𑑅𑐳𑑄𑐥𑐸𑐖𑑂𑐫𑐣𑑂𑐟𑐶𑐳𑐸𑐣𑐵𑑓𑐳𑐸𑐬𑐵𑑅𑐏
df268f4d,𑐬𑑀𑐥𑐹𑐖𑐵𑐨𑐞𑑂𑐜𑐷𑐖𑑀𑑑𑐳𑐵𑐢𑐮𑐶𑐥𑐵𑐟𑑔𑐳𑐵𑐡𑐸𑐡𑐸𑐥𑐵𑐟𑑔𑐑𑐾𑐮𑐀𑐲𑑂𑐚𑐵𑑑𑐎𑐳𑑂𑐟𑐶𑐀𑐲𑑂𑐚𑐵𑑑𑐳𑐵𑐏𑐀𑐲𑑂𑐚𑐵𑐡𑐶𑐰𑐵𑐑𑐾𑐮𑐀𑐲𑑂𑐚𑐵𑑒𑐐𑐸𑐐𑑂𑐐𑐸𑐬𑐸𑐖
50a74428,𑐩𑐣𑐨𑐫𑐳𑐎𑐮𑐎𑐮𑐵𑐰𑐶𑐮𑐵𑐳𑐩𑐫𑐎𑐩𑐣𑑂𑐣𑐵𑐢𑐬𑐵𑐢𑐶𑐥𑐳𑐩𑐳𑑂𑐟𑐥𑑂𑐬𑐎𑑂𑐬𑐶𑐫𑐵𑐰𑐶𑐬𑐵𑐖
fb6ffaf1,𑐬𑐩𑐴𑐵𑐣𑐐𑐬𑐀𑐳𑑂𑐰𑐎𑐩𑐡𑐥𑐢𑐵𑐮𑐵𑐗𑑂𑐫𑐾𑐟𑐵𑐩𑐐𑐮𑐥𑐸𑐊𑐎𑐎𑑂𑐲𑐫𑐵
581f9z8d,𑐣𑐶𑐲𑑂𑐚𑐱𑑂𑐬𑐷𑐖𑐱𑐡𑐾𑐰𑐳𑐨𑐵𑐬𑑂‍𑐫𑐵𑐱𑑂𑐬𑐷𑐱𑐹𑐨𑐮𑐎𑑂𑐲𑑂𑐩𑐷𑐳𑑌𑐠𑑂𑐰𑐟𑐾𑐡𑑂𑐰𑐶𑐖𑐧𑐬𑐳
d826b226,𑐫𑐵𑐒𑐵𑐖𑐸𑐬𑑀𑐢𑐶𑐖𑐶𑐠𑐶
ba1z8c9z,𑐬𑐟𑑂𑐣𑐟𑑂𑐬𑐫𑐵𑐫𑐣𑐩𑑌𑐣𑐩𑐱𑑂𑐬𑐷𑑓𑐢𑐬𑑂𑐩𑑂𑐩𑐢𑐵𑐟𑐸𑐧𑐾𑐣𑐩𑑌𑐁𑐎𑐵
8ccfda27,𑐖𑑀𑐟𑐶𑐧𑐸𑐬𑑀𑑑𑑋𑑋𑐮𑐵𑐐𑑄𑐧𑐸𑐬𑑀𑑑𑐳𑐩𑑂𑐧𑐸𑐟𑐶𑑄𑐧𑐸𑐎𑑂𑐬
d831z121,𑑌𑑒𑑌𑐣𑐰𑐩𑑂𑐫𑐵𑑄𑐥𑐺𑐞𑑂𑐫𑐟𑐶𑐠𑑁𑐖𑑂𑐫𑐟𑐶𑐱𑐸𑐨𑐱𑐸
fc27b93c,𑐱𑑂𑐬𑐵𑐰𑐞𑐱𑐸𑐡𑑂𑐢𑐷𑑑𑑔𑐱𑐸𑐨𑑋𑑋
9413f223,𑐱𑐷𑐖𑐶𑐎𑑀𑐥𑑂𑐬𑐖𑐵𑑍𑐰𑐵𑐳𑑂𑐟𑐸𑐣𑐵𑐐𑐥𑐹𑐖𑐵𑑍𑐥
31034041,𑑊𑐳𑐩𑑂𑐰𑐟𑑂𑑗𑑑𑑘𑐎𑐵𑐬𑑂𑐟𑑂𑐟𑐶𑐎𑐱𑐸𑐎𑑂𑐮𑐲𑐲𑑂𑐚𑐶𑐬𑐰𑐶𑐰𑐵𑐬𑐳𑐱𑑂𑐬𑐷𑑓𑐐𑑄𑐢𑐸𑐬
92250a1b,𑐎𑐹𑐬𑑂𑐩𑑂𑐩𑐔𑐵𑐳𑐣𑑋𑑋𑐟𑐳𑑂𑐠𑐵𑐐𑐸𑐥𑐴𑑂𑐩𑑀𑐥𑐬𑐶𑐴𑐾
z89580b0,𑑊𑐳𑑄𑐩𑑂𑐧𑐟𑑗𑑙𑑖𑐔𑐿𑐟𑐎𑐺𑐲𑑂𑐞
c5zf6zaf,𑐱𑐶𑐢𑑂𑐡𑐶𑐬𑐵𑐩𑐴𑐵𑐎𑐸𑐥𑐩𑑂𑐩𑐬𑐵𑐩𑐐𑐸𑐣𑐶𑐬𑐵𑐩𑐎𑐶𑐬𑑂𑐟𑑂𑐟𑐶𑐬𑐵𑐩
85146207,𑐟𑐵𑐬𑐎𑐸𑑖𑐥𑐹𑐬𑑂𑐰𑑂𑐰𑐥𑐵𑐏𑐵𑐨𑐹𑐩𑐎𑐵𑐰𑐐𑐸𑐠𑐶𑐳𑐡𑐵𑐣𑐖𑐸𑐳𑐬𑐵𑐫𑐖𑐸𑐬𑐬𑐵𑐐𑐖𑐸𑐬
d57db110,𑐴𑐵𑐞𑑂𑐜𑐳𑐎𑐾𑐟𑑀𑐬𑐞𑐟𑐫𑐵𑐧𑐶𑐫𑐸𑐱𑑂𑐬𑐷𑐐𑑀𑐥𑐶𑐣𑐳𑐶𑑄𑐴𑐖𑐶𑐰𑐣
d63d809a,𑐥𑐬𑐵𑐖𑐨𑐵𑐬𑑀𑑍𑐩𑐴𑐶𑐬𑐵𑐨𑐵𑐬𑑀𑑍𑐖𑑀𑐟𑐶𑐨𑐵𑐬𑑀𑑍𑐖𑐫𑐟𑐳𑐶𑑄𑐴𑐨𑐵𑐬𑑀𑑍𑐖𑑂𑐘𑐵𑑄𑐨𑐵
2f019597,𑐌𑐧𑐮𑐚𑑀𑐮𑐾𑐎𑐸𑐎𑑂𑐲𑐾𑐫𑐵𑐧𑑄𑐱𑐱𑐵𑐎𑑂𑐫𑐨𑐶𑐎𑑂𑐲𑐸𑑌𑐢
510d87dz,𑐣𑑂𑐴𑐶𑐟𑐵𑐬𑑂𑐠𑑌𑐣𑐾𑐥𑐵𑐮𑐳𑐩𑑂𑐰𑐟𑐿𑐳𑑂𑐩𑐶𑐣𑐥
695a675c,𑑊𑑉𑐣𑐩𑑅𑑌𑐱𑑂𑐬𑐾𑐫𑑀𑑇𑐳𑑂𑐟𑐸𑑌𑐳𑑄𑐰𑐟𑑂𑑗𑑔𑑗𑐩𑐵𑐑𑐱𑐸𑐎𑑂𑐮𑑌𑐥𑑄𑐔𑐩𑑂𑐫𑐵𑐣𑑂𑐟𑐶𑐠𑑁𑑌𑐄𑐟𑑂𑐟𑐬𑐨𑐡𑑂𑐬𑐣𑐎𑑂𑐲𑐟𑑂𑐬𑐾
57676f0z,𑑊𑐳𑐩𑑂𑐰𑐟𑑂𑑗𑑑𑑘𑐎𑐵𑐬𑑂𑐟𑑂𑐟𑐶𑐎𑐱𑐸𑐎𑑂𑐮𑐲𑐲𑑂𑐚𑐶𑐬𑐰𑐶𑐰𑐵𑐬𑐳𑐱𑑂𑐬𑐷𑑓𑐐𑑄𑐢𑐸𑐬
c9428752,𑐟𑑍𑐠𑑂𑐰𑐣𑐾𑐩𑑂𑐴𑑄𑐳𑑂𑐟𑐵𑐏𑐸𑐫𑐶𑐔𑐮𑐵𑐧𑐸𑐬𑑀𑑑𑐠𑐟𑐾𑐧𑐸𑐡𑐸𑐟𑐵𑐖𑐸𑐬𑑀𑑋𑑋𑐠𑑂𑐰𑐧𑐸𑐫𑐵𑐰𑐮𑐳𑐵𑐣𑑄𑐴𑐵𑐣𑐾𑐰𑐶𑐱𑑂𑐰𑐖𑐵
66za260d,𑐩𑐵𑐣𑐾𑐣𑐳𑑂𑐰𑐰𑐵𑐔𑐵𑐥𑐟𑐶𑐥𑐣𑑂𑐣𑐶𑐟𑐸𑐟𑐾𑐣𑑍𑐳𑑂𑐰𑐫𑐣𑐶𑐩𑐶𑐟𑐾𑐣𑑍𑐡𑐾
175a05f7,𑐎𑐳𑑂𑐫𑐥𑐸𑐟𑑂𑐬𑐴𑐬𑑂𑐲𑐣𑐬𑐳𑐶𑑄𑐣𑐷𑐩𑑂𑐴𑐢𑑄𑑍𑐩𑐸𑐣𑐶𑐢𑐣𑐎𑐳𑑂𑐫
b22781c2,𑐕𑐫𑑂‌𑐩𑐵𑐢𑐰𑐬𑐵𑐩𑐢𑑄𑐖𑐸𑐬𑐵𑐩𑐖𑐫𑐬𑐵𑐩𑐠𑐸𑐟𑐶𑐳𑐩𑐸𑐔𑐫𑐣𑐠𑑂𑐰𑐎𑑂𑐰
966bd811,𑐳𑑄𑐩𑑂𑐰𑐟𑑂𑐬𑑙𑑑𑑙𑐳𑐡𑐫𑐎𑐵𑐖𑐸𑐬𑑀𑑌𑐩𑑂𑐟𑐶𑐔𑐐𑐸𑐬𑐵𑐠𑑂𑐰𑑑𑑓𑐳𑐥𑐬𑐶𑐠𑐵𑐡𑐶𑑄
bcfc5096,𑐴𑐾𑐩𑐵𑐬𑑂𑐫𑐟𑐵𑐬𑐵𑐳𑐴𑐶𑐟𑐡𑑂𑐰𑐫𑐱𑐶𑐮𑐵𑐳𑑂𑐟𑑄
2z961b50,𑐰𑐵𑐳𑐬𑐾𑑌𑐠𑑂𑐰𑐎𑐸𑐣𑑂𑐴𑐸𑐥𑑂𑐬𑐟𑐶𑐳𑑂𑐠𑐵𑐫𑐵𑐒𑐵𑐡𑐶𑐣𑐖𑐸𑐬𑑀𑐠𑑂𑐠𑑂𑐰𑐀𑐐𑐜𑐮𑑂𑐴𑑀𑐒𑐵𑐫𑐵𑐱𑑂𑐬𑐷𑐱𑑂𑐬𑐷𑐥𑐬𑐩𑐾
9aab9b94,𑐕𑐥𑐬𑑂𑐧𑑂𑐧𑐟𑐫𑐵𑐧𑐵𑐮𑐳𑑚𑐔𑐿𑐟𑑂𑐫𑐡𑐫𑐎𑐵𑐟𑐫𑐵𑐖𑐸𑐮𑑌𑐠𑐸𑐐𑐸𑐥𑐸𑐞𑐾𑐣𑐡𑐶𑐧𑑄𑐐𑐟𑐥𑐶𑐟𑐵
z1z08168,𑑌𑑒𑑌𑐣𑐰𑐩𑑂𑐫𑐵𑑄𑐥𑐺𑐞𑑂𑐫𑐟𑐶𑐠𑑁𑐖𑑂𑐫𑐟𑐶𑐱𑐸𑐨𑐱𑐸
c3f89b47,𑐣𑐵𑐐𑐎𑐮𑐶𑐟𑐾𑐣𑐾𑐥𑐵𑐮𑐳𑐩𑐟𑐵𑐬𑐾𑐱𑐸𑐎𑐺
z79zcad1,𑐎𑑂𑐟𑐷𑐱𑑂𑐰𑐣𑐵𑐩𑑂𑐣𑐶𑐔𑐟𑐟𑑂𑐳𑐴𑑀𑐡𑐬𑐣𑐵𑐩𑐰𑑋𑑋𑐖
b9928ab0,𑐟𑑂𑐬𑐱𑑂𑐬𑐷𑐬𑐟𑑂‍𑐣𑑅𑐡𑑂𑐧𑐶𑐟𑐶𑐫𑐥𑐸𑐟𑑂𑐬𑐢𑐣𑐬𑐟𑑂‍𑐣𑐟𑐺𑐟𑐶𑐫𑐥𑐸
0df5546d,𑐣𑑂𑐟𑐣𑐵𑐬𑐵𑐫𑐞𑐨𑐵𑐬𑑀𑐠𑑄𑐕𑐚𑑀𑐮𑐫𑐵𑐢𑑄𑐖𑐸𑐨𑐵𑐬𑑀𑐰𑑄𑐎𑐸𑐚𑑀𑐮
307c67z2,𑐐𑐱𑑂𑐰𑐬𑐥𑑄𑐔𑐵𑐫𑐣𑐀𑐴𑑀𑐬𑐵𑐟𑑂𑐬𑐫𑐖𑑂𑐘𑐫𑐵𑐒𑐵𑐰𑑍𑐳𑐹𑐰𑐬𑑂𑐞𑑂𑐞𑐎𑐮𑐾𑐱𑐢𑑂𑐰
05fb19bb,𑐐𑐱𑐶𑐬𑐣𑐎𑑂𑐲𑐟𑑂𑐬𑐥𑑂𑐬𑐷𑐟𑐶𑐫𑑀𑐐𑐾𑐫𑐠𑐵𑐎𑐬𑑂𑐞𑑂𑐞𑐩𑐹𑐴𑐸𑐬𑑂𑐟𑑂𑐟𑐾𑐧𑐸𑐢𑐧𑐵𑐳
3a82a055,𑐥𑐶𑐟𑑄𑐞𑐶𑐰𑑄𑐢𑐶𑐖𑐣𑐳𑐾𑐰𑐎𑑄𑐣𑐶𑐟𑑂𑐫𑑄𑐰𑐣𑑂𑐡𑐾𑐴𑑄𑐩𑐷𑐱𑑂𑐰𑐬𑑄𑐥𑑂𑐬𑐟𑐶
f0cf01da,𑐠𑐰𑐰𑑀𑐡𑐖𑐣𑐡𑐎𑑀𑐰𑑀𑐒𑐵𑐰𑐫𑐵𑐒𑐵𑐠𑑂𑐰𑐟𑐾
4882dcb9,𑐎𑐸𑐬𑐫𑐵𑐔𑐬𑐞𑐬𑐰𑐶𑐣𑑂𑐡𑐥𑐹𑐖𑐵𑐫𑐵𑐎𑑌𑑌𑐨𑐵𑐲𑐵𑐧𑐸𑐬𑑀𑐰𑑙𑐟𑐾𑐐𑐵𑑄𑐰𑐸𑐬𑑀𑐏𑑀𑑄𑐣𑐵𑐐𑐬𑐶𑐠𑑂𑐰𑑀
858c5a2f,𑐬𑑀𑐥𑐩𑐎𑐺𑐟𑐾𑐡𑐵𑐩𑑀𑐡𑐬𑐾𑑅𑐳𑐬𑑂𑐰𑑂𑐰𑐡𑐵𑐥𑑂𑐬𑐷
fb5da80a,𑐊𑐎𑐵𑐡𑐱𑐷𑐎𑐬𑑂𑐎𑑂𑐎𑐟𑐾𑑋𑐰𑐩𑐵𑐬𑑂𑐫𑐟𑐸𑐮𑐳𑐷
915c6z9b,𑐔𑐎𑑂𑐬𑐱𑐎𑑂𑐬𑑅𑑋𑐀𑐩𑐬𑐟𑐬𑐸𑐳𑐩𑐵𑐣𑑀𑐰𑐶𑐱𑑂𑐰𑐰𑐶𑐏𑑂𑐫𑐵𑐟𑐎𑐷𑐬𑑂𑐟𑐶𑑅𑐳𑐎𑐮𑐧𑐸𑐢𑐖𑐣𑐵𑐣𑐵𑐩𑐵𑐱𑑂𑐬𑐫𑑀𑐨𑐹𑐩𑐶𑐥𑐵𑐮𑑅𑑌𑐊𑐟𑐳𑑂𑐩𑐵𑐡𑑂𑐢𑐵𑐬𑐞𑐷
69bzb2b1,𑐫𑐵𑐟𑐳𑐵𑑍𑐎𑑀𑐚𑐷𑐰𑐶𑐴𑐵𑐬𑐡𑐫𑐎𑐵𑐰𑑍𑐎𑑀𑐚𑐶𑐫𑐖𑑂𑐘𑐫𑐵𑐒𑐵𑐫𑐵𑐦𑐮𑐬𑐵𑐎𑐾𑐖𑐸𑐫𑐵𑐫
c8cd5dfd,𑐠𑑂𑐰𑐀𑐒𑐳𑑂𑐫𑐬𑐒𑐵𑐳𑐾𑑄𑑍𑐳𑐸𑐣𑐵𑐣𑑄𑐮𑑂𑐴𑑀𑐣𑐾𑐟𑐾𑐰𑐖𑐸𑐬𑑀𑑍𑐠𑑂𑐰𑐳𑐵𑐴𑐵𑐳𑐣𑑍𑐬𑑀𑐴𑑀
c87cffa9,𑐱𑐶𑐬𑑀𑐬𑐸𑐴𑐱𑑂𑐬𑐷𑐩𑐣𑑂𑐩𑐵𑐣𑐾𑐳𑑂𑐰𑐬𑐷𑐲𑑂𑐛𑐡𑐾𑐰𑐟𑐵𑐰𑐬𑐔𑑂𑐔𑐥𑑂𑐬𑐳𑐵
af1d58d4,𑐢𑑂𑐬𑐸𑐰𑐥𑑂𑐬𑐰𑑂𑐫𑐵𑐑𑐵𑐚𑐫𑑀𑐐𑐾𑑌𑐧𑐸𑐢𑐰𑐵𑐳𑐬𑐾𑑌𑐠𑑂𑐰𑐎𑐸𑐣𑑂𑐴𑐸𑐠𑑂𑐰𑐡𑐾𑐰𑐮𑐥𑑂𑐬𑐟𑐶𑐲𑑂𑐛𑐵𑐫𑐵𑐳𑑂𑐫𑑄𑐳𑐸𑐰𑐬𑑂𑐞𑐵𑐎𑐮𑐱𑐢𑑂𑐰𑐖𑐵𑐰𑐬𑑀𑐴𑐣𑐫𑐵𑐒𑐵𑐡𑐶𑐣𑐖𑐸𑐬𑑀𑑌𑐨𑐵𑐲𑐵
d4980388,𑐬𑐵𑐖𑐵𑐢𑐶𑐬𑐵𑐖𑑍𑐬𑐵𑐖𑐬𑐵𑐖𑐾𑐣𑑂𑐡𑑂𑐬𑑍𑐎𑐰𑐷𑐣𑑂𑐡𑑂𑐬𑐱𑑂𑐬𑐷𑐱𑑂𑐬𑐷𑐖𑐫𑐥𑑂𑐬𑐟𑐵𑐥𑐩𑐮𑑂𑐮𑐡𑐾𑐰𑐥𑑂𑐬𑐨𑐸𑐠𑐵𑐎𑐸𑐮𑐳𑑂𑐫
9b82zzz4,𑐎𑑂𑐲𑑂𑐩𑐷𑐔𑑌𑐟𑐡𑐣𑐸𑐖𑐱𑑂𑐬𑐷𑐖𑐷𑐟𑐱𑑂𑐬𑐩𑐳𑑂𑐫𑐨𑐵𑐬𑑂‍𑐫𑐵𑐱𑑂𑐬𑐷𑐰𑐶𑐖𑐣𑐮𑐎𑑂𑐲𑑂𑐩𑐷𑐳𑐵𑑌𑐎
264ddbd2,𑐚𑐶𑐎𑑀𑐚𑐶𑐡𑐸𑐣𑑂𑐡𑐸𑐨𑐶𑐡𑑀𑐡𑐵𑐒𑑂𑐎𑐫𑐬𑐥𑑂𑐬𑐮𑐫𑐐𑐬𑑂𑐖𑑂𑐖𑐡𑑂𑐰𑐵𑐬𑐵𑐢𑐬𑐢𑐵𑐣𑐢𑑂𑐰𑐣𑐶𑐟𑐡𑐶𑐰𑑂𑐳𑑂𑐎𑐞𑑂𑐜𑐮𑐵𑐳𑑂𑐰𑐞𑑂𑐜𑐮𑐣𑐶𑐖𑐫𑐱𑐏𑐞𑑂𑐜𑐷
075d9fcb,𑐌𑐱𑑂𑐬𑐷𑑓𑐨𑐶𑐩𑐳𑐾𑐣𑐡𑑂𑐐𑐾𑐌𑐣𑐾𑐥𑐵𑐔𑑀𑐟𑐳𑐶𑑄𑐫𑐵𑐌𑐡𑐵𑐣𑐥𑐟𑐶𑑚𑐩
c45ab08z,𑐱𑐸𑐎𑑂𑐮𑑑𑑐
04c21z8b,𑐠𑑂𑐰𑐡𑐾𑐰𑐮𑐳𑐮𑑂𑐴𑑀𑐣𑐾𑐩𑐵𑐮𑐎𑐵𑐮𑐾𑐩𑐾𑐰𑐣𑐮𑑂𑐴𑑀𑐒𑐩𑐡𑐟𑐳𑐵𑐰𑑂𑐫𑐳𑐟𑐥𑐣𑐶𑐳𑑂𑐫𑐔𑐶𑐣𑑂𑐟𑐵𑐫𑐵𑐒𑐣𑐡𑐾𑐰𑐫𑐵𑐰𑐳𑑂𑐟𑐸𑐣𑐮𑑂𑐴𑑀𑐣𑐾𑐩𑐵𑐮𑐖𑐸𑐬𑑀𑑌𑐠𑑂𑐰𑐡𑐾
a4721a54,𑐑𑐵𑐟𑐳𑐡𑐾𑐰𑐥𑐹𑐖𑐵𑐫𑐵𑐎𑐧𑑂𑐬𑐵𑐴𑑂𑐩𑐞𑑍𑐩𑑂𑐴𑑄𑑑𑐱𑑂𑐬𑐷𑐐𑑁𑐬𑐷𑐱𑑄𑐎𑐬𑑍𑐩𑑂𑐴𑑄𑑑𑐱𑑂𑐬𑐷𑐩𑐸𑐣𑐶𑐨𑐵𑐖𑐸𑑍𑐩𑑂𑐴𑑓𑐖𑑀𑐳𑐶𑐩𑑂𑐴𑑑𑐁𑐔𑐵𑐬𑑂𑐫𑑂𑐫𑑍𑐠𑑂𑐰𑐟𑐾𑐳𑑂𑐟𑑄𑐡𑐎𑑂𑐲𑐶𑐞𑐵𑐟𑐳
32390b4b,𑐖𑐸𑐬𑑀𑑌𑐠𑑂𑐰𑐣𑐿𑐬𑐎𑑀𑐠𑑄𑐎𑐵𑐖𑐵
570667fz,𑐬𑐩𑑂𑐴𑑄𑑌𑑖𑑌𑐳𑐩𑐸𑐴𑐖𑐸𑐫𑐵𑐌𑐔𑑀𑐣𑐵𑐧𑐾𑐮𑐳𑐢𑐬𑑂𑐩𑑂𑐩
c19f91f6,𑐟𑐶𑐔𑐰𑐶𑐏𑑂𑐫𑐵𑐟𑐵𑐟𑐳𑑂𑐫𑐨𑐵𑐬𑑂𑐫𑑂𑐫𑐵𑐥𑐟𑐶𑐰𑑂𑐬𑐟𑐵𑑌𑐟𑐫𑑀𑑅𑐥𑐸𑐟𑑂𑐬𑐳𑐸𑐢𑐷𑐳𑐷𑐳𑑂𑐎𑐷𑐬𑑂𑐟𑐶𑐳𑐶𑑄𑐴𑐂
dcz1a022,𑐟𑐶𑐩𑐶𑐬𑐵𑐣𑐧𑐩𑐐𑑂𑐣𑐳𑐟𑑂𑐧𑐵𑑅𑐩𑑀𑐴𑐵𑐣𑑂𑐢𑐎𑐵𑐬𑐟𑐶𑐩𑐶𑐬𑐵
73d58626,𑐟𑐐𑑂𑐬𑐎𑐾𑐟𑐎𑐎𑐸𑐩𑐸𑐡𑑄𑐎𑐵𑐱𑐎𑑁𑐩𑐸𑐡𑐷𑐎𑐵𑐩𑐶𑐣𑐷𑐎𑐥𑐎𑑂𑐲𑐎𑐵𑐣𑑂𑐟𑐵𑐎𑐬𑑂𑐞𑑂𑐜𑐸𑐬𑐖𑐟𑐎𑐸𑐞𑑂𑐜𑐮𑐎𑐵𑐣𑑂𑐟𑐶𑐎
ac7b0f32,𑐳𑑂𑐩𑐩𑐡𑐵𑐳𑐷𑐚𑐫𑐵𑐡𑐾𑐣𑐬𑐩𑑂𑐫𑐵𑑄𑑋𑐣𑐐𑐾𑐣𑑂𑐡𑑂𑐬𑐵𑐟𑑂𑐩𑐖𑐵𑑄𑐣𑐵𑐐𑐨𑐸𑐲𑑀𑐖𑑂𑐰𑐮𑐵𑐨𑑂𑐐𑐷𑑄𑑍𑐎𑐸𑐬𑐨𑑂𑐐𑐷𑐡𑐺𑐱𑑄𑐟𑐵𑐨𑐹𑐱𑑄𑐨𑐵𑐰𑐫𑐵𑐩𑑅𑑌𑑔
5f4cf4df,𑐬𑐶𑑍𑐩𑐷𑐣𑐬𑐵𑐱𑐶𑐐𑐟𑐾𑐔𑐣𑑂𑐡𑑂𑐬𑐩𑐳𑐶𑑌𑐟𑐳𑑂𑐩𑐶𑐣𑑂𑐡𑐶𑐣𑐾𑐎𑐶𑐬𑑂𑐟𑑂𑐟𑐶𑐥𑐸𑐬𑐶𑐫𑐵𑐔𑐵𑐦𑐬𑐰𑑄𑐟𑐵
f67z3ca8,𑐨𑐸𑐖𑐡𑐞𑑂𑐜𑐡𑐵𑐣𑐳𑐣𑑂𑐟𑐵𑐣𑐳𑐩𑑂𑐩𑐵𑐣𑐶𑐟𑐐𑐸𑐞𑐶𑐐𑐞𑐩𑐷𑐫𑐩𑐵𑐣𑐵𑐣𑐰𑐡𑑂𑐫𑐐𑐡𑑂𑐫𑐥𑐡𑑂𑐫𑐵𑐡𑐶𑐰𑐶𑐰𑐶𑐢𑐎𑐵𑐰𑑂𑐫𑐵
a00dd578,𑐎𑐬𑐩𑐴𑐵𑐰𑐶𑐴𑐵𑐬𑐥𑑂𑐬𑐟𑐶𑐲𑑂𑐛𑐵𑐳𑑄𑐥𑐸𑐬𑑂𑐞𑑂𑐞𑐫𑐵𑐒𑐣𑑍𑐠𑑂𑐰𑐢𑐬𑑂𑐩𑑂𑐩𑐳𑐵𑐬𑐵𑐮𑑀𑐎𑐵𑐣𑐵𑑄𑐳𑐸𑐏𑐩𑐳𑑂𑐠𑐵𑐟𑐸𑐎𑐵
zaz34z0b,𑐥𑐰𑐣𑐵𑐥𑐣𑐵𑐫𑐵𑐒𑐵𑐡𑐶𑐣𑐖𑐸𑐬𑑀𑑌𑐀𑐠𑐱𑐸𑐨
b3d5z55d,𑐔𑑄𑐡𑑂𑐬𑐮𑐎𑑂𑐲𑑂𑐩𑐷𑑋𑑋𑐟𑐾𑐖𑐮𑐎𑑂𑐲𑑂𑐩𑐷𑑋𑐬𑐵𑐖𑐧𑐶𑐬𑐳𑐶𑑄𑑋𑑋𑐴𑐬𑑂𑐲𑐣𑐬𑐳𑐶𑑄𑑋𑑋𑐩𑐷𑐣𑐢𑑄𑑋
80bfbdd5,𑐎𑐶𑐟𑐾𑐖𑑂𑐰𑐬𑐫𑐵𑐠𑐵𑐣𑐾
68784728,𑐞𑐬𑐣𑐸𑐥𑐩𑑀𑐬𑐹𑐥𑐬𑐟𑐷𑐰𑐮𑑂𑐮𑐨𑑀𑐢𑐾𑐫𑑂‌𑐫𑐬𑑂𑐡𑐵𑐱𑐬𑐠𑐶𑐲𑑂𑐥𑑂𑐬𑐟𑐵𑐥𑐟𑐟𑐶𑐩𑐶𑐱𑑂𑐔𑐞𑑂𑐜𑑅𑐥𑑂𑐬𑐔𑐞𑑂𑐜𑐵𑑐𑐱𑐸𑐎𑑅𑑋𑐐𑐵
dz76a68d,𑐏𑐬𑐡𑐾𑐰𑐟𑑂‍𑐥𑐟𑑂𑐣𑐷𑐮𑐎𑑂𑐲𑑂𑐩𑐷𑐡𑐾𑐰𑐷
dd702b38,𑐛𑐣𑑂𑐟𑐷𑐴𑐶𑐟𑑄𑐳𑐾𑐫𑐎𑐵𑐣𑐵𑑄𑐳𑑂𑐩𑐬𑐣𑑂𑐟𑐷𑑋𑐖𑐐𑐖𑑂𑐖𑐵𑐜𑑂𑐫𑐩𑐵𑐣𑐷𑐫𑐢𑐺𑐟𑑂𑐰𑐵𑐎𑐥𑐵𑐮𑐾𑑍𑐩𑐸𑐡𑐟𑑂𑐫𑐸𑐐𑑂𑐬𑐟𑐵𑐬𑐵𑐨𑐸𑐖𑐳𑑂𑐟𑐟𑑂𑐫𑐳𑑄𑐏𑑂𑐫
15952z3z,𑐎𑐸𑐮𑐩𑐵𑐣𑐨𑑀𑐕𑐶𑐫𑐵𑐢𑐬𑑂𑐩𑑂𑐩𑐔𑐶𑐟𑑂𑐟𑐖𑐸𑐫𑐵
5b39d56f,𑐬𑑂𑐠𑑄𑐳𑐡𑐵𑐥𑑂𑐬𑐵𑐬𑑂𑐠𑐣𑐷𑐫𑑅𑑌𑑑𑑐𑑌𑐟𑑂𑐰𑐡𑐬𑑂𑐔𑑂𑐔𑐵𑐢𑐶𑐬𑑂𑐡𑑂𑐡𑐸𑐲𑑂𑐎𑐬𑐵𑐩𑐡𑑂𑐰𑐶𑐢𑐵𑐩𑐵𑑄𑑍𑐎𑐺𑐥𑐵𑐰𑐵𑐬𑐶𑐢𑐾𑐥𑐵𑐴𑐶𑐡𑐸𑐲𑐸𑐬𑐩𑑂𑐰𑐶𑐬𑐵𑐱𑐾𑑅𑑋𑐣𑐳𑐾
5733a446,𑐲𑐬𑐵𑐳𑐶𑐐𑐟𑐾𑐔𑐣𑑂𑐡𑑂𑐬𑐩𑐳𑐶𑑌𑐎𑐵𑐱𑑂𑐫𑐥𑐐𑑀𑐟𑑂𑐬𑐳𑑂𑐫𑐩𑐩𑑋𑐣𑐵𑐬𑐵𑐫𑐞𑐡𑐵𑐳𑐳𑑂𑐫𑑌𑐱𑑂𑐬𑐷
1f128c2d,𑐎𑑂𑐬𑐟𑐱𑑂𑐬𑐷𑐎𑐞𑑂𑐛𑐴𑐬𑑂𑐩𑑂𑐫𑐔𑐣𑑂𑐡𑑂𑐬𑐩𑐞𑑂𑐜𑐮𑐬𑐶𑐥𑐸𑐩𑐸𑐞𑑂𑐜𑐩𑐞𑑂𑐜𑐮𑐏𑐞𑑂𑐜𑐣𑐥𑑂𑐬𑐔𑐞𑑂𑐜𑐎𑐵𑐞𑑂𑐜𑐩𑐞𑑂𑐜𑐶𑐟𑐎𑑀𑐡𑐞𑑂𑐜𑐵𑐮𑐎𑑂𑐲𑐺𑐟
8681ff55,𑐳𑐹𑐬𑑂𑐫𑑂𑐫𑐵𑐫𑐠𑐵𑐬𑐵𑐖𑐟𑐾𑑌𑐟𑐳𑑂𑐫𑐥𑐟𑑂𑐣𑐷𑐟𑐸𑐰𑐶𑐏𑑂𑐫𑐵𑐟𑐵𑑍𑐔𑐣𑑂𑐡𑑂𑐬𑐮𑐎𑑂𑐲𑑂𑐩𑐷𑑅𑐳𑐸𑐮𑐎𑑂𑐲𑐞𑐵𑑋𑐔𑐵𑐬𑐸𑐔𑐶𑐟𑑂𑐬𑐵𑐥𑑂𑐬𑐨𑑀𑐎𑑂𑐟𑐵𑐔𑐣𑑂𑐡𑑂𑐬𑐳𑑂𑐫𑐾𑐰𑐔𑐬𑑀𑐴𑐶𑐞𑐷𑑌𑐨𑑀𑐐𑐶𑐞𑐷𑐰𑐶𑐲𑑂𑐞𑐸
zb9c2zzf,𑐣𑐵𑐣𑐵𑐬𑐸𑐥𑐖𑐶𑐣𑐾𑐣𑑂𑐡𑑂𑐬𑑄𑐟𑐶𑐩𑐶𑐬𑐨𑐫𑐥𑐴𑐬𑐣𑐶𑐬𑑂𑐩𑐶𑐥𑑂𑐟𑑄
72c96bzz,𑐳𑑂𑐟𑐡𑐎𑑂𑐲𑐶𑐞𑐵𑑍𑐡𑑄𑑒𑐥𑐸𑐖𑐵𑐧𑐵𑐮𑐶𑐫𑐟𑐵𑑍𑐡𑐎𑑂𑐲𑐶𑐞𑐵𑑍𑐧𑐶𑐫𑑍𑐠𑑂𑐰𑐟𑐾𑐔𑑀𑐳𑑂𑐫𑐟𑐎𑑀𑑍𑐐𑐸𑐠𑐶
9627bd8z,𑐠𑐸𑐐𑐸𑐥𑐸𑐞𑑂𑐫𑐣𑐥𑐸𑐐𑐸𑐐𑐟𑐶𑐥𑐾𑐐𑐸𑐖𑑀𑐣𑐶𑐣𑑄𑐄𑐟𑑂𑐥𑐟𑑂𑐟𑐶𑐖𑐸𑐫𑐵𑐌𑐔𑑀𑐰𑐥𑐶𑑄𑐳𑐎
7908b864,𑐖𑑀𑐐𑐖𑑀𑐐𑐬𑐴𑐶𑐟𑑂𑐬𑐶𑐥𑐸𑐟𑑂𑐬𑐶𑐥𑐟𑐵𑐬𑐟𑐶𑐬𑐶𑐫𑐾𑐥𑐸𑐟𑑂𑐬𑐶𑐧𑐶𑐳𑑂‍𑐣𑐸𑐩𑐵𑐫𑐵𑐥𑑁𑐟𑑂𑐬𑐢𑐬𑑂𑐩𑑂‍𑐩𑐵
cadcd700,𑐣𑑂𑐴𑐣𑑂𑐴𑑀𑐫𑐠𑑀𑐳𑑂𑐰𑐣𑐨𑑀𑐖𑐾𑐣𑐎𑐾𑐩𑐵𑐮𑑍𑐩𑑄𑐐𑐥𑐳𑐔𑐶𑑄𑐟𑐵𑐫𑐵𑐎𑐣𑑂𑐴𑐣𑑌𑐧𑐬𑐲𑐸𑐣𑐶𑐔𑐥𑐵𑐮𑐫𑐵𑐖𑑀
7bc48z87,𑐫𑐵𑐟𑐑𑐾𑐮𑐀𑐲𑑂𑐚𑐵𑑒𑐐𑐸𑐐𑑂𑐐𑐸𑐬𑐸𑐖𑑒𑐩𑐢𑐸𑐥𑐬𑑂𑐎𑑂𑐎𑐡𑑄𑑑𑐩𑐵𑐑𑐾𑐫𑐵𑐟𑐑𑐾𑐮𑐎𑐸𑐜𑑒𑐳𑐵𑐏𑐎𑐸𑐜𑑒𑐩𑐬𑐔𑐡𑑄𑑖𑐠𑑂𑐰𑐟𑐾𑐩𑐵𑐑𑐾𑐕𑐵𑐫
2fz4670c,𑐡𑐡𑐶𑐧𑐾𑐩𑐵𑐣𑑀𑐬𑐰𑐷𑐎𑐸𑐬𑐟𑐶𑐮𑐎𑐴𑐣𑐸𑐩𑐢𑑂𑐰𑐖𑐣𑐾𑐥𑐵𑐬𑐱𑑂𑐰𑐬𑐩𑐴𑐵𑐬𑐵𑐖𑐵
cdc7c3a0,𑐟𑐵𑐥𑐩𑐮𑑂𑐮𑐱𑑂𑐰𑐾𑐟𑐣𑑂𑐴𑐸𑐩𑐴𑐵𑐬𑐵𑐣𑐶𑐱𑑂𑐬𑐷𑐱𑑂𑐬𑐷𑐱𑐵𑐥𑐸𑐬𑑂𑐰𑑂𑐰𑐟𑐳𑐡𑐾𑐰𑐮𑐡𑐵𑐒𑐵𑐰𑐱𑑂𑐬𑐷𑐱𑑂𑐬𑐷𑐱𑑂𑐬𑐷𑐣𑐷𑐮𑐳𑐬
bcf7z83b,𑐨𑐎𑑂𑐟𑐶𑐐𑑂𑐰𑐥𑐵𑐮𑐡𑐵𑐳𑐟𑐳𑑂𑐫𑐰𑐶𑐩𑐮𑐵𑐳𑑂𑐟𑑂𑐬𑐷
1291b0ca,𑐧𑐱𑑂𑐰𑐟𑐩𑐟𑑂𑐰𑐣𑑂𑐟𑐬𑐾𑐀𑐲𑑂𑐚𑐵𑐧𑐶𑐱𑐟𑐶𑐟𑐩𑐾𑐔𑐟𑐸𑐬𑑂𑐫𑐸𑐐𑐟𑑂𑐫𑐎𑐮𑐾𑑅𑐥𑑂𑐬𑐠𑐩𑐥𑐵𑐡𑐾𑐨𑐣𑐟
f84898z2,𑐟𑑂𑐬𑐶𑐨𑐸𑐰𑐣𑐳𑐰𑐵𑐳𑐮𑐫𑐸𑐖𑐸𑐮𑐱𑐸𑐨𑑌
c913cb99,𑐟𑐳𑑂𑐫𑐟𑐱𑑂𑐬𑐷𑑍𑐱𑑂𑐬𑐷𑐟𑐰𑐟𑐷𑑍𑐱𑑂𑐬𑐷𑐐𑐸𑐞𑐖𑑀𑐟𑐶𑐎𑐳𑑂𑐫𑑍𑐎𑐣𑐾𑐲𑑂𑐚𑐵𑐩𑐵𑐟𑐵𑐴𑐾𑐬𑐸𑑋𑑋𑐠𑑂𑐰𑐟𑐾𑐥𑐸𑐩𑐸𑐏𑐣𑑍𑐠𑑂𑐰𑐐𑐸𑐞𑐵
660c0bbd,𑑊𑑗𑑗𑑐𑐱𑐶𑐰𑑌
03401d86,𑐩𑐮𑐵𑐳𑑂𑐰𑐴𑑂𑐩𑑄𑐳𑐾𑐣𑑄𑐳𑐩𑐸𑐔𑑂𑐔𑐫𑐣𑐟𑐸𑐬𑐳
dd9d1z44,𑐴𑐾𑐩𑐵𑐬𑑂𑐫𑐟𑐵𑐬𑐵𑐳𑐴𑐶𑐟𑐡𑑂𑐰𑐫𑐱𑐶𑐮𑐵𑐳𑑂𑐟𑑄
9170b41a,𑐬𑑂𑐩𑑂𑐩𑐵𑐟𑑂𑐩𑐵𑐩𑐞𑐶𑐬𑐟𑑂𑐣𑑅𑐟𑐳𑑂𑐫𑐨𑐵𑐬𑑂𑐫𑑂𑐫𑐵𑐐𑑄𑐐𑐵𑐖𑐾𑐲𑑂𑐚𑐥𑐸
258f2zab,𑑊𑐳𑐫𑑀𑐳𑑂𑐟𑐸𑑋𑑋𑐱𑑂𑐬𑐷𑑓𑐐𑑂𑐰𑐬𑑀𑐎𑐥𑐵𑐡𑐸𑐎𑐵𑐳𑐡𑐷
1bc9886b,𑐮𑑂𑐫𑑄𑐄𑐢𑐵𑐬𑐖𑐸𑐫𑐩𑐵𑐬𑑍𑐖𑐖𑐩𑐵𑐣𑐫𑐵𑑄𑐠𑐸𑐐𑐸𑐖𑐣𑑂𑐩𑐳𑐖𑐣𑐢𑐣𑐳𑐣𑑂𑐟𑐵𑐣𑐔𑐟𑐸
2933359a,𑐖𑐸𑐫𑐵𑐌𑐀𑐧𑐸𑐖𑐸𑐩𑐵𑐩𑐣𑐶𑐩𑑂𑐴𑐳𑐫𑐵𑐣𑐵𑐩𑐣𑐱𑑂𑐬𑐷𑑓𑐧𑐖𑑂𑐬
bb614843,𑐢𑐣𑐫𑐵𑐫𑐩𑐵𑐮𑐩𑐴𑐵𑐡𑐾𑐰𑐫𑐵𑐟𑐥𑐵𑐔𑐩𑐵𑐟𑐖𑐸𑐕𑐣𑐵𑐬𑐵𑐫𑐞𑐫𑐵𑐟𑐥𑐵
zf418802,𑐎𑐹𑐥𑐹𑐟𑑂𑐬𑐡𑐾𑐧𑐷𑐢𑑄𑐫𑑀𑐐𑐬𑐵𑐖𑐩𑑀𑐟𑐶𑐮𑐵𑐮𑐡𑐾𑐰𑐬𑐖
cd4cd0f0,𑐳𑐳𑐾𑐒𑐵𑐌𑐰𑐣𑐳𑐵𑐳𑐸𑐣𑐵𑐞𑑄𑐮𑑂𑐴𑑂𑐰𑐣𑐾𑐡𑐸𑐖𑐸𑐬𑑀𑐨𑐵𑐳𑑂𑐎𑐮𑐡𑐾𑐌𑐳𑐣𑑂𑐎𑐵𑐮𑐶𑐟𑐱𑑂𑐬𑐷𑐎𑐾𑐳𑑀𑐔𑐣𑑂𑐡𑑂𑐬𑐎𑐺𑐟𑐥𑐵𑐬𑐵𑐰𑐬𑑂𑐟𑑂𑐟𑐩𑐴𑐵𑐰𑐶𑐴𑐵𑐬𑐳𑑂𑐛𑐶𑐟𑑍𑐱𑐸
83b17z41,𑐖𑐣𑐣𑐨𑑀𑐥𑐾𑐡𑐸𑐐𑐸𑐠𑐶𑐖𑐣𑐠𑑂𑐰𑐟𑐾𑑍𑐖𑑂𑐫𑐾𑐲𑑂𑐚𑐥𑐸𑐟𑑂𑐬𑐣𑐵𑐬𑐵𑑄
0bd5597f,𑐦𑐬𑐬𑐵𑐎𑐖𑐸𑐬𑑀𑑌𑑌𑐨𑐵𑐏𑐵𑐥𑐶𑐣𑐫𑐵𑐫𑐵𑐎𑐟𑐎𑐣𑐰𑐵𑐥𑐵𑐫𑐫𑐵𑐟𑐌𑐬𑐳𑐵𑐏𑐬𑐎𑐵𑐬𑐎𑐵𑐎𑐵𑐫𑐵𑐌𑐡𑐾𑐌𑐫𑐵𑐟𑐟𑐫𑐩𑐵𑐮𑐖𑐸𑐬𑑀𑐨𑐵𑐲𑐵𑐣𑐶𑐡𑐵𑐣
z78482f4,𑐠𑐸𑐫𑐩𑐡𑐸𑑍𑐩𑐶𑐕𑑀𑐫𑐎𑐾𑐩𑐡𑐸𑐰𑐬𑐲𑐸𑐣𑐶𑐔𑐥𑐵𑐮𑐫𑐵𑐖𑑀𑐐𑐶𑐣𑐧𑐶𑐔𑐵𑐬𑐫𑐵𑐫𑐩𑐵𑐮𑐧𑐶𑐔𑐵𑐬𑐩𑐫𑐵
b84af4a8,𑐬𑑀𑑋𑑋𑐥𑐸𑐣𑐨𑐵𑐏𑐵𑐠𑑂𑐰𑐕𑐾𑐳𑐢𑐬𑑂𑐩𑑂𑐩𑐬𑐵𑐖𑐵𑐫𑐵𑐰𑑄𑐳𑐡𑐟𑑀
dcff6zd1,𑐫𑐵𑐟𑐵𑐳𑐶𑐣𑑂𑐡𑐸𑐡𑑂𑐟𑐸𑐡𑑂𑐬𑐵𑑄𑐳𑐸𑐡𑑂𑐟𑐡𑑂𑐫𑐵𑑍𑐩𑐢𑑀𑐔𑐵𑐩𑐥𑐵𑐞𑑁𑐱𑐬𑐞𑑂𑐫𑐵𑑄𑐳𑑂𑐩𑐬𑐵𑐩𑐶𑑌𑑖𑑌𑐳𑑂𑐰𑐎𑐷𑐫𑐵𑐳𑐣𑐵𑐨𑑂𑐫𑐵𑐳𑐐𑐵𑐨𑑂𑐫𑐩𑐸𑐨
806bfd3c,𑐥𑐫𑐟𑐾𑐣𑐬𑐵𑐣𑑂𑐣𑐶𑐖𑐠𑐾𑐳𑑄𑐬𑐎𑑂𑐲𑐟𑐾𑐳𑑄𑐳𑐺𑐟𑑅𑑌𑐎𑑂𑐲𑐷𑐬𑐵𑐖𑑂𑐢𑐵𑐬𑐸𑐨𑐸𑐖𑐐𑐾𑐱𑐨𑑀𑐐𑐱𑐫𑐣𑐾𑐳𑐵𑐡𑑂𑐢𑑄𑐱𑑂𑐬𑐶𑐫𑐵𑐱𑐵
175f4c8z,𑐖𑐫𑐳𑐩𑐫𑐧𑐵𑐴𑐵𑐬𑐫𑐵𑐧
f9659bb3,𑐨𑑂𑐬𑐵𑐟𑑂𑐟𑐾𑐰𑐶𑐱𑑂𑐰𑐳𑐶𑑄𑐴𑐨𑐵𑐬𑑀𑐎𑐣𑐾𑐲𑑂𑐛𑐨𑑂𑐬𑐵𑐟𑑂𑐟𑐾𑐣𑐬𑐳𑐶𑑄𑐴𑐨𑐵𑐬𑑀𑐠𑑂𑐰𑐟𑐾𑐳𑑂𑐫𑐣𑐔𑐶𑐣𑑂𑐟𑐵𑐫𑐵𑐔𑐎𑑄𑐠𑑂𑐰𑐡𑐾𑐰𑐮𑐡𑐫𑐎𑐧𑐶𑐖𑑂𑐫𑐵𑐎𑐖𑐸𑐬𑑀𑑌𑐱𑐸𑐩
zd104062,𑐖𑑂𑐘𑐵𑐟𑐫𑐵𑐮𑐶𑐱𑐶𑐟𑑅𑐄𑐟𑑂𑐥𑐵𑐡𑐰𑑂𑐫𑐫𑐰𑐬𑑂𑐖𑐶𑐟𑑀𑐎𑑂𑐲𑐫𑐳𑐸𑐏𑑀𑐴𑐵𑐳𑑂𑐫𑑂‌𑐫𑐡𑐶𑐳𑑀𑐏𑑂𑐫𑐵𑐣𑑂𑐰𑐶𑐟𑑅𑐮𑑀𑐎𑐵𑐣𑐵𑑄
d47d40c4,𑐑𑐶𑐬𑐵𑐖𑐩𑐾𑐣𑑋𑑋𑐟𑐳𑑂𑐩𑐶𑐣𑑂𑐡𑐶𑐣𑐾𑐎𑐵𑐱𑑂𑐫𑐥𑐖
fz0c9aca,𑐢𑐣𑐥𑐟𑐶𑐡𑐾𑐌𑐩𑐵𑐟𑐵𑐩𑐴𑐷𑐖𑐫𑐮𑐎𑑂𑐲𑑂𑐩𑐷𑐢𑐣𑐶𑐩𑑂𑐴𑐫𑐵𑐟𑐩𑐴𑐵
9b1b8411,𑐱𑑂𑐬𑐷𑑓
b95f8ccc,𑐨𑐵𑐬𑑀𑑍𑐖𑐶𑐟𑐬𑐵𑐖𑐨𑐵𑐬𑑀𑑍𑐖𑐐𑐟𑐬𑐵𑐖𑐨𑐵𑐬𑑀𑑍𑐟𑑀𑐫𑐨𑐵𑐬𑑀𑑍𑐣𑐵𑐠
a5cf3ca1,𑐣𑐵𑐩𑐵𑐬𑐎𑑂𑐟𑐵𑐎𑐺𑐟𑐶𑐳𑐸𑑄𑐡𑐬𑑀𑐬𑐰𑐶𑐬𑐶𑐰𑐱𑑂𑐬𑐷𑐮𑑀𑐎𑐣𑐵𑐠𑑅𑐥𑑂𑐬𑐨𑐸𑑌𑐱𑑂𑐬𑐷𑐨𑐷𑐩𑐳𑑂𑐫𑐩𑐞𑐾𑑅𑐳𑐩𑐵𑐳𑑂𑐠𑐮𑐩𑐶
071cb82a,𑑊𑑉𑐀𑐡𑑂𑐫𑑅𑐧𑑂𑐬𑐩𑑂𑐴𑐞𑑀𑐔𑑂𑐰𑐶𑐟𑐷𑐫𑐥𑐬𑐵𑐡𑑂𑐰𑐾𑑍𑐱𑑀𑐫𑐟𑐧𑐬𑐵𑐴𑐵𑐎𑐬𑑍𑐥𑐾𑐰𑐿𑐰𑐳𑑂𑐰𑐬
8b8c2346,𑐎𑐸𑐬𑐳𑐰𑐶𑐖𑐫𑐬𑐵𑐖𑑂𑐫𑐾𑐱𑐎𑑂𑐰𑐵𑐛𑑂𑐫𑐵𑐠𑐎𑐸𑐬
56034450,𑐟𑐶𑐔𑐰𑐶𑐏𑑂𑐫𑐵𑐟𑐵𑐟𑐳𑑂𑐫𑐨𑐵𑐬𑑂𑐫𑑂𑐫𑐵𑐥𑐟𑐶𑐰𑑂𑐬𑐟𑐵𑑌𑐟𑐫𑑀𑑅𑐥𑐸𑐟𑑂𑐬𑐳𑐸𑐢𑐷𑐳𑐷𑐳𑑂𑐎𑐷𑐬𑑂𑐟𑐶𑐳𑐶𑑄𑐴𑐂
04a17049,𑐥𑐾𑐨𑐬𑐟𑐏𑐞𑑂𑐜𑑍𑐨𑐬𑐟𑐧𑐬𑑂𑐲𑐁𑐬𑑂𑐫𑐵𑐰𑐟𑑂𑐟𑐡𑐾𑐱𑐾𑐴𑐾𑐩𑐰𑐡𑑂𑐡𑐎𑑂𑐲𑐶𑐞𑐥𑐵𑐡𑑍𑐣𑐾𑐥𑐵𑐬𑐩
fb9d8904,𑑊𑐳𑐩𑑂𑐧𑐟𑑂𑑗𑑗𑑑𑐖𑑂𑐫𑐾𑐲𑑂𑐛𑐱𑐸𑐎𑑂𑐮
23b12d9c,𑑋𑑋𑐡𑑂𑐰𑐶𑐟𑐶𑐫𑐵𑐣𑑂𑐟𑐶𑐠𑑁𑐱𑐸𑐨𑐱𑑂𑐬𑐷𑑓𑐖𑐰𑐫𑐡𑐾𑐰𑐫𑐵𑐟𑑍𑐱𑐶𑐖
c5986z98,𑐐𑐸𑐞𑐏𑐐𑐱𑐶𑐎𑐵𑐬𑑂𑐟𑐶𑐎𑐾𑐱𑐸𑐎𑑂𑐮𑐥𑐎𑑂𑐲𑐾
9800b868,𑐰𑐷𑐥𑐡𑐥𑑂𑐬𑐷𑐟𑐫𑐾𑐟𑐾𑐣𑐳𑑂𑐰𑐬𑑂𑐞𑑂𑐞𑐰𑐶𑐨𑐹𑐲𑐶𑐟𑑄𑐐𑐺𑐴𑐩𑐶𑐡𑑄𑐨𑐰𑑂𑐫𑐵𑐳𑑂𑐥𑐡𑑄𑐎𑐵𑐬𑐶𑐟𑑄𑑌𑐳𑐩𑑂𑐰𑐟𑑂𑑗𑑖𑑑𑐦𑐵
4170c67z,𑐧𑐸𑐢𑐰𑐶𑐬𑑀𑐖𑐬𑐵𑐖𑐳𑐶𑑄𑐴𑐳𑐩𑐸𑐬𑑂𑐔𑑂𑐔𑐫𑐣𑐡𑐫𑐎𑐵𑑋𑑋𑐱𑐶𑐮𑑂𑐥𑐷𑐴𑐵𑐫
34z654fb,𑐳𑐵𑐴𑐡𑐾𑐰𑐫𑐵𑐬𑐵𑐖𑑂𑐫𑐾𑑌𑑑𑑌
z2716879,𑐣𑐾𑐡𑐶𑐰𑐐𑐟𑐳𑑂𑐫𑐡𑐸𑐐𑐟𑐶𑐩𑑀𑐔𑐣𑑂𑐫𑐬𑑂𑐠𑐾𑐳𑐸𑐲𑐵𑐧𑐟𑐶𑐥𑑂𑐬𑐵𑐥𑑂𑐟𑐫𑐵𑐟𑐱𑐸𑐨𑑋𑑋
f184a3f9,𑐠𑐸𑐐𑐸𑐥𑐸𑐞𑑂𑐫𑐣𑐥𑐸𑐐𑐸𑐐𑐟𑐶𑐥𑐾𑐐𑐸𑐖𑑀𑐣𑐶𑐣𑑄𑐄𑐟𑑂𑐥𑐟𑑂𑐟𑐶𑐖𑐸𑐫𑐵𑐌𑐔𑑀𑐰𑐥𑐶𑑄𑐳𑐎
ffccab8z,𑐬𑑀𑐥𑐹𑐖𑐵𑐨𑐞𑑂𑐜𑐷𑐖𑑀𑑑𑐳𑐵𑐢𑐮𑐶𑐥𑐵𑐟𑑔𑐳𑐵𑐡𑐸𑐡𑐸𑐥𑐵𑐟𑑔𑐑𑐾𑐮𑐀𑐲𑑂𑐚𑐵𑑑𑐎𑐳𑑂𑐟𑐶𑐀𑐲𑑂𑐚𑐵𑑑𑐳𑐵𑐏𑐀𑐲𑑂𑐚𑐵𑐡𑐶𑐰𑐵𑐑𑐾𑐮𑐀𑐲𑑂𑐚𑐵𑑒𑐐𑐸𑐐𑑂𑐐𑐸𑐬𑐸𑐖
3f636653,𑐎𑑂𑐲𑑂𑐩𑐷𑐡𑐾𑐰𑐷𑐣𑐡𑐫𑐎𑐵𑐡𑐶𑐣𑐱𑐸𑐨𑑌
65a591b0,𑐰𑐡𑐵𑐬𑐶𑐞𑐷𑐥𑐬𑐶𑐮𑐳𑐟𑑂𑐥𑐬𑐷𑐣𑑂𑐡𑑂𑐬𑐳𑐘𑑂𑐔𑐵𑐬𑐶𑐞𑐷𑐥𑑂𑐬𑑀𑐡𑑂𑐫𑐟𑑂𑐥𑐣𑑂𑐣𑐐𑐢𑐵𑐬𑐶𑐞𑐷𑐰𑐶𑐢𑐸𑐎𑐮𑐵
56174dzc,𑐢𑐩𑑂𑐩𑐡𑐾𑐰𑐨𑐵𑐬𑑀𑑌𑐥𑐬𑐨𑐵
38cf57f1,𑐥𑑂𑐬𑐵𑐟𑐶𑐣𑑍𑐎𑐵𑐫𑐧𑐵𑐱𑑂𑐬𑐣𑑀𑐖𑐣𑐶𑑄𑐟𑐳𑐎𑐮𑐥𑐵𑐥𑐲𑑂𑐚𑐫𑐵
b9d7a0df,𑑒
08d141a6,𑐳𑑄𑐩𑑂𑐢𑐰𑑂𑐬𑐶𑑑𑐔𑐶𑐬𑐶𑐠𑐎𑐸𑑃𑑑𑐎𑐾𑐔𑐩𑐵𑑑𑐣𑐖𑐬𑐎𑐸𑐩𑐵𑐬𑐷𑐳𑑄𑐑𑐬𑐟𑑂‍𑐣𑑑𑐴𑐬𑐶𑐎𑐸𑐮𑐶𑑑𑐮𑐟𑑂‍𑐣𑐧𑐵𑐴
66c36134,𑐧𑐖𑑂𑐬𑐵𑐬𑑂𑐫𑐵𑐥𑑂𑐥𑐴𑐰𑐿𑑌𑑑𑑌𑐢𑐬𑑂𑐩𑐔𑐶𑐟𑑂𑐟𑐿
3c34a2ca,𑐫𑐣𑑂𑑌𑐖𑑂𑐫𑐾𑐲𑑂𑐛𑐵𑐫𑑀𑐐𑐣𑐬𑐾𑐣𑑂𑐡𑑂𑐬𑐎𑐳𑑂𑐫𑐨𑐐𑐶𑐣𑐷𑐱𑑂𑐬𑐷𑐱𑑂𑐬𑐷𑐣𑐶𑐰𑐵𑐳𑐟𑑂𑐩𑐖𑐵𑑍𑐥𑐟𑑂𑐫𑑁𑐨𑐎𑑂𑐟𑐶𑐩𑐟𑐷𑐳𑐟𑐷𑐩𑐞𑐶𑐩𑐟𑐷𑐣𑐵𑐩𑐣𑑂𑐣𑐷𑐴𑑂𑐫𑐩𑐸𑐔𑑂𑐕𑐷𑐩𑐟𑐷𑑋𑐫𑐳𑑂𑐫𑐵
b15c01c0,𑐧𑐵𑐬𑐾𑑋𑑋𑐱𑐸𑐨𑐣𑑂𑐴𑐶𑐮𑐐𑑂𑐣𑐾𑐥𑐶𑐔𑐳𑑁𑐬𑐩𑐣𑐵𑐣
fc9bc5z7,𑐣𑐶𑐰𑐵𑐳𑐵𑐟𑑂𑐥𑑂𑐬𑐠𑐶𑐟𑐵𑐨𑐶𑐢𑐵𑐣𑑅𑐱𑑂𑐬𑐷𑐱𑑂𑐬𑐷𑐣𑐶𑐰𑐵𑐳𑐵𑐏𑑂𑐫𑐩𑐰𑐵𑐞𑐨𑐹𑐥𑑅𑑌𑐟𑐳𑑂𑐩𑐵𑐡𑑂𑐬𑐸𑐡𑑂𑐬𑐸𑐩𑐟𑐷𑐰𑐨𑐹𑐰𑐖𑐮
b31516z1,𑐱𑐸𑐨𑐳𑐳𑐩𑑂𑐰𑐟𑑑𑑐𑑔𑑒𑑅𑐩𑑂𑐟𑐶𑐨𑐵𑐡𑑂𑐬𑐧𑐩𑐵𑐳𑑂𑐫𑐱𑐸𑐎𑑂𑐬𑐥𑐎𑑂𑐲𑐥𑑂𑐬𑐟𑐷𑐥𑑂𑐬
87bb1c10,𑐬𑐵𑐩𑐬𑐔𑑄𑐣𑑂𑐡𑑂𑐬𑐨𑐵𑐬𑑀𑑍𑐀𑐣𑑂𑐟𑐳𑐶𑑄𑐒𑐨𑐵𑐬𑑀
cb504393,𑐱𑑂𑐬𑐷𑐩𑐩𑐴𑐵𑐬𑐵𑐖𑐵𑐢𑐷𑐬𑐵𑐖𑐱𑑂𑐬𑐷𑐱𑑂𑐬𑐷𑐱𑑂𑐬𑐷𑐥𑐺𑐠𑑂𑐧𑐷𑐧𑐷𑐬𑐧𑐶𑐎𑑂𑐬
b3782211,𑐡𑐾𑐰𑐟𑐵𑐰𑐬𑐮𑐖𑑂𑐫𑐥𑑂𑐬𑐳𑐵𑐡𑐡𑐾𑐡𑐶𑐥𑑂𑐫𑐩𑐵𑐣𑑀𑐣𑐟𑐬𑐑𑐸𑐰𑑄𑐱𑐵𑐰𑐟𑐵𑐬𑐬𑐰𑐶𑐎𑐸𑐮𑐟𑐶𑐬𑐎𑐴𑐣𑐸𑐩𑐣𑑂𑐢𑑂𑐰𑐖𑐣𑐾𑐥𑐵𑐮𑐾𑐱𑑂𑐰𑐬𑐩𑐴𑐵𑐬𑐵𑐖𑐵𑐢𑐶𑐬𑐵𑐖𑐳𑐎𑐬𑐮𑐵
z250z6ca,𑐕𑐷𑐡𑐵𑐖𑐸𑐐𑑄𑐐𑐵𑐬𑐵𑐩𑐥𑐷𑐟𑐷𑐣𑐩𑐠𑐾
b669252a,𑐎𑑂𑐰𑐵𑐔𑐥𑐵𑐡𑐾𑐰𑐳𑑂𑐎𑐾𑐕𑑀𑐫𑐎𑐾𑐩𑐵𑐬𑐠𑑂𑐰𑐣𑐳𑐟𑐶𑐎𑐸𑐣𑑂𑐴𑐸𑐳𑐐𑐫𑐵𑐟𑐳𑐩𑑂𑐴𑐔𑐧𑐶𑐫𑐾𑐩𑐵𑐬𑐰
1672015c,𑐢𑐬𑐵𑑄𑑋𑑋𑐲𑐲𑑂𑐚𑐷𑐰𑐬𑑂𑐲𑐳𑐴𑐩𑐵𑐞𑐶𑑍𑐰𑐶𑐲𑑂𑐚𑐵𑐫𑐵𑑄𑐖𑐵𑐫
aafc2701,𑑊𑑉𑐣𑐩𑑀𑐮𑐎𑑂𑐲𑑂𑐩𑐷𑐣𑐵𑐬𑐵𑐫𑐞𑐵𑐫𑑌𑐳𑑂𑐰𑐵𑐩𑐶𑐣𑑂𑐰𑐎𑑂𑐲𑐳𑐶𑐎𑐶𑑄𑐩𑐞𑐶𑐬𑑂𑐩𑐩𑐬𑐩𑐾𑐟𑐣𑑂𑐩𑐞𑑂𑐜𑐮𑐾𑐎𑐵𑐳𑑂𑐠𑐶𑐟𑐵𑐟𑑂𑐰𑐡𑑂𑐰𑐎𑑂𑐟𑑂𑐬𑐥𑑂𑐬𑐟𑐶𑐰𑐶𑐩𑑂𑐰𑐩𑐶𑐣𑑂𑐡𑐸𑐰𑐡𑐣𑐾𑐰𑐎𑑂𑐲𑐳𑑂𑐠𑐶𑐟𑐵𑐟𑐾
2z5ca58d,𑐳𑑂𑐧𑑄𑐟𑑂𑑘𑑓𑑒𑐔𑐿𑐟𑑂𑐬𑐾𑐩𑐵𑐳𑐾𑐎𑐺𑐲𑑂𑐞𑐥𑐎𑑂𑐲𑑌𑐡𑑂𑐰𑐡𑐱𑑂𑐫𑐵𑑄𑐣𑑂𑐟𑐶𑐠𑑁𑑌𑐄𑐟𑑂𑐬𑐨𑐡𑑂𑐬𑐣𑐎𑑂𑐲𑐾𑐟𑑂𑐬𑐿𑑌𑐧𑐶𑐳
afa62a9z,𑐳𑐵𑐣𑑂𑐡𑑂𑐬𑐖𑐮𑐡𑑀𑐣𑐷𑐮𑐷𑐣𑐶𑐔𑑀𑐮𑐵𑐫𑐟𑐾𑐣𑐎𑑂𑐲𑐟𑑂𑐬𑑄𑐎𑐸𑐳𑐸𑐩𑐵𑐫𑐟𑐾𑐳𑐸𑐏𑐢𑐸𑐥𑑂𑐬𑐎𑑂𑐲𑐶𑐥𑑂𑐟𑐥𑐸𑐥𑑂𑐥𑐵𑑄𑐖𑐮𑑁𑑋𑐰𑐵𑐳𑐸𑐡𑐾𑐰𑐘𑑂𑐔𑐥𑐹𑐬𑑂𑐰𑐾𑐲𑐫𑐵
8d4c41d2,𑐰𑐣𑐾𑐩𑑂𑐴𑑄𑐳𑑂𑐟𑐵𑑍𑐖𑐸𑑑𑐥𑐸𑐖𑐵𑑍𑐡𑑄𑑒𑐑𑐾𑐮𑐎𑐳𑑂𑐟𑐶𑑍𑐥𑐵𑑑𑐡𑐸𑐡𑐸𑑍𑐡𑑄𑑒𑐡𑐎𑑂𑐲𑐶𑐣𑐵𑑍𑐣𑐵𑐐𑐬𑐵𑐖𑐵𑐫𑐵𑐣
861d74fb,𑐰𑐶𑐖𑐫𑐬𑐵𑐬𑑂𑐖𑑂𑐫𑑌𑐱𑑂𑐬𑐷𑐎𑐵𑐲𑑂𑐛𑐩𑐞𑑂𑐜𑐥𑐥𑐹𑐬𑑂𑐰𑑂𑐰𑐥𑐵𑐏𑐾𑑍𑐟𑐮𑐸𑐩𑐸𑐮𑐩𑐴𑐵𑐰𑐶𑐴𑐵𑐬𑐵𑐢𑐶𑐲𑑂𑐛𑐶𑐟𑑍𑐧
806b2241,𑐳𑐣𑑂𑐣𑐶𑐢𑐵𑐣𑐾𑐱𑑂𑐬𑐷𑑓𑐧𑐵𑐳𑐸𑐎𑐷𑐎𑑂𑐲𑐾𑐟𑑂𑐬𑐾𑐱𑑂𑐬𑐷𑑓𑐧𑐵𑐐𑑂𑐩𑐟𑑂𑐫𑐵𑑅𑐥𑐱𑑂𑐔𑐶𑐩𑐎𑐸𑐮𑐾𑑌𑐱𑑂𑐬𑐷𑑓𑐧𑐶𑐲𑐸
z4c85f02,𑐡𑑂𑐢𑐶𑐎𑐵𑐩𑐣𑐵𑐬𑑂𑐠𑑍𑐫𑐠𑐵𑐱𑐵𑐱𑑂𑐟𑑂𑐬𑑀𑐎𑑂𑐟𑐟𑐠𑐵𑐦𑐮𑐥𑑂𑐬𑐵𑐥𑑂𑐟𑐾𑐟𑐶𑑌𑐥𑐸𑐣𑐨𑐵𑐥𑐵
c5187731,𑐡𑐸𑐠𑑂𑐰𑑍𑐦𑑄𑑑𑐎𑐐𑐸𑐦𑑀𑐫𑐵𑑋𑑋𑐄𑐥𑐬𑐵𑑄𑐣𑑂𑐟𑐬𑐣𑑄𑐴𑐵𑐣𑐾𑑍𑐐𑐸𑐣𑐶𑐮𑐵𑐫𑐵𑑍𑐳𑐵𑐥𑐵𑐡𑐸𑐎𑑀𑐣𑑂𑐴𑐸𑐱𑑂𑐬𑐷
2f037abb,𑐥𑐾𑑍𑐨𑐬𑐟𑐏𑐞𑑂𑐜𑐾𑑍𑐨𑐬𑐟𑐰𑐬𑑂𑐲𑑂𑐚𑐁𑐫𑑂𑐫𑐵𑐰𑐰𑐟𑑂𑐟𑐡𑐾𑐱𑐾𑑍𑐴𑐾𑐩𑐰𑑍𑐡𑑂𑐡𑐎𑑂𑐲𑐶𑐞𑐥𑐵𑐡𑐾𑑍𑐣𑐾𑐥𑐵𑐬𑐩
7b8374dd,𑐳𑐵𑐴𑐡𑐾𑐰𑐫𑐵𑐬𑐵𑐖𑑂𑐫𑐾𑑌𑑑𑑌
c3c6c4c0,𑐱𑑂𑐬𑐷𑑕𑐩𑐴𑐵𑐬𑐵𑐖𑐵𑐬𑐵𑐖𑐬𑐵𑐖𑐾𑐣𑑂𑐡𑑂𑐬𑐧𑐶𑐎𑑂𑐬𑐩𑐳𑐵𑐴𑐡𑐾𑐰𑐳𑑂𑐫𑐧𑐶𑐖𑐫𑐾𑐬𑐵𑐖𑑂𑐫𑑌
c69f32bb,𑐎𑐹𑐬𑑂𑐩𑑂𑐩𑐔𑐵𑐳𑐣𑑋𑑋𑐟𑐳𑑂𑐠𑐵𑐐𑐸𑐥𑐴𑑂𑐩𑑀𑐥𑐬𑐶𑐴𑐾
d7aa2bz2,𑐩𑐟𑑂𑐫𑐵𑐥𑐹𑐬𑑂𑐰𑑂𑐰𑐎𑐸𑐬𑐾𑑍𑐱𑑂𑐬𑐷𑐩𑐎𑐵𑐟𑑂𑐟𑐶𑐥𑐸𑐮𑐶𑐩𑐵𑐴𑐵𑐣𑐐𑐬𑐾𑑍𑐱𑑂𑐬𑐷𑑒𑐫𑐩𑐩𑐬𑐾𑐱𑑂𑐰𑐬𑐨𑐚𑑂𑐚𑐵𑐬𑐎
d57cd8z9,𑐰𑐵𑐳𑐬𑐾𑑌𑐠𑑂𑐰𑐎𑐸𑐣𑑂𑐴𑐸𑐥𑑂𑐬𑐟𑐶𑐳𑑂𑐠𑐵𑐫𑐵𑐒𑐵𑐡𑐶𑐣𑐖𑐸𑐬𑑀𑐠𑑂𑐠𑑂𑐰𑐀𑐐𑐜𑐮𑑂𑐴𑑀𑐒𑐵𑐫𑐵𑐱𑑂𑐬𑐷𑐱𑑂𑐬𑐷𑐥𑐬𑐩𑐾
fzza4bz5,𑑌𑑒𑑌𑐣𑐰𑐩𑑂𑐫𑐵𑑄𑐥𑐺𑐞𑑂𑐫𑐟𑐶𑐠𑑁𑐖𑑂𑐫𑐟𑐶𑐱𑐸𑐨𑐱𑐸
483dd423,𑐧𑑂𑐬𑐩𑑂𑐴𑐴𑐟𑑂𑐫𑐵𑐳𑑂𑐟𑑂𑐬𑐷𑐴𑐟𑑂𑐫𑐵𑐧𑐵𑐮𑐴𑐟𑑂𑐫𑐵𑐐𑐸𑐬𑐸𑐴𑐟𑑂𑐫𑐵𑐠𑑂𑐰𑐟𑐾𑐥𑑄𑐔𑐩𑐴𑐵𑐥𑐵𑐟𑐎𑐬𑐵𑐎𑐖𑐸
7fc1015d,𑐟𑑂𑐣𑐥𑑂𑐬𑐴𑐵𑐫𑐔𑐶𑐬𑑂𑐟𑑂𑐟𑐿𑐧𑐬𑐸𑐥𑐵𑐫𑐎𑐸𑐮𑐶𑐱𑑀𑐡𑑂𑐨𑐧𑐵𑐫𑐟𑐳𑑂𑐟𑑂𑐬𑐥𑐬𑐶𑐩𑑂𑐣𑐵𑐫𑐥𑑂𑐬𑐳𑑄𑐨𑐸𑐣𑐶𑐨𑐫𑑅𑑋𑑋
zbc47179,𑐎𑑂𑐲𑐟𑑂𑐬𑐾𑑍𑐐𑐥𑐸𑐕𑐥𑐬𑑂𑐰𑑂𑐰𑐟𑑍𑐱𑑂𑐬𑐷𑑒𑐱𑑂𑐰𑐫𑐰𑐸𑐔𑐟𑑂𑐫𑐠𑐵𑐣𑑂𑐫𑑍𑐀𑐳𑑂𑐟𑐰𑐬𑐵𑐐𑐳𑐣𑐶𑐢𑐵𑐣𑑂𑐫
a43bbabb,𑐎𑐹𑐬𑑂𑐩𑑂𑐩𑐔𑐵𑐳𑐣𑑋𑑋𑐟𑐳𑑂𑐠𑐵𑐐𑐸𑐥𑐴𑑂𑐩𑑀𑐥𑐬𑐶𑐴𑐾
67262875,𑐳𑐳𑐵𑐧𑐔𑐥𑑂𑐬𑐔𑐵𑐧𑑂‍𑐰𑐮𑑅𑐥𑑂𑐬𑐵𑐣𑐶𑐡𑐎𑑀𑐄𑐡𑐵𑐬𑐖𑐸𑐫𑐵𑐩𑐵𑐮𑐢𑐎𑐠𑑂‍𑐰𑐱𑑂𑐬𑐷𑑓𑐔𑐂𑐟𑐾𑐠𑑂‍
cab11bca,𑐟𑐥𑐟𑑂𑐬𑐵𑐠𑐿𑐚𑑂𑐚𑐲𑑂𑐚𑐳𑐵𑐎𑑂𑐲𑐶𑐱𑑂𑐬𑐷𑑓𑐔𑑄𑐡𑑂𑐬𑐳𑑂𑐛𑐫𑐩𑐡𑐣𑐶𑐟𑑂𑐰𑑄𑑋𑑋
85084zfc,𑐰𑐎𑐸𑐣𑑂𑐴𑐸𑐳𑐶𑑄𑐴𑐳𑐶𑑄𑐢𑐶𑐣𑐷𑑍𑐕𑐾𑐥𑐮𑐢𑐵𑐎
dd30f6d7,𑐮𑑀𑐒𑐵𑐌𑐦𑐹𑐟𑐶𑐳𑐮𑐵𑐔𑐎𑑄𑐧𑐶𑐫𑑍𑐎𑐸𑑓𑐋𑐮𑐵𑐠𑑂𑐰𑑍𑐣𑐾𑐧𑐫𑐣𑐶𑑄𑑒𑐀𑐖𑐶𑐠𑑂𑐰𑑍𑐎𑐸𑑑𑐡𑑂𑐫
24fff256,𑐥𑐶𑐟𑑄𑐞𑐶𑐰𑑄𑐢𑐶𑐖𑐣𑐳𑐾𑐰𑐎𑑄𑐣𑐶𑐟𑑂𑐫𑑄𑐰𑐣𑑂𑐡𑐾𑐴𑑄𑐩𑐷𑐱𑑂𑐰𑐬𑑄𑐥𑑂𑐬𑐟𑐶
2173bbad,𑐰𑐮𑑂𑐮𑐶𑑅𑐥𑑂𑐬𑐟𑐵𑐥𑑀𑐖𑑂𑐰𑐮𑑅𑑌𑐟𑐳𑑂𑐫𑐵𑐟𑑂𑐩𑐖𑑀𑐨𑐹𑐩𑐶𑐢𑐬𑐾𑐱𑐎𑐣𑑂𑐫𑐵𑐥𑐵𑐡𑐵𑐩𑑂𑐰𑐸𑐖𑐵𑐱𑐎𑑂𑐟𑐰𑐶𑐱𑐸𑐡𑑂𑐢𑐔𑐾𑐟𑐵𑑅𑑋𑐮𑐎𑑂𑐲𑑂𑐩𑐷
z6f6z9b9,𑐳𑑂𑐠𑐵𑐥𑐣𑐵𑐫𑐵𑐒𑐵𑐖𑐸𑐬𑑀𑑋𑑋𑐨𑐵𑐏𑐵𑐠𑑂𑐰𑐒𑐸𑐬𑐾𑐳𑐸𑐣𑐵𑐣𑑄𑑍𑐳𑐾𑐣𑐎𑐰𑐳𑐵𑑍𑐳𑐶𑑄𑐕𑐾𑐟𑑂𑐰𑐵𑐎𑐱𑑂𑐰𑐟
63b2a1z8,𑐩𑑄𑐖𑐸𑐬𑐵𑐩𑐰𑑀𑐢𑐬𑐵𑐩𑐐𑐸𑐡𑑄𑐡𑐮𑐾𑐰𑐴𑐶𑐬𑐶𑐳𑐖𑑂𑐫𑐵𑐒𑐵𑐖𑐸𑐬
5z2863cc,𑐰𑑒𑐲𑑀𑐣𑐵𑐠𑐬𑐶𑐰𑐸𑑍𑐬𑑀𑐰𑑔𑐳𑐟𑐸𑐒𑑂𑐐𑐮𑐰𑐸𑐬𑑀𑐰𑑑𑐰𑐬𑐰𑐸𑐐𑐮𑐳𑐶𑑍𑐬𑑀𑐰𑑔𑐳𑑀𑐩𑐲𑑂𑐰𑐵𑐟𑐰𑐸𑑍𑐠𑑂𑐰𑐟𑐾𑐧𑐸𑐫𑐵𑐰𑐬𑑂𑐲
0bc1b17d,𑐱𑑂𑐬𑐷𑐩𑐕𑑂𑐬𑐷𑐱𑐵𑐎𑑂𑐫𑐳𑐶𑑄𑐴𑐾𑐟𑑂𑐫𑐵𑐡𑐶𑑐𑑌𑐡𑐵𑐣𑐥𑐟𑐶𑐖𑐖𑐩𑐵𑐣𑐣𑐾𑐥𑐵𑐮𑐩𑐞𑑂𑐜𑐮𑐾𑐱𑐵𑐣𑑂𑐟𑐶𑑄𑐑𑐟𑐳𑑂𑐠𑐵𑐣𑐾𑐠𑐵𑐫𑐩𑐡𑐸𑐟𑑀𑐮𑐣𑑂𑐴𑐸𑐧𑐵𑐴𑐵𑐮𑐳𑐔𑑀𑐣𑐩𑑂𑐴𑐳𑑂𑐠𑐵𑐥𑐶𑐟𑐣𑐵𑐫𑐎𑐖𑑀𑐐𑐰𑐷𑐬𑐟𑐳𑑂𑐫𑐨𑐵𑐬𑑂𑐫𑑂𑐫𑐵𑐖𑑂𑐘𑐵𑐣𑐶𑐠𑐎𑐸𑑄
8632b38d,𑐰𑐣𑐶𑐥𑐸𑐣𑐅𑐟𑑂𑐬𑑍𑐐𑑄𑐢𑐫𑑀𑐐𑑍𑐱𑐸𑐎𑑂𑐬𑐧𑐵
15cc1z19,𑐎𑑄𑐰𑐸𑐎𑐬𑐷𑐰𑐖𑑍𑐩𑐵𑐢𑐰𑑄𑐬𑐹𑐐𑑂𑐩𑐳𑑄𑐎𑐵𑐱𑑄𑑍𑐥𑑂𑐬𑐨𑐸𑐡𑐾𑐰𑐣𑐩𑑀𑑇𑐳𑑂𑐟𑐸𑐟𑐾𑑋𑑋𑐱𑑂𑐬𑐷𑐱𑑂𑐬𑐷
bzc60139,𑐥𑐟𑐾𑑅𑑋𑐥𑐡𑑂𑐩𑐮𑐎𑑂𑐲𑑂𑐩𑐷𑐩𑐴𑐵𑐬𑐵𑐣𑐷𑐳𑐡𑐵𑐨𑐬𑑂𑐟𑐺𑐥𑐬𑐵𑐫𑐞𑐵𑑌𑐬𑐵𑐖𑐵𑐳𑑄𑐥𑑂𑐬𑐟𑐶𑐰𑐶𑐲𑑂𑐞𑐸𑐳𑐶𑑄𑐴𑐣𑐺𑐥𑐟𑐶𑐎𑑂𑐲𑐷𑐬𑑀𑐡𑐢𑐾𑐬𑐸𑐴𑑂𑐫𑐟𑑀
4f32zz39,𑐨𑐎𑑂𑐟𑐶𑐖𑐣𑐰𑐶𑐥𑑂𑐬𑐱𑑂𑐬𑐷𑐰𑐶𑐩𑐬𑐵𑐖𑐡𑐾𑐰𑐫𑐖𑐩𑐵𑐣𑑍𑐖𑐏𑐬𑐵𑐖𑐨𑐵𑐬𑑀𑑍𑐳𑑂𑐰
75cza9f0,𑐎𑐵𑐐𑑀𑐥𑐎𑐸𑐮𑐵𑐣𑑂𑐟𑐬𑐎𑑂𑐲𑑌𑐀𑐏𑐞𑑂𑐜𑐮𑑀𑐟𑑂𑐳𑐺𑐲𑑂𑐚𑐱𑐶𑐮𑐵𑐟𑐶𑐰𑐺𑐲𑑂𑐚𑐾𑑅𑐟𑐳𑑂𑐩𑐣𑐩𑑀𑐣𑐣𑑂𑐡𑐳𑐸𑐟𑐵𑐫𑐣𑐶𑐟𑑂𑐰𑑄𑑌𑐁𑐳𑐷𑐬𑐟𑑂𑐳𑐶𑐡𑑂𑐢𑐶
b452zzb4,𑐣𑐾𑐥𑑂𑐬𑐟𑐶𑐲𑑂𑐛𑐵𑐥𑑂𑐫𑐣𑐶𑐟𑑂𑐫𑑄𑐰𑐣𑑂𑐡𑐾𑐣𑐩𑐵𑐩𑑂𑐫𑐴𑑄𑑌𑐀𑐑𑐟𑑂𑐫𑐵𑐡𑐶
a73777b9,𑐡𑐾𑐐𑐸𑐠𑐶𑐳𑐡𑐸𑐣𑑂𑐟𑐵𑑍𑐳𑐫𑐰𑐧𑐵𑐴𑐵𑐬𑐌𑐣𑑂𑐟𑐵𑐕𑐾𑑍𑐖𑐵𑐌𑐏𑐵𑑒𑐎𑐸𑑑𑑔𑐂𑐳𑐵𑐣𑐎𑐸𑐣𑐥𑐵
f59f32db,𑐞𑐶𑐐𑑂𑐮𑐵𑐢𑐶𑐥𑐟𑐶𑑍𑐣𑐾𑐥𑐵𑐮𑐾𑐱𑑂𑐰𑐬𑑍𑐳𑐎𑐮𑐬𑐵𑐖𑐵𑐖𑐾𑐱𑑂𑐰𑐬𑐩𑐵𑐣𑐩𑐵𑐣𑑀𑐣𑑂𑐣𑐟𑑍𑐩𑐴𑐵𑐬𑐵𑐖𑐵𑐢𑐶𑐬𑐵𑐖𑑍𑐱𑑂𑐬𑐷𑐱𑑂𑐬𑐷𑐖𑐫𑐰𑐶𑐲𑑂𑐞𑐸𑐩𑐮𑑂𑐮𑐡𑐾𑐰𑐥𑑂𑐬𑐨𑐸𑐠𑐵𑐎𑐸𑐬
188cz267,𑐱𑑂𑐬𑐷𑐱𑑂𑐬𑐷𑐎𑐰𑐷𑐣𑑂𑐡𑑂𑐬𑐖𑐫𑐥𑑂𑐬𑐟𑐵𑐥𑐩𑐮𑑂𑐮𑐡𑐾𑐰𑐾𑐣𑑍𑐠𑐩𑐠𑑂𑐬𑐱𑑂𑐮𑑀𑐎𑐔𑐶𑐒𑐵𑐰𑑍𑐳𑑂𑐟𑑀𑐟𑑂𑐬𑐫𑐵𑐒𑐵𑐰
659b7d9z,𑐟𑐟𑐸𑐮𑐵𑐢𑐬𑐎𑐮𑑂𑐫𑐟𑐲𑐶𑐟𑐵𑐢𑐟𑐖𑐸𑐬𑐶𑐧𑐐𑐟𑐖𑐸𑐫𑐵𑐌𑐠𑑂𑐰𑐫𑐵𑐟𑐣𑐵𑐩𑐣𑐧𑐸𑐟𑐨𑐵
3c964zaz,𑐢𑐎𑐠𑐵𑐥𑐣𑐵𑐫𑐵𑐣𑐵𑐐𑐸𑐡𑐾𑐰𑐐𑐸𑐬𑐸𑐩𑐵𑐩𑐰𑐧𑐵𑐫𑐵𑐟𑐧𑑀𑐩𑐧𑐶𑐫𑐵𑑅𑐳𑐶𑐡𑐣𑐵𑐫𑐵𑐣𑐵𑐴
fbf087dc,𑐣𑑂𑐣𑐴𑐣𑑂𑐣𑐾𑐩𑐵𑐮𑐖𑐸𑐬𑑀𑐮𑑀𑐥𑐫𑐵𑐎𑐵𑐮𑐾𑐐𑑀𑐧𑑂𑐬𑐵𑐴𑑂𑐩𑐞𑐵𑐡𑐶𑐥𑑄𑐔𑐩𑐴𑐵𑐥𑐵𑐟𑐎𑐵𑐡𑐶𑐮𑐵𑐎𑐖𑐸𑐬𑑀𑐮𑑀𑐥𑐩𑐫𑐵
10d3c2z3,𑐳𑐮𑐖𑑀𑐡𑐸𑐕𑐾𑐫𑐵𑐟𑐸𑐬𑐵𑐢𑐮𑐖𑐾𑐲𑑂𑐚𑐐𑑀𑐰𑐢𑑄𑐳𑐶𑐟𑐳𑑂𑐫𑐨𑐵𑐬𑑂𑐫𑑂𑐫𑐵𑐖𑐐
f9z6c081,𑐐𑐸𑐞𑐏𑐐𑐱𑐶𑐎𑐵𑐬𑑂𑐟𑐶𑐎𑐾𑐱𑐸𑐎𑑂𑐮𑐥𑐎𑑂𑐲𑐾
22b837c0,𑐬𑑀𑑍𑐎𑑂𑐰𑐥𑐹𑐕𑐾𑐫𑐵𑐧𑐷𑐮𑐳𑐶𑑄𑐴𑐨𑐵𑐬𑑀𑐄𑐗𑐵𑐣𑐕𑐾𑐫𑐵𑐢𑑄𑐖𑐸𑐨𑐵𑐬𑑀𑐠𑑂𑐰𑐟𑐾𑐳𑑂𑐟𑐳𑐩𑐢𑐵𑐬𑐫𑐵𑐒𑐵𑐌𑐂𑐟𑐸𑑄𑐰𑐵𑐴𑐵𑐬𑐟𑑀𑐮𑐟𑑄𑐰𑐟𑐩𑐸𑐐𑐬𑐫𑐣𑑂𑐟𑐵𑐕𑐾𑐫𑐵𑐨𑐶𑐎𑑂𑐲𑐸
ca58c9fa,𑐣𑑂𑐴𑐸𑐥𑐹𑐬𑑂𑐞𑐵𑐫𑐵𑐒𑐵𑐳𑑄𑑘𑑓𑑕
093c3fb0,𑑊𑐳𑑄𑐩𑑂𑐧𑐟𑑗𑑙𑑖𑐔𑐿𑐟𑐎𑐺𑐲𑑂𑐞
96d048bd,𑐬𑐶𑐟𑑍𑐱𑐟𑐱𑑂𑐬𑐷𑐎𑐾𑐱𑐔𑐣𑑂𑐡𑑂𑐬𑐎𑐺𑐟𑐥𑐵𑐬𑐵𑐰𑐬𑑂𑐟𑐩𑐴𑐵𑐰𑐶𑐴𑐵𑐬𑐢𑐶𑐲𑑂𑐛𑐶𑐟𑑍𑐧𑐖𑑂𑐬𑐵𑐔𑐵𑐬𑑂𑐫𑐱𑑂𑐬𑐷
4a3fbaz5,𑐳𑐸𑐏𑐩𑐫𑐡𑐾𑐴𑐶𑐣𑐵𑐩𑑀𑐎𑑂𑐲𑐴𑐾𑐟𑐸𑑌𑑑𑑌𑐁𑐟𑑂𑐩𑐬𑐎𑐵𑐬
0cf175f2,𑑉𑐣𑐩𑑅𑐱𑑂𑐬𑐷𑑓𑐎𑐸𑐮𑐶𑐐𑐵𑐳𑐣𑐵𑐎𑑂𑐲𑑀𑐨𑑂𑐫𑑌𑐳𑑂𑐰𑐳𑑂𑐟𑐶𑑌𑐳𑐩𑑂𑐧𑐟𑑗𑑘𑑓𑐔𑐿𑐟𑑂𑐬𑐩𑐵𑐳𑐾𑐱𑐸𑐎𑑂𑐮
7041b505,𑐱𑑂𑐬𑐷𑐳𑐶𑐡𑑂𑐢𑐶𑐎𑐵𑐮𑐶𑐎𑐵𑐫𑑋𑑋𑐐𑑀𑐥𑐵𑐮𑐬𑐵𑐩𑐣𑐵𑐩𑐾𑐞𑐥𑑂𑐬𑐵𑐳𑐵𑐡𑑄
639854d9,𑐳𑑂𑐟𑑂𑐬𑐵𑐬𑑂𑐠𑐰𑐶𑐟𑑂𑐟𑐟𑐸𑐮𑑂𑐫𑑀𑐣𑐢𑐬𑐵𑐥𑐟𑐶𑐬𑑂𑐨𑐸𑐰𑐶𑐟𑐡𑐵𑐰𑐎𑐞𑑂𑐛𑐣𑐵𑐠𑑀𑐥𑐩𑑅𑑌𑐁𑐳𑐷𑐡𑑂𑐫𑑀𑐐𑐣𑐬𑐾𑐣𑑂𑐡𑑂𑐬𑐩𑐮𑑂𑐮𑐣𑐺𑐥𑐟𑐶𑑅𑐱𑑂𑐬𑐷𑐱𑑂𑐬𑐷𑐣𑐶𑐰𑐵𑐳𑐵𑐟𑑂𑐩𑐖𑑀𑐫𑐟𑑂𑐟𑐸𑐮𑑂𑐫𑑀𑐨𑐸
07808d96,𑐨𑐵𑐣𑐸𑐥𑑂𑐬𑐟𑐶𑐩𑐥𑑂𑐬𑐟𑐵𑐥𑑀𑐰𑐶𑐬𑐵𑐖𑐟𑐾𑐩𑐵𑐬𑐳𑐩𑐵𑐣𑐬𑐹𑐥𑑅𑑌𑐳𑐱𑑂𑐬𑐷𑐣𑐶𑐰𑐵𑐳𑑀𑐣𑐺𑐥𑐰𑐵𑐳𑐬𑐾𑐱𑑀𑐨𑐐𑐷𑐬𑐠𑐳𑑂𑐫𑐵𑐣𑐸𑐩𑐟𑑄𑐐𑐺𑐴𑐷𑐟𑑂𑐰𑐵𑑍𑐀𑐎𑐵𑐬𑐫𑐡𑑂𑐨𑐷𑐲𑐞
92279704,𑐥𑐸𑐟𑑂𑐬𑐧𑐵𑐬𑐎𑐸𑐩𑐵𑐬𑐳𑐴𑐡𑑂𑐬𑐾𑐟𑐶𑑍𑐠𑐸𑐬𑐶𑐥𑐬𑐶𑐧𑐵𑐬𑐕𑐶𑐫𑐵𑐢𑐬𑑂𑐩𑑂𑐩𑐔𑐶𑐟𑑂𑐟𑐄𑐟𑑂𑐥𑐟𑑂𑐟𑐶
6076a7az,𑐥𑑂𑐬𑐔𑐫𑐥𑐸𑐞𑑂𑐜𑐬𑐷𑐎𑐣𑐫𑐣𑐱𑐫𑐣𑐳𑐥𑑂𑐬𑐔𑐞𑑂𑐜𑐨𑐵𑐣𑐸𑐡𑐫𑐴𑐶𑐩𑐨𑐵𑐣𑐸𑐩𑐞𑑂𑐜𑐮𑐴𑐳𑐴𑐶𑐩𑐴𑐶𑐩𑐐𑐶
2f761148,𑑊𑑉𑐣𑐩𑑅𑐱𑑂𑐬𑐷𑐨𑐰𑐵𑐣𑑂𑐫𑑌𑐨𑐎𑑂𑐟𑐳𑑂𑐰𑐲𑑂𑐥𑐡𑐡𑐵𑐫𑐶𑐣𑐷𑐨𑐰𑐣𑐰𑐎𑐷𑐜𑐵𑐎𑐮𑐵
zdb57c83,𑐐𑑂𑐫𑑋𑑋𑐥𑑂𑐬𑐖𑑂𑐘𑐵𑐮𑑀𑐎𑐬𑑂‌𑐰𑐱𑐿𑐩𑑀𑐎𑑂𑐲𑐥𑑂𑐬𑐵𑐥𑑂𑐟𑐫𑐳𑑂𑐟𑐸𑑋𑑋𑐱𑐸𑐨𑐩𑑄𑐐𑐮𑐨
09705b68,𑐎𑐵𑐳𑐎𑐾𑐣𑐎𑐰𑐶𑐴𑐵𑐬𑐶𑐮𑐶𑐰𑐶𑐕𑐾𑐫𑐵𑐥𑐸𑐬𑑂𑐞𑐶𑐩𑐵𑐳𑐾𑐰𑐵𑐐𑐸𑐠𑐶𑐫𑐵𑐫𑑀𑐐𑑂𑐰𑐵𑐬𑐨𑑀
cd0a652a,𑐰𑐬𑐖𑑅𑐱𑐱𑐵𑐳𑐮𑐮𑐶𑐟𑐵𑐩𑐶𑐏𑑂𑐫𑐵𑑄𑐥𑐸𑐬𑐷𑑄𑐱𑑂𑐬𑐷𑐩𑐟𑐷𑑄𑐱𑑂𑐬𑐷𑐩𑐡𑑂‌𑐫𑑀𑐐𑐣𑐬𑐾𑐣𑑂𑐡𑑂𑐬𑐩𑐮𑑂𑐮𑐣𑐺𑐥𑐟𑐶𑐬𑑂𑐰𑐬𑐷𑐩𑐥𑑄𑐔𑐵𑐣𑐣𑑅𑑋𑐥𑐡𑑂𑐡𑑀
573d2991,𑐲𑑂𑐚𑐡𑐾𑐰𑐟𑐵𑐥𑑂𑐬𑐷𑐟𑑂𑐫𑐬𑑂𑐠𑐱𑑂𑐬𑐷𑐱𑑂𑐬𑐷𑐳𑐸𑐩𑐟𑐶𑐖𑐫
541dzd7f,𑐬𑐖𑐸𑐫𑐩𑐵𑐮𑐠𑑂𑐰𑐏𑑄𑐧𑐵𑐳𑑂𑐫𑑄𑐎𑐸𑐳𑐵𑑌
41cbdbcd,𑐦𑑄𑑓𑑐𑐠𑐸𑐟𑐶𑐴𑐵𑐣𑐾𑑋𑑋𑐠𑑂𑐰𑐎𑐵𑐬𑑂𑐖𑐟𑑂𑐰𑐵𑐮𑐥𑐘𑑂𑐔𑐳𑐩𑐸𑐔𑐫𑐣𑐠𑑂𑐰𑐥𑐸𑐏𑐸𑐬
68628aa2,𑐩𑐣𑐬𑐶𑐳𑐟𑐶𑐮𑐨𑐣𑑂𑐟𑐾𑐳𑑂𑐩𑐬𑐣𑑂𑐟𑑅𑑌𑑒𑑌𑐬𑐞𑐾𑐔𑐞𑑂𑐜𑐩𑐸𑐞𑑂𑐜𑐵𑐡𑑂𑐬𑐶𑐣𑐸𑐞𑑂𑐜𑑄𑐣𑐶𑐎𑐺𑐳𑑂𑐫𑐵𑑍𑐡𑑂𑐨𑐚𑐵𑑄𑐣𑐶𑐬𑑂𑐩𑑂𑐩𑐟
ff3770b9,𑐳𑐴𑐶𑐟𑑄𑐳𑑄𑐳𑑂𑐠𑐵𑐥𑐫𑐵𑐩𑐵𑐳𑐳𑑍𑐎𑐺𑐟𑑂𑐰𑐵𑐟𑐟𑑂𑐬𑐣𑐬𑐾𑐣𑑂𑐡𑑂𑐬𑐨𑐹𑐥𑐟𑐶𑐩𑐞𑐶𑐴𑑀𑐩𑑄𑐔𑐎𑑀𑐚𑑂𑐫𑐵𑐴𑐸𑐟𑐶𑑄𑑌𑑐𑑌
d4b28b9b,𑐫𑐵𑐟𑐡𑑄𑑒𑐡𑐾𑐰𑐳𑑂𑐟𑑄𑐡𑐎𑑂𑐲𑐶𑐞𑐵𑐡𑑄𑑘𑐥𑐹𑐖𑐵𑐰𑐵𑐬𑐶𑐳𑑂𑐰𑐩𑐳𑑂𑐟𑑄𑐠𑑂𑐰𑐟𑐾𑐡𑐫𑐎𑑄𑐥𑐹𑐖𑐵𑐫𑐵𑐫𑐩𑐵𑐮𑑌𑑌𑐠𑑂𑐰𑐟𑐾𑐄
afddzzff,𑐫𑐵𑐥𑐵𑐴𑐵𑐳𑐶𑑄𑐨𑐵𑐬𑑀𑐠𑑂𑐰𑐟𑐾𑐒𑐵𑐩𑑂𑐴𑐵𑑕𑐳𑐩𑐸𑐔𑐫𑐣𑐔𑐵𑐠𑑂𑐰𑐮𑐖𑐐
b7d90797,𑐥𑐸𑐬𑑂𑐞𑑂𑐞𑐩𑐵𑐳𑐷𑐱𑑂𑐬𑐷𑐔𑐣𑑂𑐡𑑂𑐬𑐳𑐾𑐏𑐬𑐡𑐾𑐰
31df6563,𑐟𑐸𑐮𑑀𑐣𑐳𑐶𑑄𑐴𑐢𑐟𑐖𑐖𑐩𑐵𑐣𑐫𑐵𑐩𑐣𑐳𑐂𑐢𑐵𑐐𑐸𑐳𑑂𑐫𑐵𑐠𑑂𑐰𑐔𑐿𑐟𑑂𑐫𑐡𑑀𑐳𑐵𑐮𑐡𑐫
60687c23,𑐳𑐸𑐬𑑂𑐖𑐬𑐵𑐩𑐨𑐵𑐮𑑀𑐥𑐱𑐸𑐬𑐵𑐩𑐣𑐾𑐴𑑂𑐩𑐦𑐸𑐎𑐶𑐖𑐥𑐸𑐟𑑂𑐬
88zf5159,𑐰𑐱𑐵𑐱𑐸𑐡𑐶𑑓𑐥𑑂𑐬𑐟𑐶𑐲𑑂𑐛𑐵𑐫𑐵𑐒𑐵𑐡𑐶𑐣
0z03z1a2,𑐳𑐶𑐎𑐸𑐣𑑂𑐴𑐸𑐬𑐵𑐖𑐐𑐸𑐬𑑂𑐰𑑂𑐰𑐵𑐴𑐵𑐬𑐣𑐱𑑂𑐬𑐷𑐨𑐬𑐰𑐩𑐹𑐬𑑂𑐟𑐶𑐥𑐹𑐖𑐵𑐫𑐵𑐫𑐩𑐵𑐮𑑌𑐦𑑄𑑑𑐳𑐶𑐫𑐵𑐦𑐮𑐎𑐶𑐥𑑂𑐬𑑒𑐩𑑂𑐰𑐵𑐟𑐎𑐸
c699f7da,𑐣𑐹𑐐𑐵𑐩𑐺𑐟𑑂𑐫𑐡𑐮𑐶𑐎𑐰𑐖𑐰𑐎𑑂𑐲𑐟𑑂𑐬𑐡𑐸𑐂𑐩𑐡𑐩𑐳𑑂𑐟𑐣𑐾𑐥𑐵𑐮𑐖𑐩𑐟𑐶𑐟𑐵𑐟𑐶𑐩𑐸𑐂𑐐𑐣𑐳𑐥𑐕𑐾
b2bfdfzz,𑐩𑐾𑐴𑐾𑐬𑐩𑐵𑐣𑐥𑐸𑐟𑑂𑐬𑐳𑐸𑐲𑐸𑐨𑐵𑐖𑐸𑐠𑑂𑐰𑐟𑐾𑐳𑐎𑐮𑐥𑐬𑐶𑐰𑐵𑐬𑐳𑐩𑑀𑐴𑑅𑐖𑐸𑐫𑐵𑐌𑐱𑑂𑐬𑐷
c492aa88,𑐀𑐣𑐣𑑂𑐟𑐡𑐶𑐫𑐡𑐾𑐰𑐷𑐠𑑂𑐰𑐩𑑂𑐴𑐩𑐴𑐵𑐬𑐵𑐣𑐶𑐩𑐴𑐵𑐬𑐵𑐣𑐶𑐢𑐶𑐬𑐵𑐖𑐨𑐸𑐥𑐎𑐾𑐱𑐬𑐷𑐱𑑂𑐬𑐷𑐱𑑂𑐬𑐷𑐎𑐰𑐷𑐣𑑂𑐡𑑂𑐬𑐖𑐫𑐥𑑂𑐬
bd3z1950,𑐥𑐟𑐵𑑍𑐎𑐸𑑑𑐩𑐟𑐵𑐎𑐶𑐖𑐵𑐎𑐶𑑍𑐖𑐸𑑑𑐣𑐶𑐱𑐮𑐵𑐮𑑍𑐩𑑂𑐴𑑄𑑑𑐴𑐵𑐳𑐧𑐵𑐴𑐵𑑄𑐡𑐫𑐎𑐾𑐩𑐵𑐮
zc028b99,𑐫𑑍𑐫𑐡𑑂𑐡𑐟𑑂𑐟𑑄𑐡𑐾𑐰𑐩𑐣𑑂𑐡𑐶𑐬𑑄𑑋𑐐𑑀𑐥𑐵𑐮𑐬𑐵𑐩𑐔𑐵𑐕𑐵𑐫𑐥𑐸𑐟𑑂𑐬𑐾𑐞𑐳𑑂𑐠𑐵
bdf5cc9z,𑑊𑐳𑑂𑐰𑑄𑐟𑑘𑑕𑑑𑐎𑐵𑐬𑑂𑐟𑐶𑐎𑐱𑐸𑐡𑐶𑑑𑑕
5328726z,𑐡𑐾𑐳𑐾𑑋𑑋𑑉𑐀𑐡𑑂𑐫𑐱𑑂𑐬𑐵𑐰𑐞𑐩𑐵𑐳𑐾𑑍𑐱𑐸𑐎𑑂𑐮𑐥𑐎𑑂𑐲𑐡𑐳𑐩𑐺𑐐𑐱𑐶𑐮𑑍𑐧𑐶𑐳𑐎𑑄𑐩𑑂𑐨𑑍𑐖𑐠𑐵𑐎
2z01fd16,𑐎𑐸𑐬𑐳𑐰𑐶𑐖𑐫𑐬𑐵𑐖𑑂𑐫𑐾𑐱𑐎𑑂𑐰𑐵𑐛𑑂𑐫𑐵𑐠𑐎𑐸𑐬
zb25326b,𑐰𑐶𑐩𑐵𑐣𑐱𑑂𑐬𑐷𑑓𑐖𑐐𑐣𑑂𑐣𑐵𑐠𑐥𑑂𑐬𑐟𑐶𑐩𑐵𑐳𑐴𑐶
502d43fa,𑐞𑐴𑑀𑐟𑑁𑑋𑐖𑐐𑐣𑑂𑐩𑐵𑐟𑐬𑐸𑐡𑑂𑐣𑐵𑐬𑐖𑐟𑑂𑐟𑑂𑐬𑐷𑐟𑑂𑐰𑐩𑐾𑐎𑐵𑑍𑐱𑐶𑐱𑑀𑐬𑑂𑐩𑑂𑐩𑐥𑐬𑐵𑐢𑐵𑐣𑐰𑐵𑐨𑐵𑐰𑐣𑐷𑐫𑐵𑑅𑑌𑑙𑑌𑐡𑐶𑐣𑐾𑐐𑑀𑐢𑐣𑐾𑐱𑑀𑐖
6fz27zdz,𑐬𑐰𑐶𑐡𑐶𑐣𑐱𑑂𑐬𑐰𑐞𑐬𑑂𑐎𑑂𑐲𑐾𑐎𑐸𑐩𑑂𑐨𑐳𑑄𑐳𑑂𑐠𑐾𑐱𑐸𑐩𑐵𑐮𑐵𑐩𑐣𑐳𑐶𑐖𑐟𑐶𑐠𑐶𑐩𑐵𑐑𑐾𑐎𑐺𑐲𑑂𑐞𑐵𑐥𑐎𑑂𑐲𑐾𑐟𑐶𑐬𑐩𑑂𑐫𑐾𑐆𑐟𑐸𑐰𑐳𑐸𑐬𑐳
7d96czb7,𑐬𑑀𑑋𑑋𑐥𑐸𑐣𑐨𑐵𑐏𑐵𑐠𑑂𑐰𑐕𑐾𑐳𑐢𑐬𑑂𑐩𑑂𑐩𑐬𑐵𑐖𑐵𑐫𑐵𑐰𑑄𑐳𑐡𑐟𑑀
z5z5d41a,𑐐𑐸𑐞𑐏𑐐𑐱𑐶𑐎𑐵𑐬𑑂𑐟𑐶𑐎𑐾𑐱𑐸𑐎𑑂𑐮𑐥𑐎𑑂𑐲𑐾
a8a957d3,𑐑𑐵𑐟𑐰𑐣𑐵𑐥𑐔𑑀𑐒𑐄𑐗𑐵𑐣𑑍𑐬𑑀𑐰𑐣𑑂𑐴𑐳𑑗𑐠𑑂𑐰𑐟𑐾𑐫𑐵𑐰𑐬𑑂𑐲𑐥𑑂𑐬𑐟𑐶𑐰𑐬𑐳𑐵𑐣𑐩𑐸𑐗𑐰𑐔𑐣𑑂𑐡𑑂𑐬𑐩𑐸𑐣𑐶𑐰𑐡𑐾𑐖𑐸𑑍𑐢𑐬𑑂𑐩𑑂𑐩𑐱𑑂𑐬𑐷𑐰𑐡𑐾𑐖𑐸
30ba7780,𑐩𑐶𑐟𑐶𑐧𑐿𑐱𑐵𑐲𑐱𑐸𑐎𑑂𑐮𑐥𑐘𑑂𑐔𑐩𑐶𑐩𑐺𑐐𑐱𑐶𑐬𑐵𑐣𑐎𑑂𑐲𑐟𑑂𑐬𑐀𑐟𑐶𑐐𑐣𑑂𑐢𑐖𑑀𑐐𑐫𑐠𑐵𑐎
bfdz6za4,𑐣𑐾𑑑𑑐𑑓𑑑𑐎𑐵𑐬𑑂𑐟𑑂𑐟𑐶𑐎𑐩𑐵𑐳𑐾𑐱𑐸𑐎𑑂𑐮𑐥𑐎𑑂𑐲𑐾
9f83988a,𑐣𑐩𑐱𑑂𑐬𑐷𑐢𑐬𑑂𑐩𑐢𑐵𑐟𑐸𑐔𑐿𑐟𑑂𑐫𑐩𑐟𑐵𑐎𑐰𑐢𑐖𑐐𑐸𑐡𑐾𑐰𑐳𑑂𑐰𑐢𑐳𑐥𑑄𑐟𑐸𑐨𑐡𑐵𑐬𑐎𑐩𑐵𑐡𑐶𑐡𑐾𑐰𑑄𑐖𑐣𑐵
68610775,𑐎𑑂𑐲𑐸𑐱𑑂𑐬𑐷𑐰𑐵𑐳𑐶𑑄𑐴𑑍𑐱𑐵𑐎𑑂𑐫𑐨𑐶𑐎𑑂𑐲𑐸𑐱𑑂𑐬𑐷𑐩𑑄𑐎𑐳𑐶𑑄𑐴𑐱𑐵𑐎𑑂𑐫𑐨𑐶𑐎𑑂𑐲𑐸𑐖𑐫𑐳𑐶𑑄𑐴𑐡𑐾𑐰𑑍
cza4zc82,𑐳𑐶𑐎𑐸𑐣𑑂𑐴𑐸𑐬𑐵𑐖𑐐𑐸𑐬𑑂𑐰𑑂𑐰𑐵𑐴𑐵𑐬𑐣𑐱𑑂𑐬𑐷𑐨𑐬𑐰𑐩𑐹𑐬𑑂𑐟𑐶𑐥𑐹𑐖𑐵𑐫𑐵𑐫𑐩𑐵𑐮𑑌𑐦𑑄𑑑𑐳𑐶𑐫𑐵𑐦𑐮𑐎𑐶𑐥𑑂𑐬𑑒𑐩𑑂𑐰𑐵𑐟𑐎𑐸
f8040fc6,𑐐𑑂𑐰𑐣𑐶𑐡𑐵𑐣𑐫𑐵𑐟𑐳𑐵𑐳𑑂𑐫𑐴𑐵𑐫𑐸𑐣𑐵𑐥𑐵𑐎𑐟𑐟𑐢𑐖𑐖𑐸𑐫𑐵𑐴𑐵𑐫𑐳𑐬𑐵𑐎𑐴𑐵𑐮𑑀𑑌𑐱𑐸𑐨
z0f33fbc,𑐨𑐵𑐖𑐹𑑌𑐠𑑂𑐰𑐧𑐾𑐮𑐳𑑍𑐱𑑂𑐬𑐷𑐧𑐣𑐶𑐎𑐵𑐥𑐹𑐬𑐶𑐳𑐠𑑂𑐰𑐡𑐾𑐰𑐮𑐥𑑂𑐬𑐟𑐶𑐲𑑂𑐛𑐵
647cfz09,𑐮𑑂𑐫𑑄𑐄𑐢𑐵𑐬𑐖𑐸𑐫𑐩𑐵𑐬𑑍𑐖𑐖𑐩𑐵𑐣𑐫𑐵𑑄𑐠𑐸𑐐𑐸𑐖𑐣𑑂𑐩𑐳𑐖𑐣𑐢𑐣𑐳𑐣𑑂𑐟𑐵𑐣𑐔𑐟𑐸
7d550644,𑐟𑑂𑐬𑐶𑐨𑐸𑐰𑐣𑐳𑐰𑐵𑐳𑐮𑐫𑐸𑐖𑐸𑐮𑐱𑐸𑐨𑑌
z91f84da,𑐫𑐣𑑂𑐟𑐷𑑍𑐩𑐬𑐷𑐣𑐸𑐐𑑂𑐬𑐬𑐹𑐥𑐵𑐩𑐴𑑄𑐟𑑂𑐬𑐵𑑄𑐨𑐖𑐵𑐩𑐶𑑌𑑘𑑌𑐣𑐰𑑀𑐩𑐾𑐩𑐩𑐢𑑂𑐫𑐵𑐣𑐳𑐣𑑂𑐟𑐵𑐣𑐱𑐎𑑂𑐟𑐶𑑍𑐬𑑂𑐣𑑂𑐣𑐔𑐥𑑂𑐬𑐵𑐞𑐬𑑀𑐢𑐾𑐖𑐐𑐟𑐵
d310255f,𑑊𑑉𑐱𑑂𑐬𑐷𑐐𑑀𑐥𑐵𑐮𑐾𑐱𑑂𑐰𑐬𑐵𑐫𑑌𑐐𑑀𑐥𑐵𑐮𑐾𑐱𑑂𑐰𑐬𑐡𑐾𑐰𑑋
0z643z1c,𑐐𑐱𑐶𑐬𑐣𑐎𑑂𑐲𑐟𑑂𑐬𑐥𑑂𑐬𑐷𑐟𑐶𑐫𑑀𑐐𑐾𑐫𑐠𑐵𑐎𑐬𑑂𑐞𑑂𑐞𑐩𑐹𑐴𑐸𑐬𑑂𑐟𑑂𑐟𑐾𑐧𑐸𑐢𑐧𑐵𑐳
d6c9c8ad,𑐟𑑍𑐳𑐶𑐰𑐣𑐵𑐮𑐵𑐫𑐣𑑌𑐢𑐬𑑂𑐩𑑂𑐩𑐢𑐮𑐔𑐶𑐎𑐶𑐟𑐶𑑍𑐀𑐳𑑄𑐟𑑀𑐮𑐎𑑀𑐠𑐸𑐥
27602ca9,𑐬𑐎𑐵𑐩𑐔𑐵𑐔𑐵𑐟𑑂𑐣𑐩𑑀𑐎𑑂𑐲𑐐𑐟𑐶𑐥𑑂𑐬𑐵𑐦𑐖𑐸
54c781b9,𑑊𑐳𑑂𑐰𑑄𑐟𑑘𑑕𑑑𑐎𑐵𑐬𑑂𑐟𑐶𑐎𑐱𑐸𑐡𑐶𑑑𑑕
67317d55,𑑊𑐳𑐩𑑂𑐰𑐟𑑘𑑑𑑐𑐁𑐱𑐶𑐸𑐣𑐷𑐱𑐸𑐎𑑂𑐮𑑌𑐡𑐱𑐩𑐷
a8f3dc97,𑐬𑑂𑐰𑐦𑐵𑐮𑑂𑐐𑐸𑐞𑐷𑐣𑐎𑑂𑐲𑐾𑐟𑐬𑐾𑑍𑐱𑐶𑐰𑐖𑑀𑐐𑐾𑐖𑐠𑐵𑐎𑐬𑑂𑐞𑐩𑑀𑐴𑑀𑐟𑐬𑐾𑑍𑐧𑐾𑐴𑐳𑑂𑐥𑐟𑐶𑐰𑐵𑐳𑐬𑐾𑑍𑐎𑑂𑐬𑐎𑑂𑐬
z27c8dbf,𑐔𑐸𑐬𑑒𑐠𑑂𑐰𑐟𑐾𑐧𑐸𑐫𑐵𑐌𑐬𑐳𑐵𑐣𑐣𑐡𑐸𑐠𑐾𑐴𑐣𑐾𑐩𑐵𑐬𑐡𑐶𑐬𑐥𑐸𑐣𑑂𑐴𑐶𑐳𑐶𑐎𑐸𑐣𑑂𑐴𑐸𑐩𑐵𑐴𑐵𑐡𑐶𑐥𑐥𑐸𑑄𑑑
0d57cc8c,𑐢𑐣𑐥𑐟𑐶𑐡𑐾𑐌𑐩𑐵𑐟𑐵𑐩𑐴𑐷𑐖𑐫𑐮𑐎𑑂𑐲𑑂𑐩𑐷𑐢𑐣𑐶𑐩𑑂𑐴𑐫𑐵𑐟𑐩𑐴𑐵
a92a2d6f,𑑊𑐱𑑂𑐬𑐷𑐎𑐺𑐲𑑂𑐞𑐵𑐫𑐣𑐩𑑅𑑌𑐨𑐹𑐨𑐵𑐬𑑄𑐴𑐬𑐟𑐾𑐬𑐶𑐥𑐹𑐣𑑂𑐎𑐮𑐸𑐲𑐶𑐞𑑀𑐴𑐟𑑂𑐰𑐵𑐩𑐡𑐵𑐣𑑂𑐢𑐵𑐣𑑂𑐣𑐺𑐥𑐵𑐣𑑂𑐢𑐬𑑂𑐩𑐵𑐣𑑂𑐳𑑂𑐫𑐵
842a1z39,𑐖𑐵𑐢𑐶𑐬𑐵𑐖𑐱𑑂𑐬𑐷𑐱𑑂𑐬𑐷𑐖𑐫𑐨𑐵𑐳𑑂𑐎𑐬𑐩𑐮𑑂𑐮𑐡𑐾𑐰𑐳𑑂𑐫𑐢𑐶𑐖𑑀𑐬𑐵𑐖𑑌𑐡𑐵𑐣𑐥𑐟𑐶𑐎𑐵𑐎𑐶𑐥𑐹𑐬𑐳𑐡𑐵𑐣
fz2dd074,𑑉𑐣𑐩𑑅𑐱𑑂𑐬𑐷𑑓𑐴𑐾𑐬𑐸𑐎𑐰𑐖𑑂𑐬𑐵𑐫𑑋𑑋𑐰𑐖𑑂𑐬𑐳𑐟𑑂𑐰𑐣𑐩𑐩𑑂𑐟𑐸𑐨𑑂𑐫𑑄𑑍𑐟𑐿
486263bd,𑐫𑐵𑐲𑐸𑐣𑐣𑐖𑑀𑐖𑐩𑐵𑐣𑐳𑑂𑐫𑐁𑐫𑐸𑐁𑐬𑑀𑐐𑑂𑐫𑑍𑐖𑐣𑐢𑐣𑐰𑐺𑐡𑑂𑐢𑐶𑐬𑐳𑑂𑐟𑐸𑑋𑑋𑐂𑐴𑑀𑐬𑑀𑐎𑐾𑐳𑐸𑐲
zc3c5b73,𑐥𑑁𑐬𑐾𑐫𑐔𑐹𑐜𑐵𑐩𑐞𑐷𑐬𑐵𑐢𑐵𑐎𑐵𑐣𑑂𑐟𑐣𑐶𑐟𑐵𑐣𑑂𑐟𑐔𑐶𑐣𑑂𑐟𑐣𑐔𑐩𑐟𑑂𑐎𑐵𑐬𑐷𑐰𑐶𑐔𑐵𑐬𑐷𑐳𑐟𑐵𑑄𑑋𑐡𑐵𑐣𑐎𑐬𑑂𑐞𑑂𑐞𑐳𑐩𑑀𑐐𑐸
6c067607,𑐱𑑂𑐬𑐷𑐱𑑂𑐬𑐷𑐖𑐫𑐥𑑂𑐬𑐟𑐵𑐥𑐩𑐮𑑂𑐮𑐡𑐾𑐰𑐥𑑂𑐬𑐨𑐸𑐠𑐵𑐎𑐸𑐬𑐳𑑂𑐫𑐰𑐶𑐖𑐫𑐬𑐵𑐖𑑂𑐫𑑅𑑋𑑋𑐱𑑂𑐬𑐷𑐳𑐸𑐰𑐬𑑂𑐞𑑂𑐞𑐥𑐞𑐵𑐮𑐶𑐩𑐴𑐵
9287c0c7,𑐣𑐱𑑂𑐬𑐷𑐩𑐟𑑂𑐱𑑂𑐬𑐷𑑓𑐎𑐵𑐲𑑂𑐛𑐨𑑀𑐟𑐣𑑂𑐴𑐰𑐣𑐾𑐖𑐮𑐢𑐵𑐮𑐶𑐡𑐫𑐎𑑄𑐥𑐟𑐶𑐳𑑂𑐠𑐵𑐫𑐵𑐒𑐵𑐡𑐶𑐣𑐖𑐸𑐬𑑀𑑌𑐠𑑂𑐰𑐖𑐮𑐢𑐸𑐣𑐷𑐳
680d9007,𑐠𑐰𑐳𑑂𑐟𑑂𑐬𑐷𑐖𑑀𑐐𑐩𑐟𑐶𑐣𑑄𑑍𑐎𑐮𑐱𑐸𑐧𑐸𑐬𑑀𑑔𑐡𑐸𑐟𑐵𑑋𑑋𑐡𑐾𑐰𑐳𑑂𑐎𑐾𑑍𑐣𑐶𑐟𑑂𑐫𑐥𑐸𑐖𑐵𑐫𑐎𑐵𑑍𑐰𑑂𑐬𑐵𑐩𑑂𑐴𑐣𑑍𑐁𑐔𑐵
1ac42a46,𑐥𑐬𑐵𑐐𑐥𑐶𑐘𑑂𑐖𑐬𑐶𑐟𑐩𑐸𑐟𑑂𑐟𑐩𑐵𑐡𑑂𑐐𑐱𑑂𑐬𑐷𑐱𑐎𑑂𑐟𑐶𑐳𑐶𑑄𑐴𑐬𑐵𑐩𑐬𑐵𑐖𑑂𑐬𑐸𑐳𑑂𑐫𑐧𑐶𑐖𑐫
9b829cab,𑐎𑐾𑐌𑐣𑐾𑐐𑐸𑐮𑑚𑐂𑐮𑐵𑐕𑐶𑐣𑐶𑐳𑑂𑐫𑑚𑐨𑐶𑑄𑐡𑐾𑐌𑐫𑐵𑐠𑐵𑐳𑐮𑑀𑐴𑐮𑑄𑐳𑐶𑐫𑐵
28c7d9z1,𑐄𑐟𑑂𑐬𑐵𑐲𑐵𑐝𑐣𑐎𑑂𑐲𑐟𑑂𑐬𑐾𑐱𑑁𑐨𑐣𑐫𑑀𑐐𑐾𑐧𑐺𑐴𑐳𑑂𑐥𑐟𑐶𑐰𑐵𑐳𑐬𑐾𑑌𑐠𑑂𑐰𑐎𑐸𑐣𑑂𑐴𑐸𑐠𑐵𑐣𑐥𑐟𑐶𑐱𑑂𑐬𑐷𑑓𑐐𑐞𑐾𑐱𑑂𑐰𑐬𑐨𑐚𑑂𑐚𑐵
6500481f,𑑘𑑓𑑕𑐦𑐵𑐐𑐸𑐣𑐱𑐸𑐡𑐶𑑑𑐱𑑂𑐬𑐷𑐳𑐡𑐵𑐱𑐶𑐰𑐱𑑂𑐬𑐷𑐣𑐵𑐬𑐵𑐫𑐣𑐱𑑂𑐬𑐷𑐳𑐬𑐱𑑂𑐰
d601d573,𑐫𑐵𑐟𑐳𑐵𑐣𑐬𑐔𑐮𑐎𑐫𑐵𑐟𑐳𑐾𑐣𑐎𑐬𑐳𑐵𑑍𑐥𑑄𑐔𑐩𑐴𑐵𑐥𑐵𑐟𑐎𑐬𑐵𑐎𑐱𑑂𑐬𑐷
6d7zbf4f,𑐎𑐡𑐸𑐰𑐵𑐬𑐴𑐵𑐛𑑀𑑍𑐢𑐣𑐨𑐵𑐬𑑀𑑍𑐐𑑂𑐰𑐥𑐶𑐬𑐵𑐖𑐨𑐵𑐬𑑀𑑍𑐀𑐩𑐶𑐟𑐳𑐶𑑄𑐴𑐨𑐵𑐬𑑀𑑍𑐔𑑄
z9955fba,𑐬𑐵𑐖𑐬𑐵𑐖𑐬𑐵𑐖𑐬𑐵𑐖𑐾𑐣𑑂𑐡𑑂𑐬𑐰𑐶𑐎𑑂𑐬𑐩𑐱𑐵𑐴𑐡𑐾𑐰𑐰𑐶𑐖𑐫𑐬𑐵𑐖𑑂𑐫𑑌
52d63447,𑐞𑐬𑐣𑐸𑐥𑐩𑑀𑐬𑐹𑐥𑐬𑐟𑐷𑐰𑐮𑑂𑐮𑐨𑑀𑐢𑐾𑐫𑑂‌𑐫𑐬𑑂𑐡𑐵𑐱𑐬𑐠𑐶𑐲𑑂𑐥𑑂𑐬𑐟𑐵𑐥𑐟𑐟𑐶𑐩𑐶𑐱𑑂𑐔𑐞𑑂𑐜𑑅𑐥𑑂𑐬𑐔𑐞𑑂𑐜𑐵𑑐𑐱𑐸𑐎𑑅𑑋𑐐𑐵
zf0d41z0,𑐏𑐳𑐩𑐵𑐣𑐰𑐬𑑂𑐞𑑂𑐞𑑄𑑍𑐏𑐐𑐾𑐱𑐏𑐾𑐟𑑂𑐰𑑄𑐣𑐏𑐏𑐜𑑂𑐐𑐩𑐸𑐏𑑂𑐫𑑄𑑋𑐏𑐬𑑂𑐰𑐵𑐰𑐟𑐵𑐬𑑄𑐳𑐸𑐏𑐡𑐵𑐡𑐶𑐮𑐾𑐏𑑄𑑍𑐏𑐶𑐮𑐵𑐨𑐶𑐢𑐵𑐣𑑄𑐥𑑂𑐬𑐞𑐩𑐵𑐩𑐶𑐰𑐶𑐲𑑂𑐞𑐸𑑄𑑌𑐀𑐟𑑅𑐥𑐬𑑄𑐣
9f2935cd,𑐥𑐫𑐟𑐾𑐣𑐬𑐵𑐣𑑂𑐣𑐶𑐖𑐠𑐾𑐳𑑄𑐬𑐎𑑂𑐲𑐟𑐾𑐳𑑄𑐳𑐺𑐟𑑅𑑌𑐎𑑂𑐲𑐷𑐬𑐵𑐖𑑂𑐢𑐵𑐬𑐸𑐨𑐸𑐖𑐐𑐾𑐱𑐨𑑀𑐐𑐱𑐫𑐣𑐾𑐳𑐵𑐡𑑂𑐢𑑄𑐱𑑂𑐬𑐶𑐫𑐵𑐱𑐵
1afd81da,𑐔𑐶𑐟𑑂𑐟𑐄𑐟𑑂‍𑐥𑐟𑑂𑐟𑐶𑐖𑐸𑐫𑐵𑐌𑑌𑐳𑑄𑐩𑑂𑐧𑐟𑑑𑑐𑑑𑑐𑐩𑑂𑐟𑐶
c226df54,𑐬𑐎𑐵𑐩𑐔𑐵𑐔𑐵𑐟𑑂𑐣𑐩𑑀𑐎𑑂𑐲𑐐𑐟𑐶𑐥𑑂𑐬𑐵𑐦𑐖𑐸
fcc44b3c,𑐎𑐸𑐬𑐳𑐰𑐶𑐖𑐫𑐬𑐵𑐖𑑂𑐫𑐾𑐱𑐎𑑂𑐰𑐵𑐛𑑂𑐫𑐵𑐠𑐎𑐸𑐬
053cz887,𑐟𑑂𑐬𑐳𑐸𑐡𑑂𑐢𑐶𑐫𑑀𑐐𑐱𑐣𑐶𑐱𑑂𑐔𑐬𑐰𑐵𑐬𑑋𑑋𑐳𑑂𑐠𑐵𑐥𑐣𑐵𑐫𑐵
f8f635b9,𑐔𑐸𑐬𑑒𑐠𑑂𑐰𑐟𑐾𑐧𑐸𑐫𑐵𑐌𑐬𑐳𑐵𑐣𑐣𑐡𑐸𑐠𑐾𑐴𑐣𑐾𑐩𑐵𑐬𑑍𑐡𑐶𑐬𑐵𑐥𑐸𑐣𑑂𑐴𑐶𑐳𑐶𑐎𑐸𑐣𑑂𑐴𑐸𑐩𑐵𑐴𑐵𑐡𑐶𑐥𑐥𑐸
b449d4d7,𑑋𑐫𑐡𑐷𑐫𑐳𑑄𑐦𑐸𑐮𑑂𑐮𑐫𑐱𑑅𑐳𑐬𑑀𑐖𑐾𑐰𑐶𑐫𑐡𑑂𑐰𑐩𑑁𑐨𑐸𑐒𑑂𑐐𑐂𑐰𑐵𑐧𑑂𑐖𑐩𑐢𑑂𑐫𑐾𑐣𑐷𑐟𑐶𑐖𑑂𑐘𑑀𑐡𑐬𑐳𑐶𑑄𑐴𑐩𑐮𑑂𑐮𑐟𑐣𑐫𑑅𑐱𑑂𑐬𑐷𑐰𑐶𑐲𑑂𑐞𑐸𑐩𑐮𑑂𑐮𑑅
6bbcb685,𑐦𑑄𑑓𑑐𑐠𑐸𑐟𑐶𑐴𑐵𑐣𑐾𑑋𑑋𑐠𑑂𑐰𑐎𑐵𑐬𑑂𑐖𑐟𑑂𑐰𑐵𑐮𑐥𑐘𑑂𑐔𑐳𑐩𑐸𑐔𑐫𑐣𑐠𑑂𑐰𑐥𑐸𑐏𑐸𑐬
c8cf50d0,𑐨𑑀𑐕𑐶𑐩𑐸𑐒𑐵𑐰𑐧𑐶𑐔𑑂𑐕𑑂𑐫𑐵𑐨𑑀𑐖𑐣𑐫𑐵𑐫𑐩𑐵𑐮𑑋𑑋𑐎𑐵𑐬𑑂𑐟𑐶𑐎𑐥𑐸𑐣𑐶𑐩𑐵𑐎𑐸𑐣𑑂𑐴𑐸
0dd9cd5z,𑐬𑐰𑐶𑐎𑐸𑐮𑐟𑐶𑐮𑐎𑐴𑐣𑐸𑐩𑐡𑑂𑐢𑑂𑐰𑐖𑐩𑐵𑐞𑐶𑐐𑑂𑐮𑐵𑐢𑐶𑐥𑐟𑐶𑐩𑐴𑐵𑐬𑐵𑐖𑐢𑐶𑐬𑐵𑐖𑐰𑐷𑐬𑐱𑑂𑐬𑐷𑐱𑑂𑐬𑐷𑐖𑐫𑐖𑑀
375abf5f,𑐨𑐫𑑀𑑅𑐳𑑂𑐠𑐵𑐥𑐫𑐵𑑌𑑓𑑌
3bazdc24,𑐰𑐷𑐣𑑂𑐡𑑂𑐬𑐥𑑂𑐬𑐟𑐵𑐥𑐎𑑂𑐲𑐶𑐟𑐶𑐣𑑂𑐡𑑂𑐬𑑅𑐩𑑂𑐟𑐸𑐟𑐶𑑄𑐣𑐶𑐬𑑂𑐩𑑂𑐩𑐩𑐡𑐾𑐰𑐡𑐾𑐰𑑂𑐫𑐵𑐨𑐰𑐵𑐣𑑂𑐫𑐵𑑅𑑋𑐂𑐩𑐵𑐩𑐩𑑂𑐰𑐶𑐎𑐵𑐥𑑂𑐬𑐷𑐟𑐶𑐴𑐾𑐟𑑀𑐲𑑂𑐫𑐛𑐾𑐟𑑍𑐱𑑂𑐬𑐶
dz79a8za,𑐢𑐣𑐥𑐟𑐶𑐡𑐾𑐌𑐩𑐵𑐟𑐵𑐩𑐴𑐷𑐖𑐫𑐮𑐎𑑂𑐲𑑂𑐩𑐷𑐢𑐣𑐶𑐩𑑂𑐴𑐫𑐵𑐟𑐩𑐴𑐵
232d7z34,𑑘𑑓𑑐𑐔𑐟𑑂𑐬𑐎𑐺𑐲𑑂𑐞𑑍𑐀𑐩𑐵𑐰𑐵𑐱𑑂𑐫𑐵𑑍𑐳𑑀𑐩𑐧𑐵
203d2c5d,𑐨𑐵𑑍𑐥𑑂𑐬𑐷𑐟𑐶𑐣𑐠𑑂𑐰𑐀𑐒𑐖𑐶𑐬𑑂𑐞𑑂𑐞𑐖𑐸𑐫𑐵𑐰𑐔𑑀𑐣𑐾𑑍𑐖𑐶𑐣𑑀𑐡𑑂𑐢𑐵𑐬𑐞𑐫𑐵𑐒𑐣𑑍𑐮𑑂𑐴𑑀
bd2f3cd4,𑐬𑑂𑐰𑑂𑐰𑐟𑑂𑐫𑐴𑐰𑐷𑑄𑐥𑑂𑐬𑐱𑐵𑐣𑑂𑐟𑐵𑑄𑐟𑐩𑑂𑐧𑑁𑐡𑑂𑐢𑐣𑐵𑐐𑑄𑐱𑐶𑐬𑐳𑐵𑐣𑐩𑐵𑐩𑐶𑑌𑐳𑐵𑐎𑐵𑐬𑐵𑐔𑐣𑐶𑐬𑐵𑐎𑐺𑐟𑐶𑐬𑑂𑐨𑐐𑐰𑐟𑐷𑐥𑑂𑐬𑐵
27bz51a5,𑐖𑐸𑐮𑑌𑐱𑐸𑐨𑑄𑑌
50d54bfd,𑐟𑐟𑐸𑐮𑐵𑐢𑐬𑐎𑐮𑑂𑐫𑐟𑐲𑐶𑐟𑐵𑐢𑐟𑐖𑐸𑐬𑐶𑐧𑐐𑐟𑐖𑐸𑐫𑐵𑐌𑐠𑑂𑐰𑐫𑐵𑐟𑐣𑐵𑐩𑐣𑐧𑐸𑐟𑐨𑐵
90d20223,𑐟𑑂𑐬𑐵𑐣𑑍𑐴𑑄𑐣𑐾𑐩𑐵𑐮𑐩𑐴𑐵𑐣𑐳𑐵𑐳𑐹𑐣𑐵𑐣𑑄𑐠𑑂𑐰𑐡𑐾𑐰𑐮𑐳𑐾𑐣𑐎𑐮𑐳𑐵
b6af0500,𑐟𑐶𑐣𑐡𑐫𑐎𑐵𑐖𑐸𑐬𑑀𑑍𑑌𑐱𑐸𑐨𑑌
0379f45a,𑐟𑐶𑐳𑐸𑐧𑐬𑑂𑐞𑑂𑐞𑐥𑐣𑐵𑐬𑐶𑐩𑐴𑐵𑐣𑐐𑐬𑐾𑑍𑐟𑑄𑐧𑐮𑐵𑐕𑐶𑐟𑑂‍𑐰𑐵𑐮𑐫𑐵𑑍𑐟𑐸𑐮𑐵𑐢𑐬𑑍𑐢𑐬𑑂𑐩𑑂𑐩𑐞𑐵𑐬𑐵𑐫𑐞
8d2ab889,𑐁𑐬𑑀𑐖𑑂𑐘𑐊𑐳𑐸𑐫𑐖𑐣𑐢𑐣𑐮𑐎𑑂𑐲𑑂𑐩𑐷𑐳𑐟𑐟𑐶𑐳𑑄𑐟𑐵𑐣
880c8461,𑐱𑑂𑐬𑐷𑐳𑐶𑐡𑑂𑐢𑐶𑐎𑐵𑐮𑐶𑐎𑐵𑐫𑑋𑑋𑐐𑑀𑐥𑐵𑐮𑐬𑐵𑐩𑐣𑐵𑐩𑐾𑐞𑐥𑑂𑐬𑐵𑐳𑐵𑐡𑑄
fz061czz,𑐴𑐣𑐡𑐸𑐣𑑂𑐟𑐵𑐖𑐸𑐬𑑀𑑍𑐱𑐸𑐨𑑄𑑌𑑌
b3z14b6z,𑐥𑐸𑐬𑑂𑐞𑑂𑐞𑐩𑐵𑐳𑐷𑐱𑑂𑐬𑐷𑐔𑐣𑑂𑐡𑑂𑐬𑐳𑐾𑐏𑐬𑐡𑐾𑐰
0f1adz70,𑐫𑐡𑑂𑐡𑐢𑐵𑐟𑐶𑑋𑐣𑐔𑐶𑐟𑑂𑐬𑑄𑐥𑐰𑐶𑐟𑑂𑐬𑐵𑐎𑐺𑐟𑐾𑐟𑐳𑑂𑐫𑐩𑐵𑐟𑑍𑐬𑑂𑐫𑑂𑐫𑐟𑐵𑐡𑐾𑐰𑐬𑐵𑐖𑐵𑐡𑑂𑐑𑐶𑐥𑐳𑑂𑐫𑐡𑐶𑐬𑐹𑐥𑑄𑑌
04370053,𑐳𑐣𑑂𑐣𑐶𑐢𑐵𑐣𑐾𑐱𑑂𑐬𑐷𑑓𑐧𑐵𑐳𑐸𑐎𑐷𑐎𑑂𑐲𑐾𑐟𑑂𑐬𑐾𑐱𑑂𑐬𑐷𑑓𑐧𑐵𑐐𑑂𑐩𑐟𑑂𑐫𑐵𑑅𑐥𑐱𑑂𑐔𑐶𑐩𑐎𑐸𑐮𑐾𑑌𑐱𑑂𑐬𑐷𑑓𑐧𑐶𑐲𑐸
z758c807,𑐒𑐵𑐰𑐥𑑂𑐬𑐟𑐶𑐲𑑂𑐛𑐵𑐫𑐵𑐒𑐣𑐳𑑄𑐥𑐹𑐬𑑂𑐞𑑂𑐞𑐵𑐬𑐵𑐔𑐎𑐵𑐖𑐸𑐬𑑀𑑌𑐊𑐟𑐟𑑂𑐥𑐸𑐞𑑂𑐫𑐵𑐣𑐨𑐵𑐰
583025z1,𑐨𑑀𑐕𑐶𑐩𑐸𑐒𑐵𑐰𑐧𑐶𑐔𑑂𑐕𑑂𑐫𑐵𑐨𑑀𑐖𑐣𑐫𑐵𑐫𑐩𑐵𑐮𑑋𑑋𑐎𑐵𑐬𑑂𑐟𑐶𑐎𑐥𑐸𑐣𑐶𑐩𑐵𑐎𑐸𑐣𑑂𑐴𑐸
f4b776a9,𑐥𑐸𑐟𑑂𑐬𑐳𑑂𑐫𑐨𑐵𑐬𑑂𑐫𑑂𑐫𑐵𑐡𑐡𑐸𑐩𑐞𑐷𑑍𑐡𑐸𑐴𑐶𑐟𑐐𑑂𑐜𑐞𑐵𑐡𑑂𑐢𑐶𑐣𑐷𑐫𑐥𑐸𑐟𑑂𑐬𑐷𑐀𑐣𑑂𑐣𑐧𑐸𑐥𑑁
zc8f90f0,𑐮𑑂𑐮𑐡𑐾𑐰𑐥𑑂𑐬𑐨𑐸𑐠𑐵𑐎𑐹𑐬𑐳𑐄𑐨𑐫𑐬𑐵𑐖𑑂𑐫𑐳𑐥𑑂𑐬𑐵𑐢𑐵𑐣𑐵𑐒𑑂𑐐𑐴𑐵𑐎𑐹
977cf05f,𑐰𑐵𑐳𑐶𑑄𑐴𑐨𑐵𑐬𑑀𑐴𑐬𑐶𑐎𑐺𑐲𑑂𑐞𑐨𑐵𑐬𑑀𑐡𑑄𑐖𑑂𑐥𑐵𑐞𑐶𑐨𑐵𑐬𑑀𑐳𑐶𑐡𑑂𑐢𑐶𑐬𑐵𑐖𑐨𑐵𑐬𑑀𑐠𑑂𑐰𑐟𑐳𑑂𑐟𑑄𑐠𑑂𑐰𑐔𑐵𑐳𑑂𑐫𑑄𑐟𑐎𑑀𑐰𑐬𑑂𑐲𑐥𑑂𑐬𑐟𑐶𑐀𑐰𑐶𑐕𑐶
d7z59b2a,𑐩𑐴𑐵𑐬𑐵𑐖𑐵𑐢𑐶𑐬𑐵𑐖𑐱𑑂𑐬𑐷𑐱𑑂𑐬𑐷𑐖𑐫𑐥𑑂𑐬𑐟𑐵𑐥𑐩𑐮𑑂𑐮𑐡𑐾𑐰𑐥𑑂𑐬𑐨𑐸𑐠𑐵𑐎𑐸𑐬𑐳𑑂𑐫𑐰𑐶𑐖𑐫𑐬𑐵𑐖𑑂𑐫𑑅
466013cd,𑐔𑐶𑐣𑑂𑐴𑐾𑐰𑐟𑑂𑐳𑐬𑐾𑐰𑐶𑐲𑑂𑐞𑐸𑐴𑐾𑐟𑑀𑑅𑐎𑐣𑐎𑐬𑐔𑐶𑐟𑐎𑐸𑐩𑑂𑐨𑑄𑐩𑐾𑐡𑐶𑐣𑐷𑐱𑑀𑐰𑑂𑐫𑐢𑐣𑑂𑐟𑑌𑐱𑐸𑐨𑐩𑐳𑑂𑐟𑐸𑐳𑐬𑑂𑐰𑑂𑐰𑐖𑐐𑐟𑐵𑑄𑐱𑐶𑐰𑑄𑑌
da3c8a04,𑐳𑑂𑐦𑐸𑐬𑑂𑐖𑑂𑐖𑐟𑑂𑐦𑐵𑐮𑑂𑐐𑐸𑐣𑐎𑐺𑐲𑑂𑐞𑐥𑐎𑑂𑐲𑐰𑐶𑐲𑐫𑐾𑐴𑐺𑐡𑑂𑐫𑐡𑑂𑐰𑐶𑐟𑐷𑐫𑐵𑐟𑐶𑐠𑑁𑑋𑐴𑐳𑑂𑐟𑐾𑐔𑐣𑑂𑐡𑑂𑐬𑐳𑐸𑐟𑐾𑐱𑐸𑐨𑐾𑐱𑐸𑐨𑐥
7zb07zdf,𑑊𑐳𑐩𑑂𑐰𑐟𑑂𑑗𑑑𑑘𑐎𑐵𑐬𑑂𑐟𑑂𑐟𑐶𑐎𑐱𑐸𑐎𑑂𑐮𑐲𑐲𑑂𑐚𑐶𑐬𑐰𑐶𑐰𑐵𑐬𑐳𑐱𑑂𑐬𑐷𑑓𑐐𑑄𑐢𑐸𑐬
0badc0b3,𑐖𑐸𑐢𑐣𑐖𑐸𑐟𑐶𑐬𑐶𑐖𑐸𑐳𑐬𑐎𑑂𑐲𑑂𑐩𑐶𑐨𑑀𑐕𑐶𑐳𑐾𑐣𑐡𑐫𑐾𑐎𑐵𑐳𑐶𑐬𑐵𑐩𑐫𑐬𑑂𑐔𑐾𑐟𑑂𑐫𑐠𑑂𑐰𑐧𑐵𑐟𑐩
482ab2f6,𑐬𑑀𑑑𑑍𑐎𑑀𑐡𑑂𑐰𑐮𑐧𑐸𑐬𑑀𑑑𑐎𑐬𑑂𑐲𑑒𑐡𑑀𑐎𑑀𑐧𑐸𑐬𑑀𑑑𑐴𑐶𑐡𑐵𑐐𑐵𑐡𑐧𑐸𑐬𑑀𑑒𑐟𑐰𑐢𑐸𑐢𑑂𑐰𑐵𑐎𑑀𑐧𑐸𑑍𑐬𑑀𑑓
c6fa0801,𑐮𑐵𑐣𑐶𑐩𑑂𑐟𑑂𑐬𑐷𑐥𑐸𑐬𑐸𑐲𑐫𑐵𑐣𑐵𑐩𑐣𑐡𑐫𑐎𑐵𑐟𑐐𑐸𑐥𑑄𑐔𑐵
c1758c9d,𑐣𑑂𑐟𑐣𑐵𑐬𑐵𑐫𑐞𑐨𑐵𑐬𑑀𑐠𑑄𑐕𑐚𑑀𑐮𑐫𑐵𑐢𑑄𑐖𑐸𑐨𑐵𑐬𑑀𑐰𑑄𑐎𑐸𑐚𑑀𑐮
7f597424,𑐥𑐡𑐵𑐥𑐹𑐬𑑂𑐞𑐩𑐵𑐳𑐷𑐱𑑂𑐬𑐵𑐰𑐞𑐎𑐺𑐲𑑂𑐞𑐀𑐲𑑂𑐚𑐩𑐷𑐠𑑂𑐰𑐥𑑂𑐫𑑄𑐑𑐵𑐟𑐣𑑄𑐣𑑂𑐴𑐶𑐣𑐔𑐾𑐎𑐣𑐦𑑄𑑑𑐔𑐵𑐎𑑂𑐬𑐩𑐟𑐕𑑀𑐫
0f155af2,𑐎𑐾𑐢𑐎𑑄𑐢𑐵𑐬𑐳𑐵𑐡𑐾𑐰𑐫𑐵𑐳𑐸𑐡𑐶𑐳𑑂𑐟𑐷𑐮𑐵𑐎𑐖𑐸𑐬𑑀𑐨𑐶𑐒𑐵𑐱𑐸𑐨𑐩
796770d9,𑐎𑑂𑐲𑐟𑑂𑐬𑐾𑑍𑐐𑐥𑐸𑐕𑐥𑐬𑑂𑐰𑑂𑐰𑐟𑑍𑐱𑑂𑐬𑐷𑑒𑐱𑑂𑐰𑐫𑐰𑐸𑐔𑐟𑑂𑐫𑐠𑐵𑐣𑑂𑐫𑑍𑐀𑐳𑑂𑐟𑐰𑐬𑐵𑐐𑐳𑐣𑐶𑐢𑐵𑐣𑑂𑐫
0981c957,𑐨𑐵𑑍𑐥𑑂𑐬𑐷𑐟𑐶𑐣𑐠𑑂𑐰𑐀𑐒𑐖𑐶𑐬𑑂𑐞𑑂𑐞𑐖𑐸𑐫𑐵𑐰𑐔𑑀𑐣𑐾𑑍𑐖𑐶𑐣𑑀𑐡𑑂𑐢𑐵𑐬𑐞𑐫𑐵𑐒𑐣𑑍𑐮𑑂𑐴𑑀
65ba4ffd,𑑊𑐳𑑄𑐧𑐟𑑗𑑙𑑗𑐧𑐿𑐱𑐵𑐏𑐱𑐸𑐎𑑂𑐮𑐥𑐸𑐬𑑂𑐞𑑂𑐞𑐩
4da634z5,𑑌𑐡𑑂𑐬𑑁𑐥𑐟𑐷𑐳𑐴𑐶𑐟𑑄𑐨𑐷𑐩𑑄𑑍𑐩𑑄𑐣𑑂𑐡𑐶𑐬𑐾𑐞𑐳𑐩𑐣𑑂𑐰𑐶𑐟𑑄𑑋𑐊𑐟𑐡𑑂𑐡𑐶
6zd05cf1,𑐂𑐣𑐵𑐫𑐎𑑀𑐡𑐾𑐰𑐳𑑂𑐎𑑄𑐥𑐸𑐖𑐵𑐫𑐵𑐫𑑍𑐖𑐸𑑑𑐥𑐸𑐖𑐵𑑍𑐥𑐵𑑒𑐱𑑂𑐰𑐐𑑄𑐢𑑁𑑍𑐐𑑂𑐰𑑑𑐏𑐾𑐖𑐱𑑂𑐬𑐷
f147865c,𑐫𑐵𑐔𑐎𑑄𑑍𑐨𑐵𑐏𑐵𑐠𑐠𑐸𑐮𑑂𑐴𑐟𑐶𑐎𑑂𑐰𑐧𑐸𑐬𑐰𑑒𑐨𑐸𑐫𑐎𑑂𑐰𑐠𑐸𑐮𑑂𑐴𑐸𑐟𑐶𑐎𑑂𑐰𑐧𑐸𑐮𑐰𑑒𑐔𑐸𑐬𑑒𑐨𑐸𑐫𑐟𑐶𑐔𑑀𑐡𑑂𑐰𑐬𑐧𑐸𑐬𑐰𑑕𑐠𑑂𑐰𑐟𑐾𑐫𑐵
bc400z02,𑐖𑐫𑐟𑐳𑐶𑑄𑐴𑐐𑐰𑐬𑐶
7931fz80,𑐨𑐵𑐣𑐷𑐮𑐥𑐡𑑂𑐩𑐘𑐩𑐸𑐞𑑂𑐜𑑄𑑍𑐎𑐬𑐵𑐩𑑂𑐨𑑀𑐬𑐸𑐴𑐣𑐵𑐰𑐴𑐣𑑂𑐟𑐷𑑄𑐳𑑂𑐩𑐶𑐟𑐵𑐳𑑂𑐫𑐵𑑄𑑋𑐣𑐩𑐳𑑂𑐫𑐵𑑄𑐰𑐶𑐬𑑄𑐔𑐷𑐣𑑂𑐡𑑂𑐬𑐰𑐺𑐣𑑂𑐡𑐵𑐬𑐎𑑁𑐰𑑍𑐬
df452898,𑐡𑐾𑐐𑐸𑐠𑐶𑐳𑐡𑐸𑐣𑑂𑐟𑐵𑐳𑐫𑐰𑐧𑐵𑐴𑐵𑐬𑐌𑐣𑑂𑐟𑐵𑐕𑐾𑐖𑐵𑐌𑐏𑐵𑐠𑑂𑐰𑐎𑐸𑑑𑑔𑐂𑐳𑐵𑐣𑐎𑐸𑐣𑐥𑐵
f4261cdc,𑐢𑑄𑐟𑐳𑑂𑐫𑐨𑐵𑐔𑑂𑐫𑐵𑐳𑐟𑐖𑐷𑐰𑐮𑐵𑐣𑐶𑐠𑐎𑐹𑑄𑐥𑐹𑐟𑑂𑐬𑐡𑐾𑐧𑐷
0913875z,𑐬𑐣𑐎𑑂𑐲𑐟𑑂𑐬𑐥𑑂𑐬𑐷𑐟𑐶𑐫𑑀𑐐𑐧𑐹𑐢𑐧𑐵𑐬𑐠𑑂𑐰𑐎𑐸𑐴𑑂𑐣𑐸𑐥𑑂𑐬𑐟𑐶𑐲𑑂𑐛𑐵𑐡𑐶𑐣𑐱𑐸𑐨
51628289,𑑊𑐳𑑄𑐩𑑂𑐧𑐟𑑗𑑙𑑖𑐔𑐿𑐟𑐎𑐺𑐲𑑂𑐞
f47659ac,𑐣𑑄𑐡𑐸𑐠𑑂𑐫𑐾𑐧𑐬𑑂𑐲𑐥𑑂𑐬𑐟𑑂𑐟𑐶𑐥𑑄𑐔𑐵𑐩𑐺𑐟𑐡𑐫𑐎𑐵𑐌𑐥𑐸𑐖𑐵𑐫𑐵𑐫𑐫𑐵𑐫𑑌𑐱𑐶𑐰𑐬𑐵𑐟𑑂𑐬𑐷𑐎𑐸𑐣𑑂𑐴𑐸
1zc37db3,𑐮𑐳𑐟𑑂𑐎𑐶𑐮𑐞𑑂𑐜𑐮𑐶𑐟𑐟𑑂𑐎𑑀𑐡𑐞𑑂𑐜𑐳𑑄𑐮𑐐𑑂𑐣𑑋𑐏𑐞𑑂𑐜𑐎𑐵𑐞𑑂𑐜𑐥𑑂𑐬𑐔𑐞𑑂𑐜𑐟𑐵𑐫𑐟𑐵𑐥𑐶𑐟𑐳𑐎𑐮𑐥𑑂𑐬𑐟𑐶𑐡𑐎𑑂𑐲𑐩
2b83559b,𑐩𑐣𑑄𑑍𑐂𑐟𑐶𑐩𑑄𑐐𑐮𑐳𑑄𑑍𑐮𑐸𑐫𑐟𑐵𑑍𑐥𑑂𑐬𑑑𑐡𑐸𑐡𑐸𑑍𑐥𑑂𑐬𑑑𑐖𑐵𑐎𑐶𑑍𑐠𑑂𑐰𑐟𑐾𑐢𑐸𑐣𑐎𑐵𑐰𑐦𑐮𑐾𑐳𑐡𑐵𑐣
576ca48d,𑐣𑐾𑐡𑐶𑐰𑐐𑐟𑐳𑑂𑐫𑐡𑐸𑐐𑐟𑐶𑐩𑑀𑐔𑐣𑑂𑐫𑐬𑑂𑐠𑐾𑐳𑐸𑐲𑐵𑐧𑐟𑐶𑐥𑑂𑐬𑐵𑐥𑑂𑐟𑐫𑐵𑐟𑐱𑐸𑐨𑑋𑑋
8d812zf9,𑐟𑐣𑐡𑐫𑐎𑐵𑐰𑑄𑐎𑐸𑐟𑑀𑐮𑐳𑐖𑐸𑐬𑑀𑑄𑐠𑑂𑐰
zb37a301,𑐖𑐶𑐟𑐵𑐩𑐶𑐟𑑂𑐬𑐩𑐮𑑂𑐮𑐡𑐾𑐰𑐳𑑂𑐫𑐰𑐶𑐖𑐫𑐳𑐩𑐫
9b3zc7ba,𑐰𑐟𑑂𑐳𑐬𑐾𑑋𑐔𑐟𑑂𑐬𑐾𑐩𑐵𑐳𑐶𑐳𑐶𑐟𑐾𑐡𑐶𑐣𑐾𑐬𑐸𑐐𑐸𑐬𑑀𑑅𑐲𑐲𑑂𑐛𑑂𑐫𑐵𑑄𑐟𑐶𑐠𑑁𑐳𑑄𑐫𑐟𑐾𑑋𑐱𑑂𑐬𑐷𑐩𑐡𑑂𑐨𑐬𑐰𑐩𑐹𑐬𑑂𑐟𑑂𑐟𑐶𑐱𑐎𑑂𑐟𑐶
80d1fz68,𑐠𑐰𑐰𑑀𑐡𑐖𑐣𑐡𑐎𑑀𑐰𑑀𑐒𑐵𑐰𑐫𑐵𑐒𑐵𑐠𑑂𑐰𑐟𑐾
b7c1d127,𑑊𑐱𑑂𑐬𑐷𑐎𑐺𑐲𑑂𑐞𑐵𑐫𑐣𑐩𑑅𑑌𑐨𑐹𑐨𑐵𑐬𑑄𑐴𑐬𑐟𑐾𑐬𑐶𑐥𑐹𑐣𑑂𑐎𑐮𑐸𑐲𑐶𑐞𑑀𑐴𑐟𑑂𑐰𑐵𑐩𑐡𑐵𑐣𑑂𑐢𑐵𑐣𑑂𑐣𑐺𑐥𑐵𑐣𑑂𑐢𑐬𑑂𑐩𑐵𑐣𑑂𑐳𑑂𑐫𑐵
aa330493,𑐱𑑂𑐬𑐷𑐩𑐔𑑂𑐕𑐷𑐮𑐥𑐸𑐬𑐣𑑂𑐡𑐬𑑀𑐰𑐶𑐖𑐫𑐟𑐾𑐮𑑀𑐎𑑀𑐟𑑂𑐟𑐬𑐱𑑂𑐰𑐣𑑂𑐡𑑂𑐬𑐰𑐟𑑂𑑌𑐀𑐴𑑄𑐎𑐺𑐟𑐰𑐳𑐸𑐣𑑂𑐢𑐬𑐵𑐢𑐶𑐥𑐩𑐴𑐾𑐨𑐩𑐹𑐬𑑂𑐢𑐵𑐎𑐸𑐱𑑀𑐩𑐴𑐵𑐎𑐸𑐮𑐶𑐳𑐥𑑄𑐘𑑂𑐖𑐬𑑅
d5fz4cb2,𑑉𑐣𑐩𑑅𑐱𑑂𑐬𑐷𑑓𑐴𑐾𑐬𑐸𑐎𑐰𑐖𑑂𑐬𑐵𑐫𑑋𑑋𑐰𑐖𑑂𑐬𑐳𑐟𑑂𑐰𑐣𑐩𑐩𑑂𑐟𑐸𑐨𑑂𑐫𑑄𑑍𑐟𑐿
6df1671a,𑐣𑐾𑐥𑑂𑐬𑐟𑐶𑐲𑑂𑐛𑐵𑐥𑑂𑐫𑐣𑐶𑐟𑑂𑐫𑑄𑐰𑐣𑑂𑐡𑐾𑐣𑐩𑐵𑐩𑑂𑐫𑐴𑑄𑑌𑐀𑐑𑐟𑑂𑐫𑐵𑐡𑐶
czf58abc,𑐱𑑂𑐬𑐷𑐳𑑂𑐰𑐳𑑂𑐟𑐶𑐡𑐾𑐰𑐡𑐵𑐬𑐵𑐰𑐱𑐸𑑄𑐢𑐬𑐶𑐥𑐸𑐟𑑂𑐬𑐨𑐶𑐎𑑂𑐲𑐸𑐱𑑂𑐬𑐷𑐱𑐸𑐎𑐖𑐚𑐶𑐠𑑂𑐰𑐥𑐣𑐶𑐳𑑂𑐰𑐩𑑂𑐴𑐳𑐨𑐵𑐟𑐾𑐠𑑂𑐰𑐟𑐷𑐢𑐬𑑂𑐩𑑂𑐩𑐔𑐶𑐟𑐖𑐸𑐫𑐵𑐌𑐠𑑂𑐰𑐧𑐵𑐴𑐵𑐬𑐳𑐱𑐎𑐬𑐒𑐔𑐾𑐎𑐣𑐀𑐟𑐣
88328416,𑐥𑑂𑐬𑐶𑐫𑐵𑑋𑐥𑐱𑑂𑐫𑐟𑑂𑐰𑑄𑐩𑐎𑐸𑐬𑐾𑐥𑑂𑐬𑐶𑐫𑐾𑐳𑑂𑐰𑐰𑐡𑐣𑑄𑐟𑐟𑑂𑐳𑐣𑑂𑐣𑐶𑐩𑑄𑐎𑐶𑑄𑐣𑐩𑑀𑐂𑐟𑑂𑐠𑑄𑐔𑐵𑐚𑐸𑐰𑐔𑐥𑑂𑐬𑐧𑑀𑐢𑐶𑐟𑐬𑐩𑑅𑐥𑐵𑐫𑐵𑐟𑑂𑐳𑐡𑐵𑐩𑑀𑐡𑐬𑑌𑐟𑑂𑐬𑐮𑑀𑐎𑑂𑐫𑐾𑐰𑐶𑐡𑐶𑐟𑐵𑐳𑐸𑐥𑐸
zc4024c1,𑐠𑑂𑐰𑐟𑐾𑑍𑐬𑑀𑐰𑑔𑐲𑑀𑐣𑐵𑐠𑐬𑐶𑐰𑐸𑐬𑑀𑐰𑑔𑐀𑐦𑐮𑐰𑐸𑐬𑑀𑐰𑑕𑐡𑐸𑐰𑐡𑐸𑐰𑐸𑑍𑐬𑑀𑐰𑑑𑐫𑐵𑐐𑐰𑐸𑑍𑐬𑑀𑐰𑑕𑐖𑐶𑐰𑐶𑐮𑐰𑐸𑑍𑐬𑑀𑐰𑑒𑐦𑐵𑐡𑑀𑐬𑐰𑐸
5dab18b5,𑐳𑐴𑐶𑐟𑑄𑐳𑑄𑐳𑑂𑐠𑐵𑐥𑐫𑐵𑐩𑐵𑐳𑐳𑑍𑐎𑐺𑐟𑑂𑐰𑐵𑐟𑐟𑑂𑐬𑐣𑐬𑐾𑐣𑑂𑐡𑑂𑐬𑐨𑐹𑐥𑐟𑐶𑐩𑐞𑐶𑐴𑑀𑐩𑑄𑐔𑐎𑑀𑐚𑑂𑐫𑐵𑐴𑐸𑐟𑐶𑑄𑑌𑑐𑑌
a7384z13,𑑉𑐣𑐩𑑀𑐬𑐟𑑂‍𑐣𑐟𑑂𑐬𑐫𑐵𑐫𑐳𑐎𑐮𑐣𑐣𑐵𑐠𑐎𑐵𑐰𑐣𑐵𑐴𑐾𑐖𑐶𑐣𑐾𑐣𑑂‍𑐡𑐸𑐡𑐐𑐾𑐰𑐮
30zfd911,𑐫𑐩𑐵𑐮𑐳𑑄𑐟𑐵𑐣𑐣𑐠𑑂𑐰𑐡𑐾𑐰𑐟𑐵𑐣𑐶𑐟𑑂𑐫𑐥𑐸
1a837b7b,𑑊𑐳𑑂𑐰𑐳𑑂𑐟𑐶𑑌𑐏𑑂𑐫𑐵𑐟𑐎𑐸𑑄𑐖𑐣𑐾𑐟𑑂𑐬
309d1625,𑐩𑐮𑑂𑐮𑐳𑑂𑐫𑑍𑐖𑑂𑐫𑐾𑐲𑑂𑐛𑐵𑐳𑐬𑑂𑐰𑐐𑐸𑐞𑐵𑐣𑑂𑐰𑐶𑐟𑐵𑑋𑐰𑐶𑐲𑑂𑐞𑐸𑐩𑐟𑐷𑐟𑐶𑐣𑐵𑐩𑑂𑐣𑐵𑐳𑑁𑐰𑐶𑐲𑑂𑐞𑑀𑐬𑑂𑐮𑐎𑑂𑐲𑑂𑐩𑐷𑐬𑐶𑐰𑐵𑐥𑐬𑐵𑑌𑐎𑐣𑐶𑐲𑑂𑐛𑐵𑐖𑐫𑐮𑐎𑑂𑐲𑑂𑐩𑐷𑐳𑐵𑑍𑐱𑑄𑐎𑐬𑐳𑑂𑐫𑐾𑐰𑐥𑐵𑐬𑑂𑐰𑑂𑐰𑐟𑐷
za10zba7,𑐩𑐶𑐟𑐶𑐧𑐿𑐱𑐵𑐲𑐱𑐸𑐎𑑂𑐮𑐥𑐘𑑂𑐔𑐩𑐶𑐩𑐺𑐐𑐱𑐶𑐬𑐵𑐣𑐎𑑂𑐲𑐟𑑂𑐬𑐀𑐟𑐶𑐐𑐣𑑂𑐢𑐖𑑀𑐐𑐫𑐠𑐵𑐎
b530zb3a,𑐎𑑂𑐲𑐸𑐱𑑂𑐬𑐷𑐰𑐵𑐳𑐶𑑄𑐴𑑍𑐱𑐵𑐎𑑂𑐫𑐨𑐶𑐎𑑂𑐲𑐸𑐱𑑂𑐬𑐷𑐩𑑄𑐎𑐳𑐶𑑄𑐴𑐱𑐵𑐎𑑂𑐫𑐨𑐶𑐎𑑂𑐲𑐸𑐖𑐫𑐳𑐶𑑄𑐴𑐡𑐾𑐰𑑍
dz6592bf,𑑊𑐳𑑄𑐧𑐟𑑗𑑙𑑗𑐧𑐿𑐱𑐵𑐏𑐱𑐸𑐎𑑂𑐮𑐥𑐸𑐬𑑂𑐞𑑂𑐞𑐩𑐵𑐳𑐷𑐱𑑂𑐬𑐷
dbd37f5b,𑐩𑑂𑐫𑐣𑑂𑐰𑐎𑐬𑐾𑑍𑐀𑐲𑑂𑐚𑐵𑐰𑐶𑐱𑐟𑐶𑐟𑐩𑐾𑐔𑐟𑐸𑐫𑐸𑐐𑐳𑑂𑐫𑐎𑐬𑐾𑐥𑑂𑐬𑐠𑐩𑐥𑐵𑐡𑐾𑑍𑐖𑐩𑑂𑐧𑐸𑐡𑑂𑐰𑐶
61z44c07,𑐎𑐶𑐟𑐾𑐖𑑂𑐰𑐬𑐫𑐵𑐠𑐵𑐣𑐾
bd04a976,𑐳𑑄𑐐𑐕𑐶𑐫𑐵𑐟𑐡𑑄𑑑𑐡𑐎𑑂𑐲𑐩𑐵𑐠𑐶𑐖𑐣𑐥𑐣𑐶𑐳𑐾𑐣𑐁𑐳𑐟𑐥𑑂𑐫𑐩
b9d616d7,𑐣𑐵𑐣𑐵𑐬𑐸𑐥𑐖𑐶𑐣𑐾𑐣𑑂𑐡𑑂𑐬𑑄𑐟𑐶𑐩𑐶𑐬𑐨𑐫𑐥𑐴𑐬𑐣𑐶𑐬𑑂𑐩𑐶𑐥𑑂𑐟𑑄
ad7a08ac,𑑊𑑉𑐀𑐡𑑂𑐫𑑅𑐧𑑂𑐬𑐩𑑂𑐴𑐞𑑀𑐔𑑂𑐰𑐶𑐟𑐷𑐫𑐥𑐬𑐵𑐡𑑂𑐰𑐾𑑍𑐱𑑀𑐫𑐟𑐧𑐬𑐵𑐴𑐵𑐎𑐬𑑍𑐥𑐾𑐰𑐿𑐰𑐳𑑂𑐰𑐬
7c34f3bc,𑐧𑐵𑐣𑐾𑐳𑑂‍𑐰𑐬𑐟𑐵𑐬𑐜𑑀𑐠𑐜𑐂𑐢𑐵𑐬𑐧𑐸𑐣𑑀𑑑𑐔𑐸𑐣𑑑𑐡𑑀𑐴𑐣𑐥𑐟𑐫𑐵𑐖𑐸𑐣𑑀𑑅𑐠𑑂‍𑐰𑐔𑐸𑐫𑐵
dz0b66d0,𑐥𑐵𑐫𑑚𑐢𑐬𑑂𑐩𑑂𑐩𑐞𑐵𑐬𑐵𑐫𑐣𑐥𑑂𑐬𑐩𑐸𑐏𑐥𑐬𑐶𑐧𑐵𑐬𑐡𑐎𑑀𑐩𑑀𑐎𑑂𑐲𑐐𑐟𑐶𑐬𑐵𑐎𑐖𑐸𑐥𑐵𑐫𑑌
ff6cfd36,𑑊𑑉𑐀𑐡𑑂𑐫𑑅𑐧𑑂𑐬𑐩𑑂𑐴𑐞𑑀𑐔𑑂𑐰𑐶𑐟𑐷𑐫𑐥𑐬𑐵𑐡𑑂𑐰𑐾𑑍𑐱𑑀𑐫𑐟𑐧𑐬𑐵𑐴𑐵𑐎𑐬𑑍𑐥𑐾𑐰𑐿𑐰𑐳𑑂𑐰𑐬
80b44f35,𑑉𑐣𑐩𑑅𑐱𑑂𑐬𑐷𑑓𑐴𑐾𑐬𑐸𑐎𑐰𑐖𑑂𑐬𑐵𑐫𑑋𑑋𑐰𑐖𑑂𑐬𑐳𑐟𑑂𑐰𑐣𑐩𑐩𑑂𑐟𑐸𑐨𑑂𑐫𑑄𑑍𑐟𑐿
a6f370dd,𑐟𑑂𑐬𑐥𑐶𑐔𑐱𑐶𑐧𑐧𑑂𑐬𑐩𑑂𑐴𑐳𑐸𑐟𑑂𑐬𑑄𑐔𑐣𑐶𑐟𑑂𑐫𑑄𑐣𑐿𑐧𑐾𑐡𑑂𑐫𑐵𑐣𑑂𑐟𑑄𑐩𑐡𑐵𑐟𑑄𑑅𑐱𑐶𑐧𑐥𑐡𑐎𑐩𑐮𑐍𑐨𑐵𑑍
09f509zz,𑐴𑐣𑐡𑐸𑐣𑑂𑐟𑐵𑐖𑐸𑐬𑑀𑑍𑐱𑐸𑐨𑑄𑑌𑑌
a9431dd4,𑐲𑑂𑐚𑐡𑐾𑐰𑐟𑐵𑐥𑑂𑐬𑐷𑐟𑑂𑐫𑐬𑑂𑐠𑐱𑑂𑐬𑐷𑐱𑑂𑐬𑐷𑐳𑐸𑐩𑐟𑐶𑐖𑐫
d79968bc,𑐠𑐳𑑂𑐫𑑄𑐮𑑀𑐨𑐩𑐫𑐵𑐎𑐵𑐮𑐾𑐄𑐟𑑂𑐟𑑀𑐟𑑂𑐟𑐬𑐖𑐸𑐬𑑀𑑌
1d99258f,𑐥𑐹𑐟𑑂𑐬𑑍𑐳𑐶𑐡𑑂𑐢𑐶𑐬𑐵𑐩𑐴𑐵𑐎𑐹𑐬𑐵𑐩𑑍𑐥𑐡𑑂𑐩𑐬𑐵𑐩𑑍𑐐𑐸𑐞𑐶𑐬𑐵𑐩𑐎𑐷𑐬𑑂𑐟𑑂𑐟𑐶
5784fab8,𑐰𑐶𑐢𑑂𑐣𑐑𑐳𑑂𑐟𑐸𑑋𑑋𑐱𑑂𑐬𑐷𑐔𑐞𑑂𑐜𑐶𑐎𑐵𑐥𑑂𑐬𑐶𑐟𑐶𑐎𑐺𑐟𑐬𑑂𑐳𑑂𑐫𑐫
c7877fa6,𑐨𑑂𑐬𑐵𑐟𑑂𑐟𑐾𑐰𑐶𑐱𑑂𑐰𑐳𑐶𑑄𑐴𑐨𑐵𑐬𑑀𑐎𑐣𑐾𑐲𑑂𑐛𑐨𑑂𑐬𑐵𑐟𑑂𑐟𑐾𑐣𑐬𑐳𑐶𑑄𑐴𑐨𑐵𑐬𑑀𑐠𑑂𑐰𑐟𑐾𑐳𑑂𑐫𑐣𑐔𑐶𑐣𑑂𑐟𑐵𑐫𑐵𑐔𑐎𑑄𑐠𑑂𑐰𑐡𑐾𑐰𑐮𑐡𑐫𑐎𑐧𑐶𑐖𑑂𑐫𑐵𑐎𑐖𑐸𑐬𑑀𑑌𑐱𑐸𑐩
5z4f02fb,𑐥𑐸𑐟𑑂𑐬𑐳𑑂𑐫𑐨𑐵𑐬𑑂𑐫𑑂𑐫𑐵𑐡𑐡𑐸𑐩𑐞𑐷𑑍𑐡𑐸𑐴𑐶𑐟𑐐𑑂𑐜𑐞𑐵𑐡𑑂𑐢𑐶𑐣𑐷𑐫𑐥𑐸𑐟𑑂𑐬𑐷𑐀𑐣𑑂𑐣𑐧𑐸𑐥𑑁
6c5640b8,𑐱𑐸𑐨𑑄
c1262fz2,𑐎𑐬𑐞𑐔𑐵𑐟𑑂𑐟𑐸𑐬𑐷𑐢𑐸𑐬𑐷𑐞𑐳𑐟𑐟𑐎𑐸𑐟𑐩𑐷𑐩𑐵𑑄𑐳𑐵𑐣𑑂𑐫𑐵𑐫𑐥𑐵𑐟𑐖𑐒𑑂𑐬𑐮𑐰𑐾𑐡𑐵𑐣𑑂𑐟𑐰𑐱𑐾𑐲𑐶𑐎𑐰𑑂𑐫𑐵𑐎𑐬𑐞
da5zfb4d,𑐴𑐬𑑂𑐲𑐳𑑀𑐨𑐵𑐥𑑁𑐟𑑂𑐬𑐴𑐶𑐬𑐵𑐎𑐺𑐲𑑂𑐞𑐴𑐶𑐬𑐵𑐬𑐟𑑂𑐣𑐠𑐸𑐟𑐶𑐥𑐬𑐶𑐰𑐵𑐬𑐳𑐩𑐸𑐔𑑂𑐔𑐖𑐸𑐫𑐵𑐌𑐔𑑀𑐣𑐵𑐰𑐾𑐮𑐳𑐢𑐬𑑂𑐩𑐔𑐶𑐟𑑂𑐟𑐄𑐟𑑂𑐥𑐟𑐶𑐖𑐸𑐫𑐵𑐌𑐱𑑂𑐬𑐷𑑓𑐳𑑂𑐰𑐫𑑄𑐨𑐸𑐔𑐿𑐟𑑂𑐫𑐫𑐵𑐔𑐟𑐸𑐬𑑂𑐡𑐷𑐐𑐳𑐣𑑂𑐴𑐵𑐥𑐵𑐫𑐵𑐳𑐶𑐡𑑂𑐢𑐵𑐥𑐣𑐶𑐳𑑂𑐫𑐣𑑄𑐥𑑂𑐫𑐐𑑂𑐰
9az44z83,𑐰𑑂𑐫𑐟𑐶𑐥𑐵𑐟𑐥𑐬𑐰𑐬𑐶𑐫𑐵𑐣𑐫𑑀𑐐𑑌𑐧𑐸𑐢𑐧𑐵𑐬𑑌𑐠𑑂𑐰𑐲𑐸𑐣𑑂𑐴𑐸𑐱𑑂𑐬𑐷𑑓𑐨𑐷𑐩𑐳𑐾𑐣𑐡𑐾𑐰𑐟𑐵
c1f36101,𑐢𑑄𑐟𑐳𑑂𑐫𑐨𑐵𑐔𑑂𑐫𑐵𑐳𑐟𑐖𑐷𑐰𑐮𑐵𑐣𑐶𑐠𑐎𑐹𑑄𑐥𑐹𑐟𑑂𑐬𑐡𑐾𑐧𑐷
2607351a,𑐣𑐾𑑑𑑐𑑓𑑑𑐎𑐵𑐬𑑂𑐟𑑂𑐟𑐶𑐎𑐩𑐵𑐳𑐾𑐱𑐸𑐎𑑂𑐮𑐥𑐎𑑂𑐲𑐾
38878f41,𑐡𑑂𑐢𑐶𑐎𑐵𑐮𑐶𑐖𑐠𑑀𑐎𑐠𑐾𑐥𑐸𑐖𑐵𑐫𑐵𑐫𑐩𑐵𑐮𑐰𑐬𑑂𑐲𑐥𑑂𑐬𑐟𑐶𑑄
5926b1z8,𑐬𑑂𑐠𑑄𑐳𑐡𑐵𑐥𑑂𑐬𑐵𑐬𑑂𑐠𑐣𑐷𑐫𑑅𑑌𑑑𑑐𑑌𑐟𑑂𑐰𑐡𑐬𑑂𑐔𑑂𑐔𑐵𑐢𑐶𑐬𑑂𑐡𑑂𑐡𑐸𑐲𑑂𑐎𑐬𑐵𑐩𑐡𑑂𑐰𑐶𑐢𑐵𑐩𑐵𑑄𑑍𑐎𑐺𑐥𑐵𑐰𑐵𑐬𑐶𑐢𑐾𑐥𑐵𑐴𑐶𑐡𑐸𑐲𑐸𑐬𑐩𑑂𑐰𑐶𑐬𑐵𑐱𑐾𑑅𑑋𑐣𑐳𑐾
0cc6b6d2,𑑊𑐳𑐩𑑂𑐧𑐟𑑂𑑘𑑕𑑖𑐁𑐏𑐵𑐝𑐱𑐸𑐡𑐶
7fzc0ad1,𑐩𑐏𑐣𑐩𑐱𑐥𑐡𑐵𑐣𑐰𑐣𑐸𑐩𑐳𑐕𑐾𑐫𑐵𑐠𑐵𑐥𑐶𑐟𑐢𑐬𑑂𑐩𑑂‍𑐩𑐵𑐟𑐳𑑂𑐫𑐢𑐣𑐳𑐶𑑄𑐴𑐨𑐵𑐬𑑀
4f09995z,𑐖𑐸𑑒𑐣𑐶𑐳𑐮𑐵𑐮𑑍𑐠𑑂𑐰𑐟𑐾𑐢𑐸𑐣𑐎𑐵𑐰𑑍𑐦𑐮𑐾𑐳𑑄𑐴𑐶𑐟𑐶𑐳𑑄𑐳𑐾𑐮𑑂𑐴𑑀𑐮𑑂𑐴𑑀𑐣𑐾𑐫𑐵𑐒𑐵
b1a993a7,𑐩𑑂𑐫𑐣𑑂𑐰𑐎𑐬𑐾𑑍𑐀𑐲𑑂𑐚𑐵𑐰𑐶𑐱𑐟𑐶𑐟𑐩𑐾𑐔𑐟𑐸𑐫𑐸𑐐𑐳𑑂𑐫𑐎𑐬𑐾𑐥𑑂𑐬𑐠𑐩𑐥𑐵𑐡𑐾𑑍𑐖𑐩𑑂𑐧𑐸𑐡𑑂𑐰𑐶
86a8b415,𑐟𑑂𑐬𑑀𑐫𑑄𑐥𑐸𑐬𑐸𑐲𑑀𑐟𑑂𑐟𑐩𑑀𑐰𑐶𑐖𑐫𑐟𑐾𑐥𑐹𑐬𑑂𑐞𑐾𑐣𑑂𑐡𑐸𑐩𑐸𑐐𑑂𑐢𑐵𑐣𑐣𑑀𑐫𑐳𑑂𑐟𑐵𑐟𑐳𑑂𑐫𑐩𑐸𑐡𑑄𑐟𑐣𑑀𑐟𑐶𑐐𑐶𑐬𑐶𑐖𑐾𑐱𑐳𑑂𑐫𑐾𑐰𑐮𑑄𑐧𑑀𑐡𑐬𑑅𑑌𑐎𑐶𑑄𑐧𑑂𑐬𑐸𑐩𑑀𑐩𑐢𑐸
f8fa8724,𑐩𑐵𑐮𑑌𑑌𑐨𑐹𑐫𑑀𑐳𑐾𑐮𑑂𑐴𑑀𑐫𑐵𑐟𑐡𑐸𑐣𑑂𑐟𑐵𑐠𑑂𑐰𑐟𑐾𑑍𑐬𑑀𑐰𑑕𑐟𑐩𑐵𑐬𑐵𑐖𑐵𑐰𑐸𑐬𑑀𑐰𑐳𑑂𑐰𑑓𑐧𑐾𑐲𑐵𑐴𑐶𑐟𑐶𑐰𑐸𑑍𑐬𑑀𑐰𑑕𑐳𑐬𑐵𑐰𑐎𑑂𑐲𑐾𑐮𑐰𑐸𑐣𑐾𑐔𑐵𑐟𑐬𑐞𑐠𑑂𑐰
14775dc0,𑑊𑑉𑐣𑐩𑑀𑐩𑐣𑐰𑐶𑐞𑐵𑐫𑐎𑐵𑐫𑑌𑐲𑐣𑑂𑐩𑐹𑐏𑐵𑐫𑐣𑐩𑐳𑑂𑐟𑐸𑐨𑐵𑑄𑐲𑐚𑑂𑐨𑐸𑐖𑐵𑐫
847cb788,𑐎𑑂𑐟𑑍𑐧𑐞𑑂𑐜𑐾𑑍𑐖𑑄𑐩𑑂𑐧𑐸𑑍𑐡𑐷𑐥𑐾𑑍𑐴𑐾𑐩𑐸𑐥𑐵𑐡𑐾𑑍𑐧𑐵𑐳𑐸𑐎𑐶𑐎𑑂𑐲𑐟𑑂𑐬𑐾𑑍𑐴𑐾𑐩𑐵𑐮𑐫𑐵𑑍𑐡𑐎𑑂𑐲𑐶𑐣
0bfbda69,𑐎𑐸𑐩𑐵𑐬𑐷𑐳𑑄𑐑𑐬𑐟𑑂‍𑐣𑑑𑐴𑐬𑐶𑐎𑐸𑐮𑐶𑑑𑐮𑐟𑑂‍𑐣𑐧𑐵𑐴𑐵𑐡𑐸𑐬𑐐𑐸𑐥𑐎𑐸𑐩𑐵𑐬𑐷𑑑𑐩𑑀𑐴𑐩𑐵𑐫𑐵𑑑𑐐𑑂‍𑐫𑐷𑐟𑐩𑐵𑐫𑐵𑑑𑐖𑐵𑐦𑐸𑐩𑐵𑐫𑐵
094086z8,𑐣𑐵𑐬𑐵𑑄𑐩𑐾𑐥𑐸𑐟𑑂𑐬𑐵𑐳𑑂𑐟𑐾𑐖
bb45d9fz,𑐕𑐾𑐱𑑂𑐬𑐷𑑓𑐁𑐐𑑂𑐩𑐖𑐸𑐫𑐵𑐕𑐾𑐣𑐄𑐟𑑂𑐟𑑂𑐬𑐟𑐩𑐸𑐐𑐬𑐣𑐥𑐸𑐬𑑂𑐰𑑂𑐰
f56a0056,𑐥𑐵𑐔𑐵𑐩𑐵𑐟𑐔𑐾𑐎𑐣𑐀𑐳𑑂𑐟𑐵𑑒𑐩𑐟𑐵𑐥𑑂𑐰𑐵𑑕𑑋𑑋𑐥𑐸𑐖𑐵𑐰𑐵𑐬𑐶𑐫𑐵𑐟𑐵𑐖𑐵𑐎𑐶
d98z44a9,𑐰𑐱𑐵𑐱𑐸𑐡𑐶𑑓𑐥𑑂𑐬𑐟𑐶𑐲𑑂𑐛𑐵𑐫𑐵𑐒𑐵𑐡𑐶𑐣
a5zf1b97,𑐱𑑂𑐬𑐵𑐟𑐟𑐳𑑀𑐨𑐸𑐥𑐵𑐟𑑂‍𑐩𑐳𑐾𑐣𑐩𑑅𑑌𑑌𑐳𑑂𑐰𑐳𑑂𑐟𑐶𑐱𑑂𑐬𑐷𑐐𑐶𑐬𑐶𑐬𑐵𑐖𑐾𑐣𑑂𑐡𑑂𑐬𑐔𑐎𑑂𑐬𑐔𑐸𑐜𑐵𑐩𑐣𑐾𑐟𑑂𑐫𑐵𑐡𑐶
22902678,𑑅𑐱𑑂𑐮𑑀𑐎𑐵𑑅𑑌𑐀𑐟𑑅𑐥𑐬𑑄𑐣𑐾𑐥𑐵𑐮𑐨𑐵𑐲𑐫𑐵𑐮𑐶𑐏𑑂𑐫𑐟𑐾𑑌𑑌𑐳𑑂𑐰𑐳𑑂𑐟𑐶𑑌𑐱𑑂𑐬𑐷𑐩𑐞𑐶𑐐𑑂𑐮𑐵𑐢𑐶𑐥𑐟𑐶𑐩𑐴𑐵𑐬𑐵𑐖𑐵𑐢𑐶𑐬𑐵𑐖𑐱𑑂𑐬𑐷𑐱𑑂𑐬𑐷𑐖𑐫𑐱𑑂𑐬𑐷𑐣𑐶𑐰𑐵𑐳𑐩𑐮𑑂𑐮
d5b2f78f,𑐳𑐵𑐴𑐡𑐾𑐰𑐫𑐵𑐬𑐵𑐖𑑂𑐫𑐾𑑌𑑑𑑌
c4f26b39,𑐥𑐹𑐬𑑂𑐞𑑂𑐞𑐩𑐵𑐳𑑂𑐫𑐵𑐫𑐵𑐟𑐶𑐠𑑁𑐥𑐸𑐲𑑂𑐫𑐣𑐎𑑂𑐲𑐾𑐟𑑂𑐬𑐁𑐫𑐹𑐲𑐩𑐵
30zdb968,𑐬𑐰𑐶𑐡𑐶𑐣𑐱𑑂𑐬𑐰𑐞𑐬𑑂𑐎𑑂𑐲𑐾𑐎𑐸𑐩𑑂𑐨𑐳𑑄𑐳𑑂𑐠𑐾𑐱𑐸𑐩𑐵𑐮𑐵𑐩𑐣𑐳𑐶𑐖𑐟𑐶𑐠𑐶𑐩𑐵𑐑𑐾𑐎𑐺𑐲𑑂𑐞𑐵𑐥𑐎𑑂𑐲𑐾𑐟𑐶𑐬𑐩𑑂𑐫𑐾𑐆𑐟𑐸𑐰𑐳𑐸𑐬𑐳
14953403,𑐣𑐵𑐩𑐣𑐱𑑂𑐬𑐷𑐳𑐬𑐳𑑂𑐰𑐟𑐷𑑍𑐠𑑂𑐰𑐒𑐵𑐩𑑂𑐴𑐡𑐾𑐰𑐠𑑂𑐰𑐦𑐮𑑂𑐫𑐳𑐠𑐵𑐥𑐣𑐵𑐫𑐵𑐒𑐣
b4bdcz67,𑐬𑑀𑑑𑑍𑐎𑑀𑐡𑑂𑐰𑐮𑐧𑐸𑐬𑑀𑑑𑐎𑐬𑑂𑐲𑑒𑐡𑑀𑐎𑑀𑐧𑐸𑐬𑑀𑑑𑐴𑐶𑐡𑐵𑐐𑐵𑐡𑐧𑐸𑐬𑑀𑑒𑐟𑐰𑐢𑐸𑐢𑑂𑐰𑐵𑐎𑑀𑐧𑐸𑑍𑐬𑑀𑑓
3cz804bf,𑐡𑐾𑐰𑐳𑐎𑐾𑐮𑐸𑐫𑐵𑐩𑐸𑐡𑐫𑐡𑐫𑐎𑑄𑐡𑑀𑐴𑑀𑐬𑐰𑐵𑐖𑐸𑐬𑑀𑑌𑐳𑐸𑐨𑐩𑐳𑑂𑐟𑐸𑐳𑐬𑑂𑐰𑑂𑐰𑐡𑐵𑑌
6cz319dc,𑐠𑑂𑐰𑐟𑐾𑐔𑐿𑐟𑑂𑐫𑐫𑐵𑐨𑐐𑐰𑐵𑐣𑐫𑐵𑑍𑐰𑐬𑑂𑐲𑐧𑐣𑑂𑐢𑐣𑐫𑐵𑐫𑐟𑐐𑑂𑐮𑐵𑐳𑐳𑐮𑐐𑐵𑐧𑐸𑐬𑑀𑑒𑐮𑑂𑐴𑐸𑐟𑐶𑐎𑑂𑐰𑐧𑐸
70592907,𑐮𑐵𑐫𑐸𑑍𑐖𑐶𑐬𑑂𑐞𑑂𑐞𑐄𑐡𑑂𑐢𑐵𑐬𑐫𑐵𑐳𑐵𑐳𑐸𑐏𑐵𑐰
826a875b,𑐩𑐟𑑂𑐫𑐵𑐥𑐹𑐬𑑂𑐰𑑂𑐰𑐎𑐸𑐬𑐾𑑍𑐱𑑂𑐬𑐷𑐩𑐎𑐵𑐟𑑂𑐟𑐶𑐥𑐸𑐮𑐶𑐩𑐵𑐴𑐵𑐣𑐐𑐬𑐾𑑍𑐱𑑂𑐬𑐷𑑒𑐫𑐩𑐩𑐬𑐾𑐱𑑂𑐰𑐬𑐨𑐚𑑂𑐚𑐵𑐬𑐎
z6f1c17z,𑑊𑐳𑑂𑐰𑑄𑐟𑑘𑑕𑑑𑐎𑐵𑐬𑑂𑐟𑐶𑐎𑐱𑐸𑐡𑐶𑑑𑑕
03b7zf8d,𑐟𑑂𑑘𑑓𑑒𑐰𑐱𑐵𑐲𑐱𑐸𑐡𑐶𑑙𑐏𑑄𑐠𑐸𑐟𑐶𑐥𑐵𑐎𑑀𑐰𑐸𑐬𑑀𑑕𑐠𑑂𑐰𑐟𑐾𑐫𑐵𑐰𑐬
1c75f38d,𑐰𑑄𑐟𑐸𑐳𑐡𑐵𑐎𑐵𑐮𑑄𑑋𑑋
58a06cc0,𑐬𑐵𑐖𑐾𑑌𑐀𑐱𑑂𑐰𑐱𑐹𑐔𑐶𑐱𑐬𑐾𑐱𑑂𑐰𑐵𑐬𑑂𑐎𑑂𑐲𑐾𑐣𑐾𑐥𑐵𑐮𑐶𑐎𑑂𑐫𑐵𑑄𑐧𑐶𑐣𑐶𑐬𑑂𑐐𑑂𑐐𑐟𑐾𑑋𑐥𑐎𑑂𑐲𑐾𑐩𑐵
4c836694,𑐟𑐵𑐬𑐎𑐸𑑖𑐥𑐹𑐬𑑂𑐰𑑂𑐰𑐥𑐵𑐏𑐵𑐨𑐹𑐩𑐎𑐵𑐰𑐐𑐸𑐠𑐶𑐳𑐡𑐵𑐣𑐖𑐸𑐳𑐬𑐵𑐫𑐖𑐸𑐬𑐬𑐵𑐐𑐖𑐸𑐬
26cd6f82,𑐣𑑂𑐴𑐶𑐟𑐵𑐬𑑂𑐠𑑌𑐣𑐾𑐥𑐵𑐮𑐳𑐩𑑂𑐰𑐟𑐿𑐳𑑂𑐩𑐶𑐣𑐥
1b4b9za2,𑐥𑑂𑐬𑐶𑐫𑐵𑐡𑐾𑐰𑐷𑐮𑐎𑑂𑐲𑑂𑐩𑐷𑑅𑐥𑐸𑐣𑐬𑑂𑐮𑐎𑑂𑐲𑑂𑐩𑐷𑐞𑐵𑐨𑑂𑐫𑑅𑐟𑐶𑐳𑐟𑐳𑑂𑐳𑐟𑐷𑑌𑐖𑑂𑐫𑐾𑐲𑑂𑐛𑐳𑑂𑐫𑐥𑐸𑐟𑑂𑐬𑐳𑐸𑐐𑐸
d8c3f5c2,𑐕𑐷𑐡𑐵𑐖𑐸𑐐𑑄𑐐𑐵𑐬𑐵𑐩𑐥𑐷𑐟𑐷𑐣𑐩𑐠𑐾
cd9cdaba,𑐱𑑂𑐔𑐬𑑂𑐫𑐵𑐢𑐬𑑂𑐩𑑂𑐩𑐱𑐵𑐮𑐵𑐰𑑂𑐫𑐬𑐔𑐶𑐳𑐸𑐰𑐶𑐨𑐮𑐵𑑄𑐰𑐶𑐲𑑂𑐞𑐸𑐩𑐮𑑂𑐮𑑀𑐣𑐬𑐾𑐣𑑂𑐡𑑂𑐬𑑍𑐳𑑂𑐟𑐳𑑂𑐫𑐵𑑄𑐳𑑄𑐳𑑂𑐠𑐵𑐥𑑂𑐫𑐰𑐶𑐲𑑂𑐞𑐸𑑄𑐳𑐸𑐬𑐩𑐸𑐣𑐶𑐣𑐩𑐶𑐟𑑐𑐨𑑀𑐐𑐨𑑀𑐎𑑂𑐲𑐎𑐴𑐾𑐟𑐸𑑄𑑌𑑌
7588a156,𑐥𑑄𑐔𑐩𑐵𑐴𑐥𑐵𑐟𑐎𑐮𑐵𑐎𑐖𑐸𑐮𑑀𑑌𑐱𑑂𑐬𑐷𑐱𑑂𑐬𑐷𑐖𑐫𑐨𑐹𑐥𑐷𑐣𑑂𑐡𑑂𑐬𑐩
fz218c12,𑐳𑐸𑐬𑑂𑐖𑐬𑐵𑐩𑐨𑐵𑐮𑑀𑐥𑐱𑐸𑐬𑐵𑐩𑐣𑐾𑐴𑑂𑐩𑐦𑐸𑐎𑐶𑐖𑐥𑐸𑐟𑑂𑐬
zb44aaa0,𑑓𑐧𑑂𑐬𑐵𑐩𑑂𑐴𑐞𑐷𑐩𑑂𑐴𑑄𑑒𑐁𑐔𑐵𑐬𑑂𑐫𑐩𑑂𑐴𑑄𑑒𑐫𑐵𑐳𑐶𑐩𑑂𑐴𑑄𑑑𑐐𑐸𑐠𑐶𑐨𑐵𑐬𑑀𑐩𑑂𑐴𑑄𑑔𑐠𑑂𑐰𑐟𑐾𑐧𑑂𑐬𑐩𑑂𑐴𑐨𑑀𑐖𑐥
7fdf3504,𑐳𑑄𑐐𑐟𑑅𑐎𑑂𑐲𑑂𑐩𑐵𑐨𑐺𑐟𑐵𑑄𑐥𑐡𑐔𑑂𑐫𑐹𑐟𑐩𑐴𑐷𑐥𑐟𑐶𑐳𑑂𑐰𑐥𑐡𑐬𑐎𑑂𑐲𑐞𑐾𑐥𑐞𑑂𑐜𑐶𑐟𑑅𑐥𑐸𑐬𑐣𑑂𑐡𑐬𑐣𑐾𑐱𑑂𑐰𑐬𑑀𑐖𑐫𑐟𑐶𑐰𑐶𑐥𑑂𑐬𑐎𑐮𑑂𑐥𑐡𑑂𑐬𑐸𑐩𑑅
5cz08089,𑐫𑐸𑐐𑐵𑐡𑐶𑐣𑑁𑐩𑐶𑐱𑐸𑐎𑑂𑐮𑐰𑐵𑐬𑐩𑐸𑐳𑑄𑐧𑐵𑐴𑐵
778bd76c,𑐎𑐸𑐬𑐖𑐸𑐢𑑂𑐰𑐣𑐾𑐴𑑂𑐩𑐳𑐾𑐣𑐔𑐶𑐣𑑂𑐟𑐵𑐫𑐵𑐒𑐵
a448573b,𑐖𑐊𑐣𑐶𑐖𑐊𑐬𑐵𑐖𑐎𑐳𑑂𑐫𑐡𑐵𑐬𑐵𑐖𑐊𑐩𑐐𑐬𑐵𑐩𑑄𑐖𑐸𑐬𑐵𑐖𑐎𑐳𑑂𑐫𑐡𑐵𑐬𑐵𑐳𑐸𑐩𑐢𑑄𑐬𑐶𑑍𑐠𑐸𑐟𑐶𑐳𑑂𑐫𑐣
800858c8,𑐥𑐶𑐳𑐶𑑄𑐴𑐨𑐵𑐰𑑍𑐩𑐵𑐢𑐰𑐬𑐵𑐩𑐨𑐵𑐰𑑌𑐠𑐸𑐟𑐶𑐢𑐬𑑂𑐩𑑂𑐩𑐐𑑀𑐲𑑂𑐚𑐶𑐳𑐩𑐹𑐴𑐣𑑍𑐥𑐹𑐬𑑂𑐞𑑂𑐞𑐩𑐵𑐳𑐶𑐳𑐾𑐰𑐵𑐡𑐫𑐎𑑄𑑍
1zb6106f,𑐰𑐣𑐾𑐩𑑂𑐴𑑄𑐳𑑂𑐟𑐵𑑍𑐖𑐸𑑑𑐥𑐸𑐖𑐵𑑍𑐡𑑄𑑒𑐑𑐾𑐮𑐎𑐳𑑂𑐟𑐶𑑍𑐥𑐵𑑑𑐡𑐸𑐡𑐸𑑍𑐡𑑄𑑒𑐡𑐎𑑂𑐲𑐶𑐣𑐵𑑍𑐣𑐵𑐐𑐬𑐵𑐖𑐵𑐫𑐵𑐣
1557177z,𑐐𑐸𑐞𑐏𑐐𑐱𑐶𑐎𑐵𑐬𑑂𑐟𑐶𑐎𑐾𑐱𑐸𑐎𑑂𑐮𑐥𑐎𑑂𑐲𑐾
b2ba56cf,𑐩𑐵𑐣𑐰𑐵𑐣𑐬𑐢𑑂𑐰𑐖𑐱𑑂𑐬𑐷𑐳𑐟𑐹𑐰𑐶𑐴𑐵𑐬𑐩𑐴𑐵𑐣𑐐𑐬𑐣𑐵𑐫𑐎𑐣𑐬𑐥𑐟𑐶𑐩𑐴𑐵𑐬𑐵𑐖𑐵𑐢𑐶𑐬𑐵𑐖𑐱𑑂𑐬𑐷
3808b8a5,𑐮𑑂𑐮𑐡𑐾𑐰𑐥𑑂𑐬𑐨𑐸𑐠𑐵𑐎𑐹𑐬𑐳𑐄𑐨𑐫𑐬𑐵𑐖𑑂𑐫𑐳𑐥𑑂𑐬𑐵𑐢𑐵𑐣𑐵𑐒𑑂𑐐𑐴𑐵𑐎𑐹
b798z78d,𑐖𑐵𑐎𑑂𑐫𑐾𑐦𑑄𑑖𑑐𑐧𑐥𑐸𑐎𑐫𑐵𑐟𑐰𑐶𑐫𑐩𑐵𑐬𑑄𑐡𑑄𑐳𑑋𑐖𑐵𑐎𑑂𑐫𑐦𑑄𑑑𑑐𑐳𑐶𑐣𑐐𑐩𑐵𑐮𑐔𑑀𑐎𑐩𑑂𑐴𑐫𑐵
5az33c49,𑐣𑑂𑐡𑑂𑐬𑐵𑐫𑐣𑐩𑑀𑐣𑐩𑑅𑑋𑑋𑐨𑐬𑐰𑐵𑐫𑐳𑐬𑐳𑑂𑐰𑐟𑑂𑐫𑐥𑑂𑐬𑐞𑐩𑐵𑐩𑐶𑐡𑐶𑐣𑐾𑐡𑐶𑐣𑐾𑑋𑑋𑐫𑐳𑑂𑐫𑐵𑑅𑐳𑑂𑐰𑑄
cffd0220,𑐳𑐠𑐵𑐥𑐸𑐖𑐵𑐫𑐵𑐫𑐩𑐵𑐬𑐧𑐸𑐳𑐵𑐢𑐣𑐎𑐸𑐣𑑂𑐴𑐸𑐟𑐶𑐔𑑀𑐡𑑀𑐬𑐧𑐸𑐫𑐵𑐰𑐬𑐳𑐵𑐣𑐥𑐾𑐧𑑀𑐳𑐕𑐶𑐰𑑀𑐣𑐔𑐵𑐌𑐠
z5720370,𑐢𑐣𑑍𑐮𑐎𑑂𑐲𑑂𑐩𑐷𑐁𑐫𑐸𑐁𑐬𑑀𑐖𑑂𑐘𑐾𑐰𑐺𑐡𑑂𑐢𑐶𑐬𑐳𑑂𑐟𑐸𑑋𑑋𑐂𑐴𑐾𑐟𑑂𑐬𑐳𑐸𑐏
b73bf197,𑐏𑐞𑑂𑐜𑐾𑐨𑐵𑐬𑐟𑐧𑐬𑑂𑐲𑑌𑐴𑐶𑐩𑐧𑐚𑑂𑐚𑐎𑑂𑐲𑐶𑐱𑐥𑐵𑐡𑐾𑐣𑐾𑐥𑐵𑐮𑐩𑐞𑑂𑐜𑐮𑐾𑐱𑑂𑐬𑐷𑑓𑐥𑐱𑐸𑐥𑐟𑐶
58zbf75z,𑐳𑑂𑐠𑐵𑐣𑐳𑑂𑐫𑐂𑐴𑐾𑐰𑐥𑐹𑐞𑑂𑐫𑐨𑐹𑐩𑑁𑑌𑐀𑐡𑑂𑐫𑑅𑐱𑑂𑐬𑐵𑐰𑐞𑐩𑐵𑐳𑑂𑐫𑐱𑐎𑑂𑐬𑐥𑐎𑑂𑐲𑐟𑐺𑐟𑐶𑐫𑐵𑐟𑐶𑐠𑑁𑐥𑐹
8d85c880,𑐬𑑀𑐥𑐩𑐎𑐺𑐟𑐾𑐡𑐵𑐩𑑀𑐡𑐬𑐾𑑅𑐳𑐬𑑂𑐰𑑂𑐰𑐡𑐵𑐥𑑂𑐬𑐷
4443z3b8,𑑊𑐳𑐩𑑂𑐰𑐟𑑘𑑑𑑐𑐁𑐱𑐶𑐸𑐣𑐷𑐱𑐸𑐎𑑂𑐮𑑌𑐡𑐱𑐩𑐷
1c1037b8,𑐩𑐸𑐴𑐣𑐖𑐸𑐬𑑀𑑌𑐥𑐸𑐣𑑅𑐠𑑂𑐰𑐟𑐸𑐮𑐳𑐷𑐦𑐮𑐳𑐐𑑀𑐩𑑂𑐴𑐣𑑄𑐢𑐬𑑂𑐩𑑂𑐩𑐨𑐵𑐬𑐥𑑄𑐟𑐸𑐮𑐱𑐷𑐥𑐾𑐫𑐩𑐵
3z4d1ccc,𑐨𑑀𑐕𑐶𑐩𑐸𑐒𑐵𑐰𑐧𑐶𑐔𑑂𑐕𑑂𑐫𑐵𑐨𑑀𑐖𑐣𑐫𑐵𑐫𑐩𑐵𑐮𑑋𑑋𑐎𑐵𑐬𑑂𑐟𑐶𑐎𑐥𑐸𑐣𑐶𑐩𑐵𑐎𑐸𑐣𑑂𑐴𑐸
c1c71d90,𑐢𑐌𑐟𑐶𑐫𑐵𑐟𑐣𑐵𑐩𑐣𑐠𑑂𑐰𑐳𑐵𑐬𑐶𑐎𑐡𑐫𑐎𑐵𑐖𑐸𑐬𑑀𑑌𑐱𑐸𑐨𑐩𑐩
zcfbc350,𑐣𑐾𑐬𑐹𑐱𑐵𑐳𑑂𑐟𑐵𑑌𑐢𑐬𑑂𑐩𑑂𑐩𑐢𑐵𑐬𑑄𑐩𑐸𑐣𑐷𑐣𑐵𑑄𑐖𑐶𑐣𑐐𑐸𑐬𑐸𑐱𑐸𑐨
31zbb4d7,𑐳𑐸𑐏𑐩𑐫𑐡𑐾𑐴𑐶𑐣𑐵𑐩𑑀𑐎𑑂𑐲𑐴𑐾𑐟𑐸𑑌𑑑𑑌𑐁𑐟𑑂𑐩𑐬𑐎𑐵𑐬
af3aa2fc,𑐟𑐟𑐥𑐸𑐣𑑂𑐫𑐵𑐣𑐸𑐨𑐵𑐰𑐾𑐣𑐖𑐖𑐩𑐵𑐣𑐳𑑂𑐫𑐂𑐴𑐮𑑀𑐎𑐾𑐳𑐸𑐏𑐨𑑀
7zd98d76,𑐩𑑂𑐟𑑂𑐬𑐷𑐢𑑄𑐣𑐠𑐎𑑄𑐩𑑂𑐟𑑂𑐬𑐷𑐥𑐸𑐬𑐸𑐲𑐞𑐂𑐣𑐵𑐎𑑀𑐥𑐱𑑂𑐔𑐶𑐩
405d3470,𑐨𑐸𑐩𑐶𑐨𑐵𑐐𑑂𑐫𑐵𑐄𑐥𑐕𑐣𑑂𑐡𑐥𑐶𑐛𑐾𑐱𑑂𑐬𑐷𑐴𑐾𑐬𑐸𑐎𑐧𑐶𑐬𑐸𑐥𑐵𑐎𑑂𑐲𑐏𑐐𑐵𑐣𑐣𑐵𑐢𑐶𑐧𑐵𑐳𑐶𑐟𑐾𑐀𑐣𑐾𑐎𑐡𑐾
zz5bd95d,𑐡𑐾𑐰𑐳𑑂𑐎𑐾𑐥𑐸𑐖𑐵𑐫𑐵𑐫𑑍𑐖𑐸𑑑𑐥𑐸𑐖𑐵𑑍𑐥𑐵𑑒𑐱𑑂𑐰𑐐𑑄𑐞𑐢𑐮𑐶𑑍𑐐𑑂𑐰𑑑𑐏𑐾𑐖𑑍𑐖𑐸𑐡𑐶𑐲𑑂𑐚𑐶𑑍𑐖𑐸𑑓
a3086c32,𑐠𑐎𑐸𑑄𑐩𑐣𑐸𑐎𑑂𑐬𑐩𑐵𑐟𑑂𑐊𑐟𑐾𑐲
fd26aa09,𑑌𑐱𑐸𑐨𑐩𑐒𑑂𑐐𑐮𑐨𑐰𑐟𑐸𑑌
fb6d2521,𑐣𑐳𑐾𑐣𑐎𑐾𑐢𑐎𑑄𑐢𑐵𑐮𑐳𑐵𑐡𑐾𑐰𑐫𑐵𑐎𑐸𑐡𑐶𑐳𑑂𑐟𑐷𑐮𑐵𑐎𑐖𑐸𑐫𑐰𑐨𑐶𑐣
47767c65,𑐠𑐎𑐸𑑄𑐩𑐣𑐸𑐎𑑂𑐬𑐩𑐵𑐟𑑂𑐊𑐟𑐾𑐲
2fz6d012,𑐴𑑂𑐒𑐰𑑍𑐰𑐮𑑍𑐎𑐲𑑑𑐐𑑁𑐐𑑂𑐬𑐵𑐳𑐫𑐵𑐟𑐡𑐸𑐣𑑂𑐟𑐵𑐖𑐸𑐬𑑀𑑌
dz85aa28,𑐥𑐶𑐎𑐮𑑂𑐫𑐣𑐵𑐟𑑂𑐬𑐫𑑄𑑋𑐊𑐰𑑄𑐬𑐸𑐥𑑀𑐴𑐰𑑄𑐳𑐬𑑂𑐰𑑂𑐰𑑍𑐎𑐮𑑂𑐫𑐣𑐵𑐨𑐵𑐰𑐩𑐵𑐟𑑂𑐬𑐎𑑄𑑋𑑋𑐱𑐩𑑂𑐟𑑂𑐬𑐱𑐵𑐩𑑂𑐟𑑂𑐬𑐳𑑄𑐐𑐷𑐟𑐵
107b1506,𑑉𑐣𑐩𑑅𑐱𑑂𑐬𑐷𑐧𑐖𑑂𑐬𑐢𑐵𑐟𑐸𑐔𑐿𑐟𑑂𑐫𑐵𑐫𑑌𑑌𑐱𑑂𑐬𑑀𑐳𑑂𑐟𑐸𑐳𑐩𑑂𑐰𑐟𑑂𑑙𑑔𑑘
aad40a56,𑐎𑐵𑐲𑑂‍𑐛𑐩𑐞𑑂‍𑐡𑐥𑐩𑐴𑐵𑐣𑐐𑐬𑐾𑐟𑐬𑐰𑑀𑐟𑑀𑐮𑐧𑐜𑐣𑐣𑐶𑐫𑐾𑐟𑐵𑐕𑐾𑑃𑐫𑐵𑐥𑐶𑐟
98z2b4zz,𑐱𑑂𑐬𑐷𑐱𑑂𑐬𑐷𑐎𑐰𑐷𑐣𑑂𑐡𑑂𑐬𑐖𑐫𑐥𑑂𑐬𑐟𑐵𑐥𑐩𑐮𑑂𑐮𑐡𑐾𑐰𑐾𑐣𑑍𑐠𑐩𑐠𑑂𑐬𑐱𑑂𑐮𑑀𑐎𑐔𑐶𑐒𑐵𑐰𑑍𑐳𑑂𑐟𑑀𑐟𑑂𑐬𑐫𑐵𑐒𑐵𑐰
cf5c593d,𑐣𑐾𑐰𑑄𑐎𑐸𑐳𑐵𑐥𑐸𑐏𑐸𑐬𑐳𑐟𑐫𑐵
8dbz7cf8,𑐫𑐵𑐟𑐑𑐾𑐮𑐀𑐲𑑂𑐚𑐵𑑒𑐐𑐸𑐐𑑂𑐐𑐸𑐬𑐸𑐖𑑒𑐩𑐢𑐸𑐥𑐬𑑂𑐎𑑂𑐎𑐡𑑄𑑑𑐩𑐵𑐑𑐾𑐫𑐵𑐟𑐑𑐾𑐮𑐎𑐸𑐜𑑒𑐳𑐵𑐏𑐎𑐸𑐜𑑒𑐩𑐬𑐔𑐡𑑄𑑖𑐠𑑂𑐰𑐟𑐾𑐩𑐵𑐑𑐾𑐕𑐵𑐫
7ca34b47,𑐠𑐸𑐐𑐸𑐥𑐸𑐞𑑂𑐫𑐣𑐥𑐸𑐐𑐸𑐐𑐟𑐶𑐥𑐾𑐐𑐸𑐖𑑀𑐣𑐶𑐣𑑄𑐄𑐟𑑂𑐥𑐟𑑂𑐟𑐶𑐖𑐸𑐫𑐵𑐌𑐔𑑀𑐰𑐥𑐶𑑄𑐳𑐎
3a53z32a,𑐳𑐴𑐳𑑂𑐬𑐴𑑀𑐩𑐰𑐶𑐢𑐶𑐣𑐵𑐰𑐷𑐬𑐾𑐱𑑂𑐰𑐬𑑀𑐨𑐹𑐳𑐸𑐬𑑅𑑋𑐴𑑀𑐟𑐵𑐰𑐶𑐲𑑂𑐞𑐸𑐩𑐏𑑄𑐰𑐶𑐢𑐵𑐫𑐴𑐰𑐶𑐲𑐵𑐳𑑄𑐟𑐬𑑂𑐥𑑂𑐫𑐰𑐴𑑂𑐣𑐶𑑄𑐳𑐸𑐢𑐷𑑅𑐎𑐾𑐳𑐵𑐬𑐾𑑅𑐥𑑂𑐬𑐟𑐶
ba9467fc,𑐳𑐶𑑄𑐴𑐨𑐵𑐬𑑀𑐳𑐬𑑂𑐰𑐰𑐸𑐩𑐣𑐴𑑀𑐬𑐳𑐶𑑄𑐴𑐫𑑀𑐣𑐵𑐩𑐣𑐦𑐮𑐾𑐡𑐫𑐎𑐡𑐸
4a99883z,𑐠𑑄𑐫𑐠𑐵𑑒𑐱𑐵𑐩𑑂𑐟𑑂𑐬𑑀𑐎𑑂𑐟𑐱𑐸𑐨𑐦𑐮𑐥𑑂𑐬𑐵𑐥𑑂𑐟𑑂𑐫𑐠𑑄𑑋𑑋𑐐𑐸𑐠𑐶𑐡
96z70776,𑐳𑐠𑐵𑐥𑐸𑐖𑐵𑐫𑐵𑐫𑐩𑐵𑐬𑐧𑐸𑐳𑐵𑐢𑐣𑐎𑐸𑐣𑑂𑐴𑐸𑐟𑐶𑐔𑑀𑐡𑑀𑐬𑐧𑐸𑐫𑐵𑐰𑐬𑐳𑐵𑐣𑐥𑐾𑐧𑑀𑐳𑐕𑐶𑐰𑑀𑐣𑐔𑐵𑐌𑐠
fd79f2a1,𑐴𑐰𑐶𑐴𑐵𑐬𑐾𑐲𑑂𑐛𑐶𑐟𑐩𑐥𑐶𑐎𑐸𑐮𑐩𑐵𑐣
aza45402,𑐎𑑂𑐬𑐩𑐵𑐟𑐵𑐖𑐣𑑂𑐟𑐮𑐎𑑂𑐲𑑂𑐩𑐷𑐢𑐷𑐬𑑂𑐖𑐮𑐎𑑂𑐲𑑂𑐩𑐷
d7d3719d,𑑒
817fb4dz,𑐄𑐟𑑂𑐫𑐖𑐸𑐫𑐵𑐌𑐳𑐶𑐬𑐵𑐢𑐬𑐐𑐸𑐠𑐶𑐳𑐡𑐸𑐣𑑂𑐟𑐵𑑍𑐢𑐵𑐬𑐏𑐵𑐧𑐸𑐬𑑀𑑑𑐔𑐸𑐬𑑓𑐎𑐶𑐡𑑀𑐬𑐶𑐌𑐧𑐸𑐬𑑀𑑒𑐴𑐵𑐎𑐸𑐟𑑂𑐰𑐵𑐦𑐟𑐌𑐬
2c22f740,𑐖𑐫𑐬𑐞𑐩𑐮𑑂𑐮𑐡𑐾𑐰𑐥𑑂𑐬𑐨𑐸𑐛𑐵𑐎𑐸𑐬𑐳𑑂𑐫𑑍𑐰𑐶𑐖𑐫𑐬𑐵𑐖𑑂𑐫𑐾𑑋𑑋𑐟𑐳𑑂𑐫𑐩𑐵𑐑𑐰𑑂𑐬𑐟
169dbz19,𑐩𑑂𑐟𑑂𑐬𑐷𑐢𑑄𑐣𑐠𑐎𑑄𑐩𑑂𑐟𑑂𑐬𑐷𑐥𑐸𑐬𑐸𑐲𑐞𑐂𑐣𑐵𑐎𑑀𑐥𑐱𑑂𑐔𑐶𑐩
344f2420,𑐫𑐵𑐟𑐱𑑂𑐬𑐷𑑓𑐣𑐵𑐬𑐵𑐫𑐞𑐱𑑂𑐬𑐷𑐮𑐎𑑂𑐲𑑂𑐩𑐷𑑌𑐠𑐰𑐟𑐣𑐵𑐩𑐣𑐱𑑂𑐬𑐷𑑓𑐣𑐵𑐬𑐵𑐫𑐞𑐟𑑂𑐬𑐷𑐡𑐶
bzdb7cc0,𑐢𑐵𑐟𑐦𑐮𑐾𑐳𑐔𑑀𑐒𑐡𑐾𑐰𑐫𑐵𑐟𑑍𑐣𑐶𑐱𑐬𑐵𑐰𑐰𑐖𑐶𑐎𑐸𑐜𑑑𑐟𑐵𑑑𑐩𑐢𑐶𑑍𑐥𑐵𑐟𑑑𑐢𑐬𑐶𑐡𑑄𑑑𑐑𑐾𑐬𑐡𑐶𑐰𑐵𑐠𑑂𑐰
0z44fadb,𑐢𑐣𑑍𑐮𑐎𑑂𑐲𑑂𑐩𑐷𑐁𑐫𑐸𑐁𑐬𑑀𑐖𑑂𑐘𑐾𑐰𑐺𑐡𑑂𑐢𑐶𑐬𑐳𑑂𑐟𑐸𑑋𑑋𑐂𑐴𑐾𑐟𑑂𑐬𑐳𑐸𑐏
7ba7871a,𑐩𑐸𑐖𑑂𑐖𑐺𑐩𑑂𑐨𑐟𑐾𑑌𑐫𑐾𑐣𑐵𑐡𑐵𑐫𑐶𑐩𑐸𑐬𑐵𑐬𑐫𑐾𑑄𑑇𑐱𑑂𑐩𑐳𑐡𑐣𑑄𑐳𑐬𑑂𑐰𑑂𑐰𑐵𑐫𑐰𑐵𑐥𑐷𑐡𑑂𑐰𑐫𑑄𑐥𑐸𑐟𑑂𑐬𑐵𑐫𑐵𑐰𑐣𑐶𑐥𑐵𑐮𑐟𑐵𑐴𑐸𑐟
4440654z,𑐳𑑂𑐫𑐥𑐶𑐟𑐵𑑄𑐩𑐴𑐶𑐐𑑂𑐫𑐵𑐣𑐮𑐕𑐶𑐩𑐶𑐠𑐸𑐮𑐶𑐳𑐩𑐸𑐔𑐫𑐣𑐢𑐬𑑂𑐩𑑂𑐩𑐔𑐶𑐟
ab579b7b,𑐱𑑂𑐬𑐷𑐥𑐺𑐠𑐶𑐰𑐷𑐰𑐷𑐬𑐰𑐶𑐎𑑂𑐬𑐩
4a3fdf76,𑐫𑐰𑐵𑑄𑐕𑐶𑐟𑐵𑐬𑑂𑐠𑐥𑑂𑐬𑐡𑐵𑐣𑐳𑐩𑐬𑑂𑐠𑐵𑑄𑑌𑑑𑑕𑑌𑐂𑐟𑐶𑐱𑑂𑐬𑐷𑐬𑐵𑐖𑐬𑐵𑐖𑐾𑐱𑑂𑐰𑐬𑐱𑑂𑐬𑐷𑐱𑑂𑐬𑐷𑐎𑐰𑐵𑐣𑑂𑐡𑑂𑐬𑐖𑐫𑐥𑑂𑐬𑐟𑐵𑐥
a5b2d1az,𑑋𑑋𑐨𑐵𑐏𑐵𑐠𑑂𑐰𑐬𑐵𑐕𑐾𑐫𑐵𑐀𑐟𑐐𑐮𑐶𑐣𑐡𑐸𑑍𑐳𑐎𑐬𑑂𑐫𑑄𑑍𑐠𑑂𑐰𑐰𑐶𑐴𑐵𑐬𑐳𑐳𑑄𑐎𑐮𑑂𑐥𑐫𑐵
dd3bbz08,𑐔𑐎𑐾𑐩𑐵𑐬𑑌𑐠𑑂𑐰𑐡𑐟𑑂𑐟𑑄𑐬𑑀𑐥𑐫𑐵𑐟𑐳𑐵𑐡𑐾𑐔𑐵𑐮𑐫𑑄𑐧𑐶𑐢𑐩𑐫𑐵𑐟𑐳𑐵𑐐𑑀𑐴𑐟𑑂𑐫𑐵
zb553a48,𑐣𑑂𑐴𑐶𑐟𑐵𑐬𑑂𑐠𑑌𑐣𑐾𑐥𑐵𑐮𑐳𑐩𑑂𑐰𑐟𑐿𑐳𑑂𑐩𑐶𑐣𑐥
99fd00zz,𑐖𑐵𑐬𑐵𑐴𑐣𑐫𑐵𑐒𑐵𑑍𑐳𑐹𑐬𑑂𑐫𑑂𑐫𑐬𑐵𑐩𑑍𑐥𑐬𑑂𑐱𑐸𑐬𑐵𑐩𑐨𑐵𑐮𑑀𑐣𑐾𑐩𑑂𑐴𑑄𑐦𑐸𑐎𑐶𑐖𑐣
03064d91,𑐳𑑂𑐦𑐸𑐬𑑂𑐖𑑂𑐖𑐟𑑂𑐦𑐵𑐮𑑂𑐐𑐸𑐣𑐎𑐺𑐲𑑂𑐞𑐥𑐎𑑂𑐲𑐰𑐶𑐲𑐫𑐾𑐴𑐺𑐡𑑂𑐫𑐡𑑂𑐰𑐶𑐟𑐷𑐫𑐵𑐟𑐶𑐠𑑁𑑋𑐴𑐳𑑂𑐟𑐾𑐔𑐣𑑂𑐡𑑂𑐬𑐳𑐸𑐟𑐾𑐱𑐸𑐨𑐾𑐱𑐸𑐨𑐥
a055fc55,𑐖𑑂𑐘𑐵𑐟𑐫𑐵𑐮𑐶𑐱𑐶𑐟𑑅𑐄𑐟𑑂𑐥𑐵𑐡𑐰𑑂𑐫𑐫𑐰𑐬𑑂𑐖𑐶𑐟𑑀𑐎𑑂𑐲𑐫𑐳𑐸𑐏𑑀𑐴𑐵𑐳𑑂𑐫𑑂‌𑐫𑐡𑐶𑐳𑑀𑐏𑑂𑐫𑐵𑐣𑑂𑐰𑐶𑐟𑑅𑐮𑑀𑐎𑐵𑐣𑐵𑑄
6c50f374,𑐬𑑀𑑍𑐎𑑂𑐰𑐥𑐹𑐕𑐾𑐫𑐵𑐧𑐷𑐮𑐳𑐶𑑄𑐴𑐨𑐵𑐬𑑀𑐄𑐗𑐵𑐣𑐕𑐾𑐫𑐵𑐢𑑄𑐖𑐸𑐨𑐵𑐬𑑀𑐠𑑂𑐰𑐟𑐾𑐳𑑂𑐟𑐳𑐩𑐢𑐵𑐬𑐫𑐵𑐒𑐵𑐌𑐂𑐟𑐸𑑄𑐰𑐵𑐴𑐵𑐬𑐟𑑀𑐮𑐟𑑄𑐰𑐟𑐩𑐸𑐐𑐬𑐫𑐣𑑂𑐟𑐵𑐕𑐾𑐫𑐵𑐨𑐶𑐎𑑂𑐲𑐸
b4492a94,𑐣𑑋𑑋𑐱𑑂𑐬𑐾𑐫𑑀𑑇𑐳𑑂𑐟𑐸𑑋𑑋𑐳𑐩𑑂𑐧𑐟𑑖𑑓𑑖𑐩𑐵𑐑𑐩𑐵𑐳𑐾𑐱𑐸𑐎𑑂𑐮𑐥𑐎𑑂𑐲𑑅
z7d5bacc,𑐥𑐩𑐮𑑂𑐮𑐡𑐾𑐰𑐥𑑂𑐬𑐨𑐸𑐛𑐵𑐎𑐸𑐬𑐳𑐰𑐶𑐖𑐫𑐬𑐵𑐖𑐳𑐠𑐎𑐵𑐜𑐶
d407a6b0,𑑉𑐣𑐩𑑅𑐱𑑂𑐬𑐷𑐩𑐡𑑂𑐬𑐵𑐬𑑂𑐫𑑂𑐫𑐵𑐰𑐮𑑁𑐎𑐶𑐟𑐾
aa84fc8z,𑐳𑐟𑐸𑐖𑐷𑐧𑐮𑐵𑐣𑐶𑐠𑐎𑐹𑐥𑐹𑐟𑑂𑐬𑐡𑐾𑐧𑐷𑐢𑑄𑐫𑑀𑐐𑐬𑐵𑐖𑐩𑑀
c6617ca4,𑐳𑐱𑑂𑐩𑐾𑐬𑐩𑐾𑐱𑑀𑑍𑐨𑐰𑐨𑑂𑐫𑐵𑐲𑑂𑐥𑑂𑐬𑐳𑐵𑐡𑐵𑐟𑑂𑐫𑐬𑐵𑑄𑐳𑐶𑐡𑑂𑐰𑐶𑐩𑐵𑐥𑐸𑑅𑑋𑐩𑐩𑐵𑐖𑑂𑐘𑐵𑐣𑐳𑐶𑐣𑑂𑐢𑑀𑑅𑐱𑐶𑐰𑑀𑐡𑐷𑐣𑐰𑐣𑐢𑐸𑑍𑐬𑑂𑐖𑑂𑐖𑐣𑐣𑑂𑐫𑐵𑐴𑐶𑐟𑐵
1434fd88,𑐱𑐵𑐎𑑂𑐫𑐩𑐸𑐣𑐶𑐱𑑂𑐬𑐷𑐢𑐣𑐱𑑂𑐬𑐷𑐢𑐩𑑂𑐩𑐐𑐶𑐬𑐶𑑍𑐎𑐶𑐣𑑂𑐴𑐳𑐶𑑄𑐴𑐨𑐵𑐰𑑍𑐟𑐰𑐢𑐶𑐎𑐨𑐵𑐰𑑍𑐧𑐶𑐣𑑂𑐴𑐸𑐨𑐵𑐰𑑍𑐣𑑂𑐴𑐰𑐣𑐨𑐵
f8dbc51z,𑐥𑐸𑐬𑑂𑐞𑑂𑐞𑐩𑐵𑐳𑐷𑐱𑑂𑐬𑐷𑐔𑐣𑑂𑐡𑑂𑐬𑐳𑐾𑐏𑐬𑐡𑐾𑐰
82730257,𑐟𑑂𑐬𑑅𑐣𑐶𑐮𑐬𑐟𑑂‍𑐣𑐥𑐸𑐟𑑂𑐬𑐶𑐔𑐣𑑂𑐡𑑂𑐬𑐩𑐵𑐫𑐵𑐠𑑂𑐰𑐟𑐾𑐥𑐬𑐶𑐧𑐵
b66454f8,𑐌𑐧𑐮𑐚𑑀𑐮𑐾𑐎𑐸𑐎𑑂𑐲𑐾𑐫𑐵𑐧𑑄𑐱𑐱𑐵𑐎𑑂𑐫𑐨𑐶𑐎𑑂𑐲𑐸𑑌𑐢
z89fcfa9,𑐱𑑂𑐬𑐷𑐩𑐮𑑂𑐮𑑀𑐎𑐾𑐱𑐡𑐿𑐰𑐳𑐬𑐞𑐩𑐥𑐶
73b743c4,𑑊𑐳𑐩𑑂𑐰𑐟𑑘𑑖𑑑𑐩𑐸𑑋𑐱𑐸𑐣𑐰𑐡𑐶𑑑𑑔𑐬𑐸𑐥𑑂𑐬𑐵𑐳𑐣𑐶𑐡𑐸𑐟𑐵𑑄𑑌𑐱𑐸𑐨𑑄𑑌
06bf4730,𑐠𑑂𑐰𑐟𑐾𑐫𑐵𑐐𑐸𑐠𑐶𑐖𑐫𑐥𑐟𑐶𑐎𑑂𑐬𑐖𑐸𑑌𑐠𑑂𑐰𑐬𑐮𑐎𑑂𑐲
c0a6ffzd,𑐐𑑂𑐫𑑋𑑋𑐥𑑂𑐬𑐖𑑂𑐘𑐵𑐮𑑀𑐎𑐬𑑂‌𑐰𑐱𑐿𑐩𑑀𑐎𑑂𑐲𑐥𑑂𑐬𑐵𑐥𑑂𑐟𑐫𑐳𑑂𑐟𑐸𑑋𑑋𑐱𑐸𑐨𑐩𑑄𑐐𑐮𑐨
zzb9aba7,𑐬𑐵𑐫𑐞𑐣𑐣𑑂𑐡𑐳𑐶𑑄𑐴𑐵𑐲𑑂𑐚𑑁𑐚𑐵𑐎𑐢𑑄𑐖𑐸𑐳𑐸𑐖𑐣𑐵𑑅𑐳𑐸𑐨𑐎𑑂𑐣𑐵𑑅𑑋𑑋𑑋𑑋𑐊𑐟𑐩𑐶
dcdz7456,𑐳𑐹𑐬𑑂𑐫𑑂𑐫𑐵𑐫𑐠𑐵𑐬𑐵𑐖𑐟𑐾𑑌𑐟𑐳𑑂𑐫𑐥𑐟𑑂𑐣𑐷𑐟𑐸𑐰𑐶𑐏𑑂𑐫𑐵𑐟𑐵𑑍𑐔𑐣𑑂𑐡𑑂𑐬𑐮𑐎𑑂𑐲𑑂𑐩𑐷𑑅𑐳𑐸𑐮𑐎𑑂𑐲𑐞𑐵𑑋𑐔𑐵𑐬𑐸𑐔𑐶𑐟𑑂𑐬𑐵𑐥𑑂𑐬𑐨𑑀𑐎𑑂𑐟𑐵𑐔𑐣𑑂𑐡𑑂𑐬𑐳𑑂𑐫𑐾𑐰𑐔𑐬𑑀𑐴𑐶𑐞𑐷𑑌𑐨𑑀𑐐𑐶𑐞𑐷𑐰𑐶𑐲𑑂𑐞𑐸
bc6a4bfc,𑐫𑐵𑐒𑐵𑐖𑐸𑐮𑑀𑐱𑐸𑐨𑑌𑐳𑐩𑑂𑐰𑐟𑑘𑑒𑑘𑐦𑐵𑐮𑑂𑐐𑐸𑐞𑐱𑐸𑐡𑐶𑑘𑐩𑐺𑐐𑐱𑐶
3d571275,𑐡𑑂𑐬𑐩𑐥𑐎𑑂𑐲𑐴𑐩𑐵𑐮𑐳𑐸𑐟𑐵𑐣𑐵𑑄𑑍𑐳𑐡𑐵𑐡𑑂𑐡𑐬𑑂𑐑𑐱𑐵𑐣𑐵𑑄𑐴𑐶𑐟𑑄𑐳𑐣𑑂𑐟𑐣𑑀𑐟𑐶𑑌𑑑𑑑𑑌𑐞𑐶𑐰𑐬𑑂𑐨𑐵𑐣𑐸𑐔𑐎𑑂𑐟𑑂𑐬𑐲𑑂𑐎𑐸𑐮𑐵𑐔𑐵𑐬𑐣𑑂𑐟𑑂𑐬𑑄𑐥
1d97z09c,𑐬𑑀𑐎𑑂𑐫𑐾𑐰𑐬𑐡𑐵𑐫𑐎𑑍𑐰𑐣𑑂𑐡𑐾𑐟𑑂𑐰𑑄𑐖𑐐𑐟𑐣𑐵𑐠𑑄𑐱𑐟𑐐𑐸𑐬𑐸𑐣
7953006c,𑐮𑐳𑐖𑐮𑐢𑐸𑐣𑐶𑐳𑑂𑐠𑐵𑐥𑐣𑐵
8517607z,𑐩𑐴𑐬𑐶𑑍𑐥𑐸𑐣𑐨𑐵𑐲𑐵𑐖𑐶𑐎𑐵𑐫𑐡𑐫𑐵𑐌𑐣𑐳𑐵𑐠𑑂𑐰𑐐𑐸
15f9z3f3,𑐁𑐔𑐵𑐬𑑂𑐫𑑂𑐫𑐖𑐸𑐥𑐣𑐶𑐰𑐶𑐖𑑂𑐫𑐵𑐔𑐎𑑄𑐮𑐔𑑂𑐕𑑂𑐫𑐵𑐨𑐐𑐰𑐟𑐶𑐥𑐵𑐠𑐳𑐵𑐬𑑂𑐡𑑂𑐢𑐫𑐵𑐔𑐎𑐵𑐖𑐸𑐬𑑀𑐖𑐶𑐩𑐕𑐩𑑂𑐴𑐣𑐵𑐫𑐎𑐧𑐶𑐖𑑂𑐫𑐵𑐔𑐎𑑄𑐳𑑄𑐐𑐨𑑀𑐖
334d1bfc,𑐣𑐶𑐰𑐵𑐳𑐵𑐟𑑂𑐥𑑂𑐬𑐠𑐶𑐟𑐵𑐨𑐶𑐢𑐵𑐣𑑅𑐱𑑂𑐬𑐷𑐱𑑂𑐬𑐷𑐣𑐶𑐰𑐵𑐳𑐵𑐏𑑂𑐫𑐩𑐰𑐵𑐞𑐨𑐹𑐥𑑅𑑌𑐟𑐳𑑂𑐩𑐵𑐡𑑂𑐬𑐸𑐡𑑂𑐬𑐸𑐩𑐟𑐷𑐰𑐨𑐹𑐰𑐖𑐮
54a15b9c,𑐥𑑀𑐐𑐵𑐬𑐰𑐴𑐶𑐮𑐶𑐥𑐕𑐾𑑄𑐣𑐬𑐴𑐬𑐶𑑍𑐩𑑂𑐴𑐫𑐵𑐔𑐩𑐣𑑀𑐴𑐬𑐷𑑍𑐩𑐵𑐣𑑂𑐫𑐾𑐱𑑂𑐰𑐬𑐷𑑍𑐥𑑂𑐬𑐩𑐸𑐏𑐫𑑀𑐳𑑂𑐰𑐩𑑂𑐴𑐳𑐾
0461319f,𑐳𑐶𑑄𑐴𑐵𑐳𑐣𑐳𑐩𑐾𑐰𑐳𑐸𑐣𑑄𑐔𑑀𑐣𑐾𑐩𑐡𑐸𑐔𑑀𑐣𑐳𑐵𑐩𑐴𑐵𑐬𑐵𑐖𑐵𑐫𑐵𑐐𑐸𑐞𑐵𑐴𑐵𑐐𑐵𑐬𑐖𑐸𑐬𑑀𑑌𑐠𑑂𑐰𑐀𑐎𑑂𑐲𑐬
c2dc13bb,𑐥𑐶𑐟𑑄𑐞𑐶𑐰𑑄𑐢𑐶𑐖𑐣𑐳𑐾𑐰𑐎𑑄𑐣𑐶𑐟𑑂𑐫𑑄𑐰𑐣𑑂𑐡𑐾𑐴𑑄𑐩𑐷𑐱𑑂𑐰𑐬𑑄𑐥𑑂𑐬𑐟𑐶
4az3a230,𑐟𑐵𑐬𑐎𑐸𑑖𑐥𑐹𑐬𑑂𑐰𑑂𑐰𑐥𑐵𑐏𑐵𑐨𑐹𑐩𑐎𑐵𑑍𑐰𑐐𑐸𑐠𑐶𑐳𑑍𑐡𑐵𑐟𑐵𑐖𑐸𑐳𑐬𑐵𑐫𑐖𑐸𑑍𑐥𑐬𑑀𑐐𑐖𑐸𑐬
1b7d4287,𑐬𑐡𑐱𑐩𑑂𑐫𑐵𑑄𑐟𑐶𑐠𑑁𑐄𑐟𑑂𑐟𑐬𑐨𑐡𑑂𑐬𑐥𑐬𑐬𑐾𑐰𑐟𑐷𑐣𑐎𑑂𑐲𑐟𑑂𑐬𑐳𑑁𑐨𑐵𑐐𑑂𑐫
4a33776z,𑐞𑑂𑐜𑐬𑐾𑐧𑐵𑐳𑐸𑐎𑐶𑐎𑑂𑐲𑐾𑐟𑑂𑐬𑐾𑐱𑑂𑐬𑐷𑑓𑐥𑐱𑐸𑐥𑐟𑐶𑐳𑐣𑐶𑐢𑐵𑐣𑐾𑐧𑐵𑐐𑑂𑐩𑐟𑑂𑐫𑐵𑑄𑐥𑐱𑑂𑐔𑐶𑐩𑐎𑐸𑐬𑐾𑐧𑐶𑐲𑑂
a6zf3623,𑐎𑑂𑐲𑑂𑐩𑐶𑑍𑐔𑐟𑐸𑐬𑑂𑐠𑐥𑐸𑐟𑑂𑐬𑐩𑐹𑐣𑐶𑐢𑐬𑑍𑐣𑐵𑐔𑐷𑐩𑐸𑐣𑐶𑐠𑐎𑐸𑑄𑑍𑐟𑐳𑑂𑐫𑐖𑐾𑐲𑑂𑐛𑐨𑐐𑐶𑐣𑐶𑐔
18ac6218,𑐣𑐵𑑄𑐱𑑂𑐬𑐷𑐡𑐾𑐐𑑀𑐮𑐡𑐫𑐎𑑄𑐖𑐥𑐟𑐶𑐳𑐴𑐶𑐟𑑄𑐣𑐱𑑂𑐬𑐷𑐨𑐷
aa19b171,𑐄𑐟𑑂𑐬𑐨𑐡𑑂𑐬𑐱𑐸𑐨𑐖𑑀𑐐𑐧𑐸𑐢𑐰𑐵𑐬
67535b6a,𑐥𑐹𑐬𑑂𑐞𑑂𑐞𑐩𑐵𑐳𑑂𑐫𑐵𑑄𑐟𑐶𑐠𑑁𑑍𑐥𑑀𑐲𑑂𑐫𑐣𑐎𑑂𑐲𑐟𑑂𑐬𑐁𑐫𑐸𑐲𑑂𑐩𑐵𑐞𑐫𑑀𑐐𑐾𑐱
9ba42407,𑐎𑐸𑐣𑐵𑐠𑐣𑐬𑐵𑐬𑑂𑐖𑑂𑐫𑐾𑐐𑐵𑐩𑐥𑐵𑐟𑐡𑐎𑑀𑐫𑐵
a43cz6a9,𑐱𑑂𑐰𑐬𑑍𑐖𑐐𑐟𑑂𑐩𑑀𑐴𑑀𑐣𑑍𑐱𑑂𑐰𑐩𑑂𑐴𑑄𑐳𑐵
833891cf,𑐬𑐐𑑂𑐰𑐟𑑂𑐬𑐫𑐵𑐟𑐕𑐶𑑍𑐡𑐫𑐎𑐵𑐟𑐵𑐬𑐖𑐸𑐕𑐶𑑍𑐡𑐟𑐵
0cd5ac14,𑐮𑐔𑐿𑐟𑑂𑐫𑐡𑐫𑐎𑐵𑐌𑐟𑐮𑐐𑐸𑐠𑐸𑐐𑐸𑐔𑐿𑐟𑑂𑐫𑐐𑑂𑐰𑐮𑑑𑐟𑐵𑐎𑐵𑐮𑑄𑐖𑐶𑐬𑑂𑐞𑐖𑐸𑐫𑐵𑐌𑐔𑑀𑐣𑐐𑐸𑐠𑑂𑐰𑐔𑐿𑐟𑑂𑐫𑐖𑐶𑐬𑑂𑐞𑐄𑐡𑑂𑐢𑐵𑐬𑐫𑐵𑐣𑐵𑐠𑐸𑐐𑐸𑐥𑐸𑑄𑐞𑑂𑐫𑐫𑐵𑐥𑑂𑐬𑐨𑐵𑐰𑐣𑑄𑐖𑐐𑐟𑐳𑑄𑐳𑐵𑐬𑐳𑐟𑑂𑐰𑐥𑑂𑐬𑐵𑐞𑐶𑐄𑐡𑑂𑐢𑐵𑐬𑐖𑐸𑐫𑐾𑐩𑐵𑐮𑐡𑐵𑐣𑐥𑐟𑐶𑐖𑑀𑐐
800afc64,𑐥𑑂𑐬𑐶𑐫𑐵𑑋𑐥𑐱𑑂𑐫𑐟𑑂𑐰𑑄𑐩𑐎𑐸𑐬𑐾𑐥𑑂𑐬𑐶𑐫𑐾𑐳𑑂𑐰𑐰𑐡𑐣𑑄𑐟𑐟𑑂𑐳𑐣𑑂𑐣𑐶𑐩𑑄𑐎𑐶𑑄𑐣𑐩𑑀𑐂𑐟𑑂𑐠𑑄𑐔𑐵𑐚𑐸𑐰𑐔𑐥𑑂𑐬𑐧𑑀𑐢𑐶𑐟𑐬𑐩𑑅𑐥𑐵𑐫𑐵𑐟𑑂𑐳𑐡𑐵𑐩𑑀𑐡𑐬𑑌𑐟𑑂𑐬𑐮𑑀𑐎𑑂𑐫𑐾𑐰𑐶𑐡𑐶𑐟𑐵𑐳𑐸𑐥𑐸
dzbzdb62,𑐖𑐵𑐢𑐶𑐬𑐵𑐖𑐱𑑂𑐬𑐷𑐱𑑂𑐬𑐷𑐖𑐫𑐨𑐵𑐳𑑂𑐎𑐬𑐩𑐮𑑂𑐮𑐡𑐾𑐰𑐳𑑂𑐫𑐢𑐶𑐖𑑀𑐬𑐵𑐖𑑌𑐡𑐵𑐣𑐥𑐟𑐶𑐎𑐵𑐎𑐶𑐥𑐹𑐬𑐳𑐡𑐵𑐣
0bad0bb2,𑐣𑐩𑑅𑐱𑑂𑐬𑐷𑐟𑑂𑐬𑐶𑐬𑐟𑑂𑐣𑐩𑐹𑐬𑑂𑐟𑑂𑐟𑐨𑑂𑐫𑑅𑑌𑐩𑐵𑐬𑐰𑐶𑐖𑐶𑐨𑑂𑐫𑐳𑐧𑐮𑑄𑐳𑐴𑐶𑐥𑐸𑐬𑐸𑐏𑐳𑐶𑑄𑐴𑐵𑑍𑐢𑑂𑐫𑐵𑐣𑐳𑐸𑐏𑐣𑐨𑐶𑐩𑐸𑐏
2d091b85,𑐳𑑄𑐐𑐕𑐶𑐫𑐵𑐟𑐡𑑄𑑑𑐡𑐎𑑂𑐲𑐩𑐵𑐠𑐶𑐖𑐣𑐥𑐣𑐶𑐳𑐾𑐣𑐁𑐳𑐟𑐥𑑂𑐫𑐩
a3c52z24,𑐣𑐶𑐰𑐵𑐳𑐵𑐟𑑂𑐥𑑂𑐬𑐠𑐶𑐟𑐵𑐨𑐶𑐢𑐵𑐣𑑅𑐱𑑂𑐬𑐷𑐱𑑂𑐬𑐷𑐣𑐶𑐰𑐵𑐳𑐵𑐏𑑂𑐫𑐩𑐰𑐵𑐞𑐨𑐹𑐥𑑅𑑌𑐟𑐳𑑂𑐩𑐵𑐡𑑂𑐬𑐸𑐡𑑂𑐬𑐸𑐩𑐟𑐷𑐰𑐨𑐹𑐰𑐖𑐮
z128zzd7,𑐰𑐶𑐲𑑂𑐞𑐸𑐣𑐵𑐬𑐵𑐫𑐞𑐨𑐵𑐬𑑀𑐎𑐣𑐾𑐲𑑂𑐛𑐨𑑂𑐬𑐵𑐟𑑂𑐟𑐾𑐱𑐶𑐰𑐣𑐵𑐬𑐵𑐫𑐞𑐨𑐵𑐬𑑀𑑍𑐩𑑀𑐟𑐶𑐬𑐵𑐖𑐨𑐵𑐬𑑀𑑍𑐔𑐵𑐏𑐵𑐧𑐵𑐴𑐵𑐬𑐧𑐎𑐸𑐞𑑂𑐜𑐬𑐵𑐩𑐨𑐵𑐬𑑀
9d3dac70,𑐣𑐱𑑂𑐬𑐷𑐩𑐟𑑂𑐱𑑂𑐬𑐷𑑓𑐎𑐵𑐲𑑂𑐛𑐨𑑀𑐟𑐣𑑂𑐴𑐰𑐣𑐾𑐖𑐮𑐢𑐵𑐮𑐶𑐡𑐫𑐎𑑄𑐥𑐟𑐶𑐳𑑂𑐠𑐵𑐫𑐵𑐒𑐵𑐡𑐶𑐣𑐖𑐸𑐬𑑀𑑌𑐠𑑂𑐰𑐖𑐮𑐢𑐸𑐣𑐷𑐳
32fbddc2,𑐎𑐵𑐰𑑂𑐫𑐎𑐵𑐲𑐵𑐮𑐒𑑂𑐎𑑂𑐫𑐬𑐵𑐡𑐶𑐳𑐎𑐮𑐱𑐵𑐩𑑂𑐟𑑂𑐬𑐵𑐣𑐸𑐱𑐬𑐞𑐳𑐸𑐐𑐟𑐩𑐟𑐰𑐶𑐣𑐵𑐡𑐶𑐟𑐵𑐣𑑂𑐟𑐲𑑂𑐎𑐬𑐞𑐱𑐶𑐟𑐶𑐎𑑂𑐟𑐞𑑂𑐛
86d2c7z6,𑐧𑑂𑐬𑐟𑐶𑐮𑑀𑐎𑐳𑐩𑐳𑑂𑐟𑐳𑑂𑐫𑐩𑐵𑐑𑐧𑑂𑐬𑐟𑑂𑐟𑐫𑐵𑐱𑑂𑐬𑐷𑐱𑑂𑐬𑐷𑐩𑐵𑐢𑐧𑐨𑐵𑐜
a5d8z396,𑐎𑐬𑐵𑐎𑐖𑐸𑐬𑑀𑑌𑐩𑐳𑐾𑐣𑐎𑑄𑐨𑐶𑐣𑐎𑑂𑐬𑐳𑐵𑑍𑐄𑐟𑑂𑐬𑑀𑐎𑑂𑐟𑐦𑐮𑐬𑐵𑐎𑐖𑐸𑐬𑑀𑑌
35a01f20,𑑅𑐧𑐲𑑂𑐚𑐶𑐣𑐧𑐬𑐟𑑂𑐣𑑄𑐥𑐣𑐶𑐥𑐹𑐬𑑂𑐞𑑂𑐞𑐖𑐸𑐫𑐵𑐀𑐣𑑂𑐟𑐬𑐎𑐵𑐬𑐾𑐀𑐣𑐸𑐟𑑂𑐟𑐬𑐵𑐫𑐵
78zb85f0,𑐠𑐎𑐸𑑄𑐩𑐣𑐸𑐎𑑂𑐬𑐩𑐵𑐟𑑂𑐊𑐟𑐾𑐲
f8c78d41,𑐳𑐶𑐫𑐵𑐖𑐸𑐬𑑀𑑍𑐠𑑂𑐰𑐔𑐾𑐎𑐣𑐀𑐟𑐩𑐎𑐶𑐮𑐶𑐟𑐵𑐟𑐳𑐵𑐳𑑀𑐣𑐎𑐾𑐔𑐮𑐎𑐳𑐵𑐬𑐟𑐬𑐳𑐵𑐔𑑂𑐰𑐵𑐦𑐶𑐣𑐧𑐥𑐸𑐟𑐳𑐵𑐧𑑂𑐬𑐩𑑂𑐴𑐴𑐠𑑂𑐫𑐵𑐰𑐵𑐬𑐴𑐠𑑂𑐫𑐵𑐐𑑂𑐰𑐴𑐴𑐠𑑂𑐫𑐵𑐳𑑂𑐟𑑂𑐬𑐷
a855925c,𑐢𑑄𑐟𑐳𑑂𑐫𑐨𑐵𑐔𑑂𑐫𑐵𑐳𑐟𑐖𑐷𑐰𑐮𑐵𑐣𑐶𑐠𑐎𑐹𑑄𑐥𑐹𑐟𑑂𑐬𑐡𑐾𑐧𑐷
5fz3d715,𑐕𑐥𑐬𑑂𑐧𑑂𑐧𑐟𑐫𑐵𑐧𑐵𑐮𑐳𑑚𑐔𑐿𑐟𑑂𑐫𑐡𑐫𑐎𑐵𑐟𑐫𑐵𑐖𑐸𑐮𑑌𑐠𑐸𑐐𑐸𑐥𑐸𑐞𑐾𑐣𑐡𑐶𑐧𑑄𑐐𑐟𑐥𑐶𑐟𑐵
cc3z9df1,𑐖𑑀𑐟𑐶𑐧𑐸𑐬𑑀𑑑𑑋𑑋𑐮𑐵𑐐𑑄𑐧𑐸𑐬𑑀𑑑𑐳𑐩𑑂𑐧𑐸𑐟𑐶𑑄𑐧𑐸𑐎𑑂𑐬
7f37676z,𑐣𑐵𑐔𑐵𑐬𑑂‍𑐫𑐱𑑂𑐬𑐷𑐖𑐷𑐰𑐱𑑂𑐬𑐩𑐖𑐹𑐳𑐨𑐵𑐬𑑂‍𑐫𑐵𑐱𑑂𑐬𑐷𑐥𑐞𑑂𑐞𑐸𑐣𑐶𑐮𑐎𑑂𑐲𑑂𑐩𑐷𑐳𑑌𑐥𑐡𑑂𑐩𑐮
059732a3,𑐥𑐫𑐟𑐾𑐣𑐬𑐵𑐣𑑂𑐣𑐶𑐖𑐠𑐾𑐳𑑄𑐬𑐎𑑂𑐲𑐟𑐾𑐳𑑄𑐳𑐺𑐟𑑅𑑌𑐎𑑂𑐲𑐷𑐬𑐵𑐖𑑂𑐢𑐵𑐬𑐸𑐨𑐸𑐖𑐐𑐾𑐱𑐨𑑀𑐐𑐱𑐫𑐣𑐾𑐳𑐵𑐡𑑂𑐢𑑄𑐱𑑂𑐬𑐶𑐫𑐵𑐱𑐵
21968cac,𑑅𑐳𑐸𑐟𑑀𑐐𑐸𑐞𑐣𑐶𑐢𑐶𑐬𑑂𑐫𑑂𑐫𑐱𑑂𑐰𑐾𑐣𑑂𑐡𑑂𑐬𑐩𑐮𑑂𑐮𑐵𑐩𑐶𑐢𑑅𑐱𑐸𑐡𑑂𑐢𑐵𑐔𑐵𑐬𑐰𑐟𑐷𑐐𑐸𑐞𑐣𑐶𑐮𑐫𑐵𑐟𑐸𑐮𑑂𑐫𑐵𑐴𑐬𑐾𑑅𑐎𑐵𑐣𑑂𑐟𑐫𑐵𑑅𑑌𑐟𑐳𑑂𑐫𑐵𑑅𑐳𑐸𑐟𑐵𑐳𑐷𑐟𑑂𑐳𑐸𑐡𑐟𑐷𑐎𑐸
133a1c3c,𑐎𑐣𑑂𑐫𑐵𑐔𑐮𑐡𑑂𑐰𑐷𑐔𑐷𑐬𑐩𑑂𑐫𑐵𑑄𑑍𑐖𑐚𑐵𑐩𑐸𑐟𑑂𑐎𑐚𑐵𑑄𑐩𑑁𑐮𑐶𑐣𑐵𑐳𑐣𑑂𑐡𑐢𑐵𑐣𑑄𑑋𑐎𑑂𑐲𑐞𑑄𑐳𑐖𑑂𑐟𑑂𑐬𑐣𑐵𑐲𑑂𑐚𑐸𑐞𑑂𑐫𑐖𑐣𑑂𑐩𑐵𑐣𑐊𑐣𑐵
8adzad2b,𑐬𑑀𑐥𑐩𑐎𑐺𑐟𑐾𑐡𑐵𑐩𑑀𑐡𑐬𑐾𑑅𑐳𑐬𑑂𑐰𑑂𑐰𑐡𑐵𑐥𑑂𑐬𑐷
a5a3c6b3,𑐳𑐵𑐥𑑄𑐔𑐩𑐵𑐴𑐵𑐥𑐵𑐟𑐎𑐬𑐵𑐎𑐖𑐸𑐬𑑀𑑌𑐳𑑄𑐩𑑂𑐰𑐟
b1ac9f1c,𑐥𑐹𑐬𑑂𑐞𑐩𑐵𑐱𑐶𑐩𑐑𑐣𑐎𑑂𑐲𑐟𑑂𑐬𑐀𑐟𑐶
4f12bf7f,𑐮𑑀𑐒𑐵𑐌𑐦𑐹𑐟𑐶𑐳𑐮𑐵𑐔𑐎𑑄𑐧𑐶𑐫𑑍𑐎𑐸𑑓𑐋𑐮𑐵𑐠𑑂𑐰𑑍𑐣𑐾𑐧𑐫𑐣𑐶𑑄𑑒𑐀𑐖𑐶𑐠𑑂𑐰𑑍𑐎𑐸𑑑𑐡𑑂𑐫
f10df2af,𑑉𑐣𑐩𑑀𑐬𑐟𑑂‍𑐣𑐟𑑂𑐬𑐫𑐵𑐫𑐳𑐎𑐮𑐣𑐣𑐵𑐠𑐎𑐵𑐰𑐣𑐵𑐴𑐾𑐖𑐶𑐣𑐾𑐣𑑂‍𑐡𑐸𑐡𑐐𑐾𑐰𑐮
fd23fc7d,𑐡𑐶𑐣𑐖𑐸𑐬𑑀𑑍𑐬𑐟𑑂𑐣𑐾𑐱𑑂𑐧𑐬𑑍𑐨𑐧𑐣𑐾
4z494ac2,𑐫𑐵𑐔𑐎𑑄𑑍𑐨𑐵𑐏𑐵𑐠𑐠𑐸𑐮𑑂𑐴𑐟𑐶𑐎𑑂𑐰𑐧𑐸𑐬𑐰𑑒𑐨𑐸𑐫𑐎𑑂𑐰𑐠𑐸𑐮𑑂𑐴𑐸𑐟𑐶𑐎𑑂𑐰𑐧𑐸𑐮𑐰𑑒𑐔𑐸𑐬𑑒𑐨𑐸𑐫𑐟𑐶𑐔𑑀𑐡𑑂𑐰𑐬𑐧𑐸𑐬𑐰𑑕𑐠𑑂𑐰𑐟𑐾𑐫𑐵
f9477484,𑐴𑐩𑐴𑐵𑐰𑐶𑐴𑐵𑐬𑐾𑐲𑑂𑐛𑐶𑐟𑐩𑐥𑐶𑐎𑐸𑐮𑐩𑐵𑐣
a796dccc,𑐎𑑂𑐰𑐔𑐥𑐵𑐡𑐰𑐳𑑂𑐎𑐾𑐕𑑀𑐫𑐎𑐾𑐩𑐵𑐬𑑍𑐠𑑂𑐰𑐣𑐳𑐟𑐶𑐎𑐸𑐣𑑂𑐴𑐸𑐳𑑄𑐐𑐫𑐵𑐟𑑍𑐳𑐩𑑂𑐴𑐔𑐧𑐶𑐫𑐩𑐵𑐬𑑍𑐰
46za8742,𑐫𑐵𑐒𑐵𑐰𑐥𑑂𑐬𑐟𑐶𑐲𑑂𑐛𑐵𑐫𑐵𑐒𑐧𑐶𑐧𑐖𑑂𑐫𑐫𑐎𑑌𑐩𑐴𑐵𑐬𑐵𑐖𑐵𑐫𑐵𑐁𑐖𑑂𑐘𑐵𑐣𑐳𑑂𑐰𑐠𑐫𑐵𑐱𑐶𑐰𑐴𑐬𑐶𑐫𑐵𑐥𑐸𑐟𑑂𑐬𑐢𑑀
d5z8071b,𑐎𑐨𑐵𑐬𑑀𑑍𑐀𑐳𑐐𑐸𑐨𑐵𑐬𑑀𑑍𑐰𑐵𑐨𑐵𑐬𑑀𑑍𑐧𑐳𑐸𑐬𑐵𑐖𑐨𑐵𑐬𑑀𑑍𑐎𑐣𑐎𑐨𑐵𑐬𑑀𑐦𑑂𑐫𑐵
58188c61,𑐎𑑄𑐰𑐸𑐎𑐬𑐷𑐰𑐖𑑍𑐩𑐵𑐢𑐰𑑄𑐬𑐹𑐐𑑂𑐩𑐳𑑄𑐎𑐵𑐱𑑄𑑍𑐥𑑂𑐬𑐨𑐸𑐡𑐾𑐰𑐣𑐩𑑀𑑇𑐳𑑂𑐟𑐸𑐟𑐾𑑋𑑋𑐱𑑂𑐬𑐷𑐱𑑂𑐬𑐷
z4b3caf6,𑐬𑐶𑑍𑐩𑐷𑐣𑐬𑐵𑐱𑐶𑐐𑐟𑐾𑐔𑐣𑑂𑐡𑑂𑐬𑐩𑐳𑐶𑑌𑐟𑐳𑑂𑐩𑐶𑐣𑑂𑐡𑐶𑐣𑐾𑐎𑐶𑐬𑑂𑐟𑑂𑐟𑐶𑐥𑐸𑐬𑐶𑐫𑐵𑐔𑐵𑐦𑐬𑐰𑑄𑐟𑐵
b445d3ac,𑐧𑐸𑐢𑐥𑑂𑐬𑐩𑐸𑐏𑐣𑑍𑐨𑐵𑐬𑑂𑐫𑐵𑐩𑐒𑑂𑐐𑐬𑐵𑐮𑐎𑑂𑐲𑑂𑐩𑐷𑐱𑐵𑐎𑑂𑐫𑐨𑐶𑐎𑑂𑐲𑐸𑐱𑑂𑐬𑐷𑐩𑐣𑐖𑐟𑐶𑑍𑐱𑐵𑐎𑑂𑐫𑐨𑐶
64bccb13,𑐊𑐩𑐟𑐶𑐡𑐫𑐎𑐵𑐖𑐸𑐬𑑀𑐦𑐵𑐮𑑂𑐐𑐸
6dz6536c,𑐱𑑂𑐬𑐷𑑓
f4z98f54,𑐳𑐫𑑄𑐫𑐵𑐖𑐸𑐎𑑂𑐟𑐮𑑄𑐏𑐸𑐩𑐔𑐵𑐮𑐳𑐩𑐡𑐸𑑋𑑋
7d7f9c26,𑐟𑑂𑐬𑐔𑐟𑐸𑐬𑐬𑑀𑐥𑐞𑐶𑐬𑑀𑐰𑐥𑐶𑑔𑐠𑑂𑐰𑐟𑐾𑐧𑐸𑐴𑐣𑐾𑐫𑐵𑐟𑐳𑐔𑐵𑐫𑐵𑐌𑐟𑐒𑐡𑐸𑐣𑑂𑐟𑐵𑐖𑐸𑐬𑑀𑑋𑐨𑐹𑐫
74z9046f,𑐳𑑄𑐐𑐟𑑅𑐎𑑂𑐲𑑂𑐩𑐵𑐨𑐺𑐟𑐵𑑄𑐥𑐡𑐔𑑂𑐫𑐹𑐟𑐩𑐴𑐷𑐥𑐟𑐶𑐳𑑂𑐰𑐥𑐡𑐬𑐎𑑂𑐲𑐞𑐾𑐥𑐞𑑂𑐜𑐶𑐟𑑅𑐥𑐸𑐬𑐣𑑂𑐡𑐬𑐣𑐾𑐱𑑂𑐰𑐬𑑀𑐖𑐫𑐟𑐶𑐰𑐶𑐥𑑂𑐬𑐎𑐮𑑂𑐥𑐡𑑂𑐬𑐸𑐩𑑅
5ab52b39,𑐨𑑂𑐬𑐵𑐟𑑂𑐟𑐾𑐰𑐶𑐱𑑂𑐰𑐳𑐶𑑄𑐴𑐨𑐵𑐬𑑀𑐎𑐣𑐾𑐲𑑂𑐛𑐨𑑂𑐬𑐵𑐟𑑂𑐟𑐾𑐣𑐬𑐳𑐶𑑄𑐴𑐨𑐵𑐬𑑀𑐠𑑂𑐰𑐟𑐾𑐳𑑂𑐫𑐣𑐔𑐶𑐣𑑂𑐟𑐵𑐫𑐵𑐔𑐎𑑄𑐠𑑂𑐰𑐡𑐾𑐰𑐮𑐡𑐫𑐎𑐧𑐶𑐖𑑂𑐫𑐵𑐎𑐖𑐸𑐬𑑀𑑌𑐱𑐸𑐩
7273z088,𑐠𑑄𑐴𑐬𑐫𑐾𑐳𑐸𑐰𑐵𑐳𑐶𑐟𑐟𑐬𑐹𑑄𑐐𑑀𑐥𑐵𑐮𑐡𑐵
3544c6d2,𑐎𑑂𑐟𑑍𑐧𑐞𑑂𑐜𑐾𑑍𑐖𑑄𑐩𑑂𑐧𑐸𑑍𑐡𑐷𑐥𑐾𑑍𑐴𑐾𑐩𑐸𑐥𑐵𑐡𑐾𑑍𑐧𑐵𑐳𑐸𑐎𑐶𑐎𑑂𑐲𑐟𑑂𑐬𑐾𑑍𑐴𑐾𑐩𑐵𑐮𑐫𑐵𑑍𑐡𑐎𑑂𑐲𑐶𑐣
2d77d80a,𑐥𑐸𑐣𑐬𑐎𑑂𑐲𑐩𑐶𑐟𑑂𑐫𑐵𑐟𑐶𑐨𑐵𑐫𑐸𑐟𑐷𑐬𑐕𑐶𑐢𑐮𑐷𑐔𑐟𑐸𑐫𑐰𑐵𑐮𑐫𑐟𑑂𑐬𑐷𑐎𑑂𑐲𑐣𑐳𑑂𑐰𑐮𑐷𑐟𑐵𑐮𑐵𑐡𑐸
c073204z,𑐎𑑄𑐣𑐶𑐧𑐾𑐡𑐣𑐫𑐵𑐒𑐵𑐖𑐸𑐬
88c62bf9,𑐴𑐵𑐢𑐬𑑂𑐩𑐔𑐶𑐟𑐡𑐸𑐏𑐩𑐵𑐣𑐖𑐸𑐫𑐵𑐌𑐖𑐶𑐬𑑂𑐣𑐄𑐡𑑂𑐢𑐵𑐮𑐥𑑂𑐬𑐟𑐶𑐳𑑂𑐠𑐵𑐫𑐵
aca5d9fc,𑐱𑑂𑐬𑐷𑑕𑐩𑐴𑐵𑐬𑐵𑐖𑐵𑐬𑐵𑐖𑐬𑐵𑐖𑐾𑐣𑑂𑐡𑑂𑐬𑐧𑐶𑐎𑑂𑐬𑐩𑐳𑐵𑐴𑐡𑐾𑐰𑐳𑑂𑐫𑐧𑐶𑐖𑐫𑐾𑐬𑐵𑐖𑑂𑐫𑑌
5db50302,𑐥𑐶𑐎𑐮𑑂𑐫𑐣𑐵𑐟𑑂𑐬𑐫𑑄𑑋𑐊𑐰𑑄𑐬𑐸𑐥𑑀𑐴𑐰𑑄𑐳𑐬𑑂𑐰𑑂𑐰𑑍𑐎𑐮𑑂𑐫𑐣𑐵𑐨𑐵𑐰𑐩𑐵𑐟𑑂𑐬𑐎𑑄𑑋𑑋𑐱𑐩𑑂𑐟𑑂𑐬𑐱𑐵𑐩𑑂𑐟𑑂𑐬𑐳𑑄𑐐𑐷𑐟𑐵
87f5b9d5,𑐟𑐺𑐟𑐷𑐫𑐵𑐣𑑂𑐟𑐶𑐠𑑁𑐧𑐺𑐴𑐳𑑂𑐥𑐟𑐶𑐰𑐵𑐬𑐠𑑂𑐰𑐟𑐾
d323z13c,𑐞𑐶𑐐𑑂𑐮𑐵𑐢𑐶𑐥𑐟𑐶𑑍𑐣𑐾𑐥𑐵𑐮𑐾𑐱𑑂𑐰𑐬𑑍𑐳𑐎𑐮𑐬𑐵𑐖𑐵𑐖𑐾𑐱𑑂𑐰𑐬𑐩𑐵𑐣𑐩𑐵𑐣𑑀𑐣𑑂𑐣𑐟𑑍𑐩𑐴𑐵𑐬𑐵𑐖𑐵𑐢𑐶𑐬𑐵𑐖𑑍𑐱𑑂𑐬𑐷𑐱𑑂𑐬𑐷𑐖𑐫𑐰𑐶𑐲𑑂𑐞𑐸𑐩𑐮𑑂𑐮𑐡𑐾𑐰𑐥𑑂𑐬𑐨𑐸𑐠𑐵𑐎𑐸𑐬
7df43566,𑐟𑐶𑐧𑐸𑐫𑐵𑐰𑐬𑐳𑐵𑐣𑐣𑑍𑐣𑐶𑐟𑑂𑐫𑐀𑐳𑑂𑐟𑐵𑑑𑐔𑐾𑐎𑐟𑐳𑑂𑐫𑑄𑐩𑐟𑐕𑑀𑐫𑐎𑐾𑐩𑐵𑐮𑑍𑐂𑐣𑑂𑐡𑑂𑐬𑐖𑐵𑐟𑑂𑐬𑐵𑐫𑐵𑐥𑐹𑐬𑑂𑐞𑑂𑐞𑐩𑐵
9bb618d1,𑐱𑑂𑐬𑐷𑐖𑐫𑐖𑐐𑑂𑐟𑐥𑑂𑐬𑐎𑐵𑐳𑐩𑐮𑑂𑐮𑐡𑐾𑐰𑐥𑑂𑐬𑐨𑐸𑐛𑐵
ff9672zz,𑐎𑐬𑑂𑐲𑑓𑐣𑐶𑐩𑐾𑐡𑐶𑐧𑐸𑐮𑑀𑑑𑐠𑑂𑐰𑐟𑐾𑐫𑐵𑐧𑐮𑐳𑐵𑐣𑐣𑐴𑑄𑐣𑐎𑐵𑐬𑑂𑐟𑑂𑐟𑐶𑐎𑐣
d57df326,𑐦𑑂𑐫𑐵𑐒𑐳𑐸𑐣𑐵𑐣𑑄𑐎𑐵𑐳𑐾𑐳𑐣𑐳𑐵𑑍𑐠𑑂𑐰𑐰𑐶𑐴𑐵𑐬𑑍𑐢𑑂𑐰𑑄𑐳𑐣𑐵𑐫𑐵𑐒𑐵𑐥𑑂𑐬𑐵𑐔𑐶𑐟𑑍𑐥𑑄𑐔𑐩𑐴𑐵
28b95ba1,𑐥𑐹𑐬𑑂𑐞𑑂𑐞𑐩𑐵𑐳𑑂𑐫𑐵𑐫𑐵𑐟𑐶𑐠𑑁𑐥𑐸𑐲𑑂𑐫𑐣𑐎𑑂𑐲𑐾𑐟𑑂𑐬𑐁𑐫𑐹𑐲𑐩𑐵
cac7d0z3,𑐨𑐎𑑂𑐟𑐶𑐖𑐣𑐰𑐶𑐥𑑂𑐬𑐱𑑂𑐬𑐷𑐰𑐶𑐩𑐬𑐵𑐖𑐡𑐾𑐰𑐫𑐖𑐩𑐵𑐣𑑍𑐖𑐏𑐬𑐵𑐖𑐨𑐵𑐬𑑀𑑍𑐳𑑂𑐰
4z621f2d,𑐡𑐩𑐞𑑂𑐜𑐮𑐧𑐖𑑂𑐬𑐢𑐵𑐟𑐸𑐳𑐬𑑂𑐧𑑂𑐧𑐵𑐣𑐣𑑂𑐡𑐿𑐎𑐬𑐸𑐥𑑄𑐳𑐴𑐖
6bac2792,𑐴𑐣𑐡𑐸𑐣𑑂𑐟𑐵𑐖𑐸𑐬𑑀𑑍𑐱𑐸𑐨𑑄𑑌𑑌
0dbbab04,𑐰𑐵𑐳𑑁𑐨𑐰𑐵𑐧𑑂𑐢𑐾𑑅𑑌𑐣𑐾𑐥𑐵𑐮𑐾𑐰𑐟𑑂𑐳𑐸𑐬𑐾𑐳𑑂𑐩𑐶𑐣𑐣𑐫𑐣𑐱𑐬𑐐𑐖𑐬𑑄𑐎𑐶𑐟𑐾𑐖𑑂𑐫𑐾𑐲𑑂𑐛𑐩𑐵𑐳𑐾𑑍𑐥𑑄𑐔𑐩𑑂𑐫𑐵𑑄𑐱𑐸𑐎𑑂𑐮𑐥𑐎𑑂𑐲𑐾𑑍𑐳𑐸𑐬𑐐𑐞𑐐𑐸𑐬𑐸𑐨𑐾𑐰𑐺𑐡𑑂𑐢𑐶𑐫𑑀𑐐𑐾𑑇𑐣𑑂𑐴𑐶𑐳𑑁𑐩𑑂𑐫𑐾
b825cfad,𑐫𑐸𑐐𑐵𑐡𑐶𑐣𑑁𑐩𑐶𑐱𑐸𑐎𑑂𑐮𑐰𑐵𑐬𑐩𑐸𑐳𑑄𑐧𑐵𑐴𑐵
fcd5d897,𑐡𑐶𑐣𑐾𑐮𑑀𑐎𑐣𑐵𑐠𑐾𑐏𑐬𑐵𑐐𑑂𑐬𑐿𑑌𑐫𑐵𑐱𑑂𑐬𑐷
056c01cb,𑐡𑐩𑐞𑑂𑐜𑐮𑐧𑐖𑑂𑐬𑐢𑐵𑐟𑐸𑐳𑐬𑑂𑐧𑑂𑐧𑐵𑐣𑐣𑑂𑐡𑐿𑐎𑐬𑐸𑐥𑑄𑐳𑐴𑐖
ab1a666b,𑐥𑐾𑑍𑐨𑐬𑐟𑐏𑐞𑑂𑐜𑐾𑑍𑐨𑐬𑐟𑐰𑐬𑑂𑐲𑑂𑐚𑐁𑐫𑑂𑐫𑐵𑐰𑐰𑐟𑑂𑐟𑐡𑐾𑐱𑐾𑑍𑐴𑐾𑐩𑐰𑑍𑐡𑑂𑐡𑐎𑑂𑐲𑐶𑐞𑐥𑐵𑐡𑐾𑑍𑐣𑐾𑐥𑐵𑐬𑐩
30zd53a6,𑐰𑐱𑐵𑐎𑑂𑐫𑐱𑐵𑐎𑑂𑐫𑐨𑐶𑐎𑑂𑐲𑐸𑐱𑑂𑐬𑐷𑐖𑐸𑐐𑐶𑐡𑐾𑐰𑐠𑐸𑐟𑐶𑐢𑐬𑑂𑐩𑐐𑑀𑐲𑑂𑐛𑐶𑐳𑐩𑐹𑐔𑐫𑐳𑑄𑐨𑐵𑐲𑐣
5996baca,𑐟𑐶𑐠𑑁𑐳𑑀𑐩𑐡𑐶𑐣𑐥𑑂𑐬𑐟𑐶𑐳𑑂𑐛𑐵𑑄𑐳𑐰𑐎𑐵𑐬𑐴𑑌𑑌𑐀𑐠𑐣𑐾𑐥𑐵𑐮𑐨𑐵𑐏𑐵𑑌
ad1dc68c,𑐡𑐩𑐞𑑂𑐜𑐮𑐧𑐖𑑂𑐬𑐢𑐵𑐟𑐸𑐳𑐬𑑂𑐧𑑂𑐧𑐵𑐣𑐣𑑂𑐡𑐿𑐎𑐬𑐸𑐥𑑄𑐳𑐴𑐖
fb4a7zzb,𑐠𑐰𑐳𑑂𑐟𑑂𑐬𑐷𑐖𑑀𑐐𑐩𑐟𑐶𑐣𑑄𑑍𑐎𑐮𑐱𑐸𑐧𑐸𑐬𑑀𑑔𑐡𑐸𑐟𑐵𑑋𑑋𑐡𑐾𑐰𑐳𑑂𑐎𑐾𑑍𑐣𑐶𑐟𑑂𑐫𑐥𑐸𑐖𑐵𑐫𑐎𑐵𑑍𑐰𑑂𑐬𑐵𑐩𑑂𑐴𑐣𑑍𑐁𑐔𑐵
2180d189,𑐎𑐸𑐬𑐫𑐵𑐔𑐬𑐞𑐬𑐰𑐶𑐣𑑂𑐡𑐥𑐹𑐖𑐵𑐫𑐵𑐎𑑌𑑌𑐨𑐵𑐲𑐵𑐧𑐸𑐬𑑀𑐰𑑙𑐟𑐾𑐐𑐵𑑄𑐰𑐸𑐬𑑀𑐏𑑀𑑄𑐣𑐵𑐐𑐬𑐶𑐠𑑂𑐰𑑀
b9f34b2b,𑐧𑐸𑐢𑐥𑑂𑐬𑐩𑐸𑐏𑐣𑑍𑐨𑐵𑐬𑑂𑐫𑐵𑐩𑐒𑑂𑐐𑐬𑐵𑐮𑐎𑑂𑐲𑑂𑐩𑐷𑐱𑐵𑐎𑑂𑐫𑐨𑐶𑐎𑑂𑐲𑐸𑐱𑑂𑐬𑐷𑐩𑐣𑐖𑐟𑐶𑑍𑐱𑐵𑐎𑑂𑐫𑐨𑐶
b0bcca04,𑐠𑐰𑐰𑑀𑐡𑐖𑐣𑐡𑐎𑑀𑐰𑑀𑐒𑐵𑐰𑐫𑐵𑐒𑐵𑐠𑑂𑐰𑐟𑐾
acdb766c,𑐮𑐢𑐬𑑂𑐩𑑂𑐩𑐔𑐎𑑂𑐬𑐧𑐵𑐴𑐵𑐫𑐵𑐱𑑂𑐬𑐷𑐧𑐖𑐵𑐔𑐵𑐬𑑂𑐫𑑂𑐫
a8514727,𑐎𑐩𑐮𑐾𑐱𑑂𑐰𑐬𑑍𑐩𑐵𑐟𑐵𑐢𑐣𑐩𑐶𑐟𑐨𑐵𑐨𑐺𑐔𑐶𑐎𑐶𑐢𑐶𑐥𑐸𑐳𑐸𑐏𑑄𑐳𑐬𑑂𑐧𑑂𑐧𑐳𑐟𑑂‍𑐰𑐄𑐡𑑂𑐢𑐵𑐮𑐖𑐸𑐌𑐖𑐸
38d1624z,𑐱𑑂𑐬𑐾𑐫𑑀𑐳𑑂𑐟𑐸𑐳𑐩𑑂𑐰𑐟𑑂𑑗𑑖𑑘𑐦𑐵𑐮𑑂𑐐𑐸𑐞𑐱𑐸𑐎𑑂𑐮𑑌𑐬𑑀𑐴𑐶𑐞𑐷𑐣𑐎𑑂𑐲𑐟𑑂𑐬𑐾𑐰𑐶𑐲𑑂𑐎𑐩𑑂𑐨𑐫𑑀𑐐𑐾𑐱𑐸𑐎
9d932aa4,𑐢𑐣𑐥𑑂𑐬𑐟𑐶𑐡𑐾𑐰𑑋𑑋𑐖𑐫𑐮𑐎𑑂𑐲𑑂𑐩𑐷𑑋𑑋𑐢𑐣𑐡𑐟𑑂𑐟𑐳𑐶𑑄𑑋𑑋𑐖𑑀𑐐𑐩𑐟𑐶𑑋𑑋𑐳𑐸𑐬𑑂𑐫𑑂𑐫𑐢𑐬𑑋𑑋𑐀𑐩𑐺𑐟𑐢𑐬𑑋𑑋
01z143fc,𑐥𑐥𑑂𑐬𑐖𑑂𑐰𑐵𑐬𑐶𑐟𑐫𑐵𑐒𑐵𑐡𑐬𑑂𑐱𑐣𑐢𑐵𑐬𑐷𑐡𑐵
3bcf6af6,𑐖𑑂𑐘𑐵𑐟𑐫𑐵𑐮𑐶𑐱𑐶𑐟𑑅𑐄𑐟𑑂𑐥𑐵𑐡𑐰𑑂𑐫𑐫𑐰𑐬𑑂𑐖𑐶𑐟𑑀𑐎𑑂𑐲𑐫𑐳𑐸𑐏𑑀𑐴𑐵𑐳𑑂𑐫𑑂‌𑐫𑐡𑐶𑐳𑑀𑐏𑑂𑐫𑐵𑐣𑑂𑐰𑐶𑐟𑑅𑐮𑑀𑐎𑐵𑐣𑐵𑑄
d66af948,𑐳𑑂𑐧𑑄𑐟𑑂𑑘𑑓𑑒𑐔𑐿𑐟𑑂𑐬𑐾𑐩𑐵𑐳𑐾𑐎𑐺𑐲𑑂𑐞𑐥𑐎𑑂𑐲𑑌𑐡𑑂𑐰𑐡𑐱𑑂𑐫𑐵𑑄𑐣𑑂𑐟𑐶𑐠𑑁𑑌𑐄𑐟𑑂𑐬𑐨𑐡𑑂𑐬𑐣𑐎𑑂𑐲𑐾𑐟𑑂𑐬𑐿𑑌𑐧𑐶𑐳
68795012,𑐟𑑂𑐫𑑄𑐡𑐫𑐎𑐵𑐱𑐸𑐨𑑅𑑋𑑋
58azf57d,𑐳𑐡𑐵𑐨𑐎𑑂𑐟𑐶𑐣𑑁𑐣𑐶𑐥𑑂𑐬𑐥𑐺𑐖𑑂𑐫𑑄𑑌𑐩𑐞𑐷𑐳𑐶𑑄
aa0cb896,𑐠𑑄𑐴𑐬𑐫𑐾𑐳𑐸𑐰𑐵𑐳𑐶𑐟𑐟𑐬𑐹𑑄𑐐𑑀𑐥𑐵𑐮𑐡𑐵
a1d809z3,𑐠𑑂𑐰𑐟𑐾𑑘𑐩𑑂𑐴𑐳𑐩𑐸𑐬𑑂𑐔𑐫𑐣𑐱𑑂𑐬𑐷𑑓𑐳𑐶𑐡𑑂𑐢𑐶
zaz1ca40,𑐠𑐎𑐸𑑄𑐩𑐣𑐸𑐎𑑂𑐬𑐩𑐵𑐟𑑂𑐊𑐟𑐾𑐲
zz0a915c,𑐏𑐞𑑂𑐜𑐾𑐨𑐵𑐬𑐟𑐧𑐬𑑂𑐲𑑌𑐴𑐶𑐩𑐧𑐚𑑂𑐚𑐎𑑂𑐲𑐶𑐱𑐥𑐵𑐡𑐾𑐣𑐾𑐥𑐵𑐮𑐩𑐞𑑂𑐜𑐮𑐾𑐱𑑂𑐬𑐷𑑓𑐥𑐱𑐸𑐥𑐟𑐶
8b228f26,𑐩𑐣𑑂𑐰𑐎𑐬𑐾𑐀𑐲𑑂𑐚𑐵𑐰𑐶𑐱𑐟𑐶𑐟𑐩𑐾𑐔𑐟𑐸𑐫𑐸𑐐𑐳𑑂𑐫𑐎𑐬𑐾𑐥𑑂𑐬𑐠𑐩𑐥𑐵𑐡𑐾𑐖𑐩𑑂𑐧𑐸𑐡𑑂𑐢𑐶
a1751349,𑐨𑐵𑐡𑑂𑐬𑐱𑐸𑐎𑑂𑐬𑐡𑐳𑐩𑐶𑐫𑑄𑐧𑐵𑐠𑐣𑐵𑐨𑐵𑐡𑑂𑐬𑐎𑐺𑐳𑑂𑐣𑐥𑑄
zdcfd028,𑐬𑐵𑐩𑑍𑐩𑐵𑐢𑐰𑐬𑐵𑐩𑑍𑐢𑑄𑐖𑐹𑐬𑐵𑐩𑐨𑐵𑐮𑑀𑐠𑑂𑐰𑐟𑐾𑐳𑐩𑐸𑐔𑑂𑐔𑐫𑐣𑐟
976ba88z,𑐢𑐵𑐬𑐾𑐳𑐶𑐎𑑀𑐬𑐫𑐣𑑂𑐟𑐵𑐐𑑂𑐬𑐴𑐢𑐣𑐳𑐶𑑄𑐴𑐩𑐸𑐬𑐳𑐶
31b17a50,𑐣𑐖𑑀𑐖𑐩𑐵𑐣𑐳𑐐𑐣𑐵𑐣𑐵𑑄𑑍𑐁𑐫𑐸𑐁𑐬𑑀𑐐𑐾𑑍𑐖𑐣𑐢𑐣𑐳𑑄𑐟𑐵𑐣𑐮𑐎𑑂𑐲𑑂𑐩𑐷𑐰𑐺
cc44ff4d,𑐰𑐵𑐳𑐶𑑄𑐴𑐨𑐵𑐬𑑀𑐴𑐬𑐶𑐎𑐺𑐲𑑂𑐞𑐨𑐵𑐬𑑀𑐡𑑄𑐖𑑂𑐥𑐵𑐞𑐶𑐨𑐵𑐬𑑀𑐳𑐶𑐡𑑂𑐢𑐶𑐬𑐵𑐖𑐨𑐵𑐬𑑀𑐠𑑂𑐰𑐟𑐳𑑂𑐟𑑄𑐠𑑂𑐰𑐔𑐵𑐳𑑂𑐫𑑄𑐟𑐎𑑀𑐰𑐬𑑂𑐲𑐥𑑂𑐬𑐟𑐶𑐀𑐰𑐶𑐕𑐶
4b61f778,𑐳𑑄𑐩𑑂𑐰𑐟𑑂𑐬𑑙𑑑𑑙𑐳𑐡𑐫𑐎𑐵𑐖𑐸𑐬𑑀𑑌𑐩𑑂𑐟𑐶𑐔𑐐𑐸𑐬𑐵𑐠𑑂𑐰𑑑𑑓𑐳𑐥𑐬𑐶𑐠𑐵𑐡𑐶𑑄
2cc70525,𑐣𑑂𑐟𑐵𑑍𑐬𑐵𑐩𑐨𑐡𑑂𑐬𑐨𑐵𑐬𑑀𑐳𑐡𑐵𑐡𑐾𑐰𑐨𑐵𑐬𑑀𑐮
055baz63,𑐳𑑂𑐫𑐊𑐬𑐵𑐖𑑂𑐫𑐾𑑌𑐡𑐵𑐣𑐥𑐟𑐶𑐟𑐩𑐎𑐵𑐬𑐐𑑂𑐰𑐩𑑂𑐧𑐸𑐨𑐵𑐬𑑀𑐥𑑂𑐬𑐩𑐸𑐲𑑄𑐣𑐣𑐬𑐳𑐶𑐡𑐾𑐰𑐨𑐵𑐬𑑀𑐥𑐡𑑂𑐩𑐨𑐵𑐬𑑀𑐖𑐳𑐶
7ddz4a9z,𑐥𑐱𑐸𑐥𑐟𑐶𑐔𑐬𑐞𑐎𑐩𑐬𑐥𑐬𑐶
a5ab76z7,𑐳𑐩𑑂𑐰𑐟𑑂𑑘𑑒𑑙𑐦𑐵𑐮𑑂𑐐𑐸𑐞𑐱𑐸𑐎𑑂𑐮𑐣𑐰𑐩𑐷𑐬𑑀𑐴𑐶𑐞𑐷𑐣𑐎𑑂𑐲𑐟𑑂𑐬𑐾𑐧𑐢𑐺𑐟𑐶𑐫𑐬𑐰𑐶𑐲𑑂𑐎𑑄𑐨
0c6540d8,𑐕𑐥𑐬𑑂𑐧𑑂𑐧𑐟𑐫𑐵𑐧𑐵𑐮𑐳𑑚𑐔𑐿𑐟𑑂𑐫𑐡𑐫𑐎𑐵𑐟𑐫𑐵𑐖𑐸𑐮𑑌𑐠𑐸𑐐𑐸𑐥𑐸𑐞𑐾𑐣𑐡𑐶𑐧𑑄𑐐𑐟𑐥𑐶𑐟𑐵
d2z9z257,𑐳𑐣𑐱𑑄𑐏𑐩𑐹𑐮𑐳𑐢𑐵𑐟𑐢𑐬𑑂𑐩𑑂𑐩𑐳𑐵𑐬𑐵𑐡𑐫𑐎𑑄𑑍𑐀𑐴𑑀𑐬𑐵𑐟𑑂𑐬𑐫𑐖𑑂𑐘𑐫𑐵𑐒𑑍𑐱𑑂𑐬𑐷𑑓𑐡𑐵𑐩𑑀𑐡𑐬𑐡𑐾𑐰𑐥𑑂𑐬𑐟𑐶𑐲𑑂𑐛𑐵𑐫𑐵𑐒𑐵𑐡𑐶𑐣𑐖𑐸𑐬𑑀𑑌𑐠𑑂𑐰𑐫𑐵𑐟𑐥𑑂𑐬𑐟𑑂𑐫𑐵𑐫𑐡𑐸𑐣𑑂𑐟𑐵
df03a3bc,𑐳𑑂𑐟𑐡𑐎𑑂𑐲𑐶𑐞𑐵𑑍𑐡𑑄𑑒𑐥𑐸𑐖𑐵𑐧𑐵𑐮𑐶𑐫𑐟𑐵𑑍𑐡𑐎𑑂𑐲𑐶𑐞𑐵𑑍𑐧𑐶𑐫𑑍𑐠𑑂𑐰𑐟𑐾𑐔𑑀𑐳𑑂𑐫𑐟𑐎𑑀𑑍𑐐𑐸𑐠𑐶
3d2abzf9,𑐳𑐶𑐡𑑂𑐢𑐶𑐫𑑀𑐐𑐾𑑌𑐱𑐸𑐎𑑂𑐬𑐰𑐵𑐬𑑌𑐠𑑂𑐰𑐎𑐸𑐣𑑂𑐴𑐸𑐱𑑂𑐬𑐷𑐩𑐟𑑂𑐱𑑂𑐬𑐷𑐱𑑂𑐬𑐷𑐎𑑂𑐰𑐵𑐠𑐨𑑀𑑄𑐟𑐎𑑂𑐰𑐵𑐔𑐥𑐵𑐬𑐨𑐚𑑂𑐚𑐵𑐬
d706d290,𑐣𑐾𑐴𑑂𑐩𑐵𑐳𑑂𑐟𑐵𑐥𑐵𑐔𑐵𑐫𑐵𑐟𑐔𑐾𑐎𑐣𑐀𑐳𑑂𑐟𑐵𑑒𑐩𑐟𑐵𑐰𑑂𑐰𑐵𑐟𑑕𑑋𑑋𑐱𑑂𑐬𑐷𑐥𑐘𑑂𑐔𑐩𑐶
3a69b2db,𑐱𑐵𑐎𑑂𑐫𑐨𑐶𑐎𑑂𑐲𑐸𑐱𑑂𑐬𑐷𑐡𑐾𑐰𑐔𑑄𑐡𑑂𑐬𑑍𑐱𑐵𑐎𑑂𑐫𑐨𑐶𑐎𑑂𑐲𑐸𑐱𑑂𑐬𑐷𑐢𑐣𑑍𑐱𑐵𑐎𑑂𑐫𑐨𑐶𑐎𑑂𑐲𑐸𑐱𑑂𑐬𑐷𑐐𑑂𑐫𑐵𑐣
30zdd20b,𑐣𑐺𑐳𑐶𑑄𑐴𑐩𑐮𑑂𑐮𑐣𑐺𑐥𑐟𑐶𑑅𑐎𑐮𑑂𑐥𑐡𑑂𑐬𑐸𑐎𑐮𑑂𑐥𑑅𑐎𑑂𑐲𑐩𑐷𑐐𑑀𑐰𑐵𑐮𑑄𑐑𑑂𑐬𑐶𑐳𑐬𑑀𑐖𑐢𑐹𑐮𑐶𑐢𑐹𑐳𑐬𑐱𑐶𑐮𑐵𑐫𑐸𑐡𑑂𑐢𑐾𑐲𑐸𑐫𑑀𑐢𑐵
2570z1a2,𑐥𑐡𑐵𑐬𑐰𑐶𑐣𑑂𑐡𑐫𑐸𑐐𑐮𑐾𑐨𑐺𑐒𑑂𑐐𑐵𑐫𑐟𑐾𑐫𑐣𑑂𑐩𑐣𑑅𑑋𑐰𑐵𑐐𑑂𑐩𑐟𑑂𑐫𑐵𑐳𑑂𑐟𑑂𑐬𑐶𑐥𑐸𑐬𑐵𑐣𑑂𑐟𑐎𑐳𑑂𑐫𑐔𑐴𑐬𑐾𑐬𑑂𑐢𑑂𑐫𑐵𑐣𑐵𑐣𑐸𑐬𑐎𑑂𑐟𑑅𑐳𑐡𑐵𑑍𑐳𑑀𑐫𑐱𑑂𑐬𑐷𑐮𑐮𑐶𑐟𑐵𑐥𑐸𑐬𑐾𑐣𑐺𑐥𑐩𑐞𑐶𑑅
f41596c8,𑐳𑑂𑐟𑐡𑐎𑑂𑐲𑐶𑐞𑐵𑑍𑐡𑑄𑑒𑐥𑐸𑐖𑐵𑐧𑐵𑐮𑐶𑐫𑐟𑐵𑑍𑐡𑐎𑑂𑐲𑐶𑐞𑐵𑑍𑐧𑐶𑐫𑑍𑐠𑑂𑐰𑐟𑐾𑐔𑑀𑐳𑑂𑐫𑐟𑐎𑑀𑑍𑐐𑐸𑐠𑐶
60a0c5cc,𑐟𑐵𑐫𑐵𑑅𑐡𑐶𑐣𑐳𑑅𑐱𑑂𑐬𑐷𑑓𑐁𑐬𑑂𑐖𑑂𑐫𑐵𑐰𑐬𑑀𑐎𑐶𑐟𑐾𑐳𑑂𑐰𑐬𑐖𑐩𑐬𑐾𑐳𑑂𑐰𑐬𑐫𑐵𑐰𑐶
ba76dc6f,𑐫𑐵𑐥𑐵𑐴𑐵𑐳𑐶𑑄𑐨𑐵𑐬𑑀𑐠𑑂𑐰𑐟𑐾𑐒𑐵𑐩𑑂𑐴𑐵𑑕𑐳𑐩𑐸𑐔𑐫𑐣𑐔𑐵𑐠𑑂𑐰𑐮𑐖𑐐
25dc460f,𑐱𑐢𑑂𑐰𑐖𑐵𑐰𑐬𑑀𑐴𑐣𑐫𑐵𑐒𑐣𑐥𑑂𑐬𑐟𑐶𑐲𑑂𑐛𑐵𑐫𑐵𑐒𑐵𑐡𑐶𑐣𑐖𑐸𑐬𑑀𑑌𑐱𑐸𑐨𑐩𑐳𑑂𑐟𑐸𑑌𑐳𑐬𑑂𑐰𑑂𑐰𑐡𑐵𑑌
cda85428,𑐠𑐎𑐸𑑄𑐩𑐣𑐸𑐎𑑂𑐬𑐩𑐵𑐟𑑂𑐊𑐟𑐾𑐲
82d7960d,𑐎𑐺𑐲𑑂𑐞𑐡𑑂𑐰𑐶𑐟𑐷𑐫𑐵𑐴𑐳𑑂𑐟𑐵𑐣𑐎𑑂𑐲𑐾𑐟𑑂𑐬𑑍𑐱𑐸𑐨𑐫𑑀𑐐𑐰𑐸𑐢𑐰𑐵𑐬𑐎𑐸𑐣𑑂𑐴𑐸𑐱𑑂𑐬𑐷𑐱𑑂𑐬𑐷𑐱𑑂𑐬𑐷𑐂𑐲𑑂𑐚𑐡𑐾𑐰𑐟𑐵𑐥𑑂𑐬𑐷𑐟𑐶
dc343154,𑐱𑐶𑐐𑐟𑐾𑐔𑐣𑑂𑐡𑑂𑐬𑐩𑐱𑐶𑑋𑑋𑐱𑐸𑐨𑐩𑐳𑑂𑐟𑐸𑐳𑐬𑑂𑐰𑑂𑐰𑐡𑐵𑐱𑐸𑐨𑑋𑑋
f93689a2,𑐳𑐰𑐶𑐔𑐵𑐮𑐫𑐵𑐫𑐟𑐵𑑍𑐩𑐢𑑄𑐡𑐵𑐣𑐵𑐫𑐎𑑍𑐠𑐎𑐸𑑄𑐩𑐫𑐷𑑍𑐢𑐣𑐩𑐫𑐷𑑍𑐡𑐾𑐰𑐮𑐎𑑂𑐲𑑂𑐩𑐷
dz1d6172,𑐞𑑀𑐡𑑂𑐰𑐶𑐟𑐷𑐫𑐥𑐬𑐵𑐬𑑂𑐡𑑂𑐰𑐟𑑂𑐫𑐵𑐡𑐶𑑋𑑋𑐀𑐡𑑂𑐫𑐖𑑂𑐫𑐾𑐲𑑂𑐛𑐩𑐵𑐳𑐾𑐎𑐺𑐲𑑂𑐞𑐥𑐎𑑂𑐲𑐾𑐣𑐰𑐩𑐷𑐥
2016288z,𑐰𑐶𑐢𑑂𑐣𑐑𑐳𑑂𑐟𑐸𑑋𑑋𑐱𑑂𑐬𑐷𑐔𑐞𑑂𑐜𑐶𑐎𑐵𑐥𑑂𑐬𑐶𑐟𑐶𑐎𑐺𑐟𑐬𑑂𑐳𑑂𑐫𑐫
66dc9065,𑐳𑐩𑑂𑐰𑐟𑑂𑑗𑑕𑑗𑐩𑐵𑐑𑐩𑐵𑐳𑐎𑐺𑐲𑑂𑐞𑐥𑐎𑑂𑐲
03757bb8,𑐧𑐶𑐟𑐿𑑅𑐨𑐹𑐐𑐞𑐷𑐫𑑅𑑌𑑉𑐀𑐡𑑂𑐫𑐧𑑂𑐬𑐩𑑂𑐴𑐞𑑀𑐡𑑂𑐰𑐶𑐟𑐷𑐫𑐥𑐬𑐵𑐡𑑂𑐫𑐾𑐱𑐾𑐨𑐧𑐵𑐣𑐵𑐴𑐵𑐎𑐮𑑂𑐥𑐾𑐧𑑂𑐬𑐿
98z08czd,𑐰𑐮𑑂𑐮𑐶𑑅𑐥𑑂𑐬𑐟𑐵𑐥𑑀𑐖𑑂𑐰𑐮𑑅𑑌𑐟𑐳𑑂𑐫𑐵𑐟𑑂𑐩𑐖𑑀𑐨𑐹𑐩𑐶𑐢𑐬𑐾𑐱𑐎𑐣𑑂𑐫𑐵𑐥𑐵𑐡𑐵𑐩𑑂𑐰𑐸𑐖𑐵𑐱𑐎𑑂𑐟𑐰𑐶𑐱𑐸𑐡𑑂𑐢𑐔𑐾𑐟𑐵𑑅𑑋𑐮𑐎𑑂𑐲𑑂𑐩𑐷
5bf65989,𑐥𑐱𑑂𑐰𑑍𑐳𑑄𑐑𑑂𑐮𑐥𑑂𑐬𑐰𑐟𑐳𑑂𑐫𑑍𑐳𑐣𑐶𑐡𑑂𑐫𑐾𑑍𑐳𑐩𑐸𑐬𑐵𑐎𑐵𑐬𑑂𑐫𑐩𑐣𑐞𑑂𑐜𑐬𑑂𑐫𑑍𑐄𑐥𑐕𑐡𑑀𑐴
aa41962a,𑐳𑐡𑐵𑐨𑐎𑑂𑐟𑐶𑐣𑑁𑐣𑐶𑐥𑑂𑐬𑐥𑐺𑐖𑑂𑐫𑑄𑑌𑐩𑐞𑐷𑐳𑐶𑑄
ff61ccf5,𑐰𑐺𑐴𑐡𑑂𑐰𑐥𑐶𑐳𑐶𑑄𑐴𑐵𑐳𑐣𑐵𑐨𑑂𑐫𑐵𑑄𑐳𑑂𑐴𑐬𑐣𑑂𑐟𑐷𑑄𑑋𑐳𑐡𑐵𑐡𑐵𑐳𑐶𑐎𑐵𑐨𑑂𑐫𑐵𑐩𑑄𑐩𑐸𑐡𑐵𑐡𑐎𑑂𑐲𑐰𑐵𑐩𑐾𑑍𑐴𑐬𑐥𑑂𑐬𑐾𑐫𑐳𑐷𑑄𑐱𑑂𑐬𑐾𑐫𑐳𑐷𑑄𑐟𑑂𑐟𑑁𑐩𑐶𑐳𑑁
2109z1d7,𑐣𑐶𑐱𑑂𑐔𑐬𑐰𑐵𑐳𑐬𑐾𑑍𑐎𑐸𑐩𑑂𑐨𑐬𑐵𑐱𑐶𑐐𑐟𑐾𑐳𑐰𑐷𑐟𑐬𑐷𑐎𑐬𑑂𑐎𑑂𑐎𑐚𑐬𑐵
z8ffb15a,𑐟𑑄𑐟𑐾𑐟𑑌𑐰𑐣𑑂𑐡𑐾𑐟𑐵𑐬𑑂𑐖𑑂𑐫𑐵𑐳𑐣𑑄𑐡𑐾𑐰𑑄𑑍𑐮𑐎𑑂𑐲𑑂𑐩𑐷𑐣𑐵𑐬𑐵𑐫𑐵𑐞𑑄𑐥𑐸𑐣𑐨𑐰𑐵𑐣𑐶𑐱𑑄𑐎𑐬𑑄𑐔𑐰𑐐𑑀
5cdz6c87,𑐎𑑂𑐟𑐶𑐦𑐮𑐮𑐵𑐫𑐣𑐡𑐕𑐸𑐚𑑀𑐮𑐫𑐵𑐢𑑄𑐖𑐸𑐨𑐵𑐬𑑀𑐚𑑁𑐚𑐶𑐎𑐨𑐵𑐬𑑀𑐀
16a3f020,𑐖𑐔𑐎𑑂𑐬𑐵𑐢𑐶𑐱𑑂𑐰𑐬𑐳𑑂𑐰𑐰𑐶𑐎𑑂𑐬𑐩𑑀𑐥𑐵𑐬𑑂𑐖𑑂𑐖𑐶𑐟𑐐𑐖𑐥𑐟𑐶𑐥𑐡𑐾𑐧𑐶𑐬𑐵𑐖𑐩𑐵𑐣𑐱𑑂𑐬𑐷𑐱𑑂𑐬𑐷𑐖𑐫𑐩𑐴𑐶𑑄𑐡𑑂𑐬𑐳𑐶𑑄𑐴𑐡𑐾𑐰𑐥𑐮𑐩𑐨𑐚𑑂𑐚𑐵𑐬𑐎𑐡𑐾𑐰𑐵𑐣𑐵𑑄𑐳𑐡𑐵𑐳𑐩𑐬
799240b8,𑐟𑐶𑐧𑐵𑐳𑐬𑐾𑑍𑐩𑐾𑐲𑐬𑐵𑐳𑐶𑐐𑐟𑐾𑐳𑐰𑐶𑐟𑐮𑐶𑑍𑐰𑐺𑐲𑐬𑐵𑐳𑐶𑐐𑐟𑐾𑑍𑐔𑐣𑑂𑐡𑑂𑐬𑐩𑐳𑐶𑑌
3dz0z1a8,𑐖𑑂𑐘𑐮𑐫𑐟𑐵𑐕𑐾𑐬𑐵𑐰𑐟𑑍𑐰𑐶𑐟𑐸𑐳𑐶𑐴𑐣𑐳𑑂𑐰𑐴𑐳𑑂𑐟𑐣𑐳𑑂𑐰𑐰𑐶𑐡𑑂𑐫
94202131,𑐬𑐡𑐷𑐣𑑓𑐊𑐣𑑂𑐡𑑂𑐫𑐵𑐟𑐖𑑀𑐬𑐕𑐷𑐎𑐵𑐟𑐷𑐎𑐣
dd6f442f,𑐖𑐳𑐰𑑂𑐖𑐐𑑅𑐥𑑂𑐬𑐟𑐶𑐡𑐶𑑄𑐱𑐳𑑂𑐠𑐶𑐟𑑂𑐰𑐵𑐥𑑂𑐬𑐩𑐟𑑂𑐳𑑂𑐫𑐣𑑂𑐡𑐣𑐾𑑌𑐀𑑄𑐐𑐵𑐣𑐵𑑄𑐥𑑂𑐬𑐨𑐰𑑀𑐟𑐣𑑀𑐟𑐸𑐴𑐶𑐳𑐡𑐵𑐩𑑀𑐡𑑄𑐥𑐬𑑄𑐥𑑂𑐬𑐵𑐞𑐶
94f27825,𑐳𑐟𑐸𑐖𑐷𑐧𑐮𑐵𑐣𑐶𑐠𑐎𑐹𑐥𑐹𑐟𑑂𑐬𑐡𑐾𑐧𑐷𑐢𑑄𑐫𑑀𑐐𑐬𑐵𑐖𑐩𑑀
8d424891,𑐬𑑂𑐡𑑂𑐡𑐞𑑂𑐜𑐰𑐶𑐩𑐸𑐎𑑂𑐟𑐰𑐵𑐞𑐣𑐶𑐎𑐬𑐵𑐎𑑂𑐬𑐵𑐣𑑂𑐟𑑀𑐟𑑂𑐟𑐩𑐵𑐒𑑂𑐐𑑀𑐬𑐶𑐥𑐬𑑂𑐨𑐾𑐖𑐾𑐔𑐵𑐧𑑂𑐢𑐶𑐰𑐣𑐵𑐡𑑂𑐬𑐶𑐐𑐴𑑂𑐰𑐬𑐐𑐸𑐴𑐵𑑄𑐴𑐶𑐟𑑂𑐰𑐵𑐳𑑂𑐰𑐎𑐷𑐫𑐵𑑄𑐥𑐸𑐬𑐷𑑄
c8cbzazc,𑐫𑐖𑐩𑐵𑐣𑐦𑐕𑐶𑐬𑐵𑐩𑐨𑐵𑐬𑑀𑑍𑐴𑐬𑐶𑐣𑐵𑐬𑐵𑐫𑐞𑐨𑐵𑐬𑑀𑑍𑐱𑐶𑐰𑐎𑐺𑐲𑑂𑐞𑐨𑐵𑐬𑑀𑑍𑐳𑑂𑐰𑐩𑑂𑐴𑐳
30z1d365,𑐫𑐩𑑂𑐩𑐵𑑍𑐡𑐟𑑀𑐮𑐷𑐮𑐥𑐸𑐬𑑂𑐰𑑂𑐰𑐵𑐳𑐬𑐳𑑂𑐰𑐟𑑂𑐫𑐳𑐶𑐟𑑂𑐰𑑄𑑌𑑑𑑓𑑌𑐂𑐟𑑂𑐠𑑄𑐳𑐡𑐵𑐳𑐵𑐢𑐎𑐵𑐳𑑂𑐰𑐵𑑄𑐩𑑂𑐟𑐸𑐰𑑂𑐬𑐣𑑂𑐟𑐶𑑍𑐟𑑂𑐰𑐩𑐎𑐵𑐖𑐐𑐟𑑂𑐬𑐵𑐞𑐎𑐬𑑂𑐟𑑂𑐟𑐷
a89zzb14,𑐴𑐬𑑂𑐲𑐳𑑀𑐨𑐵𑐥𑑁𑐟𑑂𑐬𑐴𑐶𑐬𑐵𑐎𑐺𑐲𑑂𑐞𑐴𑐶𑐬𑐵𑐬𑐟𑑂𑐣𑐠𑐸𑐟𑐶𑐥𑐬𑐶𑐰𑐵𑐬𑐳𑐩𑐸𑐔𑑂𑐔𑐖𑐸𑐫𑐵𑐌𑐔𑑀𑐣𑐵𑐰𑐾𑐮𑐳𑐢𑐬𑑂𑐩𑐔𑐶𑐟𑑂𑐟𑐄𑐟𑑂𑐥𑐟𑐶𑐖𑐸𑐫𑐵𑐌𑐱𑑂𑐬𑐷𑑓𑐳𑑂𑐰𑐫𑑄𑐨𑐸𑐔𑐿𑐟𑑂𑐫𑐫𑐵𑐔𑐟𑐸𑐬𑑂𑐡𑐷𑐐𑐳𑐣𑑂𑐴𑐵𑐥𑐵𑐫𑐵𑐳𑐶𑐡𑑂𑐢𑐵𑐥𑐣𑐶𑐳𑑂𑐫𑐣𑑄𑐥𑑂𑐫𑐐𑑂𑐰
6z5865f5,𑐮𑑂𑐫𑑍𑐲𑐐𑐣𑐵𑐫𑐵𑑄𑑍𑐱𑑂𑐬𑐷𑑓𑐐𑐸𑐖𑐾𑐖𑑀𑐐𑐱𑑂𑐰𑐬𑐷𑐮𑐲𑐎𑐡𑐾𑐱𑐾𑑍𑐱𑑂𑐬𑐷𑑓𑐥𑐱𑐸𑐥𑐟𑐶𑐳𑑄𑐣𑑂𑐫
6d9f3z7a,𑐳𑐶𑐎𑐸𑐣𑑂𑐴𑐸𑐬𑐵𑐖𑐐𑐸𑐬𑑂𑐰𑑂𑐰𑐵𑐴𑐵𑐬𑐣𑐱𑑂𑐬𑐷𑐨𑐬𑐰𑐩𑐹𑐬𑑂𑐟𑐶𑐥𑐹𑐖𑐵𑐫𑐵𑐫𑐩𑐵𑐮𑑌𑐦𑑄𑑑𑐳𑐶𑐫𑐵𑐦𑐮𑐎𑐶𑐥𑑂𑐬𑑒𑐩𑑂𑐰𑐵𑐟𑐎𑐸
25f32232,𑐢𑑂𑐬𑐶𑐫𑐸𑐐𑑄𑐳𑑂𑐩𑐬𑐣𑑂𑐟𑐶𑐩𑐸𑐣𑐫𑑀𑐑𑐵𑐫𑐣𑑂𑐟𑐶𑐫𑐡𑑂𑐫𑑀𑐐𑐶𑐣𑑅𑐳𑑄𑐥𑐸𑐖𑑂𑐫𑐣𑑂𑐟𑐶𑐳𑐸𑐣𑐵𑑓𑐳𑐸𑐬𑐵𑑅𑐏
d6414400,𑐟𑑌𑐳𑑂𑐰𑐫𑑄𑐨𑐹𑐳𑐩𑑂𑐧𑐟𑑙𑑓𑐁𑐏𑐵𑐡𑐱𑐎𑐡𑐩𑐳𑐶𑐎𑐸𑐴𑐥𑐢𑐶𑐡𑐶𑐣𑐖𑐸𑐬𑑀𑑌𑐩𑐴𑐵𑐬𑐵
a7087191,𑐮𑐱𑑂𑐬𑐷𑐬𑑂𑐮𑑂𑐮𑐖𑑂𑐖𑐵𑐰𑐟𑐷𑐥𑐸𑐞𑑂𑐫𑐩𑐟𑐷𑐟𑐶𑐣𑐵𑐩𑑂𑐣𑐵𑑋𑐎𑐸𑐩𑐵𑐬𑐨𑐵𑐟𑐾𑐰𑐔𑐩𑐾𑐣𑐎𑐵𑐫𑐵𑑅𑐳𑐸𑐟𑐵𑐳𑐸𑐱𑐷𑐮𑐵𑐳𑐸𑐩𑐟𑐶𑑅𑐳𑐸𑐰𑐞𑐷𑑌𑐥𑐸𑐞𑑂𑐫
948da92d,𑐌𑐟𑐫𑐩𑐵𑐬𑐖𑐸𑐬𑑀𑑋𑑋𑑐𑑋𑑋𑐳𑐩𑑂𑐰𑐟𑑘𑑓𑑗
5266c378,𑐚𑐶𑐎𑑀𑐚𑐶𑐡𑐸𑐣𑑂𑐡𑐸𑐨𑐶𑐡𑑀𑐡𑐵𑐒𑑂𑐎𑐫𑐬𑐥𑑂𑐬𑐮𑐫𑐐𑐬𑑂𑐖𑑂𑐖𑐡𑑂𑐰𑐵𑐬𑐵𑐢𑐬𑐢𑐵𑐣𑐢𑑂𑐰𑐣𑐶𑐟𑐡𑐶𑐰𑑂𑐳𑑂𑐎𑐞𑑂𑐜𑐮𑐵𑐳𑑂𑐰𑐞𑑂𑐜𑐮𑐣𑐶𑐖𑐫𑐱𑐏𑐞𑑂𑐜𑐷
253b961f,𑑉𑐣𑐩𑑅𑐱𑑂𑐬𑐷𑑓𑐴𑐬𑐵𑐴𑐬𑐮𑑀𑐎𑐾𑐱𑑂𑐰𑐬𑐵𑐫𑑋𑑋𑐮𑑀𑐎𑐾𑐱𑑂𑐰𑐬𑑄𑐱𑐶𑐬𑑄𑐳𑐵𑐣𑑂𑐟𑑄𑑍𑐀𑐩𑑀𑐑𑐐𑐸𑐞
fc1zdb42,𑑉𑐱𑑂𑐬𑐷𑐐𑐞𑐾𑐱𑐵𑐫𑐣𑐩𑑅𑑋𑑋
505d95df,𑐢𑐩𑑂𑐩𑐡𑐾𑐰𑐨𑐵𑐬𑑀𑑌𑐥𑐬𑐨𑐵
200d09cd,𑐳𑐖𑐵𑐎𑑂𑐫𑐾𑐦𑑄𑑙𑑐𑐧𑐶𑐫𑐩𑐵𑐮𑑌𑑌𑐖𑑂𑐫𑐾𑐲𑑂𑐛𑐱𑐸𑐎𑑂𑐮𑐡𑑂𑐰𑐵𑐡𑐱𑐷𑐠𑑂𑐰𑐎𑐸𑐣𑑂𑐴𑐸𑐴𑑀𑐩𑐖𑑀𑐮𑐣𑐩𑐵𑐮𑐎𑑀𑐴𑑂𑐩𑑄𑑑𑐡𑐸𑐐𑐸𑐠𑑂𑐰𑐟𑐾𑐡𑐫𑐎𑑄𑐴𑑀𑐩𑐫𑐵𑐫𑐖𑐸
703da76z,𑐢𑐵𑐫𑑅𑑍𑐱𑑂𑐬𑐾𑐫𑑀𑑇𑐳𑑂𑐟𑐸𑑌𑐳𑑂𑐰𑐟𑑗𑑗𑑗𑐖𑐾𑐲𑑂𑐚𑐎𑐺𑐲𑑂𑐞𑑌𑐥𑑄𑐔𑐩𑐷𑐱𑑂𑐬𑐰𑐣𑐣𑐎𑑂𑐲𑐾𑐟𑑂𑐬𑐾𑐂𑐣𑑂𑐡𑑂𑐬𑐫𑑀𑐐𑐾𑐱𑐸𑐎𑐰𑐵𑐳𑐬𑐾𑐠𑑂𑐰𑐎𑐸
z85370b2,𑐫𑐳𑐩𑐫𑐧𑐵𑐴𑐵𑐬𑐫𑐵𑐧𑐵𑐳
c5d76571,𑑊𑑉𑐣𑐩𑑅𑐬𑐟𑑂‍𑐣𑐟𑑂𑐬𑐫𑐵𑐫𑑌𑐀𑐞𑐱𑑀𑐬𑐶𑐬𑑂𑐩𑑂𑐩𑐮𑑀𑐟𑑂𑐨𑐹𑐟𑑀𑑍𑐣𑐶𑐲𑑂𑐥𑑂𑐬𑐥𑐘𑑂𑐔𑑅𑐐𑐸𑐞𑐵𑐱𑑂𑐬𑐫𑑅𑐥𑐘𑑂𑐔𑐳𑑂𑐎𑐥𑐵𑐟𑑂‍𑐩𑐣𑑂𑐣
8bb7341f,𑐣𑑂𑐜𑐮𑐎𑑂𑐲𑑂𑐩𑐶𑐩𑐸𑐣𑐶𑐢𑐬𑐎𑐳𑑂𑐫𑐥𑐸𑐟𑑂𑐬𑐬𑐵𑐖𑐧𑐶𑐬𑐳𑐶𑑄𑑍𑐀𑐩𑐸𑐢𑐬
fc2c082c,𑐫𑐳𑐩𑐫𑐧𑐵𑐴𑐵𑐬𑐫𑐵𑐧𑐵𑐳
c23ff5zc,𑐟𑑂𑐬𑐔𑐟𑐸𑐬𑐬𑑀𑐥𑐞𑐶𑐬𑑀𑐰𑐥𑐶𑑔𑐠𑑂𑐰𑐟𑐾𑐧𑐸𑐴𑐣𑐾𑐫𑐵𑐟𑐳𑐔𑐵𑐫𑐵𑐌𑐟𑐒𑐡𑐸𑐣𑑂𑐟𑐵𑐖𑐸𑐬𑑀𑑋𑐨𑐹𑐫
82434308,𑐦𑐮𑐡𑐵𑐱𑑂𑐬𑐷𑐰𑐵𑐐𑑂𑐩𑐟𑐷𑐟𑑂𑐫𑐡𑑂𑐨𑐸𑐟𑐵𑑍𑐳𑑂𑐣𑐵𑐣𑐵𑐡𑑂𑐡𑐵𑐣𑐎𑐺𑐟𑐵𑐟𑑂𑐳𑐡𑐵𑐩𑐟𑐶𑐩𑐟𑐵𑑄𑐥𑐵𑐥𑐵𑐣𑑂𑐢𑐰𑐶𑐢𑑂𑐰𑑄𑐱𑐶𑐣𑐷𑑋𑐳𑐬𑑂𑐰𑐖𑑂𑐘𑐳𑑂𑐫𑐩𑐸𑐏𑑀𑐨𑑂𑐡𑐰𑐵𑐥𑐱𑐸𑐥𑐟𑐾𑑅𑐳𑑂𑐠𑐵𑐣𑐾𑐳𑑂𑐟𑑂𑐬𑐰𑐣𑑂𑐟𑐷
5cfz0ca8,𑐒𑐵𑐰𑐥𑑂𑐬𑐟𑐶𑐲𑑂𑐛𑐵𑐫𑐵𑐒𑐣𑐳𑑄𑐥𑐹𑐬𑑂𑐞𑑂𑐞𑐵𑐬𑐵𑐔𑐎𑐵𑐖𑐸𑐬𑑀𑑌𑐊𑐟𑐟𑑂𑐥𑐸𑐞𑑂𑐫𑐵𑐣𑐨𑐵𑐰
715ffc3a,𑐎𑐬𑐞𑐔𑐵𑐟𑑂𑐟𑐸𑐬𑐷𑐢𑐸𑐬𑐷𑐞𑐳𑐟𑐟𑐎𑐸𑐟𑐩𑐷𑐩𑐵𑑄𑐳𑐵𑐣𑑂𑐫𑐵𑐫𑐥𑐵𑐟𑐖𑐒𑑂𑐬𑐮𑐰𑐾𑐡𑐵𑐣𑑂𑐟𑐰𑐱𑐾𑐲𑐶𑐎𑐰𑑂𑐫𑐵𑐎𑐬𑐞
7c034941,𑐣𑐬𑐵𑐖𑐳𑐥𑑂𑐬𑐠𑐩𑐥𑐸𑐟𑑂𑐬𑐳𑑀𑐫𑐨𑐸𑐬𑐵𑐖𑑍𑐖𑑂𑐘𑐵𑐣𑐬𑐵𑐖𑐳𑐾𑐩𑐵𑐟𑐵𑑍𑐱𑐷𑐔𑐡𑐸𑐟𑐶𑐖𑑂𑐘𑐵𑐣𑐬𑐵𑐖𑐎𑐳𑑂𑐫𑐡𑐵𑐬𑐵
a18a3c3z,𑐱𑑂𑐰𑐬𑐵𑐫𑑅𑑌
dc2d7578,𑐣𑑂𑐴𑐣𑑂𑐴𑑀𑐫𑐠𑑀𑐳𑑂𑐰𑐣𑐨𑑀𑐖𑐾𑐣𑐎𑐾𑐩𑐵𑐮𑑍𑐩𑑄𑐐𑐥𑐳𑐔𑐶𑑄𑐟𑐵𑐫𑐵𑐎𑐣𑑂𑐴𑐣𑑌𑐧𑐬𑐲𑐸𑐣𑐶𑐔𑐥𑐵𑐮𑐫𑐵𑐖𑑀
c11c50d6,𑐱𑑂𑐬𑐷𑐩𑐕𑑂𑐬𑐷𑐱𑐵𑐎𑑂𑐫𑐳𑐶𑑄𑐴𑐾𑐟𑑂𑐫𑐵𑐡𑐶𑑐𑑌𑐡𑐵𑐣𑐥𑐟𑐶𑐖𑐖𑐩𑐵𑐣𑐣𑐾𑐥𑐵𑐮𑐩𑐞𑑂𑐜𑐮𑐾𑐱𑐵𑐣𑑂𑐟𑐶𑑄𑐑𑐟𑐳𑑂𑐠𑐵𑐣𑐾𑐠𑐵𑐫𑐩𑐡𑐸𑐟𑑀𑐮𑐣𑑂𑐴𑐸𑐧𑐵𑐴𑐵𑐮𑐳𑐔𑑀𑐣𑐩𑑂𑐴𑐳𑑂𑐠𑐵𑐥𑐶𑐟𑐣𑐵𑐫𑐎𑐖𑑀𑐐𑐰𑐷𑐬𑐟𑐳𑑂𑐫𑐨𑐵𑐬𑑂𑐫𑑂𑐫𑐵𑐖𑑂𑐘𑐵𑐣𑐶𑐠𑐎𑐸𑑄
332zd551,𑑗𑑖𑑙𑐦𑐵𑐮𑑂𑐐𑐸𑐞𑐎𑐺𑐲𑑂𑐞𑐀𑐲𑑂𑐚𑐩𑐷𑐩𑐹𑐮𑐣𑐎𑑂𑐲𑐾
59f9695f,𑐫𑐎𑑄𑐡𑐸𑐣𑑂𑐟𑐵𑐬𑑀𑐧𑐸𑑓𑐔𑐲𑐸𑑄𑐟𑐶𑐧𑐸𑐬𑑀𑑑𑐳𑑂𑐰𑐟𑑂𑐰𑐧𑐸𑐬𑑀𑑑
57292776,𑐫𑐐𑑂𑐧𑐵𑐳𑐥𑐸𑐬𑐌𑑒𑐡𑐵𑐬𑐲𑐵𑐧𑐸𑐨𑐹𑐫𑐩𑐵𑐬𑑂𑐐𑐡𑑀𑐬𑐧𑐸𑐬𑐌𑑑𑑌𑐨𑐸𑐫𑐩𑐵𑐐𑐡𑐵𑐬𑐧𑐸𑐟
0czd8306,𑐣𑑂𑐴𑐶𑐟𑐵𑐬𑑂𑐠𑑌𑐣𑐾𑐥𑐵𑐮𑐳𑐩𑑂𑐰𑐟𑐿𑐳𑑂𑐩𑐶𑐣𑐥
f2f7z061,𑐴𑐰𑐶𑐴𑐵𑐬𑐾𑐲𑑂𑐛𑐶𑐟𑐩𑐥𑐶𑐎𑐸𑐮𑐩𑐵𑐣
23d556ff,𑐨𑑂𑐬𑐵𑐟𑑂𑐟𑐾𑐰𑐶𑐱𑑂𑐰𑐳𑐶𑑄𑐴𑐨𑐵𑐬𑑀𑐎𑐣𑐾𑐲𑑂𑐛𑐨𑑂𑐬𑐵𑐟𑑂𑐟𑐾𑐣𑐬𑐳𑐶𑑄𑐴𑐨𑐵𑐬𑑀𑐠𑑂𑐰𑐟𑐾𑐳𑑂𑐫𑐣𑐔𑐶𑐣𑑂𑐟𑐵𑐫𑐵𑐔𑐎𑑄𑐠𑑂𑐰𑐡𑐾𑐰𑐮𑐡𑐫𑐎𑐧𑐶𑐖𑑂𑐫𑐵𑐎𑐖𑐸𑐬𑑀𑑌𑐱𑐸𑐩
0349c069,𑐧𑐖𑑂𑐬𑐳𑐟𑑂‍𑐧𑐵𑐨𑐸𑐧𑐣𑐧𑐬𑐐𑐸𑐬𑐹𑑄𑐳𑐬𑑂𑐧𑑂𑐧𑐧𑐹𑐡𑑂𑐢𑐨𑐧𑐣𑑂𑐟𑑄𑑅
0c06052b,𑐬𑐡𑐷𑐣𑑓𑐊𑐣𑑂𑐡𑑂𑐫𑐵𑐟𑐖𑑀𑐬𑐕𑐷𑐎𑐵𑐟𑐷𑐎𑐣
8a3z1fz5,𑐖𑐶𑐩𑐕𑐩𑑂𑐴𑐣𑐵𑐫𑐎𑐖𑐸𑐥𑐶𑑄𑐧𑐶𑐖𑑂𑐫𑐵𑐟𑐎𑐾𑐩𑐵𑐬𑐖𑐸𑐬𑑀
522db449,𑐨𑑅𑐳𑑄𑐩𑑂𑐰𑐟𑑂𑑘𑑔𑑐𑐔𑐟𑑂𑐫𑐱𑐸𑐮𑑂𑐎𑐔𑐟𑐸𑐠𑐶𑐥𑐥𑐘𑑂𑐔𑐩𑐶𑐎𑐸𑐣𑑂𑐴𑐸𑐥𑐟𑐶𑐳𑑂𑐛𑐵𑐫𑐵𑐒𑐵𑐖𑐸𑐬𑑀𑐠𑑂𑐰𑐧𑐾𑐬𑐳𑑄𑐥𑐬𑑂𑐡𑑂𑐩𑐢𑑂𑐬𑑍𑐢𑐡𑑂𑐩𑐢𑑂𑐬𑐥𑑂𑐬𑐩𑐹𑐏𑐞
82f55475,𑐎𑑂𑐮𑐡𑑂𑐰𑐵𑐡𑐱𑐷𑐱𑑂𑐬𑐵𑐰𑐞𑐎𑐺𑐲𑑂𑐞𑐀𑐲𑑂𑐚𑐩𑐷𑐎𑐵𑐬𑑂𑐟𑑂𑐟𑐶𑐎𑐱𑐸𑐎𑑂𑐮𑐡𑑂𑐰𑐵𑐡𑐱𑐷𑐦𑐵𑐮𑑂𑐐𑐸𑐞𑐱𑐸𑐎𑑂𑐮𑐥𑐹𑐬𑑂𑐞𑐶𑐩𑐵𑐠𑑂𑐰𑐒𑐵𑐑𑐵𑐟𑐣𑑄
4355806z,𑐩𑐳𑐵𑐴𑐡𑐾𑐧𑐳𑑂𑐫𑐧𑐶𑐖𑐫𑐬𑐵𑐖𑑂𑐫𑐾𑑌𑑌𑐡𑐵𑐣𑐥𑐟𑐾𑐣𑐾𑐥𑐵
z9cd6502,𑐬𑑂𑐩𑑂𑐩𑐵𑐟𑑂𑐩𑐵𑐩𑐞𑐶𑐬𑐟𑑂𑐣𑑅𑐟𑐳𑑂𑐫𑐨𑐵𑐬𑑂𑐫𑑂𑐫𑐵𑐐𑑄𑐐𑐵𑐖𑐾𑐲𑑂𑐚𑐥𑐸
c2f8zac4,𑐴𑐵𑐬𑐫𑐵𑑅𑐢𑑂𑐰𑐵𑐎𑐵𑐳𑑅𑐢𑐵𑐟𑐸𑐫𑐵𑐳𑐶𑑄𑐑𑐳𑑂𑐠𑐵𑐥𑐣𑐵𑐫𑐵𑐣𑐵𑑅𑐡𑐵𑐣𑐥𑐟𑐶
b5cbza9a,𑐱𑑂𑐬𑐵𑐰𑐞𑐱𑐸𑐡𑑂𑐢𑐷𑑑𑑔𑐱𑐸𑐨𑑋𑑋
faacz239,𑐧𑐖𑑂𑐬𑐵𑐬𑑂𑐫𑐵𑐥𑑂𑐥𑐴𑐰𑐿𑑌𑑑𑑌𑐢𑐬𑑂𑐩𑐔𑐶𑐟𑑂𑐟𑐿
d5z1a048,𑐎𑐳𑐎𑐾𑐳𑐸𑐰𑐬𑑂𑐞𑐩𑐸𑐏𑐡𑐫𑐎𑑄𑐥𑑂𑐬𑐟𑐶𑐳𑑂𑐠𑐵𑐫𑐵𑐒𑐵𑐡𑐶𑐣𑐖𑐸𑐬𑑀𑑌𑐡𑐵𑐣𑐥𑐕𑐶𑐱𑑂𑐬𑐷𑐡𑐾𑐰𑐬𑐵𑐖𑐥𑑂𑐬𑐩𑐸𑐏𑐣𑐱𑑂𑐬𑐷𑐥𑐸𑐬𑐸
z5c6835a,𑐮𑐱𑑂𑐬𑐷𑐬𑑂𑐮𑑂𑐮𑐖𑑂𑐖𑐵𑐰𑐟𑐷𑐥𑐸𑐞𑑂𑐫𑐩𑐟𑐷𑐟𑐶𑐣𑐵𑐩𑑂𑐣𑐵𑑋𑐎𑐸𑐩𑐵𑐬𑐨𑐵𑐟𑐾𑐰𑐔𑐩𑐾𑐣𑐎𑐵𑐫𑐵𑑅𑐳𑐸𑐟𑐵𑐳𑐸𑐱𑐷𑐮𑐵𑐳𑐸𑐩𑐟𑐶𑑅𑐳𑐸𑐰𑐞𑐷𑑌𑐥𑐸𑐞𑑂𑐫
z268dacz,𑐡𑑂𑐫𑐵𑐬𑑂𑐖𑑂𑐖𑐸𑐣𑐾𑐲𑐲𑑂𑐫𑐵𑑄𑐱𑐹𑐨𑐫𑑀𑐐𑐾𑐬𑐧𑐶𑐬𑑂𑐡𑑂𑐡𑐶𑐣𑐾𑑌𑐱𑐸𑐨𑐩𑐳𑑂𑐟𑐸𑐳𑐬𑑂𑐧𑑂𑐧𑐡𑐵𑑌𑑏𑑌
48fb96zb,𑐳𑐡𑐵𑐨𑐎𑑂𑐟𑐶𑐣𑑁𑐣𑐶𑐥𑑂𑐬𑐥𑐺𑐖𑑂𑐫𑑄𑑌𑐩𑐞𑐷𑐳𑐶𑑄
90b4265a,𑐎𑐸𑐮𑐩𑐵𑐣𑐨𑑀𑐕𑐶𑐫𑐵𑐢𑐬𑑂𑐩𑑂𑐩𑐔𑐶𑐟𑑂𑐟𑐖𑐸𑐫𑐵
3d73bc8z,𑐨𑐸𑐩𑐶𑐨𑐵𑐐𑑂𑐫𑐵𑐄𑐥𑐕𑐣𑑂𑐡𑐥𑐶𑐛𑐾𑐱𑑂𑐬𑐷𑐴𑐾𑐬𑐸𑐎𑐧𑐶𑐬𑐸𑐥𑐵𑐎𑑂𑐲𑐏𑐐𑐵𑐣𑐣𑐵𑐢𑐶𑐧𑐵𑐳𑐶𑐟𑐾𑐀𑐣𑐾𑐎𑐡𑐾
9zc72f44,𑐳𑐸𑐬𑑂𑐖𑐬𑐵𑐩𑐨𑐵𑐮𑑀𑐥𑐱𑐸𑐬𑐵𑐩𑐣𑐾𑐴𑑂𑐩𑐦𑐸𑐎𑐶𑐖𑐥𑐸𑐟𑑂𑐬
f1b15d58,𑐖𑐊𑐣𑐶𑐖𑐊𑐬𑐵𑐖𑐎𑐳𑑂𑐫𑐡𑐵𑐬𑐵𑐖𑐊𑐩𑐐𑐬𑐵𑐩𑑄𑐖𑐸𑐬𑐵𑐖𑐎𑐳𑑂𑐫𑐡𑐵𑐬𑐵𑐳𑐸𑐩𑐢𑑄𑐬𑐶𑑍𑐠𑐸𑐟𑐶𑐳𑑂𑐫𑐣
f021c067,𑐩𑑂𑐨𑐫𑑀𑐐𑐾𑑌𑐱𑑂𑐰𑐩𑐧𑐵𑐳𑐬𑐾𑑌𑐫𑐠𑐵𑐎𑐬𑐞𑐩𑐸𑐴𑐸𑐬𑑂𑐟𑑂𑐟𑐾𑑌𑐩𑐾𑐏𑐬𑐵𑐳𑐶𑐐𑐟𑐾𑐳𑐵𑐰𑐿𑐟𑐬𑐶𑑌𑐧𑐺
82cf9abd,𑐩𑐨𑐵𑐬𑑂𑐫𑑂𑐫𑐵𑐫𑐵𑑄𑑍𑐥𑑂𑐬𑐠𑐩𑐥𑐸𑐟𑑂𑐬𑑍𑐢𑐣𑐳𑐶𑑄𑐴𑐀𑐳𑑂𑐫𑐥𑐟𑑂𑐣𑐷𑐩𑐣𑑀𑐢𑐬𑐷𑐟𑐳𑑂𑐫𑐵𑐟𑑂𑐩𑐖𑐰𑐖𑐵𑐔𑐵𑐬𑑂𑐫𑑂𑐫𑑍𑐱𑑂𑐬𑐷𑐥
8z157b94,𑐣𑑂𑐡𑑂𑐬𑐵𑐫𑐣𑐩𑑀𑐣𑐩𑑅𑑋𑑋𑐨𑐬𑐰𑐵𑐫𑐳𑐬𑐳𑑂𑐰𑐟𑑂𑐫𑐥𑑂𑐬𑐞𑐩𑐵𑐩𑐶𑐡𑐶𑐣𑐾𑐡𑐶𑐣𑐾𑑋𑑋𑐫𑐳𑑂𑐫𑐵𑑅𑐳𑑂𑐰𑑄
36c777f7,𑑅𑐧𑐲𑑂𑐚𑐶𑐣𑐧𑐬𑐟𑑂𑐣𑑄𑐥𑐣𑐶𑐥𑐹𑐬𑑂𑐞𑑂𑐞𑐖𑐸𑐫𑐵𑐀𑐣𑑂𑐟𑐬𑐎𑐵𑐬𑐾𑐀𑐣𑐸𑐟𑑂𑐟𑐬𑐵𑐫𑐵
50d90fz7,𑐥𑑂𑐬𑐷𑐟𑐶𑐣𑐣𑐎𑐥𑐳𑐮𑐫𑐵𑐨𑐶𑐩𑐨𑐵𑐬𑑀𑐥𑐸𑐟𑑂𑐬𑐩𑐵𑐣𑐰𑐶𑐬𑐨𑐵𑐬𑑀𑐥𑐸𑐟𑑂𑐬𑐎𑐾𑐴𑐾𑐬𑐳𑐶𑐥𑐸𑐟𑑂𑐬
415d7z6a,𑐥𑐵𑐡𑐸𑐎𑐵𑐠𑐵𑐥𑐣𑐵𑐫𑐵𑐒𑐵
f3758129,𑐠𑑂𑐰𑐟𑐾𑐄𑐥𑐔𑐵𑐬𑐡𑐫𑐎𑑄𑐎𑐵𑐬𑑂𑐟𑑂𑐟𑐶𑐎𑐮𑐕𑐶𑑄𑐥𑐹𑐖𑐵𑐫𑐵𑐫𑐩𑐵𑐮𑑌𑑌𑐁𑐱𑑂𑐰𑐶𑐞𑐷𑐱𑐸𑐎𑑂𑐮𑐥𑐹𑐬𑑂𑐞𑐶𑐩𑐵𑐎
74a31754,𑐥𑐶𑐟𑑄𑐞𑐶𑐰𑑄𑐢𑐶𑐖𑐣𑐳𑐾𑐰𑐎𑑄𑐣𑐶𑐟𑑂𑐫𑑄𑐰𑐣𑑂𑐡𑐾𑐴𑑄𑐩𑐷𑐱𑑂𑐰𑐬𑑄𑐥𑑂𑐬𑐟𑐶
d1z93d2f,𑐴𑐣𑐡𑐸𑐣𑑂𑐟𑐵𑐖𑐸𑐬𑑀𑑍𑐱𑐸𑐨𑑄𑑌𑑌
c7bb2dcf,𑐡𑐶𑐰𑑂𑐫𑑁𑐲𑑂𑐲𑐢𑑄𑑍𑐡𑐾𑐰𑑄𑐣𑑁𑐩𑐶𑐴𑐬𑐶𑑄𑐟𑑂𑐬𑐶𑐮𑑀𑐎𑐳𑐸𑐏𑐡𑑄𑐥𑑄𑐔𑐵𑐟𑑂𑐩𑐎𑑄𑐎𑐾𑐱𑐰𑑄𑑌𑐥𑐮𑐵𑐡𑐥𑑂𑐬𑐞𑐟𑑍𑐥𑑂𑐬𑐳𑐣𑑂𑐣𑐰𑐡𑐣
z44z6b87,𑐠𑑂𑐰𑐔𑐿𑐟𑑂𑐫𑐳𑐵𑐬𑐐𑑂𑐰𑐴𑐳𑑂𑐰𑐮𑐳𑐣𑐎𑐬𑐳𑐵𑐐𑑂𑐰𑐳𑐰𑐵𑐮𑐵𑐡𑐠𑐵𑐟𑐔𑐰𑐩𑐳𑐵𑐫𑐵𑐫𑐬𑐵𑐎𑐡𑐵𑐣
2b91f712,𑐒𑐣𑐟𑐫𑐵𑐳𑑍𑐳𑐸𑐣𑐵𑐣𑑄𑑍𑐔𑐵𑐳𑐣𑐫𑐵𑐫𑐩𑐡𑐸𑑍𑐡𑐾𑐰𑐫𑐵𑐨𑐸𑐖𑐸𑐬𑑀𑑋𑑋𑑐𑑋𑑋
792898ca,𑐟𑐶𑐥𑑂𑐬𑐠𑑌𑐱𑐶𑐰𑐨𑐎𑑀𑐴𑐬𑐶𑐲𑑂𑐫𑐵𑐟𑐵𑐢𑐬𑑂𑐩𑑂𑐩𑐎𑐬𑑂𑐩𑑂𑐩𑐥𑐹𑐧𑑀𑐡𑑂𑐫𑐩𑑅𑐮𑑀𑐎𑐣𑐵𑐠𑑀𑐔𑑂𑐔𑐎𑐵𑐣𑐶
5b2b2z35,𑐫𑐵𑐔𑐎𑑄𑑍𑐨𑐵𑐏𑐵𑐠𑐠𑐸𑐮𑑂𑐴𑐟𑐶𑐎𑑂𑐰𑐧𑐸𑐬𑐰𑑒𑐨𑐸𑐫𑐎𑑂𑐰𑐠𑐸𑐮𑑂𑐴𑐸𑐟𑐶𑐎𑑂𑐰𑐧𑐸𑐮𑐰𑑒𑐔𑐸𑐬𑑒𑐨𑐸𑐫𑐟𑐶𑐔𑑀𑐡𑑂𑐰𑐬𑐧𑐸𑐬𑐰𑑕𑐠𑑂𑐰𑐟𑐾𑐫𑐵
f4zbf313,𑐩𑐏𑐣𑐩𑐞𑑂𑐜𑐥𑐟𑑀𑐬𑐎𑐾𑑍𑐥𑐶𑐠𑐸𑐐𑑂𑐰𑐵𑐕𑐾𑐐𑐺𑐴𑐰𑐵𑐳𑐶𑐣
f6cf7849,𑐩𑐴𑐬𑐶𑑍𑐥𑐸𑐣𑐨𑐵𑐲𑐵𑐖𑐶𑐎𑐵𑐫𑐡𑐫𑐵𑐌𑐣𑐳𑐵𑐠𑑂𑐰𑐐𑐸
5cbfad16,𑑊𑐱𑑂𑐬𑐷𑑓𑐮𑐎𑑂𑐲𑑂𑐩𑐷𑐣𑐵𑐬𑐵𑐫𑐞𑐵𑐫𑐣𑐩𑑅𑑌𑐱𑑂𑐬𑐷𑑓𑐄𑐩𑐵𑐩𑐴𑐾𑐱𑑂𑐰𑐬𑐵𑐫𑐣𑐩𑑅𑑌𑑌𑐮𑐎𑑂𑐲𑑂𑐩𑐷𑐣𑐵𑐬𑐵𑐫𑐞𑐵𑑄𑐢𑑂𑐫𑐵𑐫𑐾
d61503d6,𑐣𑑂𑐣𑐴𑐣𑑂𑐣𑐾𑐩𑐵𑐮𑐖𑐸𑐬𑑀𑐮𑑀𑐥𑐫𑐵𑐎𑐵𑐮𑐾𑐐𑑀𑐧𑑂𑐬𑐵𑐴𑑂𑐩𑐞𑐵𑐡𑐶𑐥𑑄𑐔𑐩𑐴𑐵𑐥𑐵𑐟𑐎𑐵𑐡𑐶𑐮𑐵𑐎𑐖𑐸𑐬𑑀𑐮𑑀𑐥𑐩𑐫𑐵
8d9dz6df,𑐧𑐵𑐬𑐾𑑋𑑋𑐱𑐸𑐨𑐣𑑂𑐴𑐶𑐮𑐐𑑂𑐣𑐾𑐥𑐶𑐔𑐳𑑁𑐬𑐩𑐣𑐵𑐣
b7afd459,𑐳𑐵𑐳𑐸𑐡𑐺𑐲𑑂𑐚𑐶𑐖𑐸𑐮𑐱𑐸𑐨𑑄𑐳𑑄𑐰𑐟𑑙𑑕𑑕
95z3za3a,𑐩𑑂𑐟𑑂𑐬𑐷𑐢𑑄𑐣𑐠𑐎𑑄𑐩𑑂𑐟𑑂𑐬𑐷𑐥𑐸𑐬𑐸𑐲𑐞𑐂𑐣𑐵𑐎𑑀𑐥𑐱𑑂𑐔𑐶𑐩
226c5ccd,𑐳𑑂𑐫𑐥𑐶𑐟𑐵𑑄𑐩𑐴𑐶𑐐𑑂𑐫𑐵𑐣𑐮𑐕𑐶𑐩𑐶𑐠𑐸𑐮𑐶𑐳𑐩𑐸𑐔𑐫𑐣𑐢𑐬𑑂𑐩𑑂𑐩𑐔𑐶𑐟
b8ccbz10,𑐫𑐳𑐩𑐫𑐧𑐵𑐴𑐵𑐬𑐫𑐵𑐧𑐵𑐳
7z252376,𑐞𑐷𑐡𑐾𑐰𑐧𑑂𑐬𑐵𑐴𑑂𑐩𑐞𑐥𑐹𑐖𑐎𑑋𑐣𑐵𑐩𑑂𑐣𑐵𑐩𑐬𑑀𑐴𑐬𑐥𑐬𑑄𑐳𑐶𑑄𑐴𑐰𑐶𑐏𑑂𑐫𑐵𑐟𑐬𑐵𑐩𑐎𑐩𑐖𑐸𑐣𑐷
56z29957,𑑉𑐣𑐩𑑅𑐱𑑂𑐬𑐷𑐩𑐡𑑂𑐬𑐵𑐬𑑂𑐫𑑂𑐫𑐵𑐰𑐮𑑁𑐎𑐶𑐟𑐾
fcb736z7,𑐎𑐩𑐵𑐣𑑅𑐎𑐣𑐾𑐳𑑂𑐟𑐥𑐸𑐟𑑂𑐬𑐩𑑀𑐟𑐶𑐩𑐵𑐣𑑅𑐩𑐣𑐶𑐎𑐩𑐵𑐣𑑂𑐟𑐳𑑂𑐫𑑅𑐨𑐵
azazf671,𑐡𑐡𑐶𑐧𑐾𑐩𑐵𑐣𑑀𑐬𑐰𑐷𑐎𑐸𑐬𑐟𑐶𑐮𑐎𑐴𑐣𑐸𑐩𑐢𑑂𑐰𑐖𑐣𑐾𑐥𑐵𑐬𑐱𑑂𑐰𑐬𑐩𑐴𑐵𑐬𑐵𑐖𑐵
0281a9ca,𑐥𑐶𑐟𑑂𑐬𑑀𑑅𑐳𑑂𑐰𑐬𑑂𑐐𑑂𑐐𑐳𑑂𑐠𑐶𑐬𑐵𑐫𑐔𑑌𑐐𑐴𑐣𑐟𑑂𑐬𑐧𑐳𑑀𑐰𑐬𑑂𑐲𑐦𑐵𑐮𑑂𑐐𑐸𑐞𑐱𑐸𑐎𑑂𑐮𑐥𑐎𑑂𑐲𑐎𑑀𑐡𑐸
88b72fd4,𑑊𑑉𑐣𑐩𑑅𑐱𑑂𑐬𑐷𑐧𑐖𑑂𑐬𑐳𑐟𑑂‍𑐧𑐵𑐫𑑌𑐧𑐣𑑂𑐡𑐾𑐱𑑂𑐬𑐷
d0b7zd8d,𑐥𑐹𑐟𑑂𑐬𑑍𑐳𑐶𑐡𑑂𑐢𑐶𑐬𑐵𑐩𑐴𑐵𑐎𑐹𑐬𑐵𑐩𑑍𑐥𑐡𑑂𑐩𑐬𑐵𑐩𑑍𑐐𑐸𑐞𑐶𑐬𑐵𑐩𑐎𑐷𑐬𑑂𑐟𑑂𑐟𑐶
8a8cz3cf,𑐖𑐸𑐧𑐵𑐴𑐵𑐬𑐫𑐵𑐡𑐾𑐰𑐖𑐸𑐠𑑂𑐰𑐧𑐾𑐮𑐳𑑋𑑋𑐡𑐬𑑂𑐱
20c24z36,𑑓𑐰𑐫𑐧𑐶𑐫𑐩𑐵𑐮𑑌𑐠𑑂𑐰𑐔𑑂𑐫𑐵𑐑𑐟𑐣𑑄𑐱𑑄𑐏𑐥𑐸𑐫𑐎𑐾𑐩𑐵𑐮𑐱𑑄𑐏𑐥𑐸𑐰𑐴𑑂𑐣𑐫𑐵𑐟𑐡𑑄𑑔
c6ffz819,𑐱𑑂𑐬𑐷𑐩𑐔𑑂𑐕𑐷𑐮𑐥𑐸𑐬𑐣𑑂𑐡𑐬𑑀𑐰𑐶𑐖𑐫𑐟𑐾𑐮𑑀𑐎𑑀𑐟𑑂𑐟𑐬𑐱𑑂𑐰𑐣𑑂𑐡𑑂𑐬𑐰𑐟𑑂𑑌𑐀𑐴𑑄𑐎𑐺𑐟𑐰𑐳𑐸𑐣𑑂𑐢𑐬𑐵𑐢𑐶𑐥𑐩𑐴𑐾𑐨𑐩𑐹𑐬𑑂𑐢𑐵𑐎𑐸𑐱𑑀𑐩𑐴𑐵𑐎𑐸𑐮𑐶𑐳𑐥𑑄𑐘𑑂𑐖𑐬𑑅
ddf89b45,𑐥𑐹𑐖𑐵𑐨𑐵𑑄𑐜𑐷𑐖𑑀𑑑𑐣𑐶𑐱𑑂𑐬𑐵𑐰𑐖𑑀𑑑𑐩𑐵𑐑𑐾𑐟𑐵𑑒𑐡𑐶𑐰𑐵𑐑𑐾𑐮𑐀𑑒𑐐𑐸𑐐𑐸𑐮𑐖𑑑𑐡𑑄𑑔𑐡𑐎𑑂𑐲𑐶𑐞𑐡𑐾𑐰𑐳𑑂𑐟𑐰𑐧𑑂𑐬𑐵𑐴𑑂𑐩
7269d13d,𑐔𑑄𑑍𑐳𑐵𑐣𑐣𑑂𑐡𑑄𑐎𑐶𑐮𑐳𑐹𑐬𑑂𑐫𑑂𑐫𑐬𑐵𑐩𑐎𑐂𑐟𑐶𑐥𑑂𑐬𑐏𑑂𑐫𑐵𑐟𑐣𑐵𑐩𑐵𑐳𑐸𑐢𑐷𑑅𑑋
4z7329z7,𑐮𑐢𑐬𑑂𑐩𑑂𑐩𑐔𑐎𑑂𑐬𑐧𑐵𑐴𑐵𑐫𑐵𑐱𑑂𑐬𑐷𑐧𑐖𑐵𑐔𑐵𑐬𑑂𑐫𑑂𑐫
1688f243,𑐟𑑂𑐫𑐢𑑂𑐰𑐳𑐣𑑍𑐬𑐎𑐵𑐖𑐸𑐬𑑀𑑋𑑋𑐱𑐸𑐨𑑅𑑋𑑋
bffa7823,𑐡𑑂𑐬𑐩𑐥𑐎𑑂𑐲𑐴𑐩𑐵𑐮𑐳𑐸𑐟𑐵𑐣𑐵𑑄𑑍𑐳𑐡𑐵𑐡𑑂𑐡𑐬𑑂𑐑𑐱𑐵𑐣𑐵𑑄𑐴𑐶𑐟𑑄𑐳𑐣𑑂𑐟𑐣𑑀𑐟𑐶𑑌𑑑𑑑𑑌𑐞𑐶𑐰𑐬𑑂𑐨𑐵𑐣𑐸𑐔𑐎𑑂𑐟𑑂𑐬𑐲𑑂𑐎𑐸𑐮𑐵𑐔𑐵𑐬𑐣𑑂𑐟𑑂𑐬𑑄𑐥
ff991cb7,𑐰𑐶𑐴𑐵𑐬𑐶𑐞𑐷𑐰𑐶𑐖𑐫𑐟𑐾𑐱𑐮𑐵𑐢𑐶𑐬𑐵𑐖𑐵𑐟𑑂𑐩𑐖𑐵𑑌𑐟𑐟𑑂𑐥𑐵𑐡𑐵𑐩𑑂𑐧𑐸𑐖𑐣𑐶𑑅𑐳𑐺𑐣𑐵𑐩𑐺𑐟𑐬𑐳𑐥𑑂𑐬𑐵𑐫𑐥𑑂𑐬𑐨𑐵𑐎𑑂𑐲𑐵
9f1c7z3z,𑑊𑐩𑐏𑐣𑐟𑑀𑐬𑐫𑐵𑑍𑐱𑐶𑐰𑐮𑐎𑐨𑐵𑐬𑑀𑐣𑐳𑐾𑐐𑐸
2z784627,𑐮𑑀𑐨𑐫𑐵𑐣𑐵𑐎𑐵𑐳𑐵𑑄𑐥𑑄𑐔𑐩𑐴𑐵𑐥𑐵𑐥
6fd88011,𑐳𑐶𑑄𑐴𑐵𑐳𑐣𑐳𑐩𑐾𑐰𑐳𑐸𑐣𑑄𑐔𑑀𑐣𑐾𑐩𑐡𑐸𑐔𑑀𑐣𑐳𑐵𑐩𑐴𑐵𑐬𑐵𑐖𑐵𑐫𑐵𑐐𑐸𑐞𑐵𑐴𑐵𑐐𑐵𑐬𑐖𑐸𑐬𑑀𑑌𑐠𑑂𑐰𑐀𑐎𑑂𑐲𑐬
428779df,𑑚𑐄𑐟𑑂‍𑐟𑐥𑐟𑐶𑐖𑐸𑐫𑐵𑑚𑐮𑐳𑐶𑐫𑐵𑐌𑑚𑐥𑑂𑐬𑐟𑐶𑐲𑑂𑐛𑐵𑐫𑐵𑐒𑐵𑐡𑐶𑐣
51f02aca,𑐧𑑂𑐬𑐩𑑂𑐴𑐴𑐟𑑂𑐫𑐵𑐳𑑂𑐟𑑂𑐬𑐷𑐴𑐟𑑂𑐫𑐵𑐧𑐵𑐮𑐴𑐟𑑂𑐫𑐵𑐐𑐸𑐬𑐸𑐴𑐟𑑂𑐫𑐵𑐠𑑂𑐰𑐟𑐾𑐥𑑄𑐔𑐩𑐴𑐵𑐥𑐵𑐟𑐎𑐬𑐵𑐎𑐖𑐸
faf8f1f7,𑐫𑐡𑑂𑐡𑐢𑐵𑐟𑐶𑑋𑐣𑐔𑐶𑐟𑑂𑐬𑑄𑐥𑐰𑐶𑐟𑑂𑐬𑐵𑐎𑐺𑐟𑐾𑐟𑐳𑑂𑐫𑐩𑐵𑐟𑑍𑐬𑑂𑐫𑑂𑐫𑐟𑐵𑐡𑐾𑐰𑐬𑐵𑐖𑐵𑐡𑑂𑐑𑐶𑐥𑐳𑑂𑐫𑐡𑐶𑐬𑐹𑐥𑑄𑑌
c143z195,𑐐𑐖𑐴𑐬𑐶𑐞𑐵𑐰𑐶𑐲𑑂𑐞𑐸𑐩𑐮𑑂𑐮𑐾𑐣𑐬𑐵𑐖𑑂𑐘𑐵𑑋𑐩𑑀𑐎𑑂𑐲𑐵𑐬𑑂𑐠𑐾𑐰𑐎𑐺𑐟𑐵𑐳𑐵𑐣𑐶𑐖𑐎𑐸𑐮𑐩𑐞𑐶𑐣𑐵𑐢𑐬𑑂𑐩𑑂𑐩𑐔𑐶𑐟𑐾𑐣𑐬𑐩𑑂𑐫𑐵𑐡𑑂𑐬𑐲𑑂𑐚𑐸𑑄𑐰𑐳𑑂𑐟𑐸𑑄𑐔𑐫𑑀𑐐𑑂𑐫𑐵𑐖𑐐𑐟𑐶𑐣𑐶𑐬𑐹𑐥𑐩𑐵𑐣𑐾
z3f4z915,𑐥𑐶𑐳𑐶𑑄𑐴𑐨𑐵𑐰𑑍𑐩𑐵𑐢𑐰𑐬𑐵𑐩𑐨𑐵𑐰𑑌𑐠𑐸𑐟𑐶𑐢𑐬𑑂𑐩𑑂𑐩𑐐𑑀𑐲𑑂𑐚𑐶𑐳𑐩𑐹𑐴𑐣𑑍𑐥𑐹𑐬𑑂𑐞𑑂𑐞𑐩𑐵𑐳𑐶𑐳𑐾𑐰𑐵𑐡𑐫𑐎𑑄𑑍
2952d16f,𑐣𑐺𑐳𑐶𑑄𑐴𑐩𑐮𑑂𑐮𑐣𑐺𑐥𑐟𑐶𑑅𑐎𑐮𑑂𑐥𑐡𑑂𑐬𑐸𑐎𑐮𑑂𑐥𑑅𑐎𑑂𑐲𑐩𑐷𑐐𑑀𑐰𑐵𑐮𑑄𑐑𑑂𑐬𑐶𑐳𑐬𑑀𑐖𑐢𑐹𑐮𑐶𑐢𑐹𑐳𑐬𑐱𑐶𑐮𑐵𑐫𑐸𑐡𑑂𑐢𑐾𑐲𑐸𑐫𑑀𑐢𑐵
bfa34892,𑐳𑐳𑐵𑐧𑐔𑐥𑑂𑐬𑐔𑐵𑐧𑑂‍𑐰𑐮𑑅𑐥𑑂𑐬𑐵𑐣𑐶𑐡𑐎𑑀𑐄𑐡𑐵𑐬𑐖𑐸𑐫𑐵𑐩𑐵𑐮𑐢𑐎𑐠𑑂‍𑐰𑐱𑑂𑐬𑐷𑑓𑐔𑐂𑐟𑐾𑐠𑑂‍
06b54753,𑐡𑐾𑐰𑐳𑑂𑐎𑐾𑐥𑐸𑐖𑐵𑐫𑐵𑐫𑑍𑐖𑐸𑑑𑐥𑐸𑐖𑐵𑑍𑐥𑐵𑑒𑐱𑑂𑐰𑐐𑑄𑐞𑐢𑐮𑐶𑑍𑐐𑑂𑐰𑑑𑐏𑐾𑐖𑑍𑐖𑐸𑐡𑐶𑐲𑑂𑐚𑐶𑑍𑐖𑐸𑑓
df127598,𑐳𑐣𑐶𑐬𑑂𑐩𑐮𑑀𑐨𑐸𑐧𑐷𑐣𑐶𑐥𑑂𑐬𑐧𑐔𑐐𑐸𑐣𑐵𑐱𑑂𑐬𑐫𑐥𑑄𑐔𑐧𑐸𑐢𑑂𑐫𑐟𑑂𑐩𑐎‌𑑄𑐳𑑂𑐫
3zf41zf5,𑐥𑐮𑐔𑐫𑐬𑑂𑐣𑐣𑑂𑐡𑐳𑐹𑐣𑑀𑐎𑐵𑐬𑐶𑑋𑐫𑐳𑑂𑐩𑐶𑐣𑑂𑐱𑑂𑐬𑐷𑐎𑐺𑐲𑑂𑐞𑐩𑐸𑐬𑑂𑐟𑐶𑑅𑐱𑐱𑐶𑐣𑐶𑐱𑐱𑐱𑑂𑐰𑐵𑐨𑐵𑐟𑐶𑐩𑐸𑐔𑐾𑐡𑐢𑑁𑐑𑑄𑐫𑐵𑑄𑐡𑐺𑐲𑑂𑐚𑑂𑐰𑐰𑐩𑐬𑑂𑐟𑑂𑐫𑑀
15a6b4z6,𑐮𑐵𑐣𑐶𑐩𑑂𑐟𑑂𑐬𑐷𑐥𑐸𑐬𑐸𑐲𑐫𑐵𑐣𑐵𑐩𑐣𑐡𑐫𑐎𑐵𑐟𑐐𑐸𑐥𑑄𑐔𑐵
288zcf61,𑐣𑐵𑐔𑐵𑐬𑑂‍𑐫𑐱𑑂𑐬𑐷𑐖𑐷𑐰𑐱𑑂𑐬𑐩𑐖𑐹𑐳𑐨𑐵𑐬𑑂‍𑐫𑐵𑐱𑑂𑐬𑐷𑐥𑐞𑑂𑐞𑐸𑐣𑐶𑐮𑐎𑑂𑐲𑑂𑐩𑐷𑐳𑑌𑐥𑐡𑑂𑐩𑐮
1ccda973,𑐫𑐣𑑂𑐣𑐶𑐩𑐵𑐬𑑂𑐞𑐰𑐶𑐢𑑁𑐩𑐴𑐔𑑂𑐕𑐩𑐨𑐺𑐟𑐵𑐢𑐶𑐎𑑂𑐫𑑀𑐢𑐩𑐵𑐬𑑄𑐨𑐎𑐺𑐡𑑂𑐰𑐷𑐬𑐳𑑂𑐫𑐵𑐣𑐸𑐔𑐬𑑀𑐣𑐬𑐾𑐣𑑂𑐡𑑂𑐬𑐣𑐺𑐥𑐟𑐾𑑅𑐳𑑄
6a4da0d6,𑐬𑐡𑐱𑐩𑑂𑐫𑐵𑑄𑐟𑐶𑐠𑑁𑐄𑐟𑑂𑐟𑐬𑐨𑐡𑑂𑐬𑐥𑐬𑐬𑐾𑐰𑐟𑐷𑐣𑐎𑑂𑐲𑐟𑑂𑐬𑐳𑑁𑐨𑐵𑐐𑑂𑐫
4cd791a7,𑐡𑑂𑐢𑐶𑐎𑐵𑐩𑐣𑐵𑐬𑑂𑐠𑑍𑐫𑐠𑐵𑐱𑐵𑐱𑑂𑐟𑑂𑐬𑑀𑐎𑑂𑐟𑐟𑐠𑐵𑐦𑐮𑐥𑑂𑐬𑐵𑐥𑑂𑐟𑐾𑐟𑐶𑑌𑐥𑐸𑐣𑐨𑐵𑐥𑐵
498f42d4,𑑊𑐳𑐩𑑂𑐧𑐟𑑂𑑘𑑕𑑖𑐁𑐏𑐵𑐝𑐱𑐸𑐡𑐶
24c05b99,𑐩𑐶𑐞𑑂𑐜𑐬𑐵𑐖𑐣𑐂𑐟𑐸𑑄𑐧𑐵𑐴𑐵
6fz0d537,𑐣𑐶𑐲𑑂𑐚𑐱𑑂𑐬𑐷𑐖𑐱𑐡𑐾𑐰𑐳𑐨𑐵𑐬𑑂‍𑐫𑐵𑐱𑑂𑐬𑐷𑐱𑐹𑐨𑐮𑐎𑑂𑐲𑑂𑐩𑐷𑐳𑑌𑐠𑑂𑐰𑐟𑐾𑐡𑑂𑐰𑐶𑐖𑐧𑐬𑐳
09974d6a,𑐎𑑂𑐟𑐷𑐱𑑂𑐰𑐣𑐵𑐩𑑂𑐣𑐶𑐔𑐟𑐟𑑂𑐳𑐴𑑀𑐡𑐬𑐣𑐵𑐩𑐰𑑋𑑋𑐖
d4zd6275,𑐫𑐵𑐟𑐳𑐵𑑍𑐎𑑀𑐚𑐷𑐰𑐶𑐴𑐵𑐬𑐡𑐫𑐎𑐵𑐰𑑍𑐎𑑀𑐚𑐶𑐫𑐖𑑂𑐘𑐫𑐵𑐒𑐵𑐫𑐵𑐦𑐮𑐬𑐵𑐎𑐾𑐖𑐸𑐫𑐵𑐫
49b3d8z7,𑐡𑐫𑐎𑐵𑐖𑐸𑐬𑑀𑑍𑐟𑐟𑐥𑐸𑐞𑑂𑐫𑐵𑐠𑐾𑐣𑐖𑑀𑐖𑐩𑐵𑐣𑐳𑑂𑐫𑐁𑐫𑐶
8f9z1512,𑐳𑐵𑐥𑑄𑐔𑐩𑐵𑐴𑐵𑐥𑐵𑐟𑐎𑐬𑐵𑐎𑐖𑐸𑐬𑑀𑑌𑐳𑑄𑐩𑑂𑐰𑐟
af793c85,𑐩𑐏𑐣𑐩𑐞𑑂𑐜𑐥𑐟𑑀𑐬𑐎𑐾𑑍𑐥𑐶𑐠𑐸𑐐𑑂𑐰𑐵𑐕𑐾𑐐𑐺𑐴𑐰𑐵𑐳𑐶𑐣
62af8838,𑑊𑑉𑐣𑐩𑑅𑑌𑐱𑑂𑐬𑐾𑐫𑑀𑑇𑐳𑑂𑐟𑐸𑑌𑐳𑑄𑐰𑐟𑑂𑑗𑑔𑑗𑐩𑐵𑐑𑐱𑐸𑐎𑑂𑐮𑑌𑐥𑑄𑐔𑐩𑑂𑐫𑐵𑐣𑑂𑐟𑐶𑐠𑑁𑑌𑐄𑐟𑑂𑐟𑐬𑐨𑐡𑑂𑐬𑐣𑐎𑑂𑐲𑐟𑑂𑐬𑐾
393b798c,𑐫𑐖𑐩𑐵𑐣𑐦𑐕𑐶𑐬𑐵𑐩𑐨𑐵𑐬𑑀𑑍𑐴𑐬𑐶𑐣𑐵𑐬𑐵𑐫𑐞𑐨𑐵𑐬𑑀𑑍𑐱𑐶𑐰𑐎𑐺𑐲𑑂𑐞𑐨𑐵𑐬𑑀𑑍𑐳𑑂𑐰𑐩𑑂𑐴𑐳
713dc605,𑐖𑐸𑐧𑐵𑐴𑐵𑐬𑐫𑐵𑐡𑐾𑐰𑐖𑐸𑐠𑑂𑐰𑐧𑐾𑐮𑐳𑑋𑑋𑐡𑐬𑑂𑐱
6bz53619,𑐮𑑂𑐫𑑄𑐄𑐢𑐵𑐬𑐖𑐸𑐫𑐩𑐵𑐬𑑍𑐖𑐖𑐩𑐵𑐣𑐫𑐵𑑄𑐠𑐸𑐐𑐸𑐖𑐣𑑂𑐩𑐳𑐖𑐣𑐢𑐣𑐳𑐣𑑂𑐟𑐵𑐣𑐔𑐟𑐸
z3z33d9c,𑐛𑐣𑑂𑐟𑐷𑐴𑐶𑐟𑑄𑐳𑐾𑐫𑐎𑐵𑐣𑐵𑑄𑐳𑑂𑐩𑐬𑐣𑑂𑐟𑐷𑑋𑐖𑐐𑐖𑑂𑐖𑐵𑐜𑑂𑐫𑐩𑐵𑐣𑐷𑐫𑐢𑐺𑐟𑑂𑐰𑐵𑐎𑐥𑐵𑐮𑐾𑑍𑐩𑐸𑐡𑐟𑑂𑐫𑐸𑐐𑑂𑐬𑐟𑐵𑐬𑐵𑐨𑐸𑐖𑐳𑑂𑐟𑐟𑑂𑐫𑐳𑑄𑐏𑑂𑐫
0919z0dc,𑐩𑑅𑐱𑑂𑐬𑐷𑐮𑑀𑐎𑐣𑐵𑐠𑐵𑐫𑑌𑐡𑐵𑐎𑑂𑐲𑐶𑐞𑑂𑐫𑑀𑐟𑑂𑐟𑐬𑐡𑐶𑐐𑑂𑐐𑐟𑑅𑐎𑐬𑐟𑐮𑐾𑐥𑐒𑑂𑐎𑐾𑐬𑐸𑐴𑑅𑐳𑐵𑐬𑐠𑐶𑑄𑐎𑐺𑐟𑑂𑐰𑐵𑐔𑐵𑐞𑑂𑐜
czd25d2z,𑐐𑐸𑐞𑐏𑐐𑐱𑐶𑐎𑐵𑐬𑑂𑐟𑐶𑐎𑐾𑐱𑐸𑐎𑑂𑐮𑐥𑐎𑑂𑐲𑐾
b5fc7164,𑐡𑐸𑐡𑐵𑐟𑐵𑐫𑐵𑐧𑑄𑐳𑐡𑐟𑐫𑐵𑐒𑐵𑐌𑐟𑐫𑐩𑐵𑐬𑑌
224435f2,𑐎𑐵𑐲𑑂‍𑐛𑐩𑐞𑑂‍𑐡𑐥𑐩𑐴𑐵𑐣𑐐𑐬𑐾𑐟𑐬𑐰𑑀𑐟𑑀𑐮𑐧𑐜𑐣𑐣𑐶𑐫𑐾𑐟𑐵𑐕𑐾𑑃𑐫𑐵𑐥𑐶𑐟
cc189z5f,𑐖𑐷𑐰𑐨𑐵𑐬𑑀𑑍𑐰𑐵𑐰𑐸𑐡𑐷𑑄𑐟𑐨𑐵𑐬𑑀𑑋𑑋𑐟𑐳𑑂𑐫𑐢𑐬𑑂𑐩𑑂𑐩𑐥𑐸𑐞𑑂𑐫𑐾𑐦𑐮𑐾𑐣𑐖𑐣
8aff3417,𑐟𑑍𑐎𑐵𑐱𑐶𑐬𑐵𑐖𑐫𑐵𑐕𑐾𑐣𑐡𑐎𑑂𑐲𑐶𑐞𑐟𑐢𑐬𑑂𑐩𑑂𑐩𑐬𑐵𑐖𑐫𑐵
zfc54116,𑐩𑐮𑑂𑐮𑐳𑑂𑐫𑑍𑐖𑑂𑐫𑐾𑐲𑑂𑐛𑐵𑐳𑐬𑑂𑐰𑐐𑐸𑐞𑐵𑐣𑑂𑐰𑐶𑐟𑐵𑑋𑐰𑐶𑐲𑑂𑐞𑐸𑐩𑐟𑐷𑐟𑐶𑐣𑐵𑐩𑑂𑐣𑐵𑐳𑑁𑐰𑐶𑐲𑑂𑐞𑑀𑐬𑑂𑐮𑐎𑑂𑐲𑑂𑐩𑐷𑐬𑐶𑐰𑐵𑐥𑐬𑐵𑑌𑐎𑐣𑐶𑐲𑑂𑐛𑐵𑐖𑐫𑐮𑐎𑑂𑐲𑑂𑐩𑐷𑐳𑐵𑑍𑐱𑑄𑐎𑐬𑐳𑑂𑐫𑐾𑐰𑐥𑐵𑐬𑑂𑐰𑑂𑐰𑐟𑐷
fdf57336,𑐧𑐵𑐎𑑄𑐟𑐒𑐣𑑌𑐩𑐣𑑀𑐴𑐬𑐵𑐩𑐫𑐶𑐫𑐵𑐣𑐵𑐩𑐣𑐬𑑀𑐴𑑀𑐬𑐧𑐸𑐬𑑀𑑒𑐠𑑂𑐰𑐟𑐾𑐧𑐸𑐫𑐧𑐶𑐬𑐳𑐵
cdbzb029,𑐳𑐴𑐳𑑂𑐬𑐴𑑀𑐩𑐰𑐶𑐢𑐶𑐣𑐵𑐰𑐷𑐬𑐾𑐱𑑂𑐰𑐬𑑀𑐨𑐹𑐳𑐸𑐬𑑅𑑋𑐴𑑀𑐟𑐵𑐰𑐶𑐲𑑂𑐞𑐸𑐩𑐏𑑄𑐰𑐶𑐢𑐵𑐫𑐴𑐰𑐶𑐲𑐵𑐳𑑄𑐟𑐬𑑂𑐥𑑂𑐫𑐰𑐴𑑂𑐣𑐶𑑄𑐳𑐸𑐢𑐷𑑅𑐎𑐾𑐳𑐵𑐬𑐾𑑅𑐥𑑂𑐬𑐟𑐶
52c6a71z,𑑌𑑒𑑌𑐣𑐰𑐩𑑂𑐫𑐵𑑄𑐥𑐺𑐞𑑂𑐫𑐟𑐶𑐠𑑁𑐖𑑂𑐫𑐟𑐶𑐱𑐸𑐨𑐱𑐸
a2za7z0c,𑐴𑐵𑐢𑐬𑑂𑐩𑐔𑐶𑐟𑐡𑐸𑐏𑐩𑐵𑐣𑐖𑐸𑐫𑐵𑐌𑐖𑐶𑐬𑑂𑐣𑐄𑐡𑑂𑐢𑐵𑐮𑐥𑑂𑐬𑐟𑐶𑐳𑑂𑐠𑐵𑐫𑐵
8z6a2zfz,𑐴𑐾𑐩𑐵𑐬𑑂𑐫𑐟𑐵𑐬𑐵𑐳𑐴𑐶𑐟𑐡𑑂𑐰𑐫𑐱𑐶𑐮𑐵𑐳𑑂𑐟𑑄
2619d0z9,𑐟𑑂𑐫𑑄𑐡𑐫𑐎𑐵𑐱𑐸𑐨𑑅𑑋𑑋
252f9815,𑐣𑐰𑐩𑑂𑐫𑐵𑐫𑐵𑑄𑐟𑐶𑐠𑑂𑐰𑑁𑐄𑐟𑑂𑐬𑐨𑐡𑑂𑐬𑐣𑐎𑑂𑐲𑐟𑑂𑐬𑑍𑐁𑐡𑐶𑐟𑑂𑐫𑐰𑐵𑐬𑑍𑐠𑑂𑐰𑐎𑐹𑐣𑑂𑐴𑐸𑐠𑑂𑐰𑐴𑐬𑐵𑐴𑐬𑐮𑑀𑐎𑐾𑐱𑑂𑐰𑐬
842z909d,𑐢𑐾𑑅𑐥𑐡𑑂‌𑐩𑐾𑐰𑐥𑐡𑑂𑐫𑐾𑐎𑑂𑐲𑐞𑐵𑐫𑐳𑑂𑐫𑐵𑑅𑐰𑐶𑐞𑐸𑐬𑐶𑐰𑐎𑑂𑐲𑐩𑐷𑐰𑐶𑐩𑐮𑐢𑐷𑑅𑐱𑑂𑐬𑐷𑐬𑐸𑐡𑑂𑐬𑐩𑐮𑑂𑐮𑑅𑐩𑐟𑐶𑑅𑐥𑑂𑐬𑐵𑐳𑐵𑐡𑑀𑐬𑐖𑐟𑐵𑐔𑐮𑐵
28a62154,𑐖𑐐𑐟𑑂𑐎𑐵𑐬𑐶𑐞𑐷𑑋𑐳𑑄𑐳𑐵𑐬𑐵𑐩𑑂𑐧𑐸𑐢𑐶𑐟𑐵𑐬𑐶𑐞𑐷𑐣𑐶𑐖𑐥𑐡𑐵𑐳𑐎𑑂𑐟𑐢𑐶𑐳𑑄𑐴𑐵𑐬𑐶𑐞𑐷𑐱𑐩𑑂𑐨𑐸𑐎𑑂𑐬𑑀𑐜
33fa392d,𑐟𑐳𑑂𑐫𑐵𑐟𑑂𑐩𑐖𑑀𑐣𑐷𑐟𑐶𑐰𑐡𑐵𑑄𑐰𑐬𑐶𑐲𑑂𑐛𑑅𑐳𑑁𑐣𑑂𑐡𑐬𑑂𑐫𑐫𑐬𑐟𑑂𑐣𑐵𑐎𑐬𑐁𑐰𑐶𑐬𑐳𑐷𑐟𑑂𑑋𑐎𑐺𑐲𑑂𑐞𑐎𑐔𑐶𑐟𑑀𑐰𑐶𑐱𑐡𑐵𑑄𑐟𑐬𑐵𑐟𑑂𑐩𑐵𑐱𑑂𑐬𑐷𑐆
12a3zf43,𑐧𑐬𑑂𑐲𑐧𑑄𑐢𑐵𑐡𑐶𑐎𑐬𑑂𑐩𑑂𑐩𑐞𑐶𑐱𑑂𑐬𑐷𑐣𑐵𑐬𑐵𑐫𑐞𑐡𑐵𑐳𑐾𑐣𑐳𑑀𑐬𑐴𑐡𑑂𑐬𑑀𑐥𑑄𑐣𑐶𑐎𑑄𑐎𑑂𑐲𑐾𑐟𑑂𑐬𑐳𑑄𑐥𑐡𑐟𑑂𑐟𑑄
15c1a69c,𑐰𑐶𑐩𑐵𑐣𑐱𑑂𑐬𑐷𑑓𑐖𑐐𑐣𑑂𑐣𑐵𑐠𑐥𑑂𑐬𑐟𑐶𑐩𑐵𑐳𑐴𑐶
a62227z4,𑐥𑐵𑐡𑐸𑐎𑐵𑐠𑐵𑐥𑐣𑐵𑐫𑐵𑐒𑐵
f82455zd,𑐳𑑂𑐧𑑄𑐟𑑂𑑘𑑓𑑒𑐔𑐿𑐟𑑂𑐬𑐾𑐩𑐵𑐳𑐾𑐎𑐺𑐲𑑂𑐞𑐥𑐎𑑂𑐲𑑌𑐡𑑂𑐰𑐡𑐱𑑂𑐫𑐵𑑄𑐣𑑂𑐟𑐶𑐠𑑁𑑌𑐄𑐟𑑂𑐬𑐨𑐡𑑂𑐬𑐣𑐎𑑂𑐲𑐾𑐟𑑂𑐬𑐿𑑌𑐧𑐶𑐳
02a7c26z,𑐳𑐴𑐳𑑂𑐬𑐴𑑀𑐩𑐰𑐶𑐢𑐶𑐣𑐵𑐰𑐷𑐬𑐾𑐱𑑂𑐰𑐬𑑀𑐨𑐹𑐳𑐸𑐬𑑅𑑋𑐴𑑀𑐟𑐵𑐰𑐶𑐲𑑂𑐞𑐸𑐩𑐏𑑄𑐰𑐶𑐢𑐵𑐫𑐴𑐰𑐶𑐲𑐵𑐳𑑄𑐟𑐬𑑂𑐥𑑂𑐫𑐰𑐴𑑂𑐣𑐶𑑄𑐳𑐸𑐢𑐷𑑅𑐎𑐾𑐳𑐵𑐬𑐾𑑅𑐥𑑂𑐬𑐟𑐶
543189cb,𑐣𑑂𑐩𑐹𑐬𑑂𑐟𑑂𑐟𑐫𑐾𑑋𑐦𑐞𑐵𑐳𑐥𑑂𑐟𑐧𑐶𑐨𑐹𑐲𑐵𑐫𑐮𑑀𑐎𑐵𑐬𑑂𑐟𑑂𑐟𑐶𑐨𑐫𑐴𑐵𑐬𑐶𑐞𑐾𑑌𑐫𑐖𑐩
910aza71,𑐧𑐖𑑂𑐬𑐳𑐟𑑂‍𑐧𑐵𑐨𑐸𑐧𑐣𑐧𑐬𑐐𑐸𑐬𑐹𑑄𑐳𑐬𑑂𑐧𑑂𑐧𑐧𑐹𑐡𑑂𑐢𑐨𑐧𑐣𑑂𑐟𑑄𑑅
dz5b3285,𑑊𑐳𑑂𑐰𑐳𑑂𑐟𑐶𑑋𑑋𑑌𑐱𑑂𑐬𑐷𑑓𑐔𑐣𑑂𑐡𑐾𑐱𑑂𑐰𑐬𑐷𑐨𑐰𑐵𑐣𑐷𑐥𑑂𑐬𑐶𑐟𑐶𑐣
acfd1aaf,𑐳𑐶𑐟𑑋𑑋𑐎𑐵𑐱𑑂𑐫𑐥𑑍𑐐𑑀𑐟𑑂𑐬𑐳𑑂𑐫𑑍𑐐𑑀𑐥𑐵𑐮𑐬𑐵𑐩𑐨𑐵𑐬𑑀𑐩𑑂𑐟𑑂𑐬𑐷𑐢𑑄𑐮𑐵
97z50b3d,𑐠𑑂𑐰𑐟𑐾𑐫𑐵𑐐𑐸𑐠𑐶𑐖𑐣𑐫𑐥𑐟𑐶𑐎𑑂𑐬𑐖𑐸𑑌
5azc6874,𑐕𑐷𑐡𑐵𑐖𑐸𑐐𑑄𑐐𑐵𑐬𑐵𑐩𑐥𑐷𑐟𑐷𑐣𑐩𑐠𑐾
6dcf3985,𑐢𑐵𑐬𑐾𑐳𑐶𑐎𑑀𑐬𑐫𑐣𑑂𑐟𑐵𑐐𑑂𑐬𑐴𑐢𑐣𑐳𑐶𑑄𑐴𑐩𑐸𑐬𑐳𑐶
07fzz171,𑐳𑐸𑐏𑐩𑐫𑐡𑐾𑐴𑐶𑐣𑐵𑐩𑑀𑐎𑑂𑐲𑐴𑐾𑐟𑐸𑑌𑑑𑑌𑐁𑐟𑑂𑐩𑐬𑐎𑐵𑐬
ffcb26db,𑑌𑑒𑑌𑐣𑐰𑐩𑑂𑐫𑐵𑑄𑐥𑐺𑐞𑑂𑐫𑐟𑐶𑐠𑑁𑐖𑑂𑐫𑐟𑐶𑐱𑐸𑐨𑐱𑐸
cdd4f3db,𑐳𑐶𑑄𑐴𑑍𑐱𑐵𑐎𑑂𑐫𑐨𑐶𑐎𑑂𑐲𑐸𑐱𑑂𑐬𑐷𑐥𑐩𑑍𑐳𑐶𑐎𑑂𑐰𑐩𑐐𑐸𑐜𑐶𑐰𑐶𑐴𑐵𑐬𑑍𑐧𑐖𑐵𑐔𑐵𑐬𑑂𑐫𑐱𑑂𑐬𑐷𑐬𑐣𑑂𑐴𑐡𑐾
d8c2416b,𑐱𑑂𑐬𑐷𑐱𑑂𑐬𑐷𑐖𑐫𑐥𑑂𑐬𑐟𑐵𑐥𑐩𑐮𑑂𑐮𑐡𑐾𑐰𑐥𑑂𑐬𑐨𑐸𑐠𑐵𑐎𑐸𑐬𑐳𑑂𑐫𑐰𑐶𑐖𑐫𑐬𑐵𑐖𑑂𑐫𑑅𑑋𑑋𑐱𑑂𑐬𑐷𑐳𑐸𑐰𑐬𑑂𑐞𑑂𑐞𑐥𑐞𑐵𑐮𑐶𑐩𑐴𑐵
8b033dba,𑐧𑐸𑐳𑐵𑐢𑐣𑐫𑐵𑐫𑐩𑐵𑐮𑐔𑐥𑐵𑐮𑐳𑐳𑐾𑐣𑐐𑐸𑐮𑑂𑐴𑑀𑐣𑐾𑐩𑐵
300f33c5,𑐐𑐸𑐖𑐸𑐬𑐶𑐕𑑀𑐎𑐵𑐳𑑂𑐫𑑄𑐥𑑂𑐬𑐟𑐶𑑄𑐳𑑂𑐠𑐵𑐫𑐵𑐒𑐵𑐖𑐸𑐬𑑀𑑍𑐐𑐖𑐸𑐬𑐷𑐕𑐵𑐳𑑂𑐫𑑄𑐢𑐸𑑄𑐐𑑂𑐰𑐖𑐸𑐬𑑀𑑌𑐠𑑂𑐰𑐰𑐾𑐬𑐳
416fb38d,𑑊𑐳𑐩𑑂𑐰𑐟𑑘𑑑𑑐𑐁𑐱𑐶𑐸𑐣𑐷𑐱𑐸𑐎𑑂𑐮𑑌𑐡𑐱𑐩𑐷
aac77aa6,𑐢𑐬𑐩𑐡𑐵𑐳𑐡𑐾𑐰𑐶𑐡𑐵𑐳𑑋𑑋𑐠𑑂𑐰𑐟𑐾𑐳𑑂𑐫𑐣𑐔𑐶
920dz896,𑐟𑑂𑐫𑐵𑐳𑐺𑐬𑐖𑐮𑐥𑐵𑐫𑐶𑐣𑐷𑐳𑑂𑐰𑐣𑐺𑐫𑐱𑑀𑐢𑐬𑐵𑐢𑐬𑐵𑐱𑑀𑐨𑐶𑐣𑐷𑑋𑐥𑐵𑐲𑐞𑑂𑐜𑐵𑐱𑐫
1fa0c7d4,𑐮𑐶𑐟𑐥𑑂𑐬𑑀𑐡𑑂𑐫𑐣𑑂𑐩𑑀𑐴𑐢𑐣𑐵𑐣𑑂𑐢𑐎𑐵𑐬𑐥𑐚𑐮𑐥𑑂𑐬𑐰𑑂𑐫𑐎𑑂𑐟𑐧𑑀𑐢𑑀𑐡𑐫𑑅𑑋𑐱𑐵𑐣𑑂𑐟𑐎𑑂𑐮𑐵𑐣𑑂𑐟𑐥𑐬𑐵𑐨𑐰𑐵𑐫𑐟𑐢𑐬𑐵
zz961dc4,𑐡𑐫𑐎𑐵𑐖𑐸𑐬𑑀𑑍𑐟𑐟𑐥𑐸𑐞𑑂𑐫𑐵𑐠𑐾𑐣𑐖𑑀𑐖𑐩𑐵𑐣𑐳𑑂𑐫𑐁𑐫𑐶
f767686f,𑐥𑐱𑑂𑐰𑑍𑐳𑑄𑐑𑑂𑐮𑐥𑑂𑐬𑐰𑐟𑐳𑑂𑐫𑑍𑐳𑐣𑐶𑐡𑑂𑐫𑐾𑑍𑐳𑐩𑐸𑐬𑐵𑐎𑐵𑐬𑑂𑐫𑐩𑐣𑐞𑑂𑐜𑐬𑑂𑐫𑑍𑐄𑐥𑐕𑐡𑑀𑐴
c4177a9c,𑐴𑐾𑐩𑐵𑐬𑑂𑐫𑐟𑐵𑐬𑐵𑐳𑐴𑐶𑐟𑐡𑑂𑐰𑐫𑐱𑐶𑐮𑐵𑐳𑑂𑐟𑑄
1za70997,𑐨𑐷𑐩𑐳𑐾𑐣𑐥𑑂𑐬𑐵𑐳𑐵𑐡𑐩𑐾𑐣𑑄𑐣𑐫𑐣𑐵𑐨𑐶𑐬𑐵𑐩𑑄𑑌𑐣𑐾𑐥𑐵𑐮𑐵𑐰𑑂𑐡𑐾𑐱𑐱𑐢𑐬𑐣𑐩𑑅𑐎𑐸𑐘𑑂𑐖𑐬𑐾𑐨𑐵𑐳𑐶𑐨𑐵𑐬𑑂𑐐𑑂𑐐𑐾𑑍𑐱𑐸𑐎𑑂𑐮𑐾𑐥𑐎𑑂𑐲𑐾𑐐𑐸𑐴𑐟𑐶𑐠𑐶𑐫𑐸𑐟𑐾𑐰𑐵𑐳𑐬𑐾𑐔𑐣𑑂𑐡𑑂𑐬𑐥𑐸
c5591449,𑐧𑑂𑐬𑐟𑐶𑐮𑑀𑐎𑐳𑐩𑐳𑑂𑐟𑐳𑑂𑐫𑐩𑐵𑐑𑐧𑑂𑐬𑐟𑑂𑐟𑐫𑐵𑐱𑑂𑐬𑐷𑐱𑑂𑐬𑐷𑐩𑐵𑐢𑐧𑐨𑐵𑐜
057b96c8,𑐠𑑂𑐰𑐟𑐾𑑘𑐩𑑂𑐴𑐳𑐩𑐸𑐬𑑂𑐔𑐫𑐣𑐱𑑂𑐬𑐷𑑓𑐳𑐶𑐡𑑂𑐢𑐶
2b1fb403,𑐎𑑂𑐲𑑂𑐩𑐷𑐔𑑌𑐟𑐡𑐣𑐸𑐖𑐱𑑂𑐬𑐷𑐖𑐷𑐟𑐱𑑂𑐬𑐩𑐳𑑂𑐫𑐨𑐵𑐬𑑂‍𑐫𑐵𑐱𑑂𑐬𑐷𑐰𑐶𑐖𑐣𑐮𑐎𑑂𑐲𑑂𑐩𑐷𑐳𑐵𑑌𑐎
285c3a88,𑐎𑑂𑐬𑐩𑐵𑐟𑐵𑐖𑐣𑑂𑐟𑐮𑐎𑑂𑐲𑑂𑐩𑐷𑐢𑐷𑐬𑑂𑐖𑐮𑐎𑑂𑐲𑑂𑐩𑐷
f0aazda6,𑐩𑐮𑐵𑐳𑑂𑐰𑐴𑑂𑐩𑑄𑐳𑐾𑐣𑑄𑐳𑐩𑐸𑐔𑑂𑐔𑐫𑐣𑐟𑐸𑐬𑐳
8bf1fdz2,𑑊𑐣𑐶𑐟𑑂𑐫𑑄𑐱𑑂𑐬𑐷𑐱𑐶𑐰𑐮𑐶𑑄𑐐𑐥𑐸𑐖𑐣𑐧𑐶𑐢𑑁𑐎𑐵𑐬𑑂‍𑐫𑑄𑐖𑐣𑐿𑐳𑑂𑐟𑐟𑑂‍𑐥𑐬𑐿𑑅𑐱𑑂𑐬𑐷𑐏
963dc621,𑐩𑑅𑐱𑑂𑐬𑐷𑐮𑑀𑐎𑐣𑐵𑐠𑐵𑐫𑑌𑐡𑐵𑐎𑑂𑐲𑐶𑐞𑑂𑐫𑑀𑐟𑑂𑐟𑐬𑐡𑐶𑐐𑑂𑐐𑐟𑑅𑐎𑐬𑐟𑐮𑐾𑐥𑐒𑑂𑐎𑐾𑐬𑐸𑐴𑑅𑐳𑐵𑐬𑐠𑐶𑑄𑐎𑐺𑐟𑑂𑐰𑐵𑐔𑐵𑐞𑑂𑐜
c57b4aa4,𑑉𑐣𑐩𑑅𑐱𑑂𑐬𑐷𑐧𑐖𑑂𑐬𑐢𑐵𑐟𑐸𑐔𑐿𑐟𑑂𑐫𑐵𑐫𑑌𑑌𑐱𑑂𑐬𑑀𑐳𑑂𑐟𑐸𑐳𑐩𑑂𑐰𑐟𑑂𑑙𑑔𑑘
a14baa6b,𑐰𑐎𑐸𑐣𑑂𑐴𑐸𑐳𑐶𑑄𑐴𑐳𑐶𑑄𑐢𑐶𑐣𑐷𑑍𑐕𑐾𑐥𑐮𑐢𑐵𑐎
76aa4z4z,𑑅𑐳𑐸𑐟𑑀𑐐𑐸𑐞𑐣𑐶𑐢𑐶𑐬𑑂𑐫𑑂𑐫𑐱𑑂𑐰𑐾𑐣𑑂𑐡𑑂𑐬𑐩𑐮𑑂𑐮𑐵𑐩𑐶𑐢𑑅𑐱𑐸𑐡𑑂𑐢𑐵𑐔𑐵𑐬𑐰𑐟𑐷𑐐𑐸𑐞𑐣𑐶𑐮𑐫𑐵𑐟𑐸𑐮𑑂𑐫𑐵𑐴𑐬𑐾𑑅𑐎𑐵𑐣𑑂𑐟𑐫𑐵𑑅𑑌𑐟𑐳𑑂𑐫𑐵𑑅𑐳𑐸𑐟𑐵𑐳𑐷𑐟𑑂𑐳𑐸𑐡𑐟𑐷𑐎𑐸
z871d423,𑐩𑐏𑐣𑐩𑐱𑐥𑐡𑐵𑐣𑐰𑐣𑐸𑐩𑐳𑐕𑐾𑐫𑐵𑐠𑐵𑐥𑐶𑐟𑐢𑐬𑑂𑐩𑑂‍𑐩𑐵𑐟𑐳𑑂𑐫𑐢𑐣𑐳𑐶𑑄𑐴𑐨𑐵𑐬𑑀
az19bf73,𑐥𑐱𑐸𑐥𑐟𑐶𑐔𑐬𑐞𑐎𑐩𑐬𑐥𑐬𑐶
399b4442,𑐨𑑀𑐖𑐣𑐫𑐵𑐔𑐎𑐾𑐩𑐵𑐮𑑌𑐱𑑂𑐬𑐷𑐰𑐵𑐐𑑂𑐩𑐟𑐷𑐩𑐹𑐬𑑂𑐟𑐶𑐳𑐥𑐹𑐖𑐵𑑍𑐩𑐟𑐧𑐶𑐫𑑍𑐣𑐶𑐟𑑂𑐫𑐩𑐵𑐮𑑌𑑌𑐰𑐔𑐶𑐣𑑂𑐟𑐵𑐫𑐵𑐎𑑍𑐐𑑀𑐲𑑂𑐛𑐷𑐀𑐩𑐵𑐟𑑂𑐫𑑍𑐢𑑂𑐰𑐎𑑍
4496czbc,𑐦𑑂𑐫𑐵𑐒𑐳𑐸𑐣𑐵𑐣𑑄𑐎𑐵𑐳𑐾𑐳𑐣𑐳𑐵𑑍𑐠𑑂𑐰𑐰𑐶𑐴𑐵𑐬𑑍𑐢𑑂𑐰𑑄𑐳𑐣𑐵𑐫𑐵𑐒𑐵𑐥𑑂𑐬𑐵𑐔𑐶𑐟𑑍𑐥𑑄𑐔𑐩𑐴𑐵
5115z49d,𑐕𑐾𑐱𑑂𑐬𑐷𑑓𑐁𑐐𑑂𑐩𑐖𑐸𑐫𑐵𑐕𑐾𑐣𑐄𑐟𑑂𑐟𑑂𑐬𑐟𑐩𑐸𑐐𑐬𑐣𑐥𑐸𑐬𑑂𑐰𑑂𑐰
69186382,𑐰𑐶𑐲𑑂𑐞𑐸𑐣𑐵𑐬𑐵𑐫𑐞𑐨𑐵𑐬𑑀𑐎𑐣𑐾𑐲𑑂𑐛𑐨𑑂𑐬𑐵𑐟𑑂𑐟𑐾𑐱𑐶𑐰𑐣𑐵𑐬𑐵𑐫𑐞𑐨𑐵𑐬𑑀𑑍𑐩𑑀𑐟𑐶𑐬𑐵𑐖𑐨𑐵𑐬𑑀𑑍𑐔𑐵𑐏𑐵𑐧𑐵𑐴𑐵𑐬𑐧𑐎𑐸𑐞𑑂𑐜𑐬𑐵𑐩𑐨𑐵𑐬𑑀
95zz1f0z,𑐳𑑂𑐫𑐥𑐶𑐟𑐵𑑄𑐩𑐴𑐶𑐐𑑂𑐫𑐵𑐣𑐮𑐕𑐶𑐩𑐶𑐠𑐸𑐮𑐶𑐳𑐩𑐸𑐔𑐫𑐣𑐢𑐬𑑂𑐩𑑂𑐩𑐔𑐶𑐟
682fzad2,𑐱𑑂𑐬𑐷𑐴𑐾𑐬𑐸𑐎𑐔𑐮𑐞𑐳𑐾𑐰𑐎𑐱𑑂𑐬𑐷𑐰𑐶𑐱𑑂𑐰𑐎𑐬𑑂𑐩𑑂𑐩𑐵𑐀𑐰𑐟𑐵𑐬
10808f96,𑐣𑐵𑐰𑐁𑐔𑐵𑐬𑐐𑐸𑐠𑐶𑐎𑐟𑐎𑐣𑐔𑐶𑐟𑐵𑐫𑐵𑐒𑐵
abz99407,𑐎𑑂𑐲𑐐𑐟𑐶𑐥𑑂𑐬𑐵𑐦𑐖𑐸𑐥𑐵𑐫𑐐𑐸𑐨𑐳𑐬𑑂𑐰𑐖𑐐𑐟𑐷𑐐𑐸𑐨𑑄
z699fd5b,𑐴𑐵𑐡𑐾𑐰𑐳𑑂𑐎𑐾𑑍𑐱𑑂𑐬𑐷𑑓𑐣𑐵𑐬𑐵𑐫𑐣𑐳𑑂𑐎𑑄𑑍𑐣𑐾𑐩𑑂𑐴𑑄𑐳𑑂𑐟𑐵𑑍𑐖𑐸𑑑𑐥𑐸𑐖𑐵𑑍𑐡𑑄𑑒𑐡𑐎𑑂𑐲𑐶𑐣𑐵𑐡𑑄𑑒
f2d20d8c,𑐐𑐶𑐫𑐵𑐟𑐣𑐶𑐟𑑂𑐫𑐥𑑂𑐬𑑒𑐖𑐵𑐎𑐶𑐧𑐶𑐫𑐩𑐵𑐮𑑍𑐣𑐶𑐟𑑂𑐫𑐧𑐥𑐸𑐫𑐩𑐵𑐮𑑍𑐖𑐷𑐐𑑂𑐬𑐶𑐳𑑄𑐣𑑂𑐫𑐵𑐳𑐶𑐣𑐠𑑀𑐩𑑄𑐞𑑂𑐜𑐥𑐳𑐖𑐵
b1ad8fcb,𑐩𑐵𑐣𑐑𑐬𑑀𑐎𑐵𑐱𑑂𑐫𑐥𑑀𑐖𑐵𑐨𑐵𑐖𑐸
b5dd27ad,𑐰𑐱𑑂𑐬𑐷𑐨𑐹𑐥𑐟𑐷𑐣𑐵𑑄𑐳𑐨𑐵𑐳𑑂𑐠𑐵𑐣𑑄𑐳𑐣𑑂𑐩𑐞𑐶𑐩𑐞𑑂𑐜𑐥𑑄𑐳𑐸𑐮𑐮𑐶𑐟𑐖𑐷𑐬𑑂𑐞𑐟𑑂𑐰𑐥𑐵𑐳𑑂𑐫𑐡𑑂𑐬𑐸𑐟𑑄𑐳𑑄𑐐𑐷𑐟𑐵𑐬𑑂𑐞𑑂𑐞𑐰𑐥𑐵
921ca36a,𑐡𑐾𑐧𑐥𑑂𑐬𑐩𑐹𑐲𑐣𑐖𑐖𑐩𑐵𑐣𑐖𑐏𑐬𑐵𑐖𑐨𑐵𑐬𑑀
f720bab5,𑐣𑐳𑐾𑐣𑐎𑐾𑐢𑐎𑑄𑐢𑐵𑐮𑐳𑐵𑐡𑐾𑐰𑐫𑐵𑐎𑐸𑐡𑐶𑐳𑑂𑐟𑐷𑐮𑐵𑐎𑐖𑐸𑐫𑐰𑐨𑐶𑐣
040a783b,𑑅𑐧𑐲𑑂𑐚𑐶𑐣𑐧𑐬𑐟𑑂𑐣𑑄𑐥𑐣𑐶𑐥𑐹𑐬𑑂𑐞𑑂𑐞𑐖𑐸𑐫𑐵𑐀𑐣𑑂𑐟𑐬𑐎𑐵𑐬𑐾𑐀𑐣𑐸𑐟𑑂𑐟𑐬𑐵𑐫𑐵
ac446da4,𑐔𑐶𑐟𑑂𑐟𑐄𑐟𑑂‍𑐥𑐟𑑂𑐟𑐶𑐖𑐸𑐫𑐵𑐌𑑌𑐳𑑄𑐩𑑂𑐧𑐟𑑑𑑐𑑑𑑐𑐩𑑂𑐟𑐶
06211bc2,𑐫𑐞𑐳𑐴𑐶𑐟𑑄𑐱𑑂𑐬𑐷𑐐𑑀𑐥𑐵𑐮𑐾𑐱𑑂𑐰𑐬𑐳𑑂𑐠𑐵𑐥𑐣𑐵𑐫𑐵
f0840310,𑐐𑐖𑐴𑐬𑐶𑐞𑐵𑐰𑐶𑐲𑑂𑐞𑐸𑐩𑐮𑑂𑐮𑐾𑐣𑐬𑐵𑐖𑑂𑐘𑐵𑑋𑐩𑑀𑐎𑑂𑐲𑐵𑐬𑑂𑐠𑐾𑐰𑐎𑐺𑐟𑐵𑐳𑐵𑐣𑐶𑐖𑐎𑐸𑐮𑐩𑐞𑐶𑐣𑐵𑐢𑐬𑑂𑐩𑑂𑐩𑐔𑐶𑐟𑐾𑐣𑐬𑐩𑑂𑐫𑐵𑐡𑑂𑐬𑐲𑑂𑐚𑐸𑑄𑐰𑐳𑑂𑐟𑐸𑑄𑐔𑐫𑑀𑐐𑑂𑐫𑐵𑐖𑐐𑐟𑐶𑐣𑐶𑐬𑐹𑐥𑐩𑐵𑐣𑐾
0c7c3d37,𑑑𑐄𑑃𑐣𑐩𑑅𑐱𑑂𑐬𑐷𑐢𑐬𑑂𑐩𑑂𑐩𑐢𑐵𑐟𑐰𑐾𑑋𑑋𑐣𑐩𑐳𑑂𑐟𑐸𑐔𑐿𑐟𑑂𑐫𑐵𑐫𑐳𑐸𑐐𑐟𑐵𑐟𑑂𑐬𑐫𑐵𑐫𑐰𑐶𑐱𑐸𑐡𑑂𑐢𑐬𑐸𑐥𑐵𑐫𑐥𑐬𑑂𑐖𑑂𑐘𑐵𑐬
221d5581,𑐡𑐶𑑍𑐳𑐎𑐬𑐰𑐶𑐡𑑂𑐫𑐵𑐬𑐐𑑅𑐬𑐵𑐖𑐬𑐵𑐖𑐾𑐣𑑂𑐡𑑂𑐬𑐎𑐰𑐷𑑄𑐣𑑂𑐡𑑂𑐬𑐰𑐶𑐡𑐐𑑂𑐰𑐔𑐸𑐟𑑂𑐬𑐵𑐩𑐞𑐶𑑍𑐩𑐴𑐵𑐬𑐵𑐖𑐵𑐢𑐶𑐬𑐵𑐖
4093c122,𑐧𑐶𑐟𑐿𑑅𑐨𑐹𑐐𑐞𑐷𑐫𑑅𑑌𑑉𑐀𑐡𑑂𑐫𑐧𑑂𑐬𑐩𑑂𑐴𑐞𑑀𑐡𑑂𑐰𑐶𑐟𑐷𑐫𑐥𑐬𑐵𑐡𑑂𑐫𑐾𑐱𑐾𑐨𑐧𑐵𑐣𑐵𑐴𑐵𑐎𑐮𑑂𑐥𑐾𑐧𑑂𑐬𑐿
5749b033,𑐐𑐣𑐷𑐣𑑁𑐩𑐶𑐣𑐶𑐟𑑂𑐫𑑄𑑌𑑕𑑌𑐱𑐶𑐬𑑀𑐨𑐶𑐣𑑂𑐟𑑂𑐬𑐶𑐨𑐶𑐳𑑂𑐳𑑄𑐫𑐸𑐟𑐵𑐥𑐵𑐣𑐥𑐵𑐟𑐸𑑄𑑍𑐎𑐬𑐾𑐡𑐎𑑂𑐲𑐶𑐞𑐾𑑖𑐣𑐸𑐎𑑂𑐲𑐞𑑄𑐮𑐎𑑂𑐲𑐫𑐎𑐷𑑋
2c0836f4,𑐴𑐾𑐩𑐵𑐬𑑂𑐫𑐟𑐵𑐬𑐵𑐳𑐴𑐶𑐟𑐡𑑂𑐰𑐫𑐱𑐶𑐮𑐵𑐳𑑂𑐟𑑄
5dc41b80,𑐫𑐵𑑌𑐱𑑂𑐬𑐷𑑓𑐥𑑄𑐔𑐵𑐫𑐟𑐣𑐱𑐶𑐧𑐮𑐶𑑄𑐐𑐣𑐶𑐟𑑂𑐫𑐥𑑄𑐔𑑀𑐥𑐔𑐵𑐬𑐥𑐸𑐖𑐵𑑌𑐣𑐿𑐩𑐶𑐳𑑂𑐟𑐶𑐎𑐥𑐸𑐖
d6ac9bza,𑐳𑐵𑐥𑑄𑐔𑐩𑐵𑐴𑐵𑐥𑐵𑐟𑐎𑐬𑐵𑐎𑐖𑐸𑐬𑑀𑑌𑐳𑑄𑐩𑑂𑐰𑐟
280b68bb,𑐨𑐶𑐟𑐵𑐥𑐶𑐱𑐵𑐴𑐵𑑅𑑋𑐟𑐿𑐬𑑂𑐧𑑂𑐧𑐶𑐡𑑂𑐫𑐟𑐵𑐡𑐱𑐧𑐮𑐾𑐣𑐫𑐡𑐵𑐴𑐶𑐥𑑂𑐬𑐵𑐥𑑂𑐟𑐵𑑅𑑍𑐳𑑄𑐎𑐳𑑂𑐫𑐶𑐟𑐵𑑅𑐡𑐱𑐡𑐶
04f01cz0,𑐱𑑂𑐬𑐷𑑓𑐔𑐎𑑂𑐬𑐳𑐰𑐮𑑍𑐡𑐾𑐰𑐥𑑂𑐬𑐷𑐟𑐶𑐣𑑍𑐏𑐳𑑂𑐟𑐶𑐱𑑂𑐬𑐷𑐱𑑂𑐬𑐷𑐖𑐫𑐫𑐟𑐵
25zzc65z,𑐖𑐷𑐰𑐨𑐵𑐬𑑀𑑍𑐰𑐵𑐰𑐸𑐡𑐷𑑄𑐟𑐨𑐵𑐬𑑀𑑋𑑋𑐟𑐳𑑂𑐫𑐢𑐬𑑂𑐩𑑂𑐩𑐥𑐸𑐞𑑂𑐫𑐾𑐦𑐮𑐾𑐣𑐖𑐣
f6971909,𑐣𑐢𑐬𑐢𑐣𑐳𑐶𑐒𑐩𑐴𑐾𑐱𑑂𑐰
070a5c92,𑐩𑐟𑑂𑐫𑐵𑑅𑐥𑐸𑐬𑑂𑐧𑑂𑐧𑐎𑐸𑐮𑐾𑑌𑐐𑐵𑑄𑐐𑐸𑐮𑐥𑐚𑑂𑐚𑐣𑐾𑑌𑐁𑐬𑑂𑐫𑑂𑐫𑐵𑐧𑐬𑑂𑐟𑑂𑐟𑐡𑐾𑐱𑐾𑐱𑑂𑐬𑐷𑐩𑐟𑑂‍𑐎𑐵𑐣𑑂𑐟𑐶𑐥𑐹𑐬
bda40bcd,𑐣𑐠𑑀𑐩𑐞𑑂𑐜𑐥𑐡𑐫𑐎𑐵𑐫𑐵𑐳𑐩𑐳𑑂𑐟𑑄𑐔𑐶𑑄𑐟𑐵𑐫𑐵𑐒𑐵𑐰𑐩𑐴𑐵𑐎𑐲𑑂𑐚𑐫𑐵𑐒𑐵𑐰𑐩𑐴𑐵𑐬𑐵𑐖𑐵𑐫𑐵𑐳𑐾
ba72f66c,𑐳𑑄𑐎𑐬𑐾𑐎𑐬𑑂𑐟𑑂𑐟𑐸𑐎𑐵𑑄𑐰𑐶𑐱𑑂𑐰𑐎𑐬𑑂𑐟𑑂𑐬𑐷𑑍𑐩𑐨𑐶𑐨𑐬𑑂𑐠𑐡𑐵𑐟𑑂𑐬𑐷𑑄𑐳𑐡𑐵𑐔𑐶𑐣𑑂𑐟𑐫𑐵𑐩𑑅𑑌𑑓𑑌𑐱𑑂𑐩𑐱𑐵𑐣𑐵𑐣𑐮𑐵𑐨𑑂𑐫𑐣𑑂𑐟𑐬𑐾𑐱𑐵𑐰
a7baza8d,𑐬𑑂𑐰𑐦𑐵𑐮𑑂𑐐𑐸𑐞𑐷𑐣𑐎𑑂𑐲𑐾𑐟𑐬𑐾𑑍𑐱𑐶𑐰𑐖𑑀𑐐𑐾𑐖𑐠𑐵𑐎𑐬𑑂𑐞𑐩𑑀𑐴𑑀𑐟𑐬𑐾𑑍𑐧𑐾𑐴𑐳𑑂𑐥𑐟𑐶𑐰𑐵𑐳𑐬𑐾𑑍𑐎𑑂𑐬𑐎𑑂𑐬
916dbbfa,𑐩𑐳𑐾𑐣𑐳𑑂𑐠𑐵𑐥𑐣𑐵𑐫𑐵𑐣𑐵𑐡𑐾𑐐𑑀𑐮𑐡𑐫𑐎𑑄𑐣𑐶
fc6d5ba5,𑐫𑐎𑑄𑐧𑑀𑐳𑐵𑐢𑐣𑐫𑐵𑐫𑐩𑐵𑐮𑑌𑑌𑐡𑐾𑐱𑐰𑐮𑐶𑐖𑑂𑐰𑐎𑑀𑐰𑐵𑐴𑐶𑐎𑐣𑐠𑑂𑐰𑐟𑐾𑐄𑐥𑐔𑐵𑐬𑐡𑐫𑐎𑑄𑐱𑑂𑐬𑐵𑐰𑐞𑐱𑐸𑐎𑑂𑐮𑐡𑑂𑐰𑐵𑐡𑐱𑐷𑐎𑐸𑐣𑑂𑐴𑐸𑐥𑐰𑐶
7b06abaz,𑐩𑐴𑐾𑐱𑑂𑐰𑐬𑐳𑑂𑐠𑐵𑐥𑐣𑐵𑐫𑐵𑐒𑐵𑑌𑐠𑑂𑐰𑐰𑐬𑑀𑐳𑐸𑐨𑐱𑑂𑐬𑐷𑑓𑐮𑐎𑑂𑐲𑑂𑐩𑐷
zca7f192,𑑊𑑉𑐣𑐩𑑅𑐱𑑂𑐬𑐷𑑓𑐳𑑂𑐟𑑂𑐬𑐷𑐩𑐹𑐎𑑂𑐟𑐶𑐧𑐖𑑂𑐬𑐵𑐳𑐣𑐀𑐎𑑂𑐲𑑀𑐨𑑂𑐫𑐣𑐩𑑅𑑌𑐳𑑂𑐰𑐳𑑂𑐟𑐶𑐱𑑂𑐬𑐷𑐩𑑂𑐟𑐥𑐱𑐸𑐥𑐟𑐶𑐔𑐬𑐞𑐎𑐩𑐮𑐢𑐸𑐮𑐶𑐢𑐹𑐳𑐬𑐶𑐟𑐱𑑂𑐬𑐷𑐬𑑀𑐮𑐸𑐴𑐱𑑂𑐬𑐷𑐩𑐣𑑂𑐩𑐵𑐣𑐾𑐱𑑂𑐰𑐬𑐷𑐳𑑂𑐟
868c5fzb,𑐩𑐟𑑂𑐫𑐵𑑅𑐥𑐸𑐬𑑂𑐧𑑂𑐧𑐎𑐸𑐮𑐾𑑌𑐐𑐵𑑄𑐐𑐸𑐮𑐥𑐚𑑂𑐚𑐣𑐾𑑌𑐁𑐬𑑂𑐫𑑂𑐫𑐵𑐧𑐬𑑂𑐟𑑂𑐟𑐡𑐾𑐱𑐾𑐱𑑂𑐬𑐷𑐩𑐟𑑂‍𑐎𑐵𑐣𑑂𑐟𑐶𑐥𑐹𑐬
72621c7a,𑐡𑐩𑐫𑐶𑐟𑐸𑑄𑐟𑑂𑐬𑐵𑐟𑐸𑑄𑐳𑐸𑐴𑐺𑐟𑑂𑐳𑐖𑑂𑐖𑐣𑐵𑐣𑑂𑐨𑐹𑐩𑐶𑑄𑐨𑐹𑐲𑐫𑐶𑐟𑐸𑑄𑐟𑐩𑑅𑐳𑐩𑐫𑐶𑐟𑐸𑑄𑐎𑐬𑑂𑐟𑐸𑑄𑐰𑑂𑐫𑐰𑐳𑑂𑐠𑐵𑑄𑐳𑐟𑐷𑑄𑑋𑐰𑐶𑐡𑑂𑐰𑐵𑑄𑐳𑑀𑐣𑐩𑐫𑐣𑑂𑐟𑐶𑐨𑐹𑐥𑐟𑐶𑐐𑐖𑐵𑐣𑑂
9b07c4cz,𑐟𑑄𑐟𑐾𑐟𑑌𑐰𑐣𑑂𑐡𑐾𑐟𑐵𑐬𑑂𑐖𑑂𑐫𑐵𑐳𑐣𑑄𑐡𑐾𑐰𑑄𑑍𑐮𑐎𑑂𑐲𑑂𑐩𑐷𑐣𑐵𑐬𑐵𑐫𑐵𑐞𑑄𑐥𑐸𑐣𑐨𑐰𑐵𑐣𑐶𑐱𑑄𑐎𑐬𑑄𑐔𑐰𑐐𑑀
3b0zz6a8,𑐣𑑂𑐜𑐮𑐎𑑂𑐲𑑂𑐩𑐶𑐩𑐸𑐣𑐶𑐢𑐬𑐎𑐳𑑂𑐫𑐥𑐸𑐟𑑂𑐬𑐬𑐵𑐖𑐧𑐶𑐬𑐳𑐶𑑄𑑍𑐀𑐩𑐸𑐢𑐬
a77ac72c,𑐬𑑀𑐡𑐶𑐣𑐳𑐩𑑂𑐧𑐟𑑘𑑑𑑒𑐖𑑂𑐫𑐾𑐲𑑂𑐛
cf14aa03,𑐩𑐮𑑂𑐮𑐳𑑂𑐫𑑍𑐖𑑂𑐫𑐾𑐲𑑂𑐛𑐵𑐳𑐬𑑂𑐰𑐐𑐸𑐞𑐵𑐣𑑂𑐰𑐶𑐟𑐵𑑋𑐰𑐶𑐲𑑂𑐞𑐸𑐩𑐟𑐷𑐟𑐶𑐣𑐵𑐩𑑂𑐣𑐵𑐳𑑁𑐰𑐶𑐲𑑂𑐞𑑀𑐬𑑂𑐮𑐎𑑂𑐲𑑂𑐩𑐷𑐬𑐶𑐰𑐵𑐥𑐬𑐵𑑌𑐎𑐣𑐶𑐲𑑂𑐛𑐵𑐖𑐫𑐮𑐎𑑂𑐲𑑂𑐩𑐷𑐳𑐵𑑍𑐱𑑄𑐎𑐬𑐳𑑂𑐫𑐾𑐰𑐥𑐵𑐬𑑂𑐰𑑂𑐰𑐟𑐷
53553a03,𑐱𑐢𑑂𑐰𑐖𑐵𑐰𑐬𑑀𑐴𑐣𑐫𑐵𑐒𑐣𑐥𑑂𑐬𑐟𑐶𑐲𑑂𑐛𑐵𑐫𑐵𑐒𑐵𑐡𑐶𑐣𑐖𑐸𑐬𑑀𑑌𑐱𑐸𑐨𑐩𑐳𑑂𑐟𑐸𑑌𑐳𑐬𑑂𑐰𑑂𑐰𑐡𑐵𑑌
ac1d94fa,𑐮𑐏𑐠𑑄𑐒𑐩𑑂𑐴𑐫𑐵𑐟𑐣𑑂𑐴𑐶𑐣𑐖𑐵𑐎𑑂𑐫𑐥𑑂𑐬𑑒𑐢𑐵𑐬𑐾𑐰𑐶𑐫𑐩𑐵𑐮𑑅𑐮𑐏𑐩𑐠𑐣𑐳𑐵𑑅𑐥𑑄𑐣𑑂𑐔𑐩𑐴𑐵𑐥𑐵𑐟𑐎
zd1bbc04,𑐫𑐵𑐒𑐵𑐖𑐸𑐬𑑀𑐢𑐶𑐖𑐶𑐠𑐶
2d0fac0c,𑐱𑑂𑐬𑐷𑐱𑑂𑐬𑐷𑐳𑐸𑐩𑐟𑐶𑐖𑐫𑐖𑐶𑐟𑐵𑐩𑐶𑐟𑑂𑐬𑐩𑐮𑑂𑐮
51930274,𑐎𑐡𑐸𑐰𑐵𑐬𑐴𑐵𑐛𑑀𑑍𑐢𑐣𑐨𑐵𑐬𑑀𑑍𑐐𑑂𑐰𑐥𑐶𑐬𑐵𑐖𑐨𑐵𑐬𑑀𑑍𑐀𑐩𑐶𑐟𑐳𑐶𑑄𑐴𑐨𑐵𑐬𑑀𑑍𑐔𑑄
0832577d,𑐜𑑑𑐬𑐵𑐎𑐸𑐜𑑑𑐧𑐖𑐶𑐡𑑄𑑔𑐢𑐬𑐶𑐎𑐸𑐜𑑑𑐎𑑂𑐬𑐩𑐸𑐦𑑀𑐫𑐵𑑍𑐠𑑂𑐰𑐟𑐶𑐡𑐵𑐣𑐧𑐶𑐫𑐩𑐵𑐮𑑌𑐐𑐸𑐬𑑂𑐰𑑂𑐰𑐵𑐴𑐵𑐬𑐩𑐟𑐕𑑀𑐫𑐎
3fz3138z,𑐳𑑂‍𑐠𑐵𑐥𑐣𑐥𑐟𑐶𑐠𑐵𑐫𑐵𑐣𑐵𑐡𑐶𑐣𑐖𑐸𑐣𑐵𑑅𑐱𑑂𑐬𑐷𑑓𑐳𑐸𑐖𑐶𑐣𑑂‍𑐡𑑂𑐬𑐧𑐶𑐎𑑂𑐬𑐩𑐳𑐵𑐴𑐾𑐧𑐫𑐵𑐳
6d2c118d,𑐟𑐵𑐬𑐎𑐸𑑖𑐥𑐹𑐬𑑂𑐰𑑂𑐰𑐥𑐵𑐏𑐵𑐨𑐹𑐩𑐎𑐵𑑍𑐰𑐐𑐸𑐠𑐶𑐳𑑍𑐡𑐵𑐟𑐵𑐖𑐸𑐳𑐬𑐵𑐫𑐖𑐸𑑍𑐥𑐬𑑀𑐐𑐖𑐸𑐬
f18a9408,𑐥𑐸𑐣𑐬𑐎𑑂𑐲𑐩𑐶𑐟𑑂𑐫𑐵𑐟𑐶𑐨𑐵𑐫𑐸𑐟𑐷𑐬𑐕𑐶𑐢𑐮𑐷𑐔𑐟𑐸𑐫𑐰𑐵𑐮𑐫𑐟𑑂𑐬𑐷𑐎𑑂𑐲𑐣𑐳𑑂𑐰𑐮𑐷𑐟𑐵𑐮𑐵𑐡𑐸
6837a27z,𑐡𑐸𑐡𑐵𑐟𑐵𑐫𑐵𑐧𑑄𑐳𑐡𑐟𑐾𑐔𑐶𑐟𑐵𑐫𑐵𑐒𑐵𑐌𑐟𑐫𑐩𑐵𑐬𑑌
2z134bz7,𑐟𑐺𑐟𑐷𑐫𑐵𑐣𑑂𑐟𑐶𑐠𑑁𑐧𑐺𑐴𑐳𑑂𑐥𑐟𑐶𑐰𑐵𑐬𑐠𑑂𑐰𑐟𑐾
abb92d25,𑐑𑐾𑐕𑐵𑐫𑐱𑐸𑐎𑐶𑑑𑐖𑑀𑐣𑐵𑐫𑐵𑐫𑐩𑐢𑐸𑐥𑐬𑑂𑐎𑑂𑐎𑐫𑐵𑐟𑐡𑑄𑑑𑐡𑐾𑐰𑐳𑑂𑐟𑐡𑐎𑑂𑐲𑐶𑐞𑐵𑐡𑑄𑑒𑐴𑑀𑐩𑐫𑐵𑐟𑐡𑑄𑑖𑐥𑐹𑐖𑐵𑐰𑐵𑐬𑐶𑐥𑐵𑐴𑑂𑐩𑐳𑑂𑐟𑑄𑐡𑑄𑑑𑑐𑐠𑑂𑐰𑐟𑐾𑐡
5ff1a2c8,𑐟𑐵𑐥𑐩𑐮𑑂𑐮𑐱𑑂𑐰𑐾𑐟𑐣𑑂𑐴𑐸𑐩𑐴𑐵𑐬𑐵𑐣𑐶𑐱𑑂𑐬𑐷𑐱𑑂𑐬𑐷𑐱𑐵𑐥𑐸𑐬𑑂𑐰𑑂𑐰𑐟𑐳𑐡𑐾𑐰𑐮𑐡𑐵𑐒𑐵𑐰𑐱𑑂𑐬𑐷𑐱𑑂𑐬𑐷𑐱𑑂𑐬𑐷𑐣𑐷𑐮𑐳𑐬
z1b523cf,𑐎𑐩𑐮𑐾𑐱𑑂𑐰𑐬𑑍𑐩𑐵𑐟𑐵𑐢𑐣𑐩𑐶𑐟𑐨𑐵𑐨𑐺𑐔𑐶𑐎𑐶𑐢𑐶𑐥𑐸𑐳𑐸𑐏𑑄𑐳𑐬𑑂𑐧𑑂𑐧𑐳𑐟𑑂‍𑐰𑐄𑐡𑑂𑐢𑐵𑐮𑐖𑐸𑐌𑐖𑐸
cfcz74cb,𑐡𑑂𑐢𑐶𑐎𑐵𑐮𑐶𑐖𑐠𑑀𑐎𑐠𑐾𑐥𑐸𑐖𑐵𑐫𑐵𑐫𑐩𑐵𑐮𑐰𑐬𑑂𑐲𑐥𑑂𑐬𑐟𑐶𑑄
f44b4884,𑐐𑐱𑐶𑐬𑐣𑐎𑑂𑐲𑐟𑑂𑐬𑐥𑑂𑐬𑐷𑐟𑐶𑐫𑑀𑐐𑐾𑐫𑐠𑐵𑐎𑐬𑑂𑐞𑑂𑐞𑐩𑐹𑐴𑐸𑐬𑑂𑐟𑑂𑐟𑐾𑐧𑐸𑐢𑐧𑐵𑐳
d1064415,𑐣𑐵𑐣𑐟𑐳𑑂𑐫𑐨𑐵𑐬𑑂𑐖𑑂𑐫𑐵𑐩𑑀𑐟𑐶𑐩𑐵𑐫𑐵
8d716abz,𑐏𑐳𑐩𑐵𑐣𑐰𑐬𑑂𑐞𑑂𑐞𑑄𑑍𑐏𑐐𑐾𑐱𑐏𑐾𑐟𑑂𑐰𑑄𑐣𑐏𑐏𑐜𑑂𑐐𑐩𑐸𑐏𑑂𑐫𑑄𑑋𑐏𑐬𑑂𑐰𑐵𑐰𑐟𑐵𑐬𑑄𑐳𑐸𑐏𑐡𑐵𑐡𑐶𑐮𑐾𑐏𑑄𑑍𑐏𑐶𑐮𑐵𑐨𑐶𑐢𑐵𑐣𑑄𑐥𑑂𑐬𑐞𑐩𑐵𑐩𑐶𑐰𑐶𑐲𑑂𑐞𑐸𑑄𑑌𑐀𑐟𑑅𑐥𑐬𑑄𑐣
8273329f,𑐐𑐸𑐖𑐸𑐬𑐶𑐕𑑀𑐎𑐵𑐳𑑂𑐫𑑄𑐥𑑂𑐬𑐟𑐶𑑄𑐳𑑂𑐠𑐵𑐫𑐵𑐒𑐵𑐖𑐸𑐬𑑀𑑍𑐐𑐖𑐸𑐬𑐷𑐕𑐵𑐳𑑂𑐫𑑄𑐢𑐸𑑄𑐐𑑂𑐰𑐖𑐸𑐬𑑀𑑌𑐠𑑂𑐰𑐰𑐾𑐬𑐳
d11537fc,𑐥𑐹𑐟𑑂𑐬𑑍𑐳𑐶𑐡𑑂𑐢𑐶𑐬𑐵𑐩𑐴𑐵𑐎𑐹𑐬𑐵𑐩𑑍𑐥𑐡𑑂𑐩𑐬𑐵𑐩𑑍𑐐𑐸𑐞𑐶𑐬𑐵𑐩𑐎𑐷𑐬𑑂𑐟𑑂𑐟𑐶
3b34269c,𑐄𑐟𑑂𑐫𑐖𑐸𑐫𑐵𑐌𑐳𑐶𑐬𑐵𑐢𑐬𑐐𑐸𑐠𑐶𑐳𑐡𑐸𑐣𑑂𑐟𑐵𑑍𑐢𑐵𑐬𑐏𑐵𑐧𑐸𑐬𑑀𑑑𑐔𑐸𑐬𑑓𑐎𑐶𑐡𑑀𑐬𑐶𑐌𑐧𑐸𑐬𑑀𑑒𑐴𑐵𑐎𑐸𑐟𑑂𑐰𑐵𑐦𑐟𑐌𑐬
19z76326,𑐥𑑂𑐬𑐷𑐟𑐶𑐣𑐣𑐎𑐥𑐳𑐮𑐫𑐵𑐨𑐶𑐩𑐨𑐵𑐬𑑀𑐥𑐸𑐟𑑂𑐬𑐩𑐵𑐣𑐰𑐶𑐬𑐨𑐵𑐬𑑀𑐥𑐸𑐟𑑂𑐬𑐎𑐾𑐴𑐾𑐬𑐳𑐶𑐥𑐸𑐟𑑂𑐬
0zc9czf8,𑐰𑐶𑐖𑐫𑐬𑐵𑐬𑑂𑐖𑑂𑐫𑑌𑐱𑑂𑐬𑐷𑐎𑐵𑐲𑑂𑐛𑐩𑐞𑑂𑐜𑐥𑐥𑐹𑐬𑑂𑐰𑑂𑐰𑐥𑐵𑐏𑐾𑑍𑐟𑐮𑐸𑐩𑐸𑐮𑐩𑐴𑐵𑐰𑐶𑐴𑐵𑐬𑐵𑐢𑐶𑐲𑑂𑐛𑐶𑐟𑑍𑐧
95891ff0,𑐣𑑄𑐱𑑂𑐬𑐷𑐧𑐖𑑂𑐬𑐳𑐟𑑂‍𑐧𑐫𑐱𑐩𑑄𑐱𑐶𑐬𑐳𑐵𑑄𑐣𑐩𑐵𑐩𑐷𑑌𑑒𑑌𑐱𑐹𑐢𑑂𑐫𑐱𑑂𑐬𑐷
dac77df3,𑐖𑐵𑐩𑐫𑐵𑐳𑐵𑐡𑐾𑐰𑐟𑐵𑐫𑐵𑐎𑐸𑐡𑐺𑐲𑑂𑐚𑐶𑐫𑐵𑐟
382c91bf,𑐒𑐵𑐡𑐶𑐣𑑋𑐰𑐬𑑂𑐲𑐥𑑂𑐬𑐟𑐶𑐠𑐰𑐦𑐸𑐎𑐶𑐖𑐖𑐸𑐎𑑀𑐳𑑂𑐫
455b45a0,𑐳𑐳𑐵𑐧𑐔𑐥𑑂𑐬𑐔𑐵𑐧𑑂‍𑐰𑐮𑑅𑐥𑑂𑐬𑐵𑐣𑐶𑐡𑐎𑑀𑐄𑐡𑐵𑐬𑐖𑐸𑐫𑐵𑐩𑐵𑐮𑐢𑐎𑐠𑑂‍𑐰𑐱𑑂𑐬𑐷𑑓𑐔𑐂𑐟𑐾𑐠𑑂‍
3cfdf9d4,𑐢𑐾𑑅𑐥𑐡𑑂‌𑐩𑐾𑐰𑐥𑐡𑑂𑐫𑐾𑐎𑑂𑐲𑐞𑐵𑐫𑐳𑑂𑐫𑐵𑑅𑐰𑐶𑐞𑐸𑐬𑐶𑐰𑐎𑑂𑐲𑐩𑐷𑐰𑐶𑐩𑐮𑐢𑐷𑑅𑐱𑑂𑐬𑐷𑐬𑐸𑐡𑑂𑐬𑐩𑐮𑑂𑐮𑑅𑐩𑐟𑐶𑑅𑐥𑑂𑐬𑐵𑐳𑐵𑐡𑑀𑐬𑐖𑐟𑐵𑐔𑐮𑐵
919c7c13,𑐣𑑂𑐴𑐶𑐟𑐵𑐬𑑂𑐠𑑌𑐣𑐾𑐥𑐵𑐮𑐳𑐩𑑂𑐰𑐟𑐿𑐳𑑂𑐩𑐶𑐣𑐥
a7035c28,𑐮𑐏𑐠𑑄𑐒𑐩𑑂𑐴𑐫𑐵𑐟𑐣𑑂𑐴𑐶𑐣𑐖𑐵𑐎𑑂𑐫𑐥𑑂𑐬𑑒𑐢𑐵𑐬𑐾𑐰𑐶𑐫𑐩𑐵𑐮𑑅𑐮𑐏𑐩𑐠𑐣𑐳𑐵𑑅𑐥𑑄𑐣𑑂𑐔𑐩𑐴𑐵𑐥𑐵𑐟𑐎
132200c9,𑐳𑐥𑐸𑐬𑐵𑐨𑐵𑐬𑐶𑐳𑐰𑐰𑐵𑐐𑑀𑐥𑐵𑐮𑐬𑐵𑐩𑐩𑐵𑐩𑐢𑑄
48ca37z7,𑐫𑐖𑐩𑐵𑐣𑐦𑐕𑐶𑐬𑐵𑐩𑐨𑐵𑐬𑑀𑑍𑐴𑐬𑐶𑐣𑐵𑐬𑐵𑐫𑐞𑐨𑐵𑐬𑑀𑑍𑐱𑐶𑐰𑐎𑐺𑐲𑑂𑐞𑐨𑐵𑐬𑑀𑑍𑐳𑑂𑐰𑐩𑑂𑐴𑐳
23c3987f,𑐟𑑂𑐬𑑅𑐣𑐶𑐮𑐬𑐟𑑂‍𑐣𑐥𑐸𑐟𑑂𑐬𑐶𑐔𑐣𑑂𑐡𑑂𑐬𑐩𑐵𑐫𑐵𑐠𑑂𑐰𑐟𑐾𑐥𑐬𑐶𑐧𑐵
zabc607z,𑐌𑐟𑐶𑑍𑐟𑐳𑑂𑐫𑐨𑐵𑐬𑑂𑐫𑑂𑐫𑐵𑐥𑐡𑐸𑐎𑐣𑐾𑐲𑑂𑐚𑐨𑐵𑐬𑑂𑐫𑑂𑐫𑐵𑐩𑐞𑐷𑐮
3cddzzb3,𑐣𑐾𑐰𑑄𑐎𑐸𑐳𑐵𑐥𑐸𑐏𑐸𑐬𑐳𑐟𑐫𑐵
3za1526z,𑐑𑐵𑐟𑐳𑐡𑐾𑐰𑐥𑐹𑐖𑐵𑐫𑐵𑐎𑐧𑑂𑐬𑐵𑐴𑑂𑐩𑐞𑑍𑐩𑑂𑐴𑑄𑑑𑐱𑑂𑐬𑐷𑐐𑑁𑐬𑐷𑐱𑑄𑐎𑐬𑑍𑐩𑑂𑐴𑑄𑑑𑐱𑑂𑐬𑐷𑐩𑐸𑐣𑐶𑐨𑐵𑐖𑐸𑑍𑐩𑑂𑐴𑑓𑐖𑑀𑐳𑐶𑐩𑑂𑐴𑑑𑐁𑐔𑐵𑐬𑑂𑐫𑑂𑐫𑑍𑐠𑑂𑐰𑐟𑐾𑐳𑑂𑐟𑑄𑐡𑐎𑑂𑐲𑐶𑐞𑐵𑐟𑐳
009z7544,𑐬𑐵𑐖𑐬𑐵𑐖𑐾𑐣𑑂𑐡𑑂𑐬𑐳𑐎𑐬𑐬𑐵𑐖𑐔𑐎𑑂𑐬𑐵𑐢𑐶𑐳𑑂𑐰𑐬𑑍𑐱𑑂𑐬𑐷𑐱𑑂𑐬𑐷𑐖𑐫𑐨𑐹𑐥𑐵𑐬𑐾𑐣𑑂𑐡𑑂𑐬𑐩𑐮𑑂𑐮𑐡𑐾𑐰
24aa3219,𑐎𑐸𑐮𑐩𑐵𑐣𑐨𑑀𑐕𑐶𑐫𑐵𑐢𑐬𑑂𑐩𑑂𑐩𑐔𑐶𑐟𑑂𑐟𑐖𑐸𑐫𑐵
4603faf9,𑐎𑐹𑐥𑐹𑐟𑑂𑐬𑐡𑐾𑐧𑐷𑐢𑑄𑐫𑑀𑐐𑐬𑐵𑐖𑐩𑑀𑐟𑐶𑐮𑐵𑐮𑐡𑐾𑐰𑐬𑐖
728f08z1,𑐠𑐎𑐸𑐠𑑂𑐰𑐟𑐾𑐳𑐾𑐣𑐂𑐣𑐵𑐫𑐎𑑀𑐥𑐸𑐬𑐵𑐨𑐵𑐬𑐶𑑄𑐥𑐱𑑂𑐔𑐶𑐩
d81228d2,𑐎𑑂𑐟𑑍𑐧𑐞𑑂𑐜𑐾𑑍𑐖𑑄𑐩𑑂𑐧𑐸𑑍𑐡𑐷𑐥𑐾𑑍𑐴𑐾𑐩𑐸𑐥𑐵𑐡𑐾𑑍𑐧𑐵𑐳𑐸𑐎𑐶𑐎𑑂𑐲𑐟𑑂𑐬𑐾𑑍𑐴𑐾𑐩𑐵𑐮𑐫𑐵𑑍𑐡𑐎𑑂𑐲𑐶𑐣
665a0901,𑐳𑐡𑐵𑐨𑐎𑑂𑐟𑐶𑐣𑑁𑐣𑐶𑐥𑑂𑐬𑐥𑐺𑐖𑑂𑐫𑑄𑑌𑐩𑐞𑐷𑐳𑐶𑑄
33dz7z75,𑐖𑑀𑐟𑐶𑐧𑐸𑐬𑑀𑑑𑑋𑑋𑐮𑐵𑐐𑑄𑐧𑐸𑐬𑑀𑑑𑐳𑐩𑑂𑐧𑐸𑐟𑐶𑑄𑐧𑐸𑐎𑑂𑐬
62b855f3,𑐬𑑀𑑍𑐖𑐫𑐟𑐬𑐵𑐖𑐨𑐵𑐬𑑀𑑍𑐰𑐶𑐎𑐸𑐨𑐵𑐬𑑀𑑍𑐎𑐸𑐳𑐸𑐩𑐬𑐵𑐖𑐨𑐵𑐬𑑀𑑍𑐖𑐫𑐟𑑂𑐬𑐵𑐖𑐾
da918b75,𑐰𑐺𑐡𑑂𑐰𑐶𑐳𑑂𑐟𑐸𑑍𑐖𑐟𑑀𑐳𑐵𑐳𑑂𑐳𑐟𑑂𑐬𑐳𑐥𑑂𑐬𑐵𑐰𑑂𑐟𑐵𑐨𑐰𑐟𑐸𑑍𑐀
z6088176,𑐩𑐳𑐵𑐴𑐡𑐾𑐧𑐳𑑂𑐫𑐧𑐶𑐖𑐫𑐬𑐵𑐖𑑂𑐫𑐾𑑌𑑌𑐡𑐵𑐣𑐥𑐟𑐾𑐣𑐾𑐥𑐵
35z9750c,𑐟𑐫𑐾𑐰𑐵𑐡𑑂𑐫𑐫𑑄𑑌𑑌𑐎𑐵𑐫𑐲𑑂𑐛𑐎𑐸𑐮𑐳𑑄𑐖𑐵𑐟𑑀𑐰𑐶𑐲𑑂𑐞𑐸𑐳𑐶𑑄𑐴𑐱𑑂𑐰𑐢𑐵𑐬𑑂𑐩𑐶𑐎𑑅𑐩𑐱𑐶𑐎𑐞𑑂𑐜𑐷𑐟𑐶𑐣𑐵
a3f57z38,𑐱𑑂𑐬𑐷𑐱𑑂𑐬𑐷𑐎𑐰𑐷𑐣𑑂𑐡𑑂𑐬𑐖𑐫𑐥𑑂𑐬𑐟𑐵𑐥𑐩𑐮𑑂𑐮𑐡𑐾𑐰𑐾𑐣𑑍𑐠𑐩𑐠𑑂𑐬𑐱𑑂𑐮𑑀𑐎𑐔𑐶𑐒𑐵𑐰𑑍𑐳𑑂𑐟𑑀𑐟𑑂𑐬𑐫𑐵𑐒𑐵𑐰
6z0a121f,𑐎𑑍𑐠𑐰𑐥𑑂𑐬𑐩𑐸𑐏𑐣𑑍𑐠𑐰𑐟𑐵𑐣𑐶𑐩𑐶𑐬𑑂𑐟𑑂𑐟𑐶𑐣𑑍𑐦𑐮𑐾𑑍𑐂𑐟𑐶𑐡𑐫𑐎𑐵𑐰𑑍𑐐𑐸𑐠𑐔𑐶𑐣𑐎𑐵𑐖𑐸𑐬𑑀
db8bc733,𑐬𑐎𑑂𑐲𑑂𑐩𑐶𑐢𑐩𑐂𑐠𑑂𑐰𑐳𑐾𑐣𑐱𑑂𑐰𑐐𑐺𑐴𑐾𑐩𑐣𑐳𑐂𑐕𑑂𑐫𑐵𑐢𑐩𑑂𑐩𑐔𑐶𑐟𑑂𑐄𑐟𑑂𑐫𑐖𑐸𑐫𑐵𑐌𑐳𑐶𑐬𑐵
db36031f,𑐥𑐬𑐡𑐟𑑂𑐟𑐵𑐩𑑂𑐰𑐵𑑍𑐫𑑀𑐴𑐬𑐾𑐟𑑂𑐳𑐸𑐬𑐰𑐶𑐥𑑂𑐬𑐫𑑀𑑅𑑋𑐲𑐲𑑂𑐛𑐷𑐰𑐬𑑂𑐲𑐳𑐴𑐳𑑂𑐟𑑂𑐬𑐵𑐞𑐶𑐰𑐶𑐲𑑂𑐛𑐵𑐫𑐵𑑄𑐖𑐵
60941610,𑐴𑐵𑐞𑑂𑐜𑐳𑐎𑐾𑐟𑑀𑐬𑐞𑐟𑐫𑐵𑐧𑐶𑐫𑐸𑐱𑑂𑐬𑐷𑐐𑑀𑐥𑐶𑐣𑐳𑐶𑑄𑐴𑐖𑐶𑐰𑐣
a8212a45,𑐫𑐵𑐒𑐵𑐰𑐥𑑂𑐬𑐟𑐶𑐲𑑂𑐛𑐵𑐫𑐵𑐒𑐧𑐶𑐧𑐖𑑂𑐫𑐫𑐎𑑌𑐩𑐴𑐵𑐬𑐵𑐖𑐵𑐫𑐵𑐁𑐖𑑂𑐘𑐵𑐣𑐳𑑂𑐰𑐠𑐫𑐵𑐱𑐶𑐰𑐴𑐬𑐶𑐫𑐵𑐥𑐸𑐟𑑂𑐬𑐢𑑀
3dd0a0c4,𑐫𑐵𑐒𑐵𑐖𑐸𑐮𑑀𑐱𑐸𑐨𑑌𑐳𑐩𑑂𑐰𑐟𑑘𑑒𑑘𑐦𑐵𑐮𑑂𑐐𑐸𑐞𑐱𑐸𑐡𑐶𑑘𑐩𑐺𑐐𑐱𑐶
c1f87a08,𑐢𑐬𑐐𑐸𑐠𑐶𑐳𑐡𑐸𑐣𑑂𑐟𑐵𑑍𑐢𑑀𑐬𑐏𑐵𑐧𑐸𑐬𑑀𑑑𑐔𑐸𑐬𑑓𑐎𑐶𑐡𑑀𑐬𑐶𑐌𑐧𑐸𑐬𑑀𑑒𑐴𑐵𑐎𑐸𑐟𑑂𑐰𑐵𑐦𑐮𑐌𑐬
bf753c0z,𑐟𑐡𑐸𑐣𑑂𑐟𑐵𑐰𑑍𑐩𑐸𑐎𑐳𑐶𑐬𑐡𑐳𑑂𑐥𑐟𑐶𑐡𑐸𑑄𑐟𑐵𑐰𑐩𑐴𑐵𑐬𑐵𑐖𑐵𑐰𑐷𑐬𑐱𑑂𑐬𑐷𑐱𑑂𑐬𑐷𑐖𑐫𑐖𑑀𑐐𑐣𑐬𑐾𑐣𑑂𑐡𑑂𑐬𑐩𑐮𑑂𑐮𑐥𑑂𑐬𑐨𑐸𑐠𑐵
90869a9z,𑐡𑐩𑐞𑑂𑐜𑐮𑐧𑐖𑑂𑐬𑐢𑐵𑐟𑐸𑐳𑐬𑑂𑐧𑑂𑐧𑐵𑐣𑐣𑑂𑐡𑐿𑐎𑐬𑐸𑐥𑑄𑐳𑐴𑐖
bazd3190,𑐴𑐩𑐴𑐵𑐰𑐶𑐴𑐵𑐬𑐾𑐲𑑂𑐛𑐶𑐟𑐩𑐥𑐶𑐎𑐸𑐮𑐩𑐵𑐣
62543z45,𑐮𑐎𑑂𑐲𑑂𑐩𑐷𑐡𑐾𑐰𑐷𑐣𑐡𑐫𑐎𑐵𑐡𑐶𑐣𑐱𑐸𑐨𑑌
3f6fzac3,𑐮𑑂𑐫𑑄𑐄𑐢𑐵𑐬𑐖𑐸𑐫𑐩𑐵𑐬𑑍𑐖𑐖𑐩𑐵𑐣𑐫𑐵𑑄𑐠𑐸𑐐𑐸𑐖𑐣𑑂𑐩𑐳𑐖𑐣𑐢𑐣𑐳𑐣𑑂𑐟𑐵𑐣𑐔𑐟𑐸
2z118381,𑐳𑐸𑐧𑐬𑑂𑐞𑑂𑐞𑐳𑑂𑐩𑐾𑐟𑐫𑐵𑐱𑑂𑐬𑐷
d3a2a823,𑐮𑐕𑐶𑐩𑐶𑐨𑑂𑐬𑐵𑐟𑐵𑐥𑐸𑐟𑑂𑐬𑐨𑐵𑐖𑐸𑐡𑐾𑐌𑐎𑐳𑑂𑐫𑐨𑐵𑐬𑑂𑐫𑑂𑐫𑐵𑐐𑐸𑐣𑐮𑐕𑐶𑐩𑐷𑑌𑐎
4fc93b36,𑐨𑑀𑐕𑐶𑐩𑐸𑐒𑐵𑐰𑐧𑐶𑐔𑑂𑐕𑑂𑐫𑐵𑐨𑑀𑐖𑐣𑐫𑐵𑐫𑐩𑐵𑐮𑑋𑑋𑐎𑐵𑐬𑑂𑐟𑐶𑐎𑐥𑐸𑐣𑐶𑐩𑐵𑐎𑐸𑐣𑑂𑐴𑐸
1zc44c46,𑐎𑑂𑐟𑐷𑐱𑑂𑐰𑐣𑐵𑐩𑑂𑐣𑐶𑐔𑐟𑐟𑑂𑐳𑐴𑑀𑐡𑐬𑐣𑐵𑐩𑐰𑑋𑑋𑐖
32f5f0ff,𑐰𑐡𑐵𑐬𑐶𑐞𑐷𑐥𑐬𑐶𑐮𑐳𑐟𑑂𑐥𑐬𑐷𑐣𑑂𑐡𑑂𑐬𑐳𑐘𑑂𑐔𑐵𑐬𑐶𑐞𑐷𑐥𑑂𑐬𑑀𑐡𑑂𑐫𑐟𑑂𑐥𑐣𑑂𑐣𑐐𑐢𑐵𑐬𑐶𑐞𑐷𑐰𑐶𑐢𑐸𑐎𑐮𑐵
476z7b65,𑐰𑐵𑐫𑐵𑐎𑑌𑐠𑑀𑐐𑐸𑐬𑐳𑐾𑐰𑐵𑐣𑑍𑐩𑐴𑐵𑐬𑐵𑐖𑐵𑐥𑑂𑐬𑐳𑐣𑑂𑐣𑐖𑐸𑐫𑐵𑐰𑐠𑑀𑐩𑐞𑐶𑐩𑐞𑑂𑐜𑐥𑐳𑐧𑐶𑐖𑑂𑐫𑐵𑐒𑐵𑐰𑐣𑐬
0c08fz6d,𑑊𑐱𑑂𑐬𑐷𑑓𑐔𑐞𑑂𑐜𑐾𑐱𑑂𑐰𑐬𑐷𑐥𑑂𑐬𑐷𑐟𑐶𑐣
368c9df0,𑐳𑐩𑑂𑐰𑐟𑑂𑑘𑑒𑑙𑐦𑐵𑐮𑑂𑐐𑐸𑐞𑐱𑐸𑐎𑑂𑐮𑐣𑐰𑐩𑐷𑐬𑑀𑐴𑐶𑐞𑐷𑐣𑐎𑑂𑐲𑐟𑑂𑐬𑐾𑐧𑐢𑐺𑐟𑐶𑐫𑐬𑐰𑐶𑐲𑑂𑐎𑑄𑐨
afa8db41,𑐐𑑂𑐫𑑋𑑋𑐥𑑂𑐬𑐖𑑂𑐘𑐵𑐮𑑀𑐎𑐬𑑂‌𑐰𑐱𑐿𑐩𑑀𑐎𑑂𑐲𑐥𑑂𑐬𑐵𑐥𑑂𑐟𑐫𑐳𑑂𑐟𑐸𑑋𑑋𑐱𑐸𑐨𑐩𑑄𑐐𑐮𑐨
ad013f61,𑐬𑐡𑐱𑐩𑑂𑐫𑐵𑑄𑐟𑐶𑐠𑑁𑐄𑐟𑑂𑐟𑐬𑐨𑐡𑑂𑐬𑐥𑐬𑐬𑐾𑐰𑐟𑐷𑐣𑐎𑑂𑐲𑐟𑑂𑐬𑐳𑑁𑐨𑐵𑐐𑑂𑐫
639285db,𑐎𑐹𑑅𑐎𑑂𑐲𑐶𑐟𑐶𑐥𑐟𑐾𑑅𑐳𑐳𑑂𑐫𑐵𑐟𑑂𑐳𑐡𑐵𑐩𑐵𑐣𑑂𑐫𑐩𑐺𑐟𑑂𑑌𑐧𑑂𑐬𑐩𑑂𑐴𑐵𑐣𑐾𑐟𑑂𑐬𑐡𑐶𑐐𑐒𑑂𑐐𑐣𑐵𑐒𑑂𑐎𑐳𑐴𑐶𑐟𑐾𑐣𑐾𑐥𑐵𑐮𑐳
64bc38bf,𑐰𑐶𑐲𑑂𑐞𑐸𑐣𑐵𑐬𑐵𑐫𑐞𑐨𑐵𑐬𑑀𑐎𑐣𑐾𑐲𑑂𑐛𑐨𑑂𑐬𑐵𑐟𑑂𑐟𑐾𑐱𑐶𑐰𑐣𑐵𑐬𑐵𑐫𑐞𑐨𑐵𑐬𑑀𑑍𑐩𑑀𑐟𑐶𑐬𑐵𑐖𑐨𑐵𑐬𑑀𑑍𑐔𑐵𑐏𑐵𑐧𑐵𑐴𑐵𑐬𑐧𑐎𑐸𑐞𑑂𑐜𑐬𑐵𑐩𑐨𑐵𑐬𑑀
34ba7b06,𑐎𑑂𑐲𑐐𑐟𑐶𑐥𑑂𑐬𑐵𑐦𑐖𑐸𑐥𑐵𑐫𑐐𑐸𑐨𑐳𑐬𑑂𑐰𑐖𑐐𑐟𑐷𑐐𑐸𑐨𑑄
bb920ad8,𑐳𑐶𑑄𑐴𑐵𑐳𑐣𑐳𑐩𑐾𑐰𑐳𑐸𑐣𑑄𑐔𑑀𑐣𑐾𑐩𑐡𑐸𑐔𑑀𑐣𑐳𑐵𑐩𑐴𑐵𑐬𑐵𑐖𑐵𑐫𑐵𑐐𑐸𑐞𑐵𑐴𑐵𑐐𑐵𑐬𑐖𑐸𑐬𑑀𑑌𑐠𑑂𑐰𑐀𑐎𑑂𑐲𑐬
6d3a67d3,𑐳𑑂𑐟𑐶𑐬𑐹𑐥𑐔𑐶𑐨𑐰𑑅𑐎𑐵𑐩𑑀𑐥𑐣𑑅𑐳𑐸𑐣𑑂𑐡𑐬𑑅𑑋𑐳𑐸𑐣𑑂𑐡𑐬𑑅𑑋𑐥𑑂𑐬𑐵𑐳𑐵𑐡𑑄𑐳𑐔𑐎𑐵𑐬𑐥𑑄𑐔𑐥𑐚𑐮𑑅𑐳𑐬𑑂𑐰𑐾𑐱𑑂𑐰𑐬𑐵𑐫𑐵𑐥𑑂𑐫𑐳𑑁𑐎𑐸𑐬𑑂𑐰𑐣𑑂𑐎𑑀𑐚𑐶𑐩𑐏𑑄𑐰𑐺𑐎𑑀𑐡𑐬𑐟𑐣𑐸𑑄𑐖𑐷𑐬𑑂𑐞𑐵
c2922bda,𑐱𑐵𑐎𑑂𑐫𑐨𑐶𑐎𑑂𑐲𑐸𑐱𑑂𑐬𑐷𑐖𑐶𑐣𑐶𑐱𑐵𑐎𑑂𑐫𑐨𑐶𑐎𑑂𑐲𑐸𑐱𑑂𑐬𑐷𑐬𑐟𑑂𑐣𑐔𑐣𑑂𑐡𑑂𑐬𑐱𑐵𑐎𑑂𑐫𑐨𑐶𑐎𑑂𑐲𑐸𑐰𑐾𑐏𑐵𑐳𑐶𑑄𑐴
0ac7z147,𑐰𑐮𑐳𑐵𑐞𑑄𑐣𑐡𑐰𑐠𑑂𑐫𑑄𑐔𑐐𑐸𑐬𑐵𑐠𑑂𑐰𑐎𑑍𑐔𑐠𑐵𑐎𑐎𑐸𑐣𑑂𑐴𑐸𑐧𑐸𑐳𑐵𑐢𑐣𑐫𑐵𑐫𑐩𑐵𑐬𑑍𑐨𑐵𑐲𑐵𑐮𑐳𑐕𑐥𑑀𑐬𑐥𑐹𑐬𑑂𑐞𑑂𑐞𑐩𑐵𑐳𑐶𑐎𑐸
c93f0273,𑑊𑑉𑐣𑐩𑐨𑐐𑐰𑐟𑐾𑐰𑐵𑐳𑐸𑐡𑐾𑐰𑐵𑐫𑑋𑑋𑐳𑐹𑐡𑑂𑐬𑐱𑐣𑐐𑐜𑐵𑐔𑑀𑐬𑑂𑐢𑐡𑑂𑐰𑑄𑑍𑐰𑐵𑐩𑐾
bz3b634z,𑐳𑑄𑐩𑑂𑐢𑐰𑑂𑐬𑐶𑑑𑐔𑐶𑐬𑐶𑐠𑐎𑐸𑑃𑑑𑐎𑐾𑐔𑐩𑐵𑑑𑐣𑐖𑐬𑐎𑐸𑐩
6764c131,𑐖𑐸𑐮𑑌𑐱𑐸𑐨𑑄𑑌
5z71c9b9,𑐱𑑂𑐬𑐷𑑓𑐰𑐵𑐐𑑂𑐩𑐟𑑂𑐫𑐣𑐩𑑅𑑌
z8b10b32,𑑊𑑉𑐱𑑂𑐬𑐷𑑓𑐨𑐷𑐩𑐳𑐾𑐣𑐵𑐫𑐣𑐩𑑅𑑌𑑌𑐡𑑀𑐬𑑂𑐡𑐞𑑂𑐜𑐾𑐣𑐧𑐮𑐾𑐣𑐫𑐾𑐣𑐣𑐶𑐴𑐟𑑀𑐡𑐸𑑅𑐱𑐵𑐣𑑂𑐟𑐡𑐸𑑅𑐱𑐵𑐳𑐣𑑀𑑍𑐫𑐸𑐡𑑂𑐢𑐾𑐨𑐷𑐲𑐞𑐫𑐵𑐖𑐑𑐵𑐣𑐐𑐡𑐫𑐵𑐡𑐸𑐂𑐬𑑂𑐫𑑀𑐢𑐣𑑄𑐫𑑀𑑇𑐢𑐩
9629325b,𑐥𑐩𑐮𑑂𑐮𑐡𑐾𑐰𑐥𑑂𑐬𑐨𑐸𑐛𑐵𑐎𑐸𑐬𑐳𑐰𑐶𑐖𑐫𑐬𑐵𑐖𑐳𑐠𑐎𑐵𑐜𑐶
6d59080z,𑐦𑐮𑐡𑐵𑐱𑑂𑐬𑐷𑐰𑐵𑐐𑑂𑐩𑐟𑐷𑐟𑑂𑐫𑐡𑑂𑐨𑐸𑐟𑐵𑑍𑐳𑑂𑐣𑐵𑐣𑐵𑐡𑑂𑐡𑐵𑐣𑐎𑐺𑐟𑐵𑐟𑑂𑐳𑐡𑐵𑐩𑐟𑐶𑐩𑐟𑐵𑑄𑐥𑐵𑐥𑐵𑐣𑑂𑐢𑐰𑐶𑐢𑑂𑐰𑑄𑐱𑐶𑐣𑐷𑑋𑐳𑐬𑑂𑐰𑐖𑑂𑐘𑐳𑑂𑐫𑐩𑐸𑐏𑑀𑐨𑑂𑐡𑐰𑐵𑐥𑐱𑐸𑐥𑐟𑐾𑑅𑐳𑑂𑐠𑐵𑐣𑐾𑐳𑑂𑐟𑑂𑐬𑐰𑐣𑑂𑐟𑐷
25380391,𑐥𑑂𑐬𑑑𑐔𑐶𑐎𑐸𑐒𑑕𑐕𑑀𑐕𑑀𑐐𑐸𑐩𑐵𑐒𑐵𑐕𑑀𑐣𑐎𑐾𑑍𑐡𑑄𑑕𑐳𑐵𑐫𑐟𑐵𑐡𑐎𑑂𑐲𑐶𑐣𑐵𑐧𑐶𑐫𑑍
1fz6b716,𑐐𑐷𑐟𑐰𑐶𑐢𑐵𑐣𑐶𑐢𑐾𑑅𑑋𑐫𑐳𑑂𑐫𑐥𑑂𑐬𑐾𑐩𑐟𑐩𑑀𑐰𑐬𑑀𑐣𑐬𑐴𑐬𑐶𑐣𑑂𑐣𑐷𑐩𑐵𑐩𑐴𑐟𑑂𑐳𑐾𑐰𑐎𑑀𑑍𑐡𑐵𑐳𑐵𑐣𑐵𑑄𑐐𑐞𑐣𑐵𑐫
cc5f1927,𑐫𑐎𑑄𑐧𑑀𑐳𑐵𑐢𑐣𑐫𑐵𑐫𑐩𑐵𑐮𑑌𑑌𑐡𑐾𑐱𑐰𑐮𑐶𑐖𑑂𑐰𑐎𑑀𑐰𑐵𑐴𑐶𑐎𑐣𑐠𑑂𑐰𑐟𑐾𑐄𑐥𑐔𑐵𑐬𑐡𑐫𑐎𑑄𑐱𑑂𑐬𑐵𑐰𑐞𑐱𑐸𑐎𑑂𑐮𑐡𑑂𑐰𑐵𑐡𑐱𑐷𑐎𑐸𑐣𑑂𑐴𑐸𑐥𑐰𑐶
11fa2344,𑐟𑐶𑐣𑐡𑐫𑐎𑐵𑐖𑐸𑐬𑑀𑑍𑑌𑐱𑐸𑐨𑑌
bd4zdf3a,𑐎𑐸𑐩𑐵𑐬𑐷𑐳𑑄𑐑𑐬𑐟𑑂‍𑐣𑑑𑐴𑐬𑐶𑐎𑐸𑐮𑐶𑑑𑐮𑐟𑑂‍𑐣𑐧𑐵𑐴𑐵𑐡𑐸𑐬𑐐𑐸𑐥𑐎𑐸𑐩𑐵𑐬𑐷𑑑𑐩𑑀𑐴𑐩𑐵𑐫𑐵𑑑𑐐𑑂‍𑐫𑐷𑐟𑐩𑐵𑐫𑐵𑑑𑐖𑐵𑐦𑐸𑐩𑐵𑐫𑐵
db8dd033,𑐣𑑂𑐴𑐶𑐟𑐵𑐬𑑂𑐠𑑌𑐣𑐾𑐥𑐵𑐮𑐳𑐩𑑂𑐰𑐟𑐿𑐳𑑂𑐩𑐶𑐣𑐥
916bz81z,𑐟𑐶𑐩𑐣𑑂𑐫𑐾𑑋𑐩𑐸𑐡𑐵𑐣𑐣𑑂𑐡𑐳𑐣𑑂𑐡𑑀𑐴𑐩𑐐𑑂𑐬𑑄𑐰𑐫𑐸𑐬𑑂𑐩𑑂𑐩𑑍𑐰𑐶𑐢𑐾𑐴𑐶𑐎𑑂𑐰𑐞𑐟𑑂𑐎𑐶𑑄𑐎𑐶𑐞𑐷𑐎𑐾𑐎𑐬𑐵𑐮𑐾𑑌𑑑𑑔𑑌𑐂𑐟𑐶𑐱𑑂𑐬𑐷𑐎
c5037955,𑐠𑐰𑐳𑑂𑐟𑑂𑐬𑐷𑐖𑑀𑐐𑐩𑐟𑐶𑐣𑑄𑑍𑐎𑐮𑐱𑐸𑐧𑐸𑐬𑑀𑑔𑐡𑐸𑐟𑐵𑑋𑑋𑐡𑐾𑐰𑐳𑑂𑐎𑐾𑑍𑐣𑐶𑐟𑑂𑐫𑐥𑐸𑐖𑐵𑐫𑐎𑐵𑑍𑐰𑑂𑐬𑐵𑐩𑑂𑐴𑐣𑑍𑐁𑐔𑐵
27zd4177,𑐥𑐹𑐬𑑂𑐞𑐶𑐩𑐵𑐎𑐸𑐣𑑂𑐴𑐸𑐥𑐹𑐖𑐵𑐨𑑄𑐜𑐶𑐖𑑀𑑑𑐳𑐵𑐢𑐬𑐶𑐥𑐵𑑔𑐡𑐸𑐡𑐸𑐥𑐵𑑔𑐑𑐾𑐮𑐀𑐲𑑂𑐚𑐵𑑑𑐎𑐳𑑂𑐟𑐶𑐀𑑑𑐳𑐵𑐏𑐀𑑑𑐣𑐶𑐱𑑂𑐬𑐵𑐰𑐖𑑀𑑓𑐡𑑄𑑘𑐳𑐾𑐳𑐡𑐰𑐵
b40c1439,𑐐𑐷𑐟𑐰𑐶𑐢𑐵𑐣𑐶𑐢𑐾𑑅𑑋𑐫𑐳𑑂𑐫𑐥𑑂𑐬𑐾𑐩𑐟𑐩𑑀𑐰𑐬𑑀𑐣𑐬𑐴𑐬𑐶𑐣𑑂𑐣𑐷𑐩𑐵𑐩𑐴𑐟𑑂𑐳𑐾𑐰𑐎𑑀𑑍𑐡𑐵𑐳𑐵𑐣𑐵𑑄𑐐𑐞𑐣𑐵𑐫
87ad54c0,𑐥𑐹𑐬𑑂𑐞𑑂𑐞𑐩𑐵𑐳𑑂𑐫𑐵𑑄𑐟𑐶𑐠𑑁𑑍𑐥𑑀𑐲𑑂𑐫𑐣𑐎𑑂𑐲𑐟𑑂𑐬𑐁𑐫𑐸𑐲𑑂𑐩𑐵𑐞𑐫𑑀𑐐𑐾𑐱
ffc7f551,𑑌𑐫𑐳𑑂𑐫𑐵𑑅𑐳𑐸𑐣𑐸𑐬𑐨𑐹𑐣𑑂𑐩𑐸𑐬𑐵𑐬𑐶𑐔𑐬𑐞𑐢𑑂𑐫𑐵𑐣𑐵𑐩𑑂𑐧𑐸𑐢𑑁𑐟𑐵𑐱𑐫𑑅𑐳𑑄𑐐𑐷𑐟𑐵𑐩𑑂𑐧𑑄𑐢𑐶𑐥𑐵𑐐𑐩𑑀𑐬𑐶𑐥𑐸𑐟𑐩𑑀𑐰𑐶𑐑𑑂𑐣𑑄𑐳𑐨𑐵𑐳𑑂𑐰𑐟𑑂𑐳𑐩
af384faa,𑐬𑐶𑑍𑐩𑐷𑐣𑐬𑐵𑐱𑐶𑐐𑐟𑐾𑐔𑐣𑑂𑐡𑑂𑐬𑐩𑐳𑐶𑑌𑐟𑐳𑑂𑐩𑐶𑐣𑑂𑐡𑐶𑐣𑐾𑐎𑐶𑐬𑑂𑐟𑑂𑐟𑐶𑐥𑐸𑐬𑐶𑐫𑐵𑐔𑐵𑐦𑐬𑐰𑑄𑐟𑐵
20b5a98c,𑐬𑐵𑐖𑐬𑐵𑐖𑐾𑐣𑑂𑐡𑑂𑐬𑐳𑐎𑐬𑐬𑐵𑐖𑐔𑐎𑑂𑐬𑐵𑐢𑐶𑐳𑑂𑐰𑐬𑑍𑐱𑑂𑐬𑐷𑐱𑑂𑐬𑐷𑐖𑐫𑐨𑐹𑐥𑐵𑐬𑐾𑐣𑑂𑐡𑑂𑐬𑐩𑐮𑑂𑐮𑐡𑐾𑐰
d3f3b706,𑐡𑐾𑐐𑐸𑐠𑐶𑐳𑐡𑐸𑐣𑑂𑐟𑐵𑐳𑐫𑐰𑐧𑐵𑐴𑐵𑐬𑐌𑐣𑑂𑐟𑐵𑐕𑐾𑐖𑐵𑐌𑐏𑐵𑐠𑑂𑐰𑐎𑐸𑑑𑑔𑐂𑐳𑐵𑐣𑐎𑐸𑐣𑐥𑐵
3b2f3zb1,𑐣𑐾𑐐𑐸𑐬𑐶𑐡𑐫𑐎𑐵𑐥𑐘𑑂𑐔𑐣𑑄𑐳𑐾𑐮𑑂𑐴𑑀𑐰𑐶𑐔𑐵𑐬𑐫𑐵𑐎𑐾𑐩𑐵𑐮𑑋𑐏𑑄𑐴𑑂𑐩𑐵
d0930bb0,𑐒𑐵𑐖𑐸𑐮𑑀𑑍𑐊𑐟𑐾𑐲𑐵𑐖𑐖𑐩𑐵𑐣𑐳𑑂𑐫𑑋𑑋𑐁𑐫𑐸𑐬𑐵𑐮𑑀𑐐𑑂𑐫𑐖𑐣𑐢𑐣
9z27b97d,𑐩𑐴𑐶𑑄𑐡𑑂𑐬𑐳𑐶𑑄𑐫𑐵𑐎𑐵𑐫𑐖𑑀𑐐𑐣𑐵𑐬𑐵𑑄𑑚𑐥𑐸𑐣𑐵𑐬𑐵𑑄𑑚𑐣𑐶𑐩𑑂𑐴𑐳𑐫𑐵𑑚𑐢𑐬𑑂𑐩𑑂𑐩
0069c41a,𑐫𑐐𑑂𑐧𑐵𑐳𑐥𑐸𑐬𑐌𑑒𑐡𑐵𑐬𑐲𑐵𑐧𑐸𑐨𑐹𑐫𑐩𑐵𑐬𑑂𑐐𑐡𑑀𑐬𑐧𑐸𑐬𑐌𑑑𑑌𑐨𑐸𑐫𑐩𑐵𑐐𑐡𑐵𑐬𑐧𑐸𑐟
c4746585,𑐱𑑂𑐬𑐷𑐱𑑂𑐬𑐷𑐎𑐰𑐷𑐣𑑂𑐡𑑂𑐬𑐖𑐫𑐥𑑂𑐬𑐟𑐵𑐥𑐩𑐮𑑂𑐮𑐡𑐾𑐰𑐾𑐣𑑍𑐠𑐩𑐠𑑂𑐬𑐱𑑂𑐮𑑀𑐎𑐔𑐶𑐒𑐵𑐰𑑍𑐳𑑂𑐟𑑀𑐟𑑂𑐬𑐫𑐵𑐒𑐵𑐰
78c907da,𑐰𑐶𑐖𑐫𑐬𑐵𑐬𑑂𑐖𑑂𑐫𑑌𑐱𑑂𑐬𑐷𑐎𑐵𑐲𑑂𑐛𑐩𑐞𑑂𑐜𑐥𑐥𑐹𑐬𑑂𑐰𑑂𑐰𑐥𑐵𑐏𑐾𑑍𑐟𑐮𑐸𑐩𑐸𑐮𑐩𑐴𑐵𑐰𑐶𑐴𑐵𑐬𑐵𑐢𑐶𑐲𑑂𑐛𑐶𑐟𑑍𑐧
477z0zc7,𑐬𑐷𑐩𑐫𑐶𑐣𑐾𑐴𑑂𑐩𑑄𑐟𑐶𑐬𑐷𑐥𑐸𑐬𑐸𑐏
bf95a32c,𑐩𑐮𑑂𑐮𑐡𑐾𑐰𑐰𑐶𑐬𑐔𑐶𑐟𑑄𑐖𑐵𑐟𑑂𑐬𑑂𑐫𑐩𑐸𑐒𑑂𑐐𑐬𑐳𑑂𑐟𑑀𑐟𑑂𑐬𑑄𑐳𑐩𑐵𑐥𑑂𑐟𑑌𑑌𑐳𑑂𑐰𑐳𑑂𑐟𑐶𑑌𑐣𑐵𑐣𑐵𑐐𑐸𑐞𑐵𑐢𑐵𑐬𑐢𑐵𑐩𑐵𑐢𑐶𑐥
d455b6b2,𑐳𑐡𑐵𑐨𑐎𑑂𑐟𑐶𑐣𑑁𑐣𑐶𑐥𑑂𑐬𑐥𑐺𑐖𑑂𑐫𑑄𑑌𑐩𑐞𑐷𑐳𑐶𑑄
z7888za6,𑐄𑐟𑑂𑐬𑐵𑐲𑐵𑐝𑐣𑐎𑑂𑐲𑐟𑑂𑐬𑐾𑐱𑑁𑐨𑐣𑐫𑑀𑐐𑐾𑐧𑐺𑐴𑐳𑑂𑐥𑐟𑐶𑐰𑐵𑐳𑐬𑐾𑑌𑐠𑑂𑐰𑐎𑐸𑐣𑑂𑐴𑐸𑐠𑐵𑐣𑐥𑐟𑐶𑐱𑑂𑐬𑐷𑑓𑐐𑐞𑐾𑐱𑑂𑐰𑐬𑐨𑐚𑑂𑐚𑐵
25z52zac,𑐡𑐾𑐰𑐳𑑂𑐫𑐰𑐶𑐖𑐫𑐳𑐩𑐫𑐧𑐵𑐴𑐵𑐬
4d421278,𑐬𑐡𑐱𑐩𑑂𑐫𑐵𑑄𑐟𑐶𑐠𑑁𑐄𑐟𑑂𑐟𑐬𑐨𑐡𑑂𑐬𑐥𑐬𑐬𑐾𑐰𑐟𑐷𑐣𑐎𑑂𑐲𑐟𑑂𑐬𑐳𑑁𑐨𑐵𑐐𑑂𑐫
25845524,𑐞𑐬𑐣𑐸𑐥𑐩𑑀𑐬𑐹𑐥𑐬𑐟𑐷𑐰𑐮𑑂𑐮𑐨𑑀𑐢𑐾𑐫𑑂‌𑐫𑐬𑑂𑐡𑐵𑐱𑐬𑐠𑐶𑐲𑑂𑐥𑑂𑐬𑐟𑐵𑐥𑐟𑐟𑐶𑐩𑐶𑐱𑑂𑐔𑐞𑑂𑐜𑑅𑐥𑑂𑐬𑐔𑐞𑑂𑐜𑐵𑑐𑐱𑐸𑐎𑑅𑑋𑐐𑐵
9a21a19c,𑐮𑐶𑐎𑐾𑑇𑐳𑑂𑐩𑐶𑐣𑑂𑐫𑐩𑐱𑐾𑐳𑐬𑐰𑐾𑐚𑐾𑐰𑐬𑑂𑐲𑐾𑐩𑐶𑐟𑐾𑐩𑐵
4a36d739,𑐎𑐺𑐟𑐳𑑂𑐩𑐿𑐳𑑂𑐟𑐸𑐧𑐵𑐫𑐵𑐧𑑂𑐫𑐰𑐾𑐣𑐩𑑅𑑌𑐱𑐸𑐨𑐳𑑄𑐰𑐟𑑘𑑙𑑙𑐩𑐵𑐬𑑂𑐐𑐱𑐶
f35cd1a6,𑐎𑑄𑐣𑐶𑐧𑐾𑐡𑐣𑐫𑐵𑐒𑐵𑐖𑐸𑐬
1450dadf,𑐡𑐾𑐧𑐥𑑂𑐬𑐩𑐹𑐲𑐣𑐖𑐖𑐩𑐵𑐣𑐖𑐏𑐬𑐵𑐖𑐨𑐵𑐬𑑀
18dc3dz6,𑐣𑑂𑐴𑐸𑐧𑐥𑐸𑐎𑐾𑐫𑐵𑐟𑐖𑐵𑐎𑐾𑐦𑑄𑑒𑐬𑐫𑐬𑐳𑑄𑐰𑐷𑐫𑐩𑐵𑐬𑐐𑐸𑐠𑐶𑐣𑐧𑐥𑐸𑐎𑐩𑑂𑐴𑐫𑐵𑐟𑐳𑐵𑐬𑐳𑐶𑐬𑐰𑐵𑐫𑐣𑐬𑐔𑐮𑐥𑐶𑐟
22fff0b4,𑑊𑐳𑑂𑐰𑐳𑑂𑐟𑐶𑐱𑑂𑐬𑐶𑐫𑑀𑐳𑑂𑐟𑐸𑑋𑑋𑐥𑐎𑑂𑐲𑐵𑐡𑑂𑐬𑐶
4799717z,𑐩𑐟𑐶𑐠𑑂𑐰𑐣𑐶𑐩𑑂𑐴𑐳𑐫𑐵𑐣𑐵𑐩𑐣𑐳𑐖𑐷𑐧𑐥𑐸𑐟𑑂𑐬𑐀𑐩𑐺𑐟𑐢𑐬𑑍
bbb3122c,𑐡𑐶𑐣𑐾𑐮𑑀𑐎𑐣𑐵𑐠𑐾𑐏𑐬𑐵𑐐𑑂𑐬𑐿𑑌𑐫𑐵𑐱𑑂𑐬𑐷
63680c33,𑐬𑑀𑑌𑐱𑐸𑐨𑑄𑑌𑑅𑑌𑑛𑑌𑑐𑑌
a7z8z5c9,𑐞𑑂𑐜𑐬𑐾𑐧𑐵𑐳𑐸𑐎𑐶𑐎𑑂𑐲𑐾𑐟𑑂𑐬𑐾𑐱𑑂𑐬𑐷𑑓𑐥𑐱𑐸𑐥𑐟𑐶𑐳𑐣𑐶𑐢𑐵𑐣𑐾𑐧𑐵𑐐𑑂𑐩𑐟𑑂𑐫𑐵𑑄𑐥𑐱𑑂𑐔𑐶𑐩𑐎𑐸𑐬𑐾𑐧𑐶𑐲𑑂
69048574,𑐠𑐶𑐳𑐡𑐎𑑂𑐰𑑄𑐠𑑂𑐫𑐵𑐎𑐖𑐸𑐮𑑋𑑋𑐳𑑄𑐰𑐟𑑙𑑔𑑙𑐩𑐵𑐑𑐱𑐸𑐡𑐶
87d7a92a,𑐢𑑂𑐬𑐸𑐰𑐥𑑂𑐬𑐰𑑂𑐫𑐵𑐑𑐵𑐚𑐫𑑀𑐐𑐾𑑌𑐧𑐸𑐢𑐰𑐵𑐳𑐬𑐾𑑌𑐠𑑂𑐰𑐎𑐸𑐣𑑂𑐴𑐸𑐠𑑂𑐰𑐡𑐾𑐰𑐮𑐥𑑂𑐬𑐟𑐶𑐲𑑂𑐛𑐵𑐫𑐵𑐳𑑂𑐫𑑄𑐳𑐸𑐰𑐬𑑂𑐞𑐵𑐎𑐮𑐱𑐢𑑂𑐰𑐖𑐵𑐰𑐬𑑀𑐴𑐣𑐫𑐵𑐒𑐵𑐡𑐶𑐣𑐖𑐸𑐬𑑀𑑌𑐨𑐵𑐲𑐵
a5b18f2z,𑑌𑑗𑑌𑐎𑐚𑑁𑑅𑑋𑐥𑐶𑐔𑐬𑑂𑐩𑑂𑐩𑐩𑑂𑐫𑐬𑑀𑐖𑑂𑐘𑐵𑐳𑐩𑐵𑐣𑐵𑑄𑑍𑐳𑐡𑐵𑐰𑐶𑐩𑑂𑐰𑐎𑐵𑐣𑑂𑐟𑐶𑑄𑐬𑐸𑐔𑐵𑐣𑐶𑐣𑑂𑐡𑐫𑐣𑑂𑐟𑐷𑑄𑑋𑐥𑑂𑐬𑐔𑐞𑑂𑐜𑐵𑐡𑑂𑐡𑐴𑐵𑐳𑐾𑐣𑐰𑐶𑐨𑑂𑐬𑐵𑐳
054c3d8c,𑐨𑐺𑐔𑑂𑐕𑐒𑑂𑐐𑐵𑐚𑐰𑐷𑐩𑐞𑑂𑐜𑐶𑐣𑐷𑐩𑑀𑐴𑐢𑑂𑐰𑐵𑐣𑑂𑐟𑐰𑐶𑐣𑐵𑐱𑐶𑐣𑐷𑐳𑐸𑐬𑐨𑐫𑐔𑑂𑐕𑐾𑐡𑑀𑐟𑑂𑐳𑐰𑑀
8639b204,𑐥𑐸𑐬𑑂𑐞𑑂𑐞𑐩𑐵𑐳𑐷𑐱𑑂𑐬𑐷𑐔𑐣𑑂𑐡𑑂𑐬𑐳𑐾𑐏𑐬𑐡𑐾𑐰
ad0565f3,𑑗𑑗𑑑
45c6z1zz,𑐰𑐶𑐟𑐬𑐶𑐩𑐷𑐣𑐬𑐵𑐱𑐶𑐐𑐟𑐾𑐔𑐣𑑂𑐡𑑂𑐬𑐩𑐳𑐶𑑋𑑋𑑋𑑋𑐳𑐩𑑂𑐧𑐟𑑂𑑙𑑐𑑗𑐖𑑂𑐫𑐾𑐲𑑂𑐛𑐎𑐺𑐲𑑂𑐞
43zb1f3b,𑐬𑑂𑐱𑑂𑐬𑐳𑑂𑐟𑐸𑑋𑑋𑐳𑐩𑑂𑐰𑐟𑑗𑑖𑑒𑐁𑐏𑐵𑐢𑐩𑐵𑐳𑐾𑐱𑐸𑐎𑑂𑐮𑐥𑐎𑑂𑐲
6334426f,𑐳𑐶𑑄𑐴𑐣𑐎𑐀𑐥𑐸𑐞𑐵𑐎𑐵𑐊𑐳𑐩𑑄
d8z3893c,𑐫𑐎𑑄𑐡𑐸𑐣𑑂𑐟𑐵𑐬𑑀𑐧𑐸𑑓𑐔𑐲𑐸𑑄𑐟𑐶𑐧𑐸𑐬𑑀𑑑𑐳𑑂𑐰𑐟𑑂𑐰𑐧𑐸𑐬𑑀𑑑
adb77d23,𑐠𑐸𑐫𑐩𑐡𑐸𑑍𑐩𑐶𑐕𑑀𑐫𑐎𑐾𑐩𑐡𑐸𑐰𑐬𑐲𑐸𑐣𑐶𑐔𑐥𑐵𑐮𑐫𑐵𑐖𑑀𑐐𑐶𑐣𑐧𑐶𑐔𑐵𑐬𑐫𑐵𑐫𑐩𑐵𑐮𑐧𑐶𑐔𑐵𑐬𑐩𑐫𑐵
0fd1d825,𑐡𑐾𑐰𑐟𑑂‍𑐥𑐟𑑂𑐣𑐷𑐮𑐎𑑂𑐲𑑂𑐩𑐷𑐡𑐾
a2c27add,𑐢𑐣𑐥𑑂𑐬𑐟𑐶𑐡𑐾𑐰𑑋𑑋𑐖𑐫𑐮𑐎𑑂𑐲𑑂𑐩𑐷𑑋𑑋𑐢𑐣𑐡𑐟𑑂𑐟𑐳𑐶𑑄𑑋𑑋𑐖𑑀𑐐𑐩𑐟𑐶𑑋𑑋𑐳𑐸𑐬𑑂𑐫𑑂𑐫𑐢𑐬𑑋𑑋𑐀𑐩𑐺𑐟𑐢𑐬𑑋𑑋
9c8d66c0,𑐬𑐵𑐖𑐾𑑌𑐀𑐱𑑂𑐰𑐱𑐹𑐔𑐶𑐱𑐬𑐾𑐱𑑂𑐰𑐵𑐬𑑂𑐎𑑂𑐲𑐾𑐣𑐾𑐥𑐵𑐮𑐶𑐎𑑂𑐫𑐵𑑄𑐧𑐶𑐣𑐶𑐬𑑂𑐐𑑂𑐐𑐟𑐾𑑋𑐥𑐎𑑂𑐲𑐾𑐩𑐵
bd188z6z,𑐡𑑂𑐢𑐶𑐎𑐵𑐩𑐣𑐵𑐬𑑂𑐠𑑍𑐫𑐠𑐵𑐱𑐵𑐱𑑂𑐟𑑂𑐬𑑀𑐎𑑂𑐟𑐟𑐠𑐵𑐦𑐮𑐥𑑂𑐬𑐵𑐥𑑂𑐟𑐾𑐟𑐶𑑌𑐥𑐸𑐣𑐨𑐵𑐥𑐵
00cb0158,𑐲𑑂𑐚𑐡𑐾𑐰𑐟𑐵𑐥𑑂𑐬𑐷𑐟𑑂𑐫𑐬𑑂𑐠𑐱𑑂𑐬𑐷𑐱𑑂𑐬𑐷𑐳𑐸𑐩𑐟𑐶𑐖𑐫
6f079004,𑐰𑐟𑑂𑐳𑐬𑐾𑑋𑐔𑐟𑑂𑐬𑐾𑐩𑐵𑐳𑐶𑐳𑐶𑐟𑐾𑐡𑐶𑐣𑐾𑐬𑐸𑐐𑐸𑐬𑑀𑑅𑐲𑐲𑑂𑐛𑑂𑐫𑐵𑑄𑐟𑐶𑐠𑑁𑐳𑑄𑐫𑐟𑐾𑑋𑐱𑑂𑐬𑐷𑐩𑐡𑑂𑐨𑐬𑐰𑐩𑐹𑐬𑑂𑐟𑑂𑐟𑐶𑐱𑐎𑑂𑐟𑐶
87bdcf3z,𑐟𑑂𑐬𑐥𑑂𑐬𑐵𑐳𑐵𑐡𑐾𑑇𑐳𑑂𑐩𑐶𑐣𑑂𑐎𑐣𑐎𑐎𑐮𑐱𑑁𑐳𑑂𑐠𑐵𑐥𑐶𑐟𑑁𑐨𑐷𑐩𑐨𑐎𑑂𑐟𑑂𑐫𑐵𑑋𑐴𑑀𑐩𑑄𑐎𑐺𑐟𑑂𑐰𑐵𑑇𑐣𑐸𑐥𑐩𑐫𑐱𑐳𑐵𑐱𑑂𑐬𑐷𑐣𑐶𑐰𑐵𑐳𑐾𑐣𑐬𑐵𑐖𑑂𑐘𑐵𑑌𑑌𑐴𑐬𑐶𑐰𑑄𑐱𑐾𑐣𑐎𑐺𑐟𑐵
9466c3a3,𑑌𑐡𑑂𑐬𑑁𑐥𑐟𑐷𑐳𑐴𑐶𑐟𑑄𑐨𑐷𑐩𑑄𑑍𑐩𑑄𑐣𑑂𑐡𑐶𑐬𑐾𑐞𑐳𑐩𑐣𑑂𑐰𑐶𑐟𑑄𑑋𑐊𑐟𑐡𑑂𑐡𑐶
6c790f2z,𑐖𑐶𑐰𑐣𑐳𑐶𑑄𑐴𑐖𑐶𑐟𑐬𑐐𑑀𑐩𑐶𑐳𑐶𑑄𑐴𑐩𑐫𑐵𑐳𑐶𑑄𑐴𑐴𑐬𑐶𑐰𑐵𑐢𑐰
87aab6f5,𑐩𑑂𑐫𑐳𑐵𑐟𑐴𑐵𑐬𑑂𑐫𑑂𑐫𑐵𑐐𑐸𑐞𑐳𑐸𑐣𑑂𑐡𑐬𑐷𑑌𑐟𑐣𑑂𑐩𑐢𑑂𑐫𑐩𑑀𑐰𑐶𑐱𑑂𑐰𑐳𑐶𑑄𑐴𑑀𑐩𑐸𑐜𑐳𑐶𑑄𑐴𑑅𑐎𑐣𑐶𑐲𑑂𑐛𑐎𑑅𑐫𑐵𑐟𑐵
3c32504z,𑐖𑐵𑐎𑑂𑐫𑐾𑐦𑑄𑑖𑑐𑐧𑐥𑐸𑐎𑐫𑐵𑐟𑐰𑐶𑐫𑐩𑐵𑐬𑑄𑐡𑑄𑐳𑑋𑐖𑐵𑐎𑑂𑐫𑐦𑑄𑑑𑑐𑐳𑐶𑐣𑐐𑐩𑐵𑐮𑐔𑑀𑐎𑐩𑑂𑐴𑐫𑐵
4c5a600d,𑐟𑐥𑐟𑑂𑐬𑐵𑐠𑐿𑐚𑑂𑐚𑐲𑑂𑐚𑐳𑐵𑐎𑑂𑐲𑐶𑐱𑑂𑐬𑐷𑑓𑐔𑑄𑐡𑑂𑐬𑐳𑑂𑐛𑐫𑐩𑐡𑐣𑐶𑐟𑑂𑐰𑑄𑑋𑑋
0b156da1,𑐔𑐶𑐟𑑂𑐟𑐄𑐟𑑂‍𑐥𑐟𑑂𑐟𑐶𑐖𑐸𑐫𑐵𑐌𑑌𑐳𑑄𑐩𑑂𑐧𑐟𑑑𑑐𑑑𑑐𑐩𑑂𑐟𑐶
b6z1f2d3,𑐣𑑂𑐴𑐸𑐥𑐹𑐬𑑂𑐞𑐵𑐫𑐵𑐒𑐵𑐳𑑄𑑘𑑓𑑕
a7cdf2a8,𑐰𑑒𑐲𑑀𑐣𑐵𑐠𑐬𑐶𑐰𑐸𑑍𑐬𑑀𑐰𑑔𑐳𑐟𑐸𑐒𑑂𑐐𑐮𑐰𑐸𑐬𑑀𑐰𑑑𑐰𑐬𑐰𑐸𑐐𑐮𑐳𑐶𑑍𑐬𑑀𑐰𑑔𑐳𑑀𑐩𑐲𑑂𑐰𑐵𑐟𑐰𑐸𑑍𑐠𑑂𑐰𑐟𑐾𑐧𑐸𑐫𑐵𑐰𑐬𑑂𑐲
8a3859ca,𑐥𑐹𑐬𑑂𑐞𑑂𑐞𑐩𑐵𑐳𑑂𑐫𑐵𑐫𑐵𑐟𑐶𑐠𑑁𑐥𑐸𑐲𑑂𑐫𑐣𑐎𑑂𑐲𑐾𑐟𑑂𑐬𑐁𑐫𑐹𑐲𑐩𑐵
z3f7fa54,𑐳𑑄𑐒𑐨𑐵𑐬𑑀𑑍𑐮𑐐𑐸𑐬𑐵𑐩𑐨𑐵𑐬𑑀𑑍𑐳𑐸𑐏𑐸𑐣𑐨𑐵𑐬
d52d495a,𑐟𑐳𑑂𑐫𑐟𑐱𑑂𑐬𑐷𑑍𑐱𑑂𑐬𑐷𑐟𑐰𑐟𑐷𑑍𑐱𑑂𑐬𑐷𑐐𑐸𑐞𑐖𑑀𑐟𑐶𑐎𑐳𑑂𑐫𑑍𑐎𑐣𑐾𑐲𑑂𑐚𑐵𑐩𑐵𑐟𑐵𑐴𑐾𑐬𑐸𑑋𑑋𑐠𑑂𑐰𑐟𑐾𑐥𑐸𑐩𑐸𑐏𑐣𑑍𑐠𑑂𑐰𑐐𑐸𑐞𑐵
ba0031bz,𑐬𑐵𑐫𑐞𑐣𑐣𑑂𑐡𑐳𑐶𑑄𑐴𑐵𑐲𑑂𑐚𑑁𑐚𑐵𑐎𑐢𑑄𑐖𑐸𑐳𑐸𑐖𑐣𑐵𑑅𑐳𑐸𑐨𑐎𑑂𑐣𑐵𑑅𑑋𑑋𑑋𑑋𑐊𑐟𑐩𑐶
53f3cz79,𑐨𑑀𑐖𑐣𑐫𑐵𑐔𑐎𑐾𑐩𑐵𑐮𑑌𑐱𑑂𑐬𑐷𑐰𑐵𑐐𑑂𑐩𑐟𑐷𑐩𑐹𑐬𑑂𑐟𑐶𑐳𑐥𑐹𑐖𑐵𑑍𑐩𑐟𑐧𑐶𑐫𑑍𑐣𑐶𑐟𑑂𑐫𑐩𑐵𑐮𑑌𑑌𑐰𑐔𑐶𑐣𑑂𑐟𑐵𑐫𑐵𑐎𑑍𑐐𑑀𑐲𑑂𑐛𑐷𑐀𑐩𑐵𑐟𑑂𑐫𑑍𑐢𑑂𑐰𑐎𑑍
bf3ad0b3,𑑊𑐳𑐫𑑀𑐳𑑂𑐟𑐸𑑋𑑋𑐱𑑂𑐬𑐷𑑓𑐐𑑂𑐰𑐬𑑀𑐎𑐥𑐵𑐡𑐸𑐎𑐵𑐳𑐡𑐷
dc182276,𑐌𑐟𑐶𑑍𑐟𑐳𑑂𑐫𑐨𑐵𑐬𑑂𑐫𑑂𑐫𑐵𑐥𑐡𑐸𑐎𑐣𑐾𑐲𑑂𑐚𑐨𑐵𑐬𑑂𑐫𑑂𑐫𑐵𑐩𑐞𑐷𑐮
922153c5,𑐥𑑂𑐬𑐶𑐫𑐵𑑋𑐥𑐱𑑂𑐫𑐟𑑂𑐰𑑄𑐩𑐎𑐸𑐬𑐾𑐥𑑂𑐬𑐶𑐫𑐾𑐳𑑂𑐰𑐰𑐡𑐣𑑄𑐟𑐟𑑂𑐳𑐣𑑂𑐣𑐶𑐩𑑄𑐎𑐶𑑄𑐣𑐩𑑀𑐂𑐟𑑂𑐠𑑄𑐔𑐵𑐚𑐸𑐰𑐔𑐥𑑂𑐬𑐧𑑀𑐢𑐶𑐟𑐬𑐩𑑅𑐥𑐵𑐫𑐵𑐟𑑂𑐳𑐡𑐵𑐩𑑀𑐡𑐬𑑌𑐟𑑂𑐬𑐮𑑀𑐎𑑂𑐫𑐾𑐰𑐶𑐡𑐶𑐟𑐵𑐳𑐸𑐥𑐸
f152az00,𑐳𑑄𑐎𑐬𑐾𑐎𑐬𑑂𑐟𑑂𑐟𑐸𑐎𑐵𑑄𑐰𑐶𑐱𑑂𑐰𑐎𑐬𑑂𑐟𑑂𑐬𑐷𑑍𑐩𑐨𑐶𑐨𑐬𑑂𑐠𑐡𑐵𑐟𑑂𑐬𑐷𑑄𑐳𑐡𑐵𑐔𑐶𑐣𑑂𑐟𑐫𑐵𑐩𑑅𑑌𑑓𑑌𑐱𑑂𑐩𑐱𑐵𑐣𑐵𑐣𑐮𑐵𑐨𑑂𑐫𑐣𑑂𑐟𑐬𑐾𑐱𑐵𑐰
7369fc8c,𑐳𑐢𑐬𑑂𑐩𑑂𑐩𑐳𑐵𑐮𑐵𑐔𑐥𑐵𑐮𑐡𑐫𑐎𑐵𑐱𑑂𑐬𑐷𑐳𑐶𑐡𑑂𑐢𑐶𑐎𑐵𑐮𑐶𑐎𑐵
2436dc60,𑑊𑑉𑐱𑑂𑐬𑐷𑑓𑐨𑐷𑐩𑐳𑐾𑐣𑐵𑐫𑐣𑐩𑑅𑑌𑑌𑐡𑑀𑐬𑑂𑐡𑐞𑑂𑐜𑐾𑐣𑐧𑐮𑐾𑐣𑐫𑐾𑐣𑐣𑐶𑐴𑐟𑑀𑐡𑐸𑑅𑐱𑐵𑐣𑑂𑐟𑐡𑐸𑑅𑐱𑐵𑐳𑐣𑑀𑑍𑐫𑐸𑐡𑑂𑐢𑐾𑐨𑐷𑐲𑐞𑐫𑐵𑐖𑐑𑐵𑐣𑐐𑐡𑐫𑐵𑐡𑐸𑐂𑐬𑑂𑐫𑑀𑐢𑐣𑑄𑐫𑑀𑑇𑐢𑐩
2cb04800,𑐎𑑂𑐲𑐸𑐱𑑂𑐬𑐷𑐰𑐵𑐳𑐶𑑄𑐴𑑍𑐱𑐵𑐎𑑂𑐫𑐨𑐶𑐎𑑂𑐲𑐸𑐱𑑂𑐬𑐷𑐩𑑄𑐎𑐳𑐶𑑄𑐴𑐱𑐵𑐎𑑂𑐫𑐨𑐶𑐎𑑂𑐲𑐸𑐖𑐫𑐳𑐶𑑄𑐴𑐡𑐾𑐰𑑍
5254c07a,𑐮𑐕𑐶𑐩𑐶𑐨𑑂𑐬𑐵𑐟𑐵𑐥𑐸𑐟𑑂𑐬𑐨𑐵𑐖𑐸𑐡𑐾𑐌𑐎𑐳𑑂𑐫𑐨𑐵𑐬𑑂𑐫𑑂𑐫𑐵𑐐𑐸𑐣𑐮𑐕𑐶𑐩𑐷𑑌𑐎
37089105,𑐖𑐵𑐢𑐶𑐬𑐵𑐖𑐱𑑂𑐬𑐷𑐱𑑂𑐬𑐷𑐖𑐫𑐨𑐵𑐳𑑂𑐎𑐬𑐩𑐮𑑂𑐮𑐡𑐾𑐰𑐳𑑂𑐫𑐢𑐶𑐖𑑀𑐬𑐵𑐖𑑌𑐡𑐵𑐣𑐥𑐟𑐶𑐎𑐵𑐎𑐶𑐥𑐹𑐬𑐳𑐡𑐵𑐣
daba8z5a,𑑊𑐱𑑂𑐬𑐷𑑓𑐮𑐎𑑂𑐲𑑂𑐩𑐷𑐣𑐵𑐬𑐵𑐫𑐞𑐵𑐫𑐣𑐩𑑅𑑌𑐱𑑂𑐬𑐷𑑓𑐄𑐩𑐵𑐩𑐴𑐾𑐱𑑂𑐰𑐬𑐵𑐫𑐣𑐩𑑅𑑌𑑌𑐮𑐎𑑂𑐲𑑂𑐩𑐷𑐣𑐵𑐬𑐵𑐫𑐞𑐵𑑄𑐢𑑂𑐫𑐵𑐫𑐾
z8f47977,𑐰𑐶𑐢𑑂𑐣𑐑𑐳𑑂𑐟𑐸𑑋𑑋𑐱𑑂𑐬𑐷𑐔𑐞𑑂𑐜𑐶𑐎𑐵𑐥𑑂𑐬𑐶𑐟𑐶𑐎𑐺𑐟𑐬𑑂𑐳𑑂𑐫𑐫
8cf00344,𑐁𑐬𑑂𑐫𑑂𑐫𑐟𑐵𑐬𑐵
6ff4f8fb,𑐬𑑂𑐲𑑓𑐎𑐵𑐡𑑀𑐰𑐸𑐎𑐬𑑂𑐲𑑒𑐐𑐵𑑄𑐰𑐸𑐠𑑂𑐰𑐟𑐾𑐰𑐸𑐡𑐸𑐣𑑂𑐟𑐵
78z23b07,𑐴𑐰𑐶𑐴𑐵𑐬𑐾𑐲𑑂𑐛𑐶𑐟𑐩𑐥𑐶𑐎𑐸𑐮𑐩𑐵𑐣
f3c1ffc6,𑐲𑑂𑐚𑐡𑐾𑐰𑐟𑐵𑐥𑑂𑐬𑐷𑐟𑑂𑐫𑐬𑑂𑐠𑐱𑑂𑐬𑐷𑐱𑑂𑐬𑐷𑐳𑐸𑐩𑐟𑐶𑐖𑐫
f46871z8,𑐌𑑑𑐎𑐵𑐟𑐶𑐎𑐱𑐸𑐎𑑂𑐬𑐥𑐹𑐣𑐩𑐵𑐳𑐶𑐎𑐸𑐣𑑂𑐴𑐸𑐩𑐟𑐕𑑀𑐫𑐎𑐾𑐩𑐵𑐬𑐰𑐬𑑂𑐲𑐥𑐟𑐶𑐊𑐟𑐣𑐥
81z05c43,𑐫𑐰𑐵𑑄𑐕𑐶𑐟𑐵𑐬𑑂𑐠𑐥𑑂𑐬𑐡𑐵𑐣𑐳𑐩𑐬𑑂𑐠𑐵𑑄𑑌𑑑𑑕𑑌𑐂𑐟𑐶𑐱𑑂𑐬𑐷𑐬𑐵𑐖𑐬𑐵𑐖𑐾𑐱𑑂𑐰𑐬𑐱𑑂𑐬𑐷𑐱𑑂𑐬𑐷𑐎𑐰𑐵𑐣𑑂𑐡𑑂𑐬𑐖𑐫𑐥𑑂𑐬𑐟𑐵𑐥
664127z2,𑐣𑐳𑐬𑐳𑑂𑐰𑐟𑐶𑐫𑐵𑐟𑐥𑐵𑐔𑐵𑐩𑐵𑐟𑑋𑑋𑑋𑑋𑐱𑐶𑐰𑐬𑐵𑐟𑑂𑐬𑐶𑐣𑐣𑐾𑐴𑑂𑐩𑐵𑐳𑑂𑐟𑐵𑑄
a4b621f1,𑐖𑐾𑑍𑐳𑐬𑑂𑐰𑑂𑐰𑐵𑐟𑑂𑐩𑐵𑐣𑐩𑐐𑐩𑑂𑐫𑐩𑐶𑐣𑑂𑐡𑑂𑐬𑐶𑐫𑐐𑐞𑑅𑐳𑐬𑑂𑐰𑑂𑐰𑐖𑑂𑐘𑐩𑐵𑐡𑑂𑐫𑑄𑐰𑐶𑐨𑐸𑑄𑑋𑐣𑐶𑐟𑑂𑐫𑐵𑐣𑐣𑑂𑐡𑐶𑐩𑐫𑑄𑐥𑐬𑐵𑐟𑑂𑐥𑐬𑐟𑐬𑑄𑐳𑑄𑐳𑐵𑐬
z5ddc5f7,𑐫𑐵𑐀𑐦𑐧𑐹𑐮𑑀𑑔𑐢𑐮𑐶𑐏𑐾𑐮𑐎𑑀𑐧𑐸𑐮𑑀𑑗𑐎𑐬𑑂𑐲𑑒𑐀𑐟𑐥𑐵𑐧𑐹𑐮𑑀𑑑
d6770243,𑐢𑑂𑐬𑐶𑐫𑐸𑐐𑑄𑐳𑑂𑐩𑐬𑐣𑑂𑐟𑐶𑐩𑐸𑐣𑐫𑑀𑐑𑐵𑐫𑐣𑑂𑐟𑐶𑐫𑐡𑑂𑐫𑑀𑐐𑐶𑐣𑑅𑐳𑑄𑐥𑐸𑐖𑑂𑐫𑐣𑑂𑐟𑐶𑐳𑐸𑐣𑐵𑑓𑐳𑐸𑐬𑐵𑑅𑐏
z599bc7d,𑐫𑐰𑐵𑑄𑐕𑐶𑐟𑐵𑐬𑑂𑐠𑐥𑑂𑐬𑐡𑐵𑐣𑐳𑐩𑐬𑑂𑐠𑐵𑑄𑑌𑑑𑑕𑑌𑐂𑐟𑐶𑐱𑑂𑐬𑐷𑐬𑐵𑐖𑐬𑐵𑐖𑐾𑐱𑑂𑐰𑐬𑐱𑑂𑐬𑐷𑐱𑑂𑐬𑐷𑐎𑐰𑐵𑐣𑑂𑐡𑑂𑐬𑐖𑐫𑐥𑑂𑐬𑐟𑐵𑐥
3434ba84,𑐩𑐡𑐸𑐥𑑄𑐔𑐥𑐵𑐟𑐎𑐬𑐵𑐎
f6231822,𑑉𑐣𑐩𑑀𑐬𑐟𑑂‍𑐣𑐟𑑂𑐬𑐫𑐵𑐫𑐳𑐎𑐮𑐣𑐣𑐵𑐠𑐎𑐵𑐰𑐣𑐵𑐴𑐾𑐖𑐶𑐣𑐾𑐣𑑂‍𑐡𑐸𑐡𑐐𑐾𑐰𑐮
165190a0,𑐬𑐣𑐎𑑂𑐲𑐟𑑂𑐬𑐥𑑂𑐬𑐷𑐟𑐶𑐫𑑀𑐐𑐧𑐹𑐢𑐧𑐵𑐬𑐠𑑂𑐰𑐎𑐸𑐴𑑂𑐣𑐸𑐥𑑂𑐬𑐟𑐶𑐲𑑂𑐛𑐵𑐡𑐶𑐣𑐱𑐸𑐨
7dc7ab8a,𑐥𑐡𑐵𑐬𑐰𑐶𑐣𑑂𑐡𑐫𑐸𑐐𑐮𑐾𑐨𑐺𑐒𑑂𑐐𑐵𑐫𑐟𑐾𑐫𑐣𑑂𑐩𑐣𑑅𑑋𑐰𑐵𑐐𑑂𑐩𑐟𑑂𑐫𑐵𑐳𑑂𑐟𑑂𑐬𑐶𑐥𑐸𑐬𑐵𑐣𑑂𑐟𑐎𑐳𑑂𑐫𑐔𑐴𑐬𑐾𑐬𑑂𑐢𑑂𑐫𑐵𑐣𑐵𑐣𑐸𑐬𑐎𑑂𑐟𑑅𑐳𑐡𑐵𑑍𑐳𑑀𑐫𑐱𑑂𑐬𑐷𑐮𑐮𑐶𑐟𑐵𑐥𑐸𑐬𑐾𑐣𑐺𑐥𑐩𑐞𑐶𑑅
zb728696,𑐥𑐬𑐵𑐖𑐨𑐵𑐬𑑀𑑍𑐩𑐴𑐶𑐬𑐵𑐨𑐵𑐬𑑀𑑍𑐖𑑀𑐟𑐶𑐨𑐵𑐬𑑀𑑍𑐖𑐫𑐟𑐳𑐶𑑄𑐴𑐨𑐵𑐬𑑀𑑍𑐖𑑂𑐘𑐵𑑄𑐨𑐵
d8708ff4,𑐱𑐸𑐨𑑋𑑋𑐨𑐵𑐳𑑂𑐎𑑂𑐬𑐾𑐡𑐾𑐰𑐳𑑄𑐳𑑂𑐎𑐵𑐬𑐶𑐟𑐳𑐵𑑍𑐳𑐟𑑂𑐬𑐱𑑂𑐬𑐷𑐎𑐾𑐱𑐰𑐔𑐣𑑂𑐡𑑂𑐬𑐎𑐶
bz544363,𑐳𑐵𑐣𑑂𑐡𑑂𑐬𑐖𑐮𑐡𑑀𑐣𑐷𑐮𑐷𑐣𑐶𑐔𑑀𑐮𑐵𑐫𑐟𑐾𑐣𑐎𑑂𑐲𑐟𑑂𑐬𑑄𑐎𑐸𑐳𑐸𑐩𑐵𑐫𑐟𑐾𑐳𑐸𑐏𑐢𑐸𑐥𑑂𑐬𑐎𑑂𑐲𑐶𑐥𑑂𑐟𑐥𑐸𑐥𑑂𑐥𑐵𑑄𑐖𑐮𑑁𑑋𑐰𑐵𑐳𑐸𑐡𑐾𑐰𑐘𑑂𑐔𑐥𑐹𑐬𑑂𑐰𑐾𑐲𑐫𑐵
738cf97b,𑐱𑑂𑐬𑐷𑑓
b7a73b88,𑐬𑐳𑐱𑐸𑐎𑑂𑐬𑐥𑐎𑑂𑐲𑐥𑐹𑐬𑑂𑐞𑐩𑐵𑐳𑑂𑐫𑐟𑐶𑐠𑑀𑐮𑑀𑐴𑐶𑐣𑐶𑐣𑐎𑑂𑐲𑐟𑑂𑐬𑐾𑐳𑐶𑐡𑑂𑐢𑐶𑐖𑑀𑐐
c3582f5b,𑐫𑐳𑐾𑑄𑐰𑐵𑐫𑐩𑐵𑐬𑐖𑐸𑐬𑑀𑐨𑐵𑐏𑐵𑐠𑑂𑐰𑐫𑐵𑐐𑐸𑐠𑐶𑐎𑐟𑐎𑐾𑐐𑐸𑐬𑐸𑐥𑐡𑑂𑐩𑐢𑑂𑐬𑐢𑐬𑑂𑐩𑑂𑐩𑐎𑑂𑐬𑑍𑐟𑐥𑐵𑐡𑐾𑐌𑑍𑐳𑑂𑐰𑐳𑑂𑐟𑐶𑐡𑐾𑐌𑐬𑐕𑐾𑐩
9575a2a9,𑐡𑐾𑐐𑐸𑐠𑐶𑐳𑐡𑐸𑐣𑑂𑐟𑐵𑑍𑐳𑐫𑐰𑐧𑐵𑐴𑐵𑐬𑐌𑐣𑑂𑐟𑐵𑐕𑐾𑑍𑐖𑐵𑐌𑐏𑐵𑑒𑐎𑐸𑑑𑑔𑐂𑐳𑐵𑐣𑐎𑐸𑐣𑐥𑐵
20fbd04b,𑐟𑑍𑐳𑐶𑐰𑐣𑐵𑐮𑐵𑐫𑐣𑑌𑐢𑐬𑑂𑐩𑑂𑐩𑐢𑐮𑐔𑐶𑐎𑐶𑐟𑐶𑑍𑐀𑐳𑑄𑐟𑑀𑐮𑐎𑑀𑐠𑐸𑐥
35fb2ba0,𑐳𑐶𑐡𑑂𑐢𑐶𑐎𑐵𑐮𑐷𑐩𑐫𑐵𑐡𑐟𑑂𑐟𑑄𑐡𑐾𑐰𑐷𑐥𑐸𑐬𑐶𑑄𑐰𑑂𑐬𑐖𑐵𑐩𑑂𑐫𑐴𑑄𑑋𑑋𑑒𑑋𑑋𑐀𑐡𑑂𑐫𑑍𑐱𑑂𑐰𑐟𑐧𑐵
29z22zc6,𑐩𑐾𑐟𑐵𑐨𑐵𑐖𑐸𑐣𑐵𑐩𑑀𑐰𑐶𑐩𑐵𑐟𑐺𑐎𑐵𑑋𑑋𑐢
fd1d36z5,𑐥𑑁𑐬𑐾𑐫𑐔𑐹𑐜𑐵𑐩𑐞𑐷𑐬𑐵𑐢𑐵𑐎𑐵𑐣𑑂𑐟𑐣𑐶𑐟𑐵𑐣𑑂𑐟𑐔𑐶𑐣𑑂𑐟𑐣𑐔𑐩𑐟𑑂𑐎𑐵𑐬𑐷𑐰𑐶𑐔𑐵𑐬𑐷𑐳𑐟𑐵𑑄𑑋𑐡𑐵𑐣𑐎𑐬𑑂𑐞𑑂𑐞𑐳𑐩𑑀𑐐𑐸
7b25667b,𑐣𑑂𑐴𑐸𑐔𑐵𑐎𑑂𑐬𑐩𑐟𑐕𑑀𑐫𑐎𑐾𑐔𑐾𑐎𑑄𑑒𑐡𑐸𑐠𑐾𑐥𑑄𑐔𑑀𑐥𑐔𑐵𑐬𑐥𑐸𑐖𑑌𑐳𑑄𑐎𑑂𑐬𑐵𑐣𑑂𑐟𑐶𑐥𑐟𑐶𑐎𑑄𑐩𑐧𑐾
8d5za027,𑐢𑐎𑐠𑐵𑐥𑐣𑐵𑐫𑐵𑐣𑐵𑐐𑐸𑐡𑐾𑐰𑐐𑐸𑐬𑐸𑐩𑐵𑐩𑐰𑐧𑐵𑐫𑐵𑐟𑐧𑑀𑐩𑐧𑐶𑐫𑐵𑑅𑐳𑐶𑐡𑐣𑐵𑐫𑐵𑐣𑐵𑐴
21cb814f,𑐖𑐸𑐬𑑀𑑍𑐳𑐵𑐮𑐚𑑀𑐮𑐫𑐵𑐩𑐵𑐣
z67z117d,𑐱𑐷𑐖𑐶𑐎𑑀𑐥𑑂𑐬𑐖𑐵𑑍𑐰𑐵𑐳𑑂𑐟𑐸𑐣𑐵𑐐𑐥𑐹𑐖𑐵𑑍𑐥
55488f05,𑐥𑐶𑐎𑐮𑑂𑐫𑐣𑐵𑐟𑑂𑐬𑐫𑑄𑑋𑐊𑐰𑑄𑐬𑐸𑐥𑑀𑐴𑐰𑑄𑐳𑐬𑑂𑐰𑑂𑐰𑑍𑐎𑐮𑑂𑐫𑐣𑐵𑐨𑐵𑐰𑐩𑐵𑐟𑑂𑐬𑐎𑑄𑑋𑑋𑐱𑐩𑑂𑐟𑑂𑐬𑐱𑐵𑐩𑑂𑐟𑑂𑐬𑐳𑑄𑐐𑐷𑐟𑐵
9zf813az,𑐟𑐶𑑅𑑍𑐣𑐾𑐥𑐵𑐮𑐾𑐮𑐮𑐶𑐟𑐵𑐥𑐸𑐬𑐾𑐰𑐶𑐴𑐬𑐟𑐶𑐱𑑂𑐬𑐷𑐱𑑂𑐬𑐷𑐣𑐶𑐰𑐵𑐳𑑀𑐣𑐺𑐥𑑅𑑌𑐫𑐳𑑂𑐟𑐵𑐟𑑂𑐩𑐖𑑀𑐫𑑀𑐐𑐣𑐬𑐾𑐣𑑂𑐡𑑂𑐬𑐩𑐮𑑂𑐮𑑀𑐣𑐵𑐎𑐵𑐢𑐶𑐣𑐵𑐠𑐳𑑂𑐫𑐫𑐠𑐵𑐖𑐫𑐣𑑂𑐟𑑅𑑋𑐥𑑂𑐬𑐨𑐵𑐟
5az0732a,𑐩𑐨𑐵𑐬𑑂𑐫𑑂𑐫𑐵𑐫𑐵𑑄𑑍𑐥𑑂𑐬𑐠𑐩𑐥𑐸𑐟𑑂𑐬𑑍𑐢𑐣𑐳𑐶𑑄𑐴𑐀𑐳𑑂𑐫𑐥𑐟𑑂𑐣𑐷𑐩𑐣𑑀𑐢𑐬𑐷𑐟𑐳𑑂𑐫𑐵𑐟𑑂𑐩𑐖𑐰𑐖𑐵𑐔𑐵𑐬𑑂𑐫𑑂𑐫𑑍𑐱𑑂𑐬𑐷𑐥
4dzbdf86,𑐳𑐫𑑄𑐫𑐵𑐖𑐸𑐎𑑂𑐟𑐮𑑄𑐏𑐸𑐩𑐔𑐵𑐮𑐳𑐩𑐡𑐸𑑋𑑋
c95ffc6b,𑐬𑐡𑐷𑐣𑑓𑐊𑐣𑑂𑐡𑑂𑐫𑐵𑐟𑐖𑑀𑐬𑐕𑐷𑐎𑐵𑐟𑐷𑐎𑐣
61f04dd9,𑑊𑐳𑑂𑐰𑐳𑑂𑐟𑐶𑑌𑐱𑑂𑐬𑐷𑐱𑑂𑐬𑐷𑐱𑑂𑐬𑐷𑐳𑑂𑐰𑐾𑐲𑑂𑐚𑐡𑐾𑐰𑐟𑐵𑐥𑑂𑐬𑐷𑐟𑑂𑐫
229f8ab7,𑐥𑐹𑐬𑑂𑐞𑑂𑐞𑐩𑐵𑐳𑑂𑐫𑐵𑑄𑐟𑐶𑐠𑑁𑑍𑐥𑑀𑐲𑑂𑐫𑐣𑐎𑑂𑐲𑐟𑑂𑐬𑐁𑐫𑐸𑐲𑑂𑐩𑐵𑐞𑐫𑑀𑐐𑐾𑐱
a32892zz,𑐐𑐣𑐬𑐾𑐣𑑂𑐡𑑂𑐬𑐩𑐮𑑂𑐮𑐥𑑂𑐬𑐨𑐸𑐠𑐵𑐎𑐸𑐬𑐣𑑍𑐣𑑂𑐴𑐥𑐵𑐫𑐵𑐩𑐞𑐶𑐩𑐞𑑂𑐜𑐥𑐖𑐷𑐬𑑂𑐞𑐖𑐸𑐫𑐵𑐰𑐣𑑂𑐴𑐸𑐬𑐡𑐫𑐎𑑄𑐧𑐶𑐖𑑂𑐫𑐵𑐒𑐵𑐰
650c3f99,𑐔𑐵𑐩𑐵𑐟𑐖𑐸𑐕𑐶𑐳𑐮𑐱𑑂𑐰𑐟𑐶𑐫𑐵𑐟𑐥𑐵𑐔𑐵𑐩𑐵𑐟𑐖𑐸𑐕𑐶𑐥𑐘𑑂𑐔𑐥𑐔𑐵𑐬𑐥𑐸𑐖𑐵
cb249587,𑐮𑐳𑐟𑑂𑐎𑐶𑐮𑐞𑑂𑐜𑐮𑐶𑐟𑐟𑑂𑐎𑑀𑐡𑐞𑑂𑐜𑐳𑑄𑐮𑐐𑑂𑐣𑑋𑐏𑐞𑑂𑐜𑐎𑐵𑐞𑑂𑐜𑐥𑑂𑐬𑐔𑐞𑑂𑐜𑐟𑐵𑐫𑐟𑐵𑐥𑐶𑐟𑐳𑐎𑐮𑐥𑑂𑐬𑐟𑐶𑐡𑐎𑑂𑐲𑐩
acbf2714,𑐕𑐫𑑂‌𑐩𑐵𑐢𑐰𑐬𑐵𑐩𑐢𑑄𑐖𑐸𑐬𑐵𑐩𑐖𑐫𑐬𑐵𑐩𑐠𑐸𑐟𑐶𑐳𑐩𑐸𑐔𑐫𑐣𑐠𑑂𑐰𑐎𑑂𑐰
57576020,𑐳𑑄𑐐𑐕𑐶𑐫𑐵𑐟𑐡𑑄𑐡𑐎𑑂𑐲𑐞𑐵𑐠𑐶𑐖𑐣𑐥𑐣𑐶𑐳𑐾𑐣𑐳𑐟𑐥𑑂𑐥𑑂𑐫𑐵
dc03zf63,𑐳𑑄𑐥𑐡𑐥𑐬𑐟𑑂𑐬𑐳𑑂𑐰𑐬𑑂𑐐𑑂𑐐𑐎𑐵𑐩𑐣𑐵𑐬𑑂𑐠𑐾𑐣𑐩𑐵𑐢𑐰𑐾𑐏𑐮𑐠𑐵𑐥
b5790f04,𑐱𑑂𑐬𑐷𑑓𑐩𑐡𑐵𑐬𑑂𑐫𑑂𑐫𑐵𑐧𑐮𑑀
08c3d693,𑐐𑑂𑐬𑐞𑐷𑑅𑐳𑑁𑐣𑑂𑐡𑐬𑑂𑐫𑐬𑑂𑐖𑑂𑐖𑐶𑐟𑐩𑐷𑐣𑐎𑐾𑐟𑐸𑐬𑐖𑐶𑐟𑑀𑐰𑐶𑐡𑑂𑐫𑐵𑐥𑐬𑐷𑐟𑐵𑐱𑐰𑑀𑐡𑐶𑐎𑑂𑐳𑑂𑐟𑑂𑐬𑐷𑐎𑐬𑑂𑐞𑐰𑐶𑐨𑐹𑐲𑐞𑐷𑐎𑐺𑐟𑐫𑐱𑑀
b4bf33fa,𑐱𑑂𑐬𑐷𑐐𑐬𑐸𑐜𑐣𑐵𑐬𑐵𑐫𑐞𑑍𑐱𑑂𑐬𑐷𑐮𑐎𑑂𑐲𑑂𑐩𑐷𑐣𑐵𑐬𑐵𑐫𑐞𑑍𑐨𑐰𑐵𑐣𑐷𑐱𑑄𑐎𑐬𑑍𑐰𑑄𑐱𑐐𑑀𑐥𑐵𑐮𑑍𑐩𑐵𑐢𑐰
200d1d45,𑐥𑐹𑐬𑑂𑐞𑐩𑐵𑐱𑐶𑐩𑐑𑐣𑐎𑑂𑐲𑐟𑑂𑐬𑐀𑐟𑐶
f6b19a81,𑐎𑐸𑐬𑐫𑐵𑐔𑐬𑐞𑐬𑐰𑐶𑐣𑑂𑐡𑐥𑐹𑐖𑐵𑐫𑐵𑐎𑑌𑑌𑐨𑐵𑐲𑐵𑐧𑐸𑐬𑑀𑐰𑑙𑐟𑐾𑐐𑐵𑑄𑐰𑐸𑐬𑑀𑐏𑑀𑑄𑐣𑐵𑐐𑐬𑐶𑐠𑑂𑐰𑑀
722a1zzd,𑑌𑐱𑐸𑐨𑐩𑐒𑑂𑐐𑐮𑐨𑐰𑐟𑐸𑑌
d1cba955,𑐮𑐨𑐵𑐲𑐵𑑋𑐱𑑂𑐬𑐾𑐫𑑀𑐳𑑂𑐟𑐸𑑌𑐳𑑄𑐰𑐟𑑂𑑘𑑕𑑒𑐖𑑂𑐫𑐾𑐲𑑂𑐛𑐩𑐵𑐳𑐾𑐱𑐸𑐎𑑂𑐮𑐥𑐎𑑂𑐲𑐾𑐥𑐣𑑂𑐔𑐩𑑂𑐫𑐵𑑄𑐟𑐶𑐠𑑁𑑍𑐥𑐸𑐲𑑂𑐫𑐣𑐎𑑂𑐲𑐾𑐟𑑂𑐬𑐾𑑍𑐰𑐸𑐡𑑂𑐢𑐶𑐫𑑀𑐐𑐾𑑍𑐧𑐸𑐢𑐰𑐵𑐳𑐬𑐾𑑍𑐠𑑂𑐰𑐎𑐸𑐣𑑂𑐴𑐸
4faa8ccc,𑐫𑐵𑐫𑑌𑐩𑐴𑐧𑐮𑑀𑐖𑑂𑐘𑐵𑐣𑐳𑐩𑐵𑐢𑐶𑐡𑐣𑑂𑐟𑑀𑐫𑑅𑐥𑐣𑑂𑐖𑐬𑑄𑐖𑐣𑑂𑐩𑐩𑐫𑑄𑐰𑐶𑐡𑐵𑐬𑑂𑐫𑐰𑐶𑐰𑐾𑐱𑐣𑐶
4dccz9ff,𑐣𑑋𑑋𑐱𑑂𑐬𑐾𑐫𑑀𑑇𑐳𑑂𑐟𑐸𑑋𑑋𑐳𑐩𑑂𑐧𑐟𑑖𑑓𑑖𑐩𑐵𑐑𑐩𑐵𑐳𑐾𑐱𑐸𑐎𑑂𑐮𑐥𑐎𑑂𑐲𑑅
z76zbcb8,𑐟𑑂𑐫𑐥𑐸𑐖𑐵𑐫𑐵𑐟𑐰𑐸𑐟𑐫𑐵𑐎𑐬𑑂𑐲𑑒𑐡𑑀𑐎𑑀𑐰𑐸𑐎
b8b10bda,𑐱𑐶𑐐𑐟𑐾𑐔𑐣𑑂𑐡𑑂𑐬𑐩𑐱𑐶𑑋𑑋𑐱𑐸𑐨𑐩𑐳𑑂𑐟𑐸𑐳𑐬𑑂𑐰𑑂𑐰𑐡𑐵𑐱𑐸𑐨𑑋𑑋
f41936a5,𑐱𑐶𑐧𑐮𑐶𑑄𑐐𑐳𑐧𑐺𑐲𑐨𑐳𑑂𑐠𑐵𑐥𑐣𑐥𑑂𑐬𑐟𑐶𑐲𑑂𑐚𑐵𑐫𑐣𑑂𑐫𑐔𑐟𑑂𑐟𑐸𑐬𑑂𑐧𑑂𑐧𑐡𑑀𑐎𑑂𑐟𑐦𑐮𑐥𑑂𑐬𑐵𑐥𑑂𑐟𑐶𑐎𑐵𑐩𑐣
ad54d0ba,𑐠𑑁𑐁𑐏𑐵𑐝𑐾𑐔𑐱𑐶𑐟𑐾𑑇𑐣𑐸𑐬𑐵𑐢𑐳
z16024f2,𑐌𑑑𑐎𑐵𑐟𑐶𑐎𑐱𑐸𑐎𑑂𑐬𑐥𑐹𑐣𑐩𑐵𑐳𑐶𑐎𑐸𑐣𑑂𑐴𑐸𑐩𑐟𑐕𑑀𑐫𑐎𑐾𑐩𑐵𑐬𑐰𑐬𑑂𑐲𑐥𑐟𑐶𑐊𑐟𑐣𑐥
f7a28194,𑐠𑑄𑐫𑐠𑐵𑑒𑐱𑐵𑐩𑑂𑐟𑑂𑐬𑑀𑐎𑑂𑐟𑐱𑐸𑐨𑐦𑐮𑐥𑑂𑐬𑐵𑐥𑑂𑐟𑑂𑐫𑐠𑑄𑑋𑑋𑐐𑐸𑐠𑐶𑐡
d8df2889,𑐥𑐵𑐔𑐵𑐩𑐵𑐟𑐔𑐾𑐎𑐣𑐀𑐳𑑂𑐟𑐵𑑒𑐩𑐟𑐵𑐥𑑂𑐰𑐵𑑕𑑋𑑋𑐥𑐸𑐖𑐵𑐰𑐵𑐬𑐶𑐫𑐵𑐟𑐵𑐖𑐵𑐎𑐶
b54b80a7,𑐳𑐣𑐩𑐴𑐵𑐬𑐵𑐖𑐵𑐢𑐶𑐬𑐵𑐖𑐰𑐷𑐬𑐱𑑂𑐬𑐷𑐱𑑂𑐬𑐷𑐖𑐫𑐖𑑀𑐐𑐣𑐬𑐾𑐣𑑂𑐡𑑂𑐬𑐩𑐮𑑂𑐮𑐥𑑂𑐬𑐨𑐸𑐠𑐵𑐎𑐸𑐬𑐫𑐵𑐖𑐸𑐬𑑀𑑌𑐠𑑂𑐰
0535b7d1,𑐐𑐣𑐾𑐳𑐎𑐾𑐡𑐸𑐣𑑂𑐟𑐵𑐖𑐸𑐬𑑀𑑌𑐱𑐸𑐨𑑌
2c99215z,𑑊𑐳𑐩𑑂𑐧𑐟𑑂𑑗𑑗𑑑𑐖𑑂𑐫𑐾𑐲𑑂𑐛𑐱𑐸𑐎𑑂𑐮
13z6193c,𑐬𑐵𑐫𑐞𑐣𑐣𑑂𑐡𑐳𑐶𑑄𑐴𑐵𑐲𑑂𑐚𑑁𑐚𑐵𑐎𑐢𑑄𑐖𑐸𑐳𑐸𑐖𑐣𑐵𑑅𑐳𑐸𑐨𑐎𑑂𑐣𑐵𑑅𑑋𑑋𑑋𑑋𑐊𑐟𑐩𑐶
ff17z83d,𑐡𑑂𑐰𑐶𑐟𑐶𑐫𑐨𑐵𑐬𑑂𑐫𑐵𑑍𑐧𑐕𑐬𑐵𑐮𑐎𑑂𑐲𑑂𑐩𑐷𑑓
b5f6ab2c,𑐦𑐮𑐡𑐵𑐱𑑂𑐬𑐷𑐰𑐵𑐐𑑂𑐩𑐟𑐷𑐟𑑂𑐫𑐡𑑂𑐨𑐸𑐟𑐵𑑍𑐳𑑂𑐣𑐵𑐣𑐵𑐡𑑂𑐡𑐵𑐣𑐎𑐺𑐟𑐵𑐟𑑂𑐳𑐡𑐵𑐩𑐟𑐶𑐩𑐟𑐵𑑄𑐥𑐵𑐥𑐵𑐣𑑂𑐢𑐰𑐶𑐢𑑂𑐰𑑄𑐱𑐶𑐣𑐷𑑋𑐳𑐬𑑂𑐰𑐖𑑂𑐘𑐳𑑂𑐫𑐩𑐸𑐏𑑀𑐨𑑂𑐡𑐰𑐵𑐥𑐱𑐸𑐥𑐟𑐾𑑅𑐳𑑂𑐠𑐵𑐣𑐾𑐳𑑂𑐟𑑂𑐬𑐰𑐣𑑂𑐟𑐷
940f1bb9,𑐞𑐴𑑄𑐟𑐰𑐾𑐳𑑄𑐰𑐾𑐳𑐩𑐵𑐬𑐵𑑄𑐎𑐺𑐟𑐰𑐵𑐣𑐟𑐳𑑂𑐩𑐶𑐩𑐺𑐳𑑂𑐛𑐵𑐰𑑂𑐫𑐱𑑂𑐬𑐷𑐴𑐬𑐶𑐄𑐩𑐵𑐩𑐴𑐾𑐱𑑂𑐰𑐬𑑄𑐟𑐟𑑂𑐬
cd59cc59,𑐮𑐵𑐳𑐶𑐢𑐎𑑄𑐣𑐶𑐧𑐾𑐡𑐣𑐫
24c3085d,𑐴𑑍𑐡𑐠𑐸𑐮𑐵𑐕𑐾𑐥𑐵𑐟𑑂𑐬𑐰𑐱𑐬𑐵𑐰𑐟𑐎𑐵𑐱𑐶𑐬𑐵𑐖𑐨𑐵𑐬𑑀𑐡𑐢𑐰𑐵𑐴𑐵𑐬𑐥𑐵𑐟𑑂𑐬𑐰𑑄𑐱𑐬𑐵𑐰𑐸𑐟𑑂𑐟𑐩𑐫𑐵𑐳𑐶𑑄𑐴𑐨𑐵𑐬𑑀𑑍𑐣𑐎𑐧𑐵𑐴𑐬𑐰𑐶
2a8df074,𑐖𑐵𑐩𑐫𑐵𑐳𑐵𑐡𑐾𑐰𑐟𑐵𑐫𑐵𑐎𑐸𑐡𑐺𑐲𑑂𑐚𑐶𑐫𑐵𑐟
z6742b5z,𑐥𑐾𑑍𑐨𑐬𑐟𑐏𑐞𑑂𑐜𑐾𑑍𑐨𑐬𑐟𑐰𑐬𑑂𑐲𑑂𑐚𑐁𑐫𑑂𑐫𑐵𑐰𑐰𑐟𑑂𑐟𑐡𑐾𑐱𑐾𑑍𑐴𑐾𑐩𑐰𑑍𑐡𑑂𑐡𑐎𑑂𑐲𑐶𑐞𑐥𑐵𑐡𑐾𑑍𑐣𑐾𑐥𑐵𑐬𑐩
dbzz36fc,𑑊𑑉𑐣𑐩𑑅𑐱𑑂𑐬𑐷𑑓𑐳𑑂𑐟𑑂𑐬𑐷𑐩𑐹𑐎𑑂𑐟𑐶𑐧𑐖𑑂𑐬𑐵𑐳𑐣𑐀𑐎𑑂𑐲𑑀𑐨𑑂𑐫𑐣𑐩𑑅𑑌𑐳𑑂𑐰𑐳𑑂𑐟𑐶𑐱𑑂𑐬𑐷𑐩𑑂𑐟𑐥𑐱𑐸𑐥𑐟𑐶𑐔𑐬𑐞𑐎𑐩𑐮𑐢𑐸𑐮𑐶𑐢𑐹𑐳𑐬𑐶𑐟𑐱𑑂𑐬𑐷𑐬𑑀𑐮𑐸𑐴𑐱𑑂𑐬𑐷𑐩𑐣𑑂𑐩𑐵𑐣𑐾𑐱𑑂𑐰𑐬𑐷𑐳𑑂𑐟
724f2a32,𑐣𑑂𑐴𑐣𑑂𑐴𑑀𑐫𑐠𑑀𑐳𑑂𑐰𑐣𑐨𑑀𑐖𑐾𑐣𑐎𑐾𑐩𑐵𑐮𑑍𑐩𑑄𑐐𑐥𑐳𑐔𑐶𑑄𑐟𑐵𑐫𑐵𑐎𑐣𑑂𑐴𑐣𑑌𑐧𑐬𑐲𑐸𑐣𑐶𑐔𑐥𑐵𑐮𑐫𑐵𑐖𑑀
1d859844,𑐳𑐳𑐾𑐒𑐵𑐌𑐰𑐣𑐳𑐵𑐳𑐸𑐣𑐵𑐞𑑄𑐮𑑂𑐴𑑂𑐰𑐣𑐾𑐡𑐸𑐖𑐸𑐬𑑀𑐨𑐵𑐳𑑂𑐎𑐮𑐡𑐾𑐌𑐳𑐣𑑂𑐎𑐵𑐮𑐶𑐟𑐱𑑂𑐬𑐷𑐎𑐾𑐳𑑀𑐔𑐣𑑂𑐡𑑂𑐬𑐎𑐺𑐟𑐥𑐵𑐬𑐵𑐰𑐬𑑂𑐟𑑂𑐟𑐩𑐴𑐵𑐰𑐶𑐴𑐵𑐬𑐳𑑂𑐛𑐶𑐟𑑍𑐱𑐸
493d869f,𑐫𑐩𑐵𑐮𑐳𑑄𑐟𑐵𑐣𑐣𑐠𑑂𑐰𑐡𑐾𑐰𑐟𑐵𑐣𑐶𑐟𑑂𑐫𑐥𑐸
z5z07934,𑐱𑐶𑐬𑑀𑐬𑐸𑐴𑐱𑑂𑐬𑐷𑐩𑐣𑑂𑐩𑐵𑐣𑐾𑐳𑑂𑐰𑐬𑐷𑐲𑑂𑐛𑐡𑐾𑐰𑐟𑐵𑐰𑐬𑐔𑑂𑐔𑐥𑑂𑐬𑐳𑐵
718fa317,𑐱𑑂𑐬𑐷
3ccfba36,𑐟𑑂𑐬𑐵𑐬𑑀𑐴𑐣𑐫𑐵𑐫𑑌𑑌𑐠𑑂𑐰𑐟𑐾𑐄𑐥𑐔𑐵𑐬𑐡𑐫𑐎𑑄𑐔𑐟𑑂𑐬𑐱𑐸𑐎𑑂𑐮𑐟𑑂𑐬𑐫𑑀𑐡𑐱𑐷𑐡𑐩𑐣𑐵𑐬𑑀𑐴𑐣𑐫𑐵𑐫𑑌𑑌𑐖𑑂𑐫𑐾𑐲𑑂𑐛𑐱𑐸𑐎𑑂𑐮
0ff637c9,𑑌𑑒𑑌𑐣𑐰𑐩𑑂𑐫𑐵𑑄𑐥𑐺𑐞𑑂𑐫𑐟𑐶𑐠𑑁𑐖𑑂𑐫𑐟𑐶𑐱𑐸𑐨𑐱𑐸
z0ca6497,𑐰𑐶𑐡𑑂𑐫𑐵𑐢𑐬𑐶𑐫𑐵𑐣𑐎𑐖𑐸𑐬𑑀𑐱𑐸𑐨
11b1a8b0,𑐕𑐫𑑂‌𑐩𑐵𑐢𑐰𑐬𑐵𑐩𑐢𑑄𑐖𑐸𑐬𑐵𑐩𑐖𑐫𑐬𑐵𑐩𑐠𑐸𑐟𑐶𑐳𑐩𑐸𑐔𑐫𑐣𑐠𑑂𑐰𑐎𑑂𑐰
3291c4df,𑐣𑐶𑐲𑑂𑐚𑐱𑑂𑐬𑐷𑐖𑐱𑐡𑐾𑐰𑐳𑐨𑐵𑐬𑑂‍𑐫𑐵𑐱𑑂𑐬𑐷𑐱𑐹𑐨𑐮𑐎𑑂𑐲𑑂𑐩𑐷𑐳𑑌𑐠𑑂𑐰𑐟𑐾𑐡𑑂𑐰𑐶𑐖𑐧𑐬𑐳
918168b4,𑐰𑐳𑑂𑐎𑐾𑐳𑐶𑐟𑑀𑐮𑐣𑐡𑐸𑐟𑐵𑐊𑐎𑐩𑐹𑐎𑐐𑑂𑐫𑐵𑐮𑐡𑑀𑐴𑑀𑐬𑐫𑐵
66114d2c,𑑊𑑗𑑗𑑐𑐱𑐶𑐰𑑌
94f38f94,𑐩𑐳𑐾𑐣𑐳𑑂𑐠𑐵𑐥𑐣𑐵𑐫𑐵𑐣𑐵𑐡𑐾𑐐𑑀𑐮𑐡𑐫𑐎𑑄𑐣𑐶
a887dc2b,𑐖𑐶𑐰𑐣𑐳𑐶𑑄𑐴𑐖𑐶𑐟𑐬𑐐𑑀𑐩𑐶𑐳𑐶𑑄𑐴𑐩𑐫𑐵𑐳𑐶𑑄𑐴𑐴𑐬𑐶𑐰𑐵𑐢𑐰
c3777c9a,𑐎𑑄𑐟𑐡𑐸𑐥𑐬𑐶𑐳𑑂𑐰𑐬𑑂𑐞𑐎𑐮𑐱𑐕𑐵𑐫𑐵𑐰𑐱𑑂𑐬𑐷𑑓𑐐𑑀𑐥𑐷𑐣𑐵𑐠𑐩𑐹𑐬𑑂𑐟𑐶𑐥𑑂𑐬𑐟𑐶𑐲𑑂𑐛𑐵𑑌𑐟𑐟𑑅𑐥𑐷𑐬𑐥𑐵𑐟𑐶𑑌𑐳𑐊𑐰𑐳𑑂𑐰𑐾𑐲𑑂𑐚𑐡𑐾𑐰𑐟𑐵𑐥𑑂𑐬𑐶𑐟𑐶𑐣
c3bc0314,𑐟𑑂𑐫𑑄𑐡𑐫𑐎𑐵𑐱𑐸𑐨𑑅𑑋𑑋
5747c9zd,𑐟𑑂𑐫𑐰𑐵𑐬𑐠𑑂𑐰𑐎𑐸𑐣𑑂𑐴𑐸𑐎𑐶𑐟𑑂𑐟𑐶𑐥𑐸𑐬𑐶𑐫𑐵𑐱𑑂𑐬𑐷𑐖𑐵𑐖𑐸𑐰𑑂𑐫𑐵𑐢𑐾𑐱𑑂𑐰𑐬𑐫𑐵𑐥𑑂𑐬𑐳𑐵𑐡𑐣𑑍𑐐𑐸𑑄𑐡𑐾𑐱
09766c97,𑐢𑐵𑐬𑐾𑐳𑐶𑐎𑑀𑐬𑐫𑐣𑑂𑐟𑐵𑐐𑑂𑐬𑐴𑐢𑐣𑐳𑐶𑑄𑐴𑐩𑐸𑐬𑐳𑐶
1d6759a2,𑑊𑐳𑐩𑑂𑐰𑐟𑑂𑑗𑑑𑑘𑐎𑐵𑐬𑑂𑐟𑑂𑐟𑐶𑐎𑐱𑐸𑐎𑑂𑐮𑐲𑐲𑑂𑐚𑐶𑐬𑐰𑐶𑐰𑐵𑐬𑐳𑐱𑑂𑐬𑐷𑑓𑐐𑑄𑐢𑐸𑐬
49d325b2,𑐰𑐵𑐫𑐵𑐎𑑌𑐠𑑀𑐐𑐸𑐬𑐳𑐾𑐰𑐵𑐣𑑍𑐩𑐴𑐵𑐬𑐵𑐖𑐵𑐥𑑂𑐬𑐳𑐣𑑂𑐣𑐖𑐸𑐫𑐵𑐰𑐠𑑀𑐩𑐞𑐶𑐩𑐞𑑂𑐜𑐥𑐳𑐧𑐶𑐖𑑂𑐫𑐵𑐒𑐵𑐰𑐣𑐬
bbzc0d11,𑐬𑑂𑐖𑑂𑐫𑐵𑐬𑐵𑐩𑐵𑐫𑐵𑑅𑐎𑐣𑑂𑐫𑐳𑑂𑐟𑐨𑐵𑐬𑑂𑐖𑑂𑐫𑐵𑐬𑐟𑑂𑐣𑐡𑐾𑐰𑐶𑑅𑐩𑑀𑐟𑐶
b870f574,𑐣𑐾𑑑𑑐𑑓𑑑𑐎𑐵𑐬𑑂𑐟𑑂𑐟𑐶𑐎𑐩𑐵𑐳𑐾𑐱𑐸𑐎𑑂𑐮𑐥𑐎𑑂𑐲𑐾
fb4dza45,𑑅𑐱𑑂𑐮𑑀𑐎𑐵𑑅𑑌𑐀𑐟𑑅𑐥𑐬𑑄𑐣𑐾𑐥𑐵𑐮𑐨𑐵𑐲𑐫𑐵𑐮𑐶𑐏𑑂𑐫𑐟𑐾𑑌𑑌𑐳𑑂𑐰𑐳𑑂𑐟𑐶𑑌𑐱𑑂𑐬𑐷𑐩𑐞𑐶𑐐𑑂𑐮𑐵𑐢𑐶𑐥𑐟𑐶𑐩𑐴𑐵𑐬𑐵𑐖𑐵𑐢𑐶𑐬𑐵𑐖𑐱𑑂𑐬𑐷𑐱𑑂𑐬𑐷𑐖𑐫𑐱𑑂𑐬𑐷𑐣𑐶𑐰𑐵𑐳𑐩𑐮𑑂𑐮
5zad9614,𑐥𑑄𑐔𑐵𑐩𑐺𑐟𑑄𑐥𑑄𑐔𑑀𑐥𑐔𑐵𑐬𑐥𑐸𑐖𑐵𑐔𑐵𑐎𑑂𑐬𑐩𑐟𑐕𑑀𑐫𑐎𑐾𑐔𑐾𑐎𑑄𑐎𑐸𑑒𑐡𑐸𑐠𑐾𑑌𑐳𑑂𑐰𑐵𑐣𑐫𑐵𑐟𑐎𑐸
fz1191z6,𑐫𑑀𑐐𑐥𑑂𑐬𑐷𑐟𑐶𑐳𑐣𑐵𑐏𑑂𑐫𑐎𑐾𑐳𑐩𑐎𑐬𑑀𑐡𑑂𑐫𑐵𑐐𑐾𑐱𑑂𑐰𑐬𑐳𑑂𑐫𑐵𑐮
23a17533,𑐬𑑂𑐱𑑂𑐬𑐳𑑂𑐟𑐸𑑋𑑋𑐳𑐩𑑂𑐰𑐟𑑗𑑖𑑒𑐁𑐏𑐵𑐢𑐩𑐵𑐳𑐾𑐱𑐸𑐎𑑂𑐮𑐥𑐎𑑂𑐲
1a94061a,𑐧𑐸𑐢𑐥𑑂𑐬𑐩𑐸𑐏𑐣𑑍𑐨𑐵𑐬𑑂𑐫𑐵𑐩𑐒𑑂𑐐𑐬𑐵𑐮𑐎𑑂𑐲𑑂𑐩𑐷𑐱𑐵𑐎𑑂𑐫𑐨𑐶𑐎𑑂𑐲𑐸𑐱𑑂𑐬𑐷𑐩𑐣𑐖𑐟𑐶𑑍𑐱𑐵𑐎𑑂𑐫𑐨𑐶
bz54311d,𑐨𑐫𑑀𑑅𑐳𑑂𑐠𑐵𑐥𑐫𑐵𑑌𑑓
3f81593b,𑐰𑑒𑐢𑐸𑐣𑐶𑐖𑐰𑑑𑐡𑑄𑑘𑐟𑐸𑐟𑐸𑐎𑑄𑐳𑐾𑐳𑐵𑐣𑐶𑐱𑑂𑐬𑐵𑐰𑐖𑑀𑑓𑐩𑐵𑐑𑐾𑐟𑑀𑐕𑐵𑐫𑐫𑐵𑐟𑐑𑐾𑐮𑐎𑐸𑐜𑑒𑐳𑐵𑐏𑐎𑐸𑐜𑑒𑐩𑐬𑐔𑐡𑑖𑐠𑑂𑐰𑐟𑐾𑐟𑐸𑐟𑐎𑑄𑐩𑐵
4c1b0023,𑐬𑐵𑐖𑐬𑐵𑐖𑐬𑐵𑐖𑐬𑐵𑐖𑐾𑐣𑑂𑐡𑑂𑐬𑐰𑐶𑐎𑑂𑐬𑐩𑐱𑐵𑐴𑐡𑐾𑐰𑐰𑐶𑐖𑐫𑐬𑐵𑐖𑑂𑐫𑑌
2a72c7f2,𑐨𑐵𑐮𑐣𑐫𑐣𑐳𑐩𑐸𑐟𑑂𑐠𑐰𑐵𑐮𑐰𑐣𑑂𑐴𑐶𑐨𑐳𑑂𑐩𑐷𑐨𑐸𑐟𑐳𑑂𑐩𑐬𑐳𑑂𑐩𑐬𑐞𑐵𑐣𑐸𑐟𑑂𑐳𑐸𑐎𑐎𑐬𑐞𑐳𑐸𑐣𑑂𑐡𑐬𑐱𑑂𑐬𑐷𑐱𑑂𑐬𑐷𑐱𑑂𑐬𑐷
7c8fba8c,𑐥𑐬𑐡𑐟𑑂𑐟𑐵𑐩𑑂𑐰𑐵𑑍𑐫𑑀𑐴𑐬𑐾𑐟𑑂𑐳𑐸𑐬𑐰𑐶𑐥𑑂𑐬𑐫𑑀𑑅𑑋𑐲𑐲𑑂𑐛𑐷𑐰𑐬𑑂𑐲𑐳𑐴𑐳𑑂𑐟𑑂𑐬𑐵𑐞𑐶𑐰𑐶𑐲𑑂𑐛𑐵𑐫𑐵𑑄𑐖𑐵
d2297caf,𑐟𑐣𑐡𑐫𑐎𑐵𑐰𑑄𑐎𑐸𑐟𑑀𑐮𑐳𑐖𑐸𑐬𑑀𑑄𑐠𑑂𑐰
8faad95z,𑐳𑑂𑐫𑐔𑐬𑐣𑐥𑐵𑐡𑐸𑐎𑐵𑐳𑐾𑐧𑐶𑐟𑐱𑑂𑐬𑐷𑐱𑑂𑐬𑐷𑐳𑐶𑐡𑑂𑐢𑐶𑐣𑐬𑐳𑐶𑑄𑐴𑐩𑐮𑑂𑐮𑐡𑐾𑐰𑐳𑑂𑐫𑐰𑐶𑐖𑐫𑐬𑐵𑐖𑑂𑐫𑐾𑐮𑐮𑐶𑐟𑐣𑐐𑐬𑐾𑐥𑐹𑐬𑑂𑐰𑑂𑐰𑐡𑐶𑐱𑐶𑐣𑑀𑐐𑑂𑐮𑐨𑑀𑐣𑑂𑐟𑐳𑑂𑐫𑐄𑐟𑑂𑐟𑐬𑐥𑐵
9z741564,𑐫𑐵𑐟𑐳𑑂𑐫𑐣𑐺𑐥𑐣𑐵𑐫𑐎𑑅𑐥𑑂𑐬𑐞𑐩𑐟𑐶𑐱𑑂𑐬𑐷𑐰𑐶𑐲𑑂𑐞𑐸𑐩𑐮𑑂𑐮𑐎𑐺𑐟𑐷𑑋𑐐𑑀𑐥𑐷𑐣𑐵𑐠𑐥𑐡𑐵𑐬𑐰𑐶𑐣𑑂𑐡𑐰𑐶𑐐𑐮𑐵𑐟𑑂𑐥𑐷𑐫𑐹𑐲𑐱𑐷𑐟𑐵𑐱𑐸𑐣𑐵𑐱𑐸𑐡𑑂𑐢𑑅𑐎𑑄𑐳𑐣𑐶𑐳𑐹𑐡𑐣𑐵
92269db5,𑑊𑐳𑑂𑐰𑐳𑑂𑐟𑐶𑑌𑐏𑑂𑐫𑐵𑐟𑐎𑐸𑑄𑐖𑐣𑐾𑐟𑑂𑐬
19838534,𑐡𑐸𑐡𑐵𑐟𑐵𑐫𑐵𑐧𑑄𑐳𑐡𑐟𑐾𑐔𑐶𑐟𑐵𑐫𑐵𑐒𑐵𑐌𑐟𑐫𑐩𑐵𑐬𑑌
555bc96d,𑐩𑐣𑐵𑐣𑑍𑐠𑑂𑐰𑐦𑐬𑐾𑐨𑐸𑐰𑑀𑐫𑐵𑐰𑐡𑐫𑐎𑐵𑐖𑐸𑐬𑑀𑑋𑑋𑐳𑐩𑑂𑐰𑐟𑑗𑑙𑑘𑐖𑑂𑐫𑐲𑑂𑐛𑐩𑐵𑐳𑐾𑐎𑐺𑐲𑑂𑐞𑐥𑐎𑑂𑐲
5dc22564,𑑊𑐳𑑂𑐰𑐳𑑂𑐟𑐶𑑋𑑋𑐱𑑂𑐬𑐷𑐱𑑂𑐬𑐷𑐱𑑂𑐬𑐷𑐐𑑀𑐮𑑀𑐎𑐣𑐵𑐠𑐡𑐾
1050dc3b,𑐟𑐐𑑂𑐬𑐎𑐾𑐟𑐎𑐎𑐸𑐩𑐸𑐡𑑄𑐎𑐵𑐱𑐎𑑁𑐩𑐸𑐡𑐷𑐎𑐵𑐩𑐶𑐣𑐷𑐎𑐥𑐎𑑂𑐲𑐎𑐵𑐣𑑂𑐟𑐵𑐎𑐬𑑂𑐞𑑂𑐜𑐸𑐬𑐖𑐟𑐎𑐸𑐞𑑂𑐜𑐮𑐎𑐵𑐣𑑂𑐟𑐶𑐎
4b5fdb17,𑐴𑐾𑐩𑐵𑐬𑑂𑐫𑐟𑐵𑐬𑐵𑐳𑐴𑐶𑐟𑐡𑑂𑐰𑐫𑐱𑐶𑐮𑐵𑐳𑑂𑐟𑑄
224d52b5,𑐎𑑂𑐲𑑂𑐩𑐶𑑍𑐔𑐟𑐸𑐬𑑂𑐠𑐥𑐸𑐟𑑂𑐬𑐩𑐹𑐣𑐶𑐢𑐬𑑍𑐣𑐵𑐔𑐷𑐩𑐸𑐣𑐶𑐠𑐎𑐸𑑄𑑍𑐟𑐳𑑂𑐫𑐖𑐾𑐲𑑂𑐛𑐨𑐐𑐶𑐣𑐶𑐔
d79a9f85,𑐥𑐹𑐬𑑂𑐞𑐶𑐩𑐵𑐎𑐸𑐣𑑂𑐴𑐸𑐥𑐹𑐖𑐵𑐨𑑄𑐜𑐶𑐖𑑀𑑑𑐳𑐵𑐢𑐬𑐶𑐥𑐵𑑔𑐡𑐸𑐡𑐸𑐥𑐵𑑔𑐑𑐾𑐮𑐀𑐲𑑂𑐚𑐵𑑑𑐎𑐳𑑂𑐟𑐶𑐀𑑑𑐳𑐵𑐏𑐀𑑑𑐣𑐶𑐱𑑂𑐬𑐵𑐰𑐖𑑀𑑓𑐡𑑄𑑘𑐳𑐾𑐳𑐡𑐰𑐵
df473b5a,𑐟𑑂𑐫𑐵𑐳𑐺𑐬𑐖𑐮𑐥𑐵𑐫𑐶𑐣𑐷𑐳𑑂𑐰𑐣𑐺𑐫𑐱𑑀𑐢𑐬𑐵𑐢𑐬𑐵𑐱𑑀𑐨𑐶𑐣𑐷𑑋𑐥𑐵𑐲𑐞𑑂𑐜𑐵𑐱𑐫
6981a5bc,𑐕𑐫𑑂‌𑐩𑐵𑐢𑐰𑐬𑐵𑐩𑐢𑑄𑐖𑐸𑐬𑐵𑐩𑐖𑐫𑐬𑐵𑐩𑐠𑐸𑐟𑐶𑐳𑐩𑐸𑐔𑐫𑐣𑐠𑑂𑐰𑐎𑑂𑐰
9b3a84fa,𑐟𑑍𑐎𑐵𑐱𑐶𑐬𑐵𑐖𑐫𑐵𑐕𑐾𑐣𑐡𑐎𑑂𑐲𑐶𑐞𑐟𑐢𑐬𑑂𑐩𑑂𑐩𑐬𑐵𑐖𑐫𑐵
5az7784b,𑐱𑑅𑐥𑑂𑐬𑐎𑐵𑐱𑐶𑐟𑐵𑐣𑐶𑐟𑑂𑐫𑑄𑐥𑑂𑐬𑐖𑐵𑐥𑐵𑐮𑐣𑐟𑐟𑑂𑐥𑐬𑐵𑑌𑐰𑐵𑐐𑑂𑐩𑐟𑑂𑐫𑐵𑐳𑑂𑐟𑐷𑐬𑐡𑐾𑐱𑐾𑐣𑐫𑐣𑐳𑐸𑐏𑐎𑐬𑐵𑐢𑐬𑑂𑐩𑐱𑐵𑐮𑐵𑐰𑐶𑐱𑐵𑐮𑐵𑑍𑐫𑑀𑐐𑐵𑐣𑐵𑑄𑐳𑑂𑐠𑐵𑐣𑐨𑐹𑐟𑐵𑐬𑐶
85b06c3a,𑐟𑐬𑐵𑐳𑐶𑐐𑐟𑐾𑐳𑐰𑐶𑐟𑐬𑐾𑐳𑐶𑑄𑐴𑐬𑐵𑐳𑐶𑐐𑐟𑐾𑐔𑑄𑐡𑑂𑐬𑐩𑐳𑐶𑑌𑐟𑐳𑑂𑐩𑐶𑐡𑐶𑐣𑐾𑑌𑐂𑐟𑐸𑑄𑐧𑐵𑐴𑐵𑐬𑐁
2bf1252z,𑑊𑐳𑐩𑑂𑐧𑐟𑑂𑑗𑑗𑑑𑐖𑑂𑐫𑐾𑐲𑑂𑐛𑐱𑐸𑐎𑑂𑐮
za2z00f4,𑐫𑐵𑐟𑐵𑐳𑐶𑐣𑑂𑐡𑐸𑐡𑑂𑐟𑐸𑐡𑑂𑐬𑐵𑑄𑐳𑐸𑐡𑑂𑐟𑐡𑑂𑐫𑐵𑑍𑐩𑐢𑑀𑐔𑐵𑐩𑐥𑐵𑐞𑑁𑐱𑐬𑐞𑑂𑐫𑐵𑑄𑐳𑑂𑐩𑐬𑐵𑐩𑐶𑑌𑑖𑑌𑐳𑑂𑐰𑐎𑐷𑐫𑐵𑐳𑐣𑐵𑐨𑑂𑐫𑐵𑐳𑐐𑐵𑐨𑑂𑐫𑐩𑐸𑐨
af89cbdb,𑑉𑐣𑐩𑑅𑐱𑑂𑐬𑐷𑑓𑐴𑐬𑐵𑐴𑐬𑐮𑑀𑐎𑐾𑐱𑑂𑐰𑐬𑐵𑐫𑑋𑑋𑐮𑑀𑐎𑐾𑐱𑑂𑐰𑐬𑑄𑐱𑐶𑐬𑑄𑐳𑐵𑐣𑑂𑐟𑑄𑑍𑐀𑐩𑑀𑐑𑐐𑐸𑐞
9d7a98z7,𑐠𑐵𑐥𑐶𑐟𑐢𑐬𑑂𑐩𑑂𑐩𑐬𑐵𑐖𑐥𑑂𑐬𑐩𑐸𑐏𑐣𑐥𑐸𑐟𑑂𑐬𑐳𑑄𑐑𑐬𑐵𑐖𑑍𑐠𑑂𑐰𑐥
6cad634c,𑐟𑑂𑐬𑑅𑐣𑐶𑐮𑐬𑐟𑑂‍𑐣𑐥𑐸𑐟𑑂𑐬𑐶𑐔𑐣𑑂𑐡𑑂𑐬𑐩𑐵𑐫𑐵𑐠𑑂𑐰𑐟𑐾𑐥𑐬𑐶𑐧𑐵
13851224,𑐩𑐏𑐣𑐩𑐱𑐥𑐡𑐵𑐣𑐰𑐣𑐸𑐩𑐳𑐕𑐾𑐫𑐵𑐠𑐵𑐥𑐶𑐟𑐢𑐬𑑂𑐩𑑂‍𑐩𑐵𑐟𑐳𑑂𑐫𑐢𑐣𑐳𑐶𑑄𑐴𑐨𑐵𑐬𑑀
1f24d365,𑐫𑐞𑐳𑐴𑐶𑐟𑑄𑐱𑑂𑐬𑐷𑐐𑑀𑐥𑐵𑐮𑐾𑐱𑑂𑐰𑐬𑐳𑑂𑐠𑐵𑐥𑐣𑐵𑐫𑐵
a96d1z49,𑐱𑑂𑐬𑐷𑐩𑐟𑑂𑐟𑑂𑐬𑐶𑐮𑑀𑐎𑐷𑐥𑐟𑐾𑑍𑐧𑑂𑐬𑐴𑑂𑐩𑑀𑐟𑑂𑐟𑑄𑐳𑐩𑐬𑐷𑐔𑐶𑐩𑐵𑑄𑐳𑐮𑐥𑐡𑐵𑐩𑑂𑐨𑑀𑐖𑐵𑐫𑐟𑐸𑐨𑑂𑐫𑐣𑑂𑐣𑐩𑑅𑑋𑐟𑐸𑐨𑑂𑐫𑑄𑐣𑐵𑐠𑐣𑐩𑑀𑐣𑐩
665118z3,𑐥𑐱𑐸𑐥𑐟𑐶𑐔𑐬𑐞𑐎𑐩𑐬𑐥𑐬𑐶
843fb7c0,𑐧𑑓𑐳𑑂𑐠𑐵𑐥𑐣𑐵𑐫𑐵𑐣𑐵𑐖𑐸𑐮𑐠𑐸𑐐𑐸𑐢
9505ad96,𑐱𑐵𑐎𑑂𑐫𑐨𑐶𑐎𑑂𑐲𑐸𑐱𑑂𑐬𑐷𑐡𑐾𑐰𑐔𑑄𑐡𑑂𑐬𑑍𑐱𑐵𑐎𑑂𑐫𑐨𑐶𑐎𑑂𑐲𑐸𑐱𑑂𑐬𑐷𑐢𑐣𑑍𑐱𑐵𑐎𑑂𑐫𑐨𑐶𑐎𑑂𑐲𑐸𑐱𑑂𑐬𑐷𑐐𑑂𑐫𑐵𑐣
7499113z,𑐟𑐳𑑂𑐫𑐵𑐟𑑂𑐩𑐖𑑀𑐣𑐷𑐟𑐶𑐰𑐡𑐵𑑄𑐰𑐬𑐶𑐲𑑂𑐛𑑅𑐳𑑁𑐣𑑂𑐡𑐬𑑂𑐫𑐫𑐬𑐟𑑂𑐣𑐵𑐎𑐬𑐁𑐰𑐶𑐬𑐳𑐷𑐟𑑂𑑋𑐎𑐺𑐲𑑂𑐞𑐎𑐔𑐶𑐟𑑀𑐰𑐶𑐱𑐡𑐵𑑄𑐟𑐬𑐵𑐟𑑂𑐩𑐵𑐱𑑂𑐬𑐷𑐆
5291z412,𑐢𑐌𑐟𑐶𑐫𑐵𑐟𑐣𑐵𑐩𑐣𑐠𑑂𑐰𑐳𑐵𑐬𑐶𑐎𑐡𑐫𑐎𑐵𑐖𑐸𑐬𑑀𑑌𑐱𑐸𑐨𑐩𑐩
9ca0zf80,𑐎𑑂𑐬𑐩𑐵𑐟𑐵𑐖𑐣𑑂𑐟𑐮𑐎𑑂𑐲𑑂𑐩𑐷𑐢𑐷𑐬𑑂𑐖𑐮𑐎𑑂𑐲𑑂𑐩𑐷
906z57f1,𑐡𑑂𑐬𑐩𑐥𑐎𑑂𑐲𑐴𑐩𑐵𑐮𑐳𑐸𑐟𑐵𑐣𑐵𑑄𑑍𑐳𑐡𑐵𑐡𑑂𑐡𑐬𑑂𑐑𑐱𑐵𑐣𑐵𑑄𑐴𑐶𑐟𑑄𑐳𑐣𑑂𑐟𑐣𑑀𑐟𑐶𑑌𑑑𑑑𑑌𑐞𑐶𑐰𑐬𑑂𑐨𑐵𑐣𑐸𑐔𑐎𑑂𑐟𑑂𑐬𑐲𑑂𑐎𑐸𑐮𑐵𑐔𑐵𑐬𑐣𑑂𑐟𑑂𑐬𑑄𑐥
az28ba23,𑐎𑐳𑑂𑐫𑐥𑐸𑐟𑑂𑐬𑐴𑐬𑑂𑐲𑐣𑐬𑐳𑐶𑑄𑐣𑐷𑐩𑑂𑐴𑐢𑑄𑑍𑐩𑐸𑐣𑐶𑐢𑐣𑐎𑐳𑑂𑐫
zz06faa8,𑐰𑐡𑐵𑐬𑐶𑐞𑐷𑐥𑐬𑐶𑐮𑐳𑐟𑑂𑐥𑐬𑐷𑐣𑑂𑐡𑑂𑐬𑐳𑐘𑑂𑐔𑐵𑐬𑐶𑐞𑐷𑐥𑑂𑐬𑑀𑐡𑑂𑐫𑐟𑑂𑐥𑐣𑑂𑐣𑐐𑐢𑐵𑐬𑐶𑐞𑐷𑐰𑐶𑐢𑐸𑐎𑐮𑐵
9bcfaf85,𑑊𑐱𑑂𑐬𑐷𑑓𑐧𑐸𑐢𑐢𑐬𑑂𑐩𑐳𑑄𑐑𑐩𑐔𑐣𑐱𑑂𑐬𑐷𑐩𑐵
2653z0b8,𑐎𑐶𑐟𑐾𑐖𑑂𑐰𑐬𑐫𑐵𑐠𑐵𑐣𑐾
a730f4zf,𑐟𑐳𑑂𑐫𑐵𑐟𑑂𑐩𑐖𑑀𑐣𑐷𑐟𑐶𑐰𑐡𑐵𑑄𑐰𑐬𑐶𑐲𑑂𑐛𑑅𑐳𑑁𑐣𑑂𑐡𑐬𑑂𑐫𑐫𑐬𑐟𑑂𑐣𑐵𑐎𑐬𑐁𑐰𑐶𑐬𑐳𑐷𑐟𑑂𑑋𑐎𑐺𑐲𑑂𑐞𑐎𑐔𑐶𑐟𑑀𑐰𑐶𑐱𑐡𑐵𑑄𑐟𑐬𑐵𑐟𑑂𑐩𑐵𑐱𑑂𑐬𑐷𑐆
3142z099,𑐫𑐵𑐣𑐵𑑅𑐥𑑂𑐬𑐟𑐶𑐳𑑂𑐠𑐵𑐳𑑄𑐥𑐸𑐬𑑂𑐞𑑂𑐞𑐫𑐵𑐣𑐵𑐡𑐷𑐣𑐖𑐸𑐮𑑅𑐱𑐸𑐨𑑄𑑅𑑌
5cz22c1z,𑐐𑐞𑐾𑐱𑐵𑐫𑑌𑐱𑑂𑐬𑐷𑐫𑑀𑑇𑐳𑑂𑐟𑐸𑐳𑐩𑑂𑐰𑐟𑑂𑑘𑑐𑑓𑐨𑐵𑐡𑑂𑐬𑐥𑐡𑐩𑐵𑐳𑐾𑐱𑐸𑐎𑑂𑐬𑐥𑐎𑑂𑐲𑐾𑐡𑑂𑐰𑐵𑐡𑐱𑑂𑐫𑐵𑑄𑐟𑐶𑐠𑑁
d3z97a18,𑐩𑐣𑐵𑐣𑑍𑐠𑑂𑐰𑐦𑐬𑐾𑐨𑐸𑐰𑑀𑐫𑐵𑐰𑐡𑐫𑐎𑐵𑐖𑐸𑐬𑑀𑑋𑑋𑐳𑐩𑑂𑐰𑐟𑑗𑑙𑑘𑐖𑑂𑐫𑐲𑑂𑐛𑐩𑐵𑐳𑐾𑐎𑐺𑐲𑑂𑐞𑐥𑐎𑑂𑐲
04d98420,𑐥𑐬𑐵𑐐𑐥𑐶𑐘𑑂𑐖𑐬𑐶𑐟𑐩𑐸𑐟𑑂𑐟𑐩𑐵𑐡𑑂𑐐𑐱𑑂𑐬𑐷𑐱𑐎𑑂𑐟𑐶𑐳𑐶𑑄𑐴𑐬𑐵𑐩𑐬𑐵𑐖𑑂𑐬𑐸𑐳𑑂𑐫𑐧𑐶𑐖𑐫
z3094482,𑐡𑑂𑐰𑐶𑐟𑐶𑐫𑐨𑐵𑐬𑑂𑐫𑐵𑑍𑐧𑐕𑐬𑐵𑐮𑐎𑑂𑐲𑑂𑐩𑐷𑑓
4d02aba7,𑐱𑑂𑐬𑐷𑐩𑐔𑑂𑐕𑐷𑐮𑐥𑐸𑐬𑐣𑑂𑐡𑐬𑑀𑐰𑐶𑐖𑐫𑐟𑐾𑐮𑑀𑐎𑑀𑐟𑑂𑐟𑐬𑐱𑑂𑐰𑐣𑑂𑐡𑑂𑐬𑐰𑐟𑑂𑑌𑐀𑐴𑑄𑐎𑐺𑐟𑐰𑐳𑐸𑐣𑑂𑐢𑐬𑐵𑐢𑐶𑐥𑐩𑐴𑐾𑐨𑐩𑐹𑐬𑑂𑐢𑐵𑐎𑐸𑐱𑑀𑐩𑐴𑐵𑐎𑐸𑐮𑐶𑐳𑐥𑑄𑐘𑑂𑐖𑐬𑑅
5f3681df,𑐖𑐶𑐩𑐕𑐩𑑂𑐴𑐣𑐵𑐫𑐎𑐖𑐸𑐥𑐶𑑄𑐧𑐶𑐖𑑂𑐫𑐵𑐟𑐎𑐾𑐩𑐵𑐬𑐖𑐸𑐬𑑀
8a88bczf,𑐠𑐸𑐐𑐸𑐥𑐸𑐞𑑂𑐫𑐣𑐥𑐸𑐐𑐸𑐐𑐟𑐶𑐥𑐾𑐐𑐸𑐖𑑀𑐣𑐶𑐣𑑄𑐄𑐟𑑂𑐥𑐟𑑂𑐟𑐶𑐖𑐸𑐫𑐵𑐌𑐔𑑀𑐰𑐥𑐶𑑄𑐳𑐎
f3abz01z,𑐩𑐶𑐞𑑂𑐜𑐬𑐵𑐖𑐣𑐂𑐟𑐸𑑄𑐧𑐵𑐴𑐵
3ba84z5c,𑐨𑐵𑐬𑑂𑐫𑑂𑐫𑐵𑐳𑐨𑐡𑑂𑐬𑐵𑐳𑐵𑐎𑑄𑐣𑐶𑐲𑑂𑐛𑐳𑑂𑐫𑐥𑑂𑐬𑐶𑐫𑐵𑐳𑐟𑐷𑑌𑐰𑐵𑐳𑐶𑑄𑐴𑐂𑐟𑐶𑐰𑐶𑐏𑑂𑐫𑐵𑐟𑑀𑐩𑐢𑑂𑐫𑐩𑐞𑐵𑐟𑑂𑐩𑐖𑑅
a061a68z,𑐳𑑂𑐧𑑄𑐟𑑂𑑘𑑓𑑒𑐔𑐿𑐟𑑂𑐬𑐾𑐩𑐵𑐳𑐾𑐎𑐺𑐲𑑂𑐞𑐥𑐎𑑂𑐲𑑌𑐡𑑂𑐰𑐡𑐱𑑂𑐫𑐵𑑄𑐣𑑂𑐟𑐶𑐠𑑁𑑌𑐄𑐟𑑂𑐬𑐨𑐡𑑂𑐬𑐣𑐎𑑂𑐲𑐾𑐟𑑂𑐬𑐿𑑌𑐧𑐶𑐳
b5b0562z,𑐟𑑂𑐫𑐢𑑂𑐰𑐳𑐣𑑍𑐬𑐎𑐵𑐖𑐸𑐬𑑀𑑋𑑋𑐱𑐸𑐨𑑅𑑋𑑋
cbf98dfz,𑐥𑐩𑐮𑑂𑐮𑐡𑐾𑐰𑐥𑑂𑐬𑐨𑐸𑐛𑐵𑐎𑐸𑐬𑐳𑐰𑐶𑐖𑐫𑐬𑐵𑐖𑐳𑐠𑐎𑐵𑐜𑐶
dz420d01,𑐔𑑄𑐡𑑂𑐬𑐮𑐎𑑂𑐲𑑂𑐩𑐷𑑋𑑋𑐟𑐾𑐖𑐮𑐎𑑂𑐲𑑂𑐩𑐷𑑋𑐬𑐵𑐖𑐧𑐶𑐬𑐳𑐶𑑄𑑋𑑋𑐴𑐬𑑂𑐲𑐣𑐬𑐳𑐶𑑄𑑋𑑋𑐩𑐷𑐣𑐢𑑄𑑋
7z31d523,𑐰𑐣𑐐𑐵𑐣𑐵𑐐𑐵𑐣𑐬𑐵𑑅𑐎𑐶𑐣𑑂𑐣𑐬𑐵𑑅𑑋𑑋𑐟𑐔𑐾𑐟𑑅𑐳𑐾𑐎𑐮𑑄𑐩𑐣𑑀𑑓𑐨𑐶𑐮𑐳𑑂𑐰𑐶
bd7z7056,𑐥𑑂𑐬𑐔𑐫𑐥𑐸𑐞𑑂𑐜𑐬𑐷𑐎𑐣𑐫𑐣𑐱𑐫𑐣𑐳𑐥𑑂𑐬𑐔𑐞𑑂𑐜𑐨𑐵𑐣𑐸𑐡𑐫𑐴𑐶𑐩𑐨𑐵𑐣𑐸𑐩𑐞𑑂𑐜𑐮𑐴𑐳𑐴𑐶𑐩𑐴𑐶𑐩𑐐𑐶
c50c585a,𑐔𑐵𑐬𑑂𑐫𑑂𑐫𑐥𑐬𑐶𑐏𑐡𑐾𑐰𑐣𑐠𑐌𑐟𑐣𑐵𑐩𑐣𑐱𑑂𑐬𑐷𑑓𑐧𑐖𑑂𑐬𑐳𑐟𑑂𑐰𑐥𑑂𑐬𑐟𑐶𑐩𑐵𑐡𑐫𑐎𑐵𑐖𑐸𑐬𑑀𑑌
6za5zc94,𑐰𑐶𑐢𑑂𑐣𑐑𑐳𑑂𑐟𑐸𑑋𑑋𑐱𑑂𑐬𑐷𑐔𑐞𑑂𑐜𑐶𑐎𑐵𑐥𑑂𑐬𑐶𑐟𑐶𑐎𑐺𑐟𑐬𑑂𑐳𑑂𑐫𑐫
6411f61d,𑐡𑐸𑐣𑑂𑐟𑐵𑐖𑐸𑐬𑑀𑑌𑑌𑐱𑐸𑐨
1a569103,𑐧𑐱𑑂𑐰𑐟𑐩𑐟𑑂𑐰𑐣𑑂𑐟𑐬𑐾𑐀𑐲𑑂𑐚𑐵𑐧𑐶𑐱𑐟𑐶𑐟𑐩𑐾𑐔𑐟𑐸𑐬𑑂𑐫𑐸𑐐𑐟𑑂𑐫𑐎𑐮𑐾𑑅𑐥𑑂𑐬𑐠𑐩𑐥𑐵𑐡𑐾𑐨𑐣𑐟
7f4fz902,𑐴𑐵𑐄𑐖𑑀𑐐𑐶𑑌𑐠𑑂𑐰𑐟𑐾𑐖𑐶𑐩𑐔𑑂𑐫𑐵𑐩𑑂𑐴𑐨𑑀𑐩𑐸𑐒𑐵𑐰𑐖𑐶𑐬𑑂𑐞𑑂𑐞𑑀𑐡𑑂𑐢𑐵𑐬𑐫𑐵𑐒𑐣𑐁𑐰𑐣𑐔𑐶𑐒𑐵
c217f824,𑐑𑐾𑐮𑐎𑐳𑑂𑐟𑐶𑐕𑐥𑐵𑐟𑐡𑐸𑐡𑐸𑑍𑐣𑐵𑐐𑐬𑐵𑐖𑐵𑐫𑐵𑐣𑐵𑐩𑐣𑑄𑑍𑐥𑑂𑐬𑑑𑐖𑐵𑐎𑐶𑐥𑑂𑐬𑑑𑐡𑐸𑐡𑐸𑐂𑐟𑐶
66a4502a,𑐳𑐣𑐶𑐬𑑂𑐩𑐮𑑀𑐨𑐸𑐧𑐷𑐣𑐶𑐥𑑂𑐬𑐧𑐔𑐐𑐸𑐣𑐵𑐱𑑂𑐬𑐫𑐥𑑄𑐔𑐧𑐸𑐢𑑂𑐫𑐟𑑂𑐩𑐎‌𑑄𑐳𑑂𑐫
390868bf,𑐥𑐰𑐣𑐵𑐥𑐣𑐵𑐫𑐵𑐒𑐵𑐡𑐶𑐣𑐖𑐸𑐬𑑀𑑌𑐀𑐠𑐱𑐸𑐨
0baf3079,𑑊𑐱𑑂𑐬𑐷𑑓𑐧𑐸𑐢𑐢𑐬𑑂𑐩𑐳𑑄𑐑𑐩𑐔𑐣𑐱𑑂𑐬𑐷𑐩𑐵
0babz4fc,𑐢𑐵𑐟𑐸𑐔𑐿𑐟𑑂𑐫𑐡𑐫𑐎𑐵𑐌𑐥𑑂𑐬𑐟𑐶𑐲𑑂𑐛𑐵𑐳𑑄𑐥𑐸𑐬𑑂𑐞𑑂𑐞𑐫𑐵𑐣𑐵𑐖𑐸𑐮𑑀𑑋𑑋
a4728979,𑑓𑐰𑐫𑐧𑐶𑐫𑐩𑐵𑐮𑑌𑐠𑑂𑐰𑐔𑑂𑐫𑐵𑐑𑐟𑐣𑑄𑐱𑑄𑐏𑐥𑐸𑐫𑐎𑐾𑐩𑐵𑐮𑐱𑑄𑐏𑐥𑐸𑐰𑐴𑑂𑐣𑐫𑐵𑐟𑐡𑑄𑑔
412d032d,𑐥𑐹𑐬𑑂𑐞𑑂𑐞𑐩𑐵𑐳𑑂𑐫𑐵𑐫𑐵𑐟𑐶𑐠𑑁𑐥𑐸𑐲𑑂𑐫𑐣𑐎𑑂𑐲𑐾𑐟𑑂𑐬𑐁𑐫𑐹𑐲𑐩𑐵
24cc7709,𑐠𑑂𑐰𑐟𑐾𑐄𑐥𑐔𑐵𑐬𑐡𑐫𑐎𑑄𑐎𑐵𑐬𑑂𑐟𑑂𑐟𑐶𑐎𑐮𑐕𑐶𑑄𑐥𑐹𑐖𑐵𑐫𑐵𑐫𑐩𑐵𑐮𑑌𑑌𑐁𑐱𑑂𑐰𑐶𑐞𑐷𑐱𑐸𑐎𑑂𑐮𑐥𑐹𑐬𑑂𑐞𑐶𑐩𑐵𑐎
14bb47z1,𑐚𑐩𑐴𑐵𑐳𑑂𑐠𑐵𑐣𑐾𑐬𑐟𑑂‍𑐣𑐩𑐞𑑂𑐜𑐮𑐩𑐴𑐵𑐧𑐶𑐴𑐵𑐬𑐾𑑌𑐣
9z369c29,𑐳𑐩𑑂𑐫𑐎𑑂𑐳𑑄𑐧𑐸𑐡𑑂𑐢𑐫𑐵𑐥𑐡𑐮𑐵𑐎𑐖𑐸𑐥𑐵𑐫𑐱𑐸𑐨𑑄𑑋𑑋
cadab941,𑐡𑐎𑐣𑐶𑐬𑑂𑐩𑑂𑐩𑐶𑐟𑑄𑐳𑐸𑐰𑐶𑐢𑐶𑐧𑐟𑑂𑐕𑐟𑑂𑐰𑐵𑐥𑑂𑐬𑐟𑐶𑐲𑑂𑐛𑐵𑑄𑐥𑐬𑐵𑑄𑐳𑑂𑐰𑐾𑐲𑑂𑐛𑐱𑑂𑐬𑐷𑐥𑐳𑐶𑐟𑐸𑐲𑑂𑐛
d00a6464,𑐫𑑀𑐐𑐾𑐫𑐠𑐵𑐎𑐬𑐞𑐩𑐺𑐴𑐹𑐬𑑂𑐟𑑂𑐟𑐎𑐾𑐁𑐡𑐶𑐟𑑂𑐫𑐰𑐵𑐳𑐬𑐾𑐰𑐺𑐲𑐬𑐵𑐱𑐶𑐐𑐟𑐾𑐳
a287b542,𑐩𑐣𑐬𑐶𑐳𑐟𑐶𑐮𑐨𑐣𑑂𑐟𑐾𑐳𑑂𑐩𑐬𑐣𑑂𑐟𑑅𑑌𑑒𑑌𑐬𑐞𑐾𑐔𑐞𑑂𑐜𑐩𑐸𑐞𑑂𑐜𑐵𑐡𑑂𑐬𑐶𑐣𑐸𑐞𑑂𑐜𑑄𑐣𑐶𑐎𑐺𑐳𑑂𑐫𑐵𑑍𑐡𑑂𑐨𑐚𑐵𑑄𑐣𑐶𑐬𑑂𑐩𑑂𑐩𑐟
2353186d,𑐥𑐟𑐾𑑅𑑋𑐥𑐡𑑂𑐩𑐮𑐎𑑂𑐲𑑂𑐩𑐷𑐩𑐴𑐵𑐬𑐵𑐣𑐷𑐳𑐡𑐵𑐨𑐬𑑂𑐟𑐺𑐥𑐬𑐵𑐫𑐞𑐵𑑌𑐬𑐵𑐖𑐵𑐳𑑄𑐥𑑂𑐬𑐟𑐶𑐰𑐶𑐲𑑂𑐞𑐸𑐳𑐶𑑄𑐴𑐣𑐺𑐥𑐟𑐶𑐎𑑂𑐲𑐷𑐬𑑀𑐡𑐢𑐾𑐬𑐸𑐴𑑂𑐫𑐟𑑀
65073c34,𑐩𑑄𑐐𑐮𑐳𑐮𑐸𑐫𑐠𑑂𑐰𑐎𑑀𑐣𑑂𑐴𑐸𑐩𑑂𑐴𑑄𑐒𑐵𑑕𑐳𑐵𑐴𑐫𑐵𑐌𑐂𑐣𑐵𑐫𑐎𑑀𑐳𑑄𑐳𑐵𑐣𑐎𑐾
zf1c3d8c,𑐎𑑂𑐲𑐟𑐵𑐲𑑂𑐥𑐚𑐔𑐫𑐵𑐴𑐩𑐵𑐱𑑂𑐔𑐳𑐥𑑂𑐟𑐵𑐰𑑂𑐢𑐫𑑅𑑌𑐟𑐵𑐬𑐵𑐣𑐵𑐠𑐥𑐡𑐵𑐬𑑂𑐠𑐳𑐥𑑂𑐟𑐰𑐮𑐶𑐟𑐾𑐣𑐾𑐥𑐵𑐮𑐳𑐩𑑂𑐰
6b3510df,𑐟𑑂𑐫𑑄𑐡𑐫𑐎𑐵𑐱𑐸𑐨𑑅𑑋𑑋
330z199z,𑐴𑑀𑐔𑑂𑐔𑐱𑐶𑐏𑐬𑑀𑐩𑐵𑐮𑐵𑐫𑐟𑐾𑐖𑐵𑐣𑑂𑐴𑐰𑐷𑑋𑐥𑐹𑐬𑑂𑐞𑐾𑐡𑐸𑑅𑐎𑐮𑐱𑐵𑐫𑐟𑐾𑐡𑐶𑐩𑐞𑐶𑐱𑑂𑐰𑐎𑐵𑐫𑐟𑐾𑐳𑐬𑑂𑐰𑑂𑐰𑐡𑐵𑑋𑐫𑐟𑑂𑐬𑐵𑐫𑑄𑐣𑐰𑐣𑐷𑐮
8df772ca,𑐬𑐐𑐾𑐣𑑍𑐳𑐸𑐎𑐸𑐮𑐵𑐩𑑂𑐨𑑀𑐖𑐵𑐚𑐰𑐷𑐨𑐵𑐳𑑂𑐰𑐟𑐵𑑍𑐱𑑂𑐬𑐷𑐩𑐡𑑂𑐰𑐷𑐬𑐣𑐬𑐾𑐣𑑂𑐡𑑂𑐬𑐨𑐹𑐩𑐶𑐥𑐟𑐶𑐣𑐵𑑇𑐎𑐵𑐬𑐶𑐳𑑂𑐦𑐸𑐟𑑄𑐣𑐹𑐟𑐣𑑄𑑌
6bc0z77d,𑑊𑑉𑐣𑐩𑑅𑐱𑑂𑐬𑐷𑐨𑐰𑐵𑐣𑑂𑐫𑑌𑐨𑐎𑑂𑐟𑐳𑑂𑐰𑐲𑑂𑐥𑐡𑐡𑐵𑐫𑐶𑐣𑐷𑐨𑐰𑐣𑐰𑐎𑐷𑐜𑐵𑐎𑐮𑐵
967zd828,𑐟𑐺𑐟𑐷𑐫𑐵𑐣𑑂𑐟𑐶𑐠𑑁𑐧𑐺𑐴𑐳𑑂𑐥𑐟𑐶𑐰𑐵𑐬𑐠𑑂𑐰𑐟𑐾
ffcc7412,𑐫𑑀𑐐𑐥𑑂𑐬𑐷𑐟𑐶𑐳𑐣𑐵𑐏𑑂𑐫𑐎𑐾𑐳𑐩𑐎𑐬𑑀𑐡𑑂𑐫𑐵𑐐𑐾𑐱𑑂𑐰𑐬𑐳𑑂𑐫𑐵𑐮
2c14c81f,𑐳𑐶𑑄𑐴𑐨𑐵𑐬𑑀𑐳𑐬𑑂𑐰𑐰𑐸𑐩𑐣𑐴𑑀𑐬𑐳𑐶𑑄𑐴𑐫𑑀𑐣𑐵𑐩𑐣𑐦𑐮𑐾𑐡𑐫𑐎𑐡𑐸
3221cf16,𑐳𑐱𑑂𑐩𑐾𑐬𑐩𑐾𑐱𑑀𑑍𑐨𑐰𑐨𑑂𑐫𑐵𑐲𑑂𑐥𑑂𑐬𑐳𑐵𑐡𑐵𑐟𑑂𑐫𑐬𑐵𑑄𑐳𑐶𑐡𑑂𑐰𑐶𑐩𑐵𑐥𑐸𑑅𑑋𑐩𑐩𑐵𑐖𑑂𑐘𑐵𑐣𑐳𑐶𑐣𑑂𑐢𑑀𑑅𑐱𑐶𑐰𑑀𑐡𑐷𑐣𑐰𑐣𑐢𑐸𑑍𑐬𑑂𑐖𑑂𑐖𑐣𑐣𑑂𑐫𑐵𑐴𑐶𑐟𑐵
20z7d9f9,𑐖𑑂𑐘𑐵𑐟𑐫𑐵𑐮𑐶𑐱𑐶𑐟𑑅𑐄𑐟𑑂𑐥𑐵𑐡𑐰𑑂𑐫𑐫𑐰𑐬𑑂𑐖𑐶𑐟𑑀𑐎𑑂𑐲𑐫𑐳𑐸𑐏𑑀𑐴𑐵𑐳𑑂𑐫𑑂‌𑐫𑐡𑐶𑐳𑑀𑐏𑑂𑐫𑐵𑐣𑑂𑐰𑐶𑐟𑑅𑐮𑑀𑐎𑐵𑐣𑐵𑑄
5d25z978,𑐣𑐬𑐵𑐖𑐳𑐥𑑂𑐬𑐠𑐩𑐥𑐸𑐟𑑂𑐬𑐳𑑀𑐫𑐨𑐸𑐬𑐵𑐖𑑍𑐖𑑂𑐘𑐵𑐣𑐬𑐵𑐖𑐳𑐾𑐩𑐵𑐟𑐵𑑍𑐱𑐷𑐔𑐡𑐸𑐟𑐶𑐖𑑂𑐘𑐵𑐣𑐬𑐵𑐖𑐎𑐳𑑂𑐫𑐡𑐵𑐬𑐵
c03c50d5,𑐔𑐩𑐶𑐱𑐸𑐎𑑂𑐬𑐧𑐵𑐬𑐲𑐸𑐬𑐸𑐱𑑂𑐬𑐷𑑓𑐧𑐖𑑂𑐬𑐳𑐟𑑂‍𑐧𑐠𑐵𑐥𑐣𑐵
88869aad,𑐠𑑂𑐰𑐟𑐾𑑘𑐩𑑂𑐴𑐳𑐩𑐸𑐬𑑂𑐔𑐫𑐣𑐱𑑂𑐬𑐷𑑓𑐳𑐶𑐡𑑂𑐢𑐶
1cf1a70z,𑐣𑐾𑐥𑐵𑐮𑐡𑐾𑐱𑐾𑑍𑐰𑐵𑐐𑐵𑐨𑑂𑐫𑐵𑐫𑐵𑐥𑐸𑐬𑑂𑐰𑑂𑐰𑐎𑐸𑐮𑐾𑑍𑐱𑑂𑐬𑐷𑐰𑐶𑐬𑐸𑐥𑐵𑐎𑑂𑐲𑐡𑐾𑐰𑐟𑐵𑑍𑐣𑐶𑐰𑐵𑐳𑐶𑐟𑐾
a20b6d8z,𑐣𑐰𑐩𑑂𑐫𑐵𑐫𑐵𑑄𑐟𑐶𑐠𑑂𑐰𑑁𑐄𑐟𑑂𑐬𑐨𑐡𑑂𑐬𑐣𑐎𑑂𑐲𑐟𑑂𑐬𑑍𑐁𑐡𑐶𑐟𑑂𑐫𑐰𑐵𑐬𑑍𑐠𑑂𑐰𑐎𑐹𑐣𑑂𑐴𑐸𑐠𑑂𑐰𑐴𑐬𑐵𑐴𑐬𑐮𑑀𑐎𑐾𑐱𑑂𑐰𑐬
db912zb0,𑐎𑑂𑐟𑑍𑐧𑐞𑑂𑐜𑐾𑑍𑐖𑑄𑐩𑑂𑐧𑐸𑑍𑐡𑐷𑐥𑐾𑑍𑐴𑐾𑐩𑐸𑐥𑐵𑐡𑐾𑑍𑐧𑐵𑐳𑐸𑐎𑐶𑐎𑑂𑐲𑐟𑑂𑐬𑐾𑑍𑐴𑐾𑐩𑐵𑐮𑐫𑐵𑑍𑐡𑐎𑑂𑐲𑐶𑐣
fa674312,𑐮𑐵𑐣𑐶𑐩𑑂𑐟𑑂𑐬𑐷𑐥𑐸𑐬𑐸𑐲𑐫𑐵𑐣𑐵𑐩𑐣𑐡𑐫𑐎𑐵𑐟𑐐𑐸𑐥𑑄𑐔𑐵
f404907z,𑐡𑐶𑐰𑑂𑐫𑑁𑐲𑑂𑐲𑐢𑑄𑑍𑐡𑐾𑐰𑑄𑐣𑑁𑐩𑐶𑐴𑐬𑐶𑑄𑐟𑑂𑐬𑐶𑐮𑑀𑐎𑐳𑐸𑐏𑐡𑑄𑐥𑑄𑐔𑐵𑐟𑑂𑐩𑐎𑑄𑐎𑐾𑐱𑐰𑑄𑑌𑐥𑐮𑐵𑐡𑐥𑑂𑐬𑐞𑐟𑑍𑐥𑑂𑐬𑐳𑐣𑑂𑐣𑐰𑐡𑐣
491z4c96,𑐡𑐶𑐰𑐵𑐣𑐶𑐥𑑀𑐮𑐫𑐵𑐟𑑄𑐐𑐸𑐐𑐸𑐬𑐖𑐧𑑑𑐠𑑂𑐰𑐟𑐾𑐣𑐶𑐟𑑂𑐫𑐥𑐹𑐖𑐵𑐫𑐵𑐟𑐖𑐸𑐬𑑀𑐩𑑀𑐚𑑄𑑑𑐱𑑂𑐬𑐷𑐏𑑄𑐜𑐡𑑄𑐕𑐶𑐫𑐵𑐟𑑄𑑌𑑌𑐡𑐾𑐰𑐮𑐴𑐶𑐎𑐧𑑂𑐬𑐵𑐴𑑂𑐩𑐞𑐫𑐵𑐟𑐡𑑄
78886537,𑐫𑐵𑐟𑑄𑐔𑐾𑐎𑐣𑐦𑑄𑑖𑐰𑐬𑑂𑐲𑐥𑑂𑐬𑐟𑐶𑐧𑐶𑐫𑐩𑐵𑐮𑑋𑐣𑐶𑐟𑑂𑐫𑐥𑐹𑐖𑐵𑐰𑐵𑐬𑐶𑐫𑐵𑐟𑑍𑐖𑐵𑐎𑑂𑐫𑐦𑑄𑑙𑑐𑐧𑐶𑐫𑐩𑐵𑐮𑑋𑐥𑐸𑐣𑐬𑑂𑐨𑐵𑐲𑐵𑐳𑐡𑐵𑐰
ac10452f,𑐫𑐐𑑂𑐧𑐵𑐳𑐥𑐸𑐬𑐌𑑒𑐡𑐵𑐬𑐲𑐵𑐧𑐸𑐨𑐹𑐫𑐩𑐵𑐬𑑂𑐐𑐡𑑀𑐬𑐧𑐸𑐬𑐌𑑑𑑌𑐨𑐸𑐫𑐩𑐵𑐐𑐡𑐵𑐬𑐧𑐸𑐟
a61ab121,𑐡𑐾𑐳𑐾𑑋𑑋𑑉𑐀𑐡𑑂𑐫𑐱𑑂𑐬𑐵𑐰𑐞𑐩𑐵𑐳𑐾𑑍𑐱𑐸𑐎𑑂𑐮𑐥𑐎𑑂𑐲𑐡𑐳𑐩𑐺𑐐𑐱𑐶𑐮𑑍𑐧𑐶𑐳𑐎𑑄𑐩𑑂𑐨𑑍𑐖𑐠𑐵𑐎
5z4a1f6c,𑐱𑑂𑐬𑐷𑑓𑐰𑐵𑐐𑑂𑐩𑐟𑑂𑐫𑐣𑐩𑑅𑑌
fd9a9df3,𑐬𑐎𑐸𑐣𑑂𑐴𑐸𑐡𑐸𑐣𑑂𑐟𑐵𑐖𑐸𑐬𑑀𑐱𑐸𑐨𑑌
61zcb463,𑐱𑑂𑐬𑐾𑐫𑑀𑐳𑑂𑐟𑐸𑐳𑐩𑑂𑐰𑐟𑑂𑑗𑑖𑑘𑐦𑐵𑐮𑑂𑐐𑐸𑐞𑐱𑐸𑐎𑑂𑐮𑑌𑐬𑑀𑐴𑐶𑐞𑐷𑐣𑐎𑑂𑐲𑐟𑑂𑐬𑐾𑐰𑐶𑐲𑑂𑐎𑐩𑑂𑐨𑐫𑑀𑐐𑐾𑐱𑐸𑐎
0z38b2f4,𑑊𑐳𑐩𑑂𑐰𑐟𑑘𑑖𑑑𑐩𑐸𑑋𑐱𑐸𑐣𑐰𑐡𑐶𑑑𑑔𑐬𑐸𑐥𑑂𑐬𑐵𑐳𑐣𑐶𑐡𑐸𑐟𑐵𑑄𑑌𑐱𑐸𑐨𑑄𑑌
081cd526,𑐩𑐾𑐴𑐾𑐬𑐩𑐵𑐣𑐥𑐸𑐟𑑂𑐬𑐳𑐸𑐲𑐸𑐨𑐵𑐖𑐸𑐠𑑂𑐰𑐟𑐾𑐳𑐎𑐮𑐥𑐬𑐶𑐰𑐵𑐬𑐳𑐩𑑀𑐴𑑅𑐖𑐸𑐫𑐵𑐌𑐱𑑂𑐬𑐷
898azd0f,𑐥𑐡𑐵𑐬𑐰𑐶𑐣𑑂𑐡𑐫𑐸𑐐𑐮𑐾𑐨𑐺𑐒𑑂𑐐𑐵𑐫𑐟𑐾𑐫𑐣𑑂𑐩𑐣𑑅𑑋𑐰𑐵𑐐𑑂𑐩𑐟𑑂𑐫𑐵𑐳𑑂𑐟𑑂𑐬𑐶𑐥𑐸𑐬𑐵𑐣𑑂𑐟𑐎𑐳𑑂𑐫𑐔𑐴𑐬𑐾𑐬𑑂𑐢𑑂𑐫𑐵𑐣𑐵𑐣𑐸𑐬𑐎𑑂𑐟𑑅𑐳𑐡𑐵𑑍𑐳𑑀𑐫𑐱𑑂𑐬𑐷𑐮𑐮𑐶𑐟𑐵𑐥𑐸𑐬𑐾𑐣𑐺𑐥𑐩𑐞𑐶𑑅
f75cd2zz,𑐰𑐶𑐖𑐫𑐬𑐵𑐖𑑂𑐫𑐱𑑂𑐬𑐷𑐩𑐟𑑂𑐎𑐵𑐣𑑂𑐟𑐶𑐥𑐸𑐮𑐶𑐩𑐴𑐵𑐣𑐐𑐬𑐾𑐱𑑂𑐬𑐷𑐥𑐵𑐬𑐵𑐰𑐟𑑂𑐩𑐴𑐵𑐰𑐶𑐴𑐵𑐬𑐾𑐔𑐾𑐎𑐣𑐀𑐟𑐣𑐳𑐶𑐫𑐵𑐠𑑂𑐰𑐰𑐵𑐴𑐵𑐬𑐫𑐵𑐦𑐬𑐾𑐳𑐬𑑀𑐴𑑀𑐣
58791c0c,𑐳𑐶𑐫𑐵𑐖𑐸𑐬𑑀𑑍𑐠𑑂𑐰𑐔𑐾𑐎𑐣𑐀𑐟𑐩𑐎𑐶𑐮𑐶𑐟𑐵𑐟𑐳𑐵𑐳𑑀𑐣𑐎𑐾𑐔𑐮𑐎𑐳𑐵𑐬𑐟𑐬𑐳𑐵𑐔𑑂𑐰𑐵𑐦𑐶𑐣𑐧𑐥𑐸𑐟𑐳𑐵𑐧𑑂𑐬𑐩𑑂𑐴𑐴𑐠𑑂𑐫𑐵𑐰𑐵𑐬𑐴𑐠𑑂𑐫𑐵𑐐𑑂𑐰𑐴𑐴𑐠𑑂𑐫𑐵𑐳𑑂𑐟𑑂𑐬𑐷
2507c3bf,𑑒
ad715111,𑐖𑐸𑐬𑑀𑐠𑑂𑐰𑐟𑐾𑐡𑐾𑐐𑑀𑐮𑐣𑐾𑐐𑑀𑐮𑐳𑐔𑐶𑑄𑐟𑐵𑐫𑐵
15da067d,𑐥𑐶𑐳𑐶𑑄𑐴𑐨𑐵𑐰𑑍𑐩𑐵𑐢𑐰𑐬𑐵𑐩𑐨𑐵𑐰𑑌𑐠𑐸𑐟𑐶𑐢𑐬𑑂𑐩𑑂𑐩𑐐𑑀𑐲𑑂𑐚𑐶𑐳𑐩𑐹𑐴𑐣𑑍𑐥𑐹𑐬𑑂𑐞𑑂𑐞𑐩𑐵𑐳𑐶𑐳𑐾𑐰𑐵𑐡𑐫𑐎𑑄𑑍
77a0b4c5,𑑌𑐫𑐳𑑂𑐫𑐵𑑅𑐳𑐸𑐣𑐸𑐬𑐨𑐹𑐣𑑂𑐩𑐸𑐬𑐵𑐬𑐶𑐔𑐬𑐞𑐢𑑂𑐫𑐵𑐣𑐵𑐩𑑂𑐧𑐸𑐢𑑁𑐟𑐵𑐱𑐫𑑅𑐳𑑄𑐐𑐷𑐟𑐵𑐩𑑂𑐧𑑄𑐢𑐶𑐥𑐵𑐐𑐩𑑀𑐬𑐶𑐥𑐸𑐟𑐩𑑀𑐰𑐶𑐑𑑂𑐣𑑄𑐳𑐨𑐵𑐳𑑂𑐰𑐟𑑂𑐳𑐩
2815zcb5,𑑓𑐰𑐫𑐧𑐶𑐫𑐩𑐵𑐮𑑌𑐠𑑂𑐰𑐔𑑂𑐫𑐵𑐑𑐟𑐣𑑄𑐱𑑄𑐏𑐥𑐸𑐫𑐎𑐾𑐩𑐵𑐮𑐱𑑄𑐏𑐥𑐸𑐰𑐴𑑂𑐣𑐫𑐵𑐟𑐡𑑄𑑔
c965a67b,𑐱𑐶𑐬𑑀𑐬𑐸𑐴𑐱𑑂𑐬𑐷𑐩𑐣𑑂𑐩𑐵𑐣𑐾𑐳𑑂𑐰𑐬𑐷𑐲𑑂𑐛𑐡𑐾𑐰𑐟𑐵𑐰𑐬𑐔𑑂𑐔𑐥𑑂𑐬𑐳𑐵
b5df5294,𑐩𑐵𑐣𑐾𑐣𑐳𑑂𑐰𑐰𑐵𑐔𑐵𑐥𑐟𑐶𑐥𑐣𑑂𑐣𑐶𑐟𑐸𑐟𑐾𑐣𑑍𑐳𑑂𑐰𑐫𑐣𑐶𑐩𑐶𑐟𑐾𑐣𑑍𑐡𑐾
3f18bd14,𑐣𑑂𑐢𑐫𑑀𑐐𑐾𑑍𑐖𑐠𑐵𑐎𑐬𑑂𑐞𑑂𑐞𑐩𑐸𑐴𑐸𑐟𑑂𑐬𑐾𑑍𑐰𑐺𑐴𑐳𑑂𑐥𑐟𑐶𑐰𑐵𑐳𑐬𑐾𑑍𑐎𑐣𑑂𑐫𑐬𑐵𑐱𑐶𑐐𑐟𑐾𑐳𑐰𑐶𑐟
azc593c2,𑐡𑐩𑐞𑑂𑐜𑐮𑐧𑐖𑑂𑐬𑐢𑐵𑐟𑐸𑐳𑐬𑑂𑐧𑑂𑐧𑐵𑐣𑐣𑑂𑐡𑐿𑐎𑐬𑐸𑐥𑑄𑐳𑐴𑐖
2b40190z,𑐬𑑂𑐩𑑂𑐩𑐖𑐐𑐟𑐳𑑄𑐳𑐵𑐬𑐳𑐮𑐥𑑂𑐬𑐵𑐞𑐶𑐄𑐢𑐵
2dbzbdf2,𑑉𑐣𑐩𑑅𑐱𑑂𑐬𑐷𑐩𑐡𑑂𑐬𑐵𑐬𑑂𑐫𑑂𑐫𑐵𑐰𑐮𑑁𑐎𑐶𑐟𑐾
8zz20z77,𑐎𑐺𑐲𑑂𑐞𑑍𑐥𑐸𑐟𑑂𑐬𑐖𑐐𑑂𑐟𑐣𑐵𑐬𑐵𑑄𑐥𑐸𑐟𑑂𑐬𑐬𑐵𑐩𑐣𑐵𑐬𑐵𑑄𑐥𑐸𑐟𑑂𑐬𑐬𑐵
a4acz7db,𑐌𑐟𑐫𑐩𑐵𑐬𑐖𑐸𑐬𑑀𑑋𑑋𑑐𑑋𑑋𑐳𑐩𑑂𑐰𑐟𑑘𑑓𑑗
25962z1a,𑐱𑑂𑐬𑐷𑐱𑐵𑑑𑑘𑑓𑑒𑐱𑑂𑐬𑐷𑐰𑐶𑑑𑑙𑑖𑑗𑐱𑑂𑐬𑐷
456fb946,𑐱𑑂𑐬𑐷𑐱𑑂𑐬𑐷𑐱𑑂𑐬𑐷𑐢𑐩𑐢𑐵𑐟𑐸𑐔𑐿𑐟𑑂𑐫𑐖𑐶𑐬𑑂𑐞𑐄𑐢𑐵𑐬𑐫𑐵𑐒𑐵𑐳𑑂𑐬𑑀𑐳𑑂𑐟𑐸𑑌𑐳𑑄𑐩𑑂𑐧𑐟𑑂𑑘𑑑𑑒𑐧𑐿𑐳𑐵𑐲𑐎𑐺𑐲𑑂𑐞𑐊𑐎𑐵𑐡
f55d8dza,𑐀𑐣𑐣𑑂𑐟𑐡𑐶𑐫𑐡𑐾𑐰𑐷𑐠𑑂𑐰𑐩𑑂𑐴𑐩𑐴𑐵𑐬𑐵𑐣𑐶𑐩𑐴𑐵𑐬𑐵𑐣𑐶𑐢𑐶𑐬𑐵𑐖𑐨𑐸𑐥𑐎𑐾𑐱𑐬𑐷𑐱𑑂𑐬𑐷𑐱𑑂𑐬𑐷𑐎𑐰𑐷𑐣𑑂𑐡𑑂𑐬𑐖𑐫𑐥𑑂𑐬
067za110,𑐀𑐩𑐱𑑁𑑌𑐀𑐡𑑂𑐫𑐦𑐵𑐮𑑂𑐐𑐸𑐞𑐩𑐵𑐳𑐾𑐱𑐸𑐎𑑂𑐮𑐥𑐎𑑂𑐲𑐾𑐀𑐲𑑂𑐚𑐩𑑂𑐫𑐵𑐣𑑂𑐟𑐶𑐠𑑁𑐩𑐺
444ca57c,𑐖𑑂𑐬𑐵𑐔𑐵𑐫𑐾𑐱𑑂𑐬𑐷𑐰𑑂𑐫𑐏𑐵𑐳𑐶𑑄𑐴𑐡𑐾𑐰𑑍𑐔𑐎𑐾𑐱𑑂𑐰𑐬𑐷𑐫𑐵𑐒𑐣𑐡𑐵𑐣𑐥𑐟𑐶𑐨𑐵𑐳𑑂𑐎𑐬𑐡𑐾𑐰𑐳𑑄𑐳𑑂𑐎𑐵
zb5f84d6,𑐬𑐡𑐱𑐩𑑂𑐫𑐵𑑄𑐟𑐶𑐠𑑁𑐄𑐟𑑂𑐟𑐬𑐨𑐡𑑂𑐬𑐥𑐬𑐬𑐾𑐰𑐟𑐷𑐣𑐎𑑂𑐲𑐟𑑂𑐬𑐳𑑁𑐨𑐵𑐐𑑂𑐫
c27f0453,𑐡𑑂𑐬𑐩𑐥𑐎𑑂𑐲𑐴𑐩𑐵𑐮𑐳𑐸𑐟𑐵𑐣𑐵𑑄𑑍𑐳𑐡𑐵𑐡𑑂𑐡𑐬𑑂𑐑𑐱𑐵𑐣𑐵𑑄𑐴𑐶𑐟𑑄𑐳𑐣𑑂𑐟𑐣𑑀𑐟𑐶𑑌𑑑𑑑𑑌𑐞𑐶𑐰𑐬𑑂𑐨𑐵𑐣𑐸𑐔𑐎𑑂𑐟𑑂𑐬𑐲𑑂𑐎𑐸𑐮𑐵𑐔𑐵𑐬𑐣𑑂𑐟𑑂𑐬𑑄𑐥
z57fd912,𑐰𑐷𑐣𑑂𑐡𑑂𑐬𑐥𑑂𑐬𑐟𑐵𑐥𑐎𑑂𑐲𑐶𑐟𑐶𑐣𑑂𑐡𑑂𑐬𑑅𑐩𑑂𑐟𑐸𑐟𑐶𑑄𑐣𑐶𑐬𑑂𑐩𑑂𑐩𑐩𑐡𑐾𑐰𑐡𑐾𑐰𑑂𑐫𑐵𑐨𑐰𑐵𑐣𑑂𑐫𑐵𑑅𑑋𑐂𑐩𑐵𑐩𑐩𑑂𑐰𑐶𑐎𑐵𑐥𑑂𑐬𑐷𑐟𑐶𑐴𑐾𑐟𑑀𑐲𑑂𑐫𑐛𑐾𑐟𑑍𑐱𑑂𑐬𑐶
17a25zf9,𑑅𑐱𑑂𑐮𑑀𑐎𑐵𑑅𑑌𑐀𑐟𑑅𑐥𑐬𑑄𑐣𑐾𑐥𑐵𑐮𑐨𑐵𑐲𑐫𑐵𑐮𑐶𑐏𑑂𑐫𑐟𑐾𑑌𑑌𑐳𑑂𑐰𑐳𑑂𑐟𑐶𑑌𑐱𑑂𑐬𑐷𑐩𑐞𑐶𑐐𑑂𑐮𑐵𑐢𑐶𑐥𑐟𑐶𑐩𑐴𑐵𑐬𑐵𑐖𑐵𑐢𑐶𑐬𑐵𑐖𑐱𑑂𑐬𑐷𑐱𑑂𑐬𑐷𑐖𑐫𑐱𑑂𑐬𑐷𑐣𑐶𑐰𑐵𑐳𑐩𑐮𑑂𑐮
d0df3040,𑑊𑑉𑐣𑐩𑑅𑐱𑑂𑐬𑐷𑑓𑐳𑑂𑐟𑑂𑐬𑐷𑐩𑐹𑐎𑑂𑐟𑐶𑐧𑐖𑑂𑐬𑐵𑐳𑐣𑐀𑐎𑑂𑐲𑑀𑐨𑑂𑐫𑐣𑐩𑑅𑑌𑐳𑑂𑐰𑐳𑑂𑐟𑐶𑐱𑑂𑐬𑐷𑐩𑑂𑐟𑐥𑐱𑐸𑐥𑐟𑐶𑐔𑐬𑐞𑐎𑐩𑐮𑐢𑐸𑐮𑐶𑐢𑐹𑐳𑐬𑐶𑐟𑐱𑑂𑐬𑐷𑐬𑑀𑐮𑐸𑐴𑐱𑑂𑐬𑐷𑐩𑐣𑑂𑐩𑐵𑐣𑐾𑐱𑑂𑐰𑐬𑐷𑐳𑑂𑐟
zf3bf54f,𑐖𑐾𑑍𑐳𑐬𑑂𑐰𑑂𑐰𑐵𑐟𑑂𑐩𑐵𑐣𑐩𑐐𑐩𑑂𑐫𑐩𑐶𑐣𑑂𑐡𑑂𑐬𑐶𑐫𑐐𑐞𑑅𑐳𑐬𑑂𑐰𑑂𑐰𑐖𑑂𑐘𑐩𑐵𑐡𑑂𑐫𑑄𑐰𑐶𑐨𑐸𑑄𑑋𑐣𑐶𑐟𑑂𑐫𑐵𑐣𑐣𑑂𑐡𑐶𑐩𑐫𑑄𑐥𑐬𑐵𑐟𑑂𑐥𑐬𑐟𑐬𑑄𑐳𑑄𑐳𑐵𑐬
08a95a98,𑑑𑑑𑐧𑐵𑐬𑑔𑐱𑐸𑐨𑑋𑑋𑐳𑑂𑐰𑐡𑐟𑑂𑐟𑐷𑐥𑐬𑐡𑐟𑑂𑐟𑐵𑑄𑐔𑐵𑑍𑐫𑑀𑐴𑐬𑐟𑐶𑐰𑐳𑐸𑑄
a80c7a82,𑐮𑐢𑐬𑑂𑐩𑑂𑐩𑐔𑐎𑑂𑐬𑐧𑐵𑐴𑐵𑐫𑐵𑐱𑑂𑐬𑐷𑐧𑐖𑐵𑐔𑐵𑐬𑑂𑐫𑑂𑐫
zbb64c3b,𑐱𑑂𑐬𑐷𑐖𑐫𑐖𑐐𑑂𑐟𑐥𑑂𑐬𑐎𑐵𑐳𑐩𑐮𑑂𑐮𑐡𑐾𑐰𑐥𑑂𑐬𑐨𑐸𑐛𑐵
690f6a3d,𑐡𑐎𑑀𑐫𑐵𑐟𑑄𑐡𑐎𑑂𑐲𑐶𑐞𑐵𑐰𑐶𑐳𑑂𑐫𑑄𑐫𑐵𑐒𑐵𑐠𑑂𑐰𑐟𑐾
7a574fa1,𑐮𑐔𑐿𑐟𑑂𑐫𑐡𑐫𑐎𑐵𑐌𑐟𑐮𑐐𑐸𑐠𑐸𑐐𑐸𑐔𑐿𑐟𑑂𑐫𑐐𑑂𑐰𑐮𑑑𑐟𑐵𑐎𑐵𑐮𑑄𑐖𑐶𑐬𑑂𑐞𑐖𑐸𑐫𑐵𑐌𑐔𑑀𑐣𑐐𑐸𑐠𑑂𑐰𑐔𑐿𑐟𑑂𑐫𑐖𑐶𑐬𑑂𑐞𑐄𑐡𑑂𑐢𑐵𑐬𑐫𑐵𑐣𑐵𑐠𑐸𑐐𑐸𑐥𑐸𑑄𑐞𑑂𑐫𑐫𑐵𑐥𑑂𑐬𑐨𑐵𑐰𑐣𑑄𑐖𑐐𑐟𑐳𑑄𑐳𑐵𑐬𑐳𑐟𑑂𑐰𑐥𑑂𑐬𑐵𑐞𑐶𑐄𑐡𑑂𑐢𑐵𑐬𑐖𑐸𑐫𑐾𑐩𑐵𑐮𑐡𑐵𑐣𑐥𑐟𑐶𑐖𑑀𑐐
d4b25zba,𑐬𑐰𑐶𑐎𑐸𑐮𑐟𑐶𑐮𑐎𑐴𑐣𑐸𑐩𑐡𑑂𑐢𑑂𑐰𑐖𑐩𑐵𑐞𑐶𑐐𑑂𑐮𑐵𑐢𑐶𑐥𑐟𑐶𑐩𑐴𑐵𑐬𑐵𑐖𑐢𑐶𑐬𑐵𑐖𑐰𑐷𑐬𑐱𑑂𑐬𑐷𑐱𑑂𑐬𑐷𑐖𑐫𑐖𑑀
12d5162c,𑐦𑐬𑐬𑐵𑐎𑐖𑐸𑐬𑑀𑑌𑑌𑐨𑐵𑐏𑐵𑐥𑐶𑐣𑐫𑐵𑐫𑐵𑐎𑐟𑐎𑐣𑐰𑐵𑐥𑐵𑐫𑐫𑐵𑐟𑐌𑐬𑐳𑐵𑐏𑐬𑐎𑐵𑐬𑐎𑐵𑐎𑐵𑐫𑐵𑐌𑐡𑐾𑐌𑐫𑐵𑐟𑐟𑐫𑐩𑐵𑐮𑐖𑐸𑐬𑑀𑐨𑐵𑐲𑐵𑐣𑐶𑐡𑐵𑐣
96fba3d3,𑐳𑑄𑐥𑐡𑐥𑐬𑐟𑑂𑐬𑐳𑑂𑐰𑐬𑑂𑐐𑑂𑐐𑐎𑐵𑐩𑐣𑐵𑐬𑑂𑐠𑐾𑐣𑐩𑐵𑐢𑐰𑐾𑐏𑐮𑐠𑐵𑐥
3f53d462,𑐟𑐣𑐡𑐫𑐎𑐵𑐰𑑄𑐎𑐸𑐟𑑀𑐮𑐳𑐖𑐸𑐬𑑀𑑄𑐠𑑂𑐰
zz1da288,𑐬𑐡𑐷𑐣𑑓𑐊𑐣𑑂𑐡𑑂𑐫𑐵𑐟𑐖𑑀𑐬𑐕𑐷𑐎𑐵𑐟𑐷𑐎𑐣
086z4572,𑐱𑑂𑐬𑐷𑐱𑑂𑐬𑐷𑐱𑑂𑐬𑐷𑐧𑐖𑑂𑐬𑐫𑑀𑐐𑐶𑐣𑑂𑐫𑐣𑐩𑑅𑑌𑐟𑑂𑐰𑐡𑐷𑐫𑐥𑐡𑐡𑑂𑐰𑐣𑑂𑐡𑑂𑐰𑐩𑐩𑑂𑐨𑑀𑐖𑐰𑐺𑐣𑑂𑐡𑑍𑐬𑐸𑐔𑐵𑐡𑑂𑐬𑐖𑐫𑑀𑐐𑐶𑐣𑑂𑐫𑐢𑑀
6356b701,𑑅𑑌𑑑𑑒𑑌𑐰𑐶𑐥𑐟𑑂𑐟𑐵𑐬𑐞𑐵𑐡𑐸𑐐𑑂𑐬𑐟𑐵𑐬𑐵𑐥𑑂𑐬𑐳𑐶𑐡𑑂𑐢𑐵𑑍𑐖𑐚𑐵𑐢𑐵𑐬𑐞𑐵𑐡𑐾𑐰𑐥𑐸𑐬𑑂𑐰𑑂𑐰𑐵𑐖𑐚𑐵𑐳𑐶𑑋𑐳𑐡𑐵𑐮𑐷𑐮𑐫𑐵𑐰𑐵𑐎𑐥𑑂𑐬𑐡𑐵𑐡𑐾𑐰𑐶
c072563d,𑐰𑐟𑑂𑐳𑐬𑐾𑑋𑐔𑐟𑑂𑐬𑐾𑐩𑐵𑐳𑐶𑐳𑐶𑐟𑐾𑐡𑐶𑐣𑐾𑐬𑐸𑐐𑐸𑐬𑑀𑑅𑐲𑐲𑑂𑐛𑑂𑐫𑐵𑑄𑐟𑐶𑐠𑑁𑐳𑑄𑐫𑐟𑐾𑑋𑐱𑑂𑐬𑐷𑐩𑐡𑑂𑐨𑐬𑐰𑐩𑐹𑐬𑑂𑐟𑑂𑐟𑐶𑐱𑐎𑑂𑐟𑐶
006bf039,𑐩𑐴𑐬𑐶𑑍𑐥𑐸𑐣𑐨𑐵𑐲𑐵𑐖𑐶𑐎𑐵𑐫𑐡𑐫𑐵𑐌𑐣𑐳𑐵𑐠𑑂𑐰𑐐𑐸
azd13fz4,𑐩𑐸𑐬𑐵𑐳𑐾𑐎𑐬𑐾𑐒𑐕𑐔𑐵𑐏𑐶𑐮𑐶𑐖𑐸𑐬𑑀𑐠𑑂𑐰𑐧𑐾𑐬𑐳𑐠𑐬𑐥𑐵𑐨𑐶𑐎𑑂𑐲𑐸𑐱𑑂𑐬𑐷𑐧𑐾𑐏𑐵𑐳𑐶𑑄𑐴𑐡𑐾𑐰𑐰𑐵𑐴𑐵𑐮𑐫𑐵𑐰𑐾𑐳𑐟𑐰𑐶𑐕𑐾𑐰𑐵𑐴𑐵𑐬𑐫𑐵𑐰𑐶𑐱𑑂𑐰𑐬𑐵𑐩𑐨𑐵
d3f43fcb,𑐩𑑄𑐐𑐮𑐳𑐮𑐸𑐫𑐠𑑂𑐰𑐎𑑀𑐣𑑂𑐴𑐸𑐩𑑂𑐴𑑄𑐒𑐵𑑕𑐳𑐵𑐴𑐫𑐵𑐌𑐂𑐣𑐵𑐫𑐎𑑀𑐳𑑄𑐳𑐵𑐣𑐎𑐾
35a1abz4,𑐐𑐱𑑂𑐰𑐬𑐥𑑄𑐔𑐵𑐫𑐣𑐀𑐴𑑀𑐬𑐵𑐟𑑂𑐬𑐫𑐖𑑂𑐘𑐫𑐵𑐒𑐵𑐰𑑍𑐳𑐹𑐰𑐬𑑂𑐞𑑂𑐞𑐎𑐮𑐾𑐱𑐢𑑂𑐰
f96f9614,𑐩𑐟𑐶𑐠𑑂𑐰𑐣𑐶𑐩𑑂𑐴𑐳𑐫𑐵𑐣𑐵𑐩𑐣𑐳𑐖𑐷𑐧𑐥𑐸𑐟𑑂𑐬𑐀𑐩𑐺𑐟𑐢𑐬𑑍
azz02bfd,𑐀𑐣𑐣𑑂𑐟𑐡𑐶𑐫𑐡𑐾𑐰𑐷𑐠𑑂𑐰𑐩𑑂𑐴𑐩𑐴𑐵𑐬𑐵𑐣𑐶𑐩𑐴𑐵𑐬𑐵𑐣𑐶𑐢𑐶𑐬𑐵𑐖𑐨𑐸𑐥𑐎𑐾𑐱𑐬𑐷𑐱𑑂𑐬𑐷𑐱𑑂𑐬𑐷𑐎𑐰𑐷𑐣𑑂𑐡𑑂𑐬𑐖𑐫𑐥𑑂𑐬
aa9cd7cc,𑐬𑐶𑐏𑐡𑐾𑐰𑑍𑐟𑐳𑑂𑐫𑐣𑐵𑐬𑐷𑐢𑐣𑐰𑐟𑐷𑑍𑐀𑐳𑑂𑐫𑐥𑐸𑐟𑑂𑐬𑐷𑐬𑐟𑑂𑐣𑐡𑐾𑐰𑐷𑑍𑐢𑐣𑐳𑐶𑑄𑐴𑐳𑑂𑐫𑐡𑑂𑐰𑐴𑐶𑐟𑑂𑐫𑐢𑐰𑐟𑐷𑑍
04fc1744,𑐬𑐵𑐖𑐵𑐢𑐶𑐬𑐵𑐖𑐱𑑂𑐬𑐷𑐱𑑂𑐬𑐷𑐰𑐷𑐬𑐣𑐵𑐬𑐵𑐫𑐞𑐠𑑂𑐰𑐫𑐵𑐣𑐥𑐸𑐟𑑂𑐬𑐩𑐴𑐵𑐬𑐵𑐖𑐵𑐢𑐶𑐬𑐵𑐖𑐱𑑂𑐬𑐷𑐱𑑂𑐬𑐷𑐥𑑂𑐬𑐵𑐞𑐣𑐵𑐬𑐵
z86f4ddb,𑐎𑐬𑐩𑐴𑐵𑐰𑐶𑐴𑐵𑐬𑐥𑑂𑐬𑐟𑐶𑐲𑑂𑐛𑐵𑐳𑑄𑐥𑐸𑐬𑑂𑐞𑑂𑐞𑐫𑐵𑐒𑐣𑑍𑐠𑑂𑐰𑐢𑐬𑑂𑐩𑑂𑐩𑐳𑐵𑐬𑐵𑐮𑑀𑐎𑐵𑐣𑐵𑑄𑐳𑐸𑐏𑐩𑐳𑑂𑐠𑐵𑐟𑐸𑐎𑐵
90czz425,𑐴𑐠𑑂𑐫𑐵𑐐𑐸𑐬𑐸𑐴𑐠𑑂𑐫𑐵𑐎𑑀𑐚𑐷𑐔𑐟𑑂𑐫𑐢𑑂𑐰𑐳𑐣𑐫𑐵𑐒𑐵𑐥𑐵𑐥𑐬𑐵𑐎𑐖𑐸𑐬𑑀𑐩𑐫𑐵𑐟𑐳𑐵𑐎𑑀𑐚𑐷𑐔𑐟𑑂𑐫𑐠𑐵𑐥𑐣𑐵𑐫𑐵𑐒𑐵𑐥𑐸𑐣𑑂𑐫𑐬𑐵𑐎𑐀𑐳𑐸𑐩𑐾𑐬𑐖𑐖𑑂𑐘𑐫𑐵𑐒𑐵
f314288a,𑐥𑐾𑐨𑐬𑐟𑐏𑐞𑑂𑐜𑑍𑐨𑐬𑐟𑐧𑐬𑑂𑐲𑐁𑐬𑑂𑐫𑐵𑐰𑐟𑑂𑐟𑐡𑐾𑐱𑐾𑐴𑐾𑐩𑐰𑐡𑑂𑐡𑐎𑑂𑐲𑐶𑐞𑐥𑐵𑐡𑑍𑐣𑐾𑐥𑐵𑐬𑐩
375a185f,𑐖𑐶𑐰𑐣𑐳𑐶𑑄𑐴𑐖𑐶𑐟𑐬𑐐𑑀𑐩𑐶𑐳𑐶𑑄𑐴𑐩𑐫𑐵𑐳𑐶𑑄𑐴𑐴𑐬𑐶𑐰𑐵𑐢𑐰
a9b0ca14,𑐟𑑂𑐬𑐵𑐫𑐵𑐳𑑄𑐎𑑂𑐬𑐵𑐟𑐶𑐎𑐸𑐣𑑂𑐴𑐸𑐱𑑂𑐬𑐷𑑓𑐂𑐣𑐵𑐫𑐎𑐡𑐾𑐰𑐳𑑂𑐎𑐾𑐖𑐸𑑑𑐥𑐸𑐖𑐵𑑍𑐥𑐵𑑒𑐱𑑂𑐰𑐐𑑄𑐞𑐢𑐮𑐶𑐐𑑂𑐰𑑑𑐏𑐾
1dz183fz,𑐣𑐐𑑂𑐰𑐮𑐖𑐸𑐎𑑂𑐰𑐄𑐠𑐵𑐫𑐳𑑄𑐟𑐫𑐩𑐵𑐬𑑍𑐎𑐬𑐵𑐔𑐶𑐟𑑀𑐥𑐶𑐄𑐠𑐵𑐫𑐳𑐩𑐟
1f889a41,𑐫𑐵𑐒𑐵𑐰𑐵𑐴𑐵𑐬𑐫𑐵𑐡𑐵𑐎𑐸𑐖𑐸𑐎𑑂𑐰𑐵𑐛𑑂𑐫𑐵𑐛
029944b9,𑐣𑑄𑐡𑐸𑐠𑑂𑐫𑐾𑐧𑐬𑑂𑐲𑐥𑑂𑐬𑐟𑑂𑐟𑐶𑐥𑑄𑐔𑐵𑐩𑐺𑐟𑐡𑐫𑐎𑐵𑐌𑐥𑐸𑐖𑐵𑐫𑐵𑐫𑐫𑐵𑐫𑑌𑐱𑐶𑐰𑐬𑐵𑐟𑑂𑐬𑐷𑐎𑐸𑐣𑑂𑐴𑐸
41da3652,𑐣𑐖𑐬𑐢𑐵𑐮𑐵𑐳𑐶𑐢𑐎𑑄𑐣𑐶
0c6c443z,𑐎𑐬𑐩𑐴𑐵𑐰𑐶𑐴𑐵𑐬𑐥𑑂𑐬𑐟𑐶𑐲𑑂𑐛𑐵𑐳𑑄𑐥𑐸𑐬𑑂𑐞𑑂𑐞𑐫𑐵𑐒𑐣𑑍𑐠𑑂𑐰𑐢𑐬𑑂𑐩𑑂𑐩𑐳𑐵𑐬𑐵𑐮𑑀𑐎𑐵𑐣𑐵𑑄𑐳𑐸𑐏𑐩𑐳𑑂𑐠𑐵𑐟𑐸𑐎𑐵
bb128dfb,𑐳𑐶𑑄𑐴𑐵𑐳𑐣𑐳𑐩𑐾𑐰𑐳𑐸𑐣𑑄𑐔𑑀𑐣𑐾𑐩𑐡𑐸𑐔𑑀𑐣𑐳𑐵𑐩𑐴𑐵𑐬𑐵𑐖𑐵𑐫𑐵𑐐𑐸𑐞𑐵𑐴𑐵𑐐𑐵𑐬𑐖𑐸𑐬𑑀𑑌𑐠𑑂𑐰𑐀𑐎𑑂𑐲𑐬
ab05cab2,𑐟𑐶𑐳𑐸𑐧𑐬𑑂𑐞𑑂𑐞𑐥𑐣𑐵𑐬𑐶𑐩𑐴𑐵𑐣𑐐𑐬𑐾𑑍𑐟𑑄𑐧𑐮𑐵𑐕𑐶𑐟𑑂‍𑐰𑐵𑐮𑐫𑐵𑑍𑐟𑐸𑐮𑐵𑐢𑐬𑑍𑐢𑐬𑑂𑐩𑑂𑐩𑐞𑐵𑐬𑐵𑐫𑐞
205zaa6b,𑑊𑐱𑑂𑐬𑐷𑑓𑐔𑐞𑑂𑐜𑐾𑐱𑑂𑐰𑐬𑐷𑐥𑑂𑐬𑐷𑐟𑐶𑐣
099abcca,𑐎𑐾𑐱𑑂𑐰𑐬𑐶𑐒𑐵𑐏𑐵𑐔𑑀𑐎𑐫𑐵𑐱𑑂𑐬𑐷𑐖𑐶𑐡𑐾𑐰𑐖𑐸𑐖𑐸𑐬𑑀𑑌𑐱𑐸𑐨𑑌𑐨𑐹𑐫𑑄𑐎𑑀𑐎𑐵𑐳𑑂𑐰𑐵𑐣𑐴𑐵𑐣𑐾𑐕𑐶𑑑
878dcf02,𑐫𑐖𑐩𑐵𑐣𑐦𑐕𑐶𑐬𑐵𑐩𑐨𑐵𑐬𑑀𑑍𑐴𑐬𑐶𑐣𑐵𑐬𑐵𑐫𑐞𑐨𑐵𑐬𑑀𑑍𑐱𑐶𑐰𑐎𑐺𑐲𑑂𑐞𑐨𑐵𑐬𑑀𑑍𑐳𑑂𑐰𑐩𑑂𑐴𑐳
4176f271,𑐊𑐩𑐟𑐶𑐡𑐫𑐎𑐵𑐖𑐸𑐬𑑀𑐦𑐵𑐮𑑂𑐐𑐸
a84d0df1,𑐩𑐴𑐾𑐱𑑂𑐰𑐬𑐳𑑂𑐠𑐵𑐥𑐣𑐵𑐫𑐵𑐒𑐵𑑌𑐠𑑂𑐰𑐰𑐬𑑀𑐳𑐸𑐨𑐱𑑂𑐬𑐷𑑓𑐮𑐎𑑂𑐲𑑂𑐩𑐷
f0fb9090,𑐢𑐣𑐥𑑂𑐬𑐟𑐶𑐡𑐾𑐰𑑋𑑋𑐖𑐫𑐮𑐎𑑂𑐲𑑂𑐩𑐷𑑋𑑋𑐢𑐣𑐡𑐟𑑂𑐟𑐳𑐶𑑄𑑋𑑋𑐖𑑀𑐐𑐩𑐟𑐶𑑋𑑋𑐳𑐸𑐬𑑂𑐫𑑂𑐫𑐢𑐬𑑋𑑋𑐀𑐩𑐺𑐟𑐢𑐬𑑋𑑋
4b16cb16,𑐎𑐵𑐣𑐵𑐩𑐐𑐴𑐾𑑅𑐰𑐳𑑂𑐟𑐶𑐟𑐵𑑅𑐢𑐬𑑂𑐩𑐵𑐟𑐩𑐵𑐟𑑀𑐬𑐵𑐬𑑂𑐢𑑅𑐥𑐹𑐣𑑂𑐫𑐰𑐶𑐬
b757d434,𑐔𑐵𑐬𑑂𑐫𑑂𑐫𑐥𑐬𑐶𑐏𑐡𑐾𑐰𑐣𑐠𑐌𑐟𑐣𑐵𑐩𑐣𑐱𑑂𑐬𑐷𑑓𑐧𑐖𑑂𑐬𑐳𑐟𑑂𑐰𑐥𑑂𑐬𑐟𑐶𑐩𑐵𑐡𑐫𑐎𑐵𑐖𑐸𑐬𑑀𑑌
f9970d37,𑑘𑑓𑑐𑐔𑐟𑑂𑐬𑐎𑐺𑐲𑑂𑐞𑑍𑐀𑐩𑐵𑐰𑐵𑐱𑑂𑐫𑐵𑑍𑐳𑑀𑐩𑐧𑐵
9bfb0d98,𑐨𑐎𑑂𑐟𑐶𑐐𑑂𑐰𑐥𑐵𑐮𑐡𑐵𑐳𑐟𑐳𑑂𑐫𑐰𑐶𑐩𑐮𑐵𑐳𑑂𑐟𑑂𑐬𑐷
af07acc9,𑑚𑐄𑐟𑑂‍𑐟𑐥𑐟𑐶𑐖𑐸𑐫𑐵𑑚𑐮𑐳𑐶𑐫𑐵𑐌𑑚𑐥𑑂𑐬𑐟𑐶𑐲𑑂𑐛𑐵𑐫𑐵𑐒𑐵𑐡𑐶𑐣
4az84dzf,𑐧𑐬𑑂𑐲𑐧𑑄𑐢𑐵𑐡𑐶𑐎𑐬𑑂𑐩𑑂𑐩𑐞𑐶𑐱𑑂𑐬𑐷𑐣𑐵𑐬𑐵𑐫𑐞𑐡𑐵𑐳𑐾𑐣𑐳𑑀𑐬𑐴𑐡𑑂𑐬𑑀𑐥𑑄𑐣𑐶𑐎𑑄𑐎𑑂𑐲𑐾𑐟𑑂𑐬𑐳𑑄𑐥𑐡𑐟𑑂𑐟𑑄
9zb63886,𑐬𑐟𑑂𑐣𑐟𑑂𑐬𑐫𑐵𑐫𑐣𑐩𑑌𑐣𑐩𑐱𑑂𑐬𑐷𑑓𑐢𑐬𑑂𑐩𑑂𑐩𑐢𑐵𑐟𑐸𑐧𑐾𑐣𑐩𑑌𑐁𑐎𑐵
b104258z,𑐬𑑀𑐡𑐶𑐣𑐳𑐩𑑂𑐧𑐟𑑘𑑑𑑒𑐖𑑂𑐫𑐾𑐲𑑂𑐛
1a917092,𑐂𑐣𑐵𑐫𑐎𑑀𑐡𑐾𑐰𑐳𑑂𑐎𑑄𑐥𑐸𑐖𑐵𑐫𑐵𑐫𑑍𑐖𑐸𑑑𑐥𑐸𑐖𑐵𑑍𑐥𑐵𑑒𑐱𑑂𑐰𑐐𑑄𑐢𑑁𑑍𑐐𑑂𑐰𑑑𑐏𑐾𑐖𑐱𑑂𑐬𑐷
a0c7a975,𑐡𑐾𑐐𑐸𑐠𑐶𑐳𑐡𑐸𑐣𑑂𑐟𑐵𑐳𑐫𑐰𑐧𑐵𑐴𑐵𑐬𑐌𑐣𑑂𑐟𑐵𑐕𑐾𑐖𑐵𑐌𑐏𑐵𑐠𑑂𑐰𑐎𑐸𑑑𑑔𑐂𑐳𑐵𑐣𑐎𑐸𑐣𑐥𑐵
2034d179,𑐳𑑄𑐩𑑂𑐢𑐰𑑂𑐬𑐶𑑑𑐔𑐶𑐬𑐶𑐠𑐎𑐸𑑃𑑑𑐎𑐾𑐔𑐩𑐵𑑑𑐣𑐖𑐬𑐎𑐸𑐩𑐵𑐬𑐷𑐳𑑄𑐑𑐬𑐟𑑂‍𑐣𑑑𑐴𑐬𑐶𑐎𑐸𑐮𑐶𑑑𑐮𑐟𑑂‍𑐣𑐧𑐵𑐴
z4cd5721,𑐟𑐬𑐵𑐳𑐶𑐐𑐟𑐾𑐳𑐰𑐶𑐟𑐬𑐾𑑍𑐳𑐶𑑄𑐴𑐬𑐵𑐳𑐶𑐐𑐟𑐾𑐔𑑄𑐡𑑂𑐬𑐩𑐳𑐶𑑌𑐟𑐳𑑂𑐩𑐶𑐡𑐶𑐣𑐾𑑌𑐂𑐟𑐸𑑄𑐧𑐵𑐴𑐵𑐬𑐌
730zccc2,𑐧𑐵𑐎𑑄𑐟𑐒𑐣𑑌𑐩𑐣𑑀𑐴𑐬𑐵𑐩𑐫𑐶𑐫𑐵𑐣𑐵𑐩𑐣𑐬𑑀𑐴𑑀𑐬𑐧𑐸𑐬𑑀𑑒𑐠𑑂𑐰𑐟𑐾𑐧𑐸𑐫𑐧𑐶𑐬𑐳𑐵
326519d7,𑑊𑑗𑑗𑑐𑐱𑐶𑐰𑑌
b9b83z6b,𑐟𑐳𑐵𑐩𑐴𑐵𑐬𑐵𑐖𑐵𑐫𑐵𑐐𑐸𑐞𑐵𑐴𑐵𑐐𑐵𑐬𑐖𑐸𑐬𑑀𑑌𑐠𑑂𑐰𑐟𑐶𑐮𑑂𑐴𑐵𑐳𑐾𑐟𑐎𑑀𑐩𑐫𑐵𑐟𑐳𑐵𑐥𑑄𑐔𑐩𑐴𑐵𑐥𑐵𑐥𑐮𑐵
03a6d339,𑐎𑐸𑐩𑐵𑐬𑐷𑐳𑑄𑐑𑐬𑐟𑑂‍𑐣𑑑𑐴𑐬𑐶𑐎𑐸𑐮𑐶𑑑𑐮𑐟𑑂‍𑐣𑐧𑐵𑐴𑐵𑐡𑐸𑐬𑐐𑐸𑐥𑐎𑐸𑐩𑐵𑐬𑐷𑑑𑐩𑑀𑐴𑐩𑐵𑐫𑐵𑑑𑐐𑑂‍𑐫𑐷𑐟𑐩𑐵𑐫𑐵𑑑𑐖𑐵𑐦𑐸𑐩𑐵𑐫𑐵
c2zf772z,𑑉𑐣𑐩𑑅𑐱𑑂𑐬𑐷𑐧𑐖𑑂𑐬𑐳𑐟𑑂𑐰𑐵𑐫𑑌𑑌𑐱𑑂𑐬𑐷𑐎𑐵𑐣𑑂𑐟𑐶𑐥𑐸𑐬𑐶𑐩𑐴𑐵𑐣𑐐𑐬𑐵𑐢𑐶𑐥𑐟𑐶𑑍𑐩𑐴𑐵
2cc69342,𑐣𑑂𑐴𑐶𑐟𑐵𑐬𑑂𑐠𑑌𑐣𑐾𑐥𑐵𑐮𑐳𑐩𑑂𑐰𑐟𑐿𑐳𑑂𑐩𑐶𑐣𑐥
zz815b63,𑐟𑑂𑐬𑐱𑑂𑐬𑐷𑐬𑐟𑑂‍𑐣𑑅𑐡𑑂𑐧𑐶𑐟𑐶𑐫𑐥𑐸𑐟𑑂𑐬𑐢𑐣𑐬𑐟𑑂‍𑐣𑐟𑐺𑐟𑐶𑐫𑐥𑐸
6zbc79a3,𑐞𑐴𑑄𑐟𑐰𑐾𑐳𑑄𑐰𑐾𑐳𑐩𑐵𑐬𑐵𑑄𑐎𑐺𑐟𑐰𑐵𑐣𑐟𑐳𑑂𑐩𑐶𑐩𑐺𑐳𑑂𑐛𑐵𑐰𑑂𑐫𑐱𑑂𑐬𑐷𑐴𑐬𑐶𑐄𑐩𑐵𑐩𑐴𑐾𑐱𑑂𑐰𑐬𑑄𑐟𑐟𑑂𑐬
224d5fba,𑐫𑑀𑐐𑐳𑑀𑐩𑐧𑐵𑐬𑐠𑑂𑐰𑐎𑐸𑐣𑑂𑐴𑐸𑐥𑑂𑐰𑐵𑐠𑐮𑑄𑐏𑐸𑐰𑐶𑐖𑐫𑐴𑐬𑐶𑐎𑑀𑐕𑐎𑑀𑐡𑐺𑐲𑑂𑐛𑐎𑐷𑐬𑑂𑐟𑑂𑐬𑐶
f6183146,𑐀𑐮𑑀𑐎𑐣𑐵𑐠𑐳𑑂𑐫𑐳𑐾𑐰𑐎𑑌𑐨𑑀𑐐𑑂𑐫𑐾𑐱𑑂𑐰𑐬𑐷𑐟𑐳𑑂𑐫𑐨𑐵𑐬𑑂𑐫𑑂𑐫𑐵𑐥𑑂𑐬𑐶𑐟𑐶𑐫𑐵𑐡𑐥𑐬𑐵𑐫𑐞𑐩𑐵
917abbd2,𑐖𑐳𑐰𑑂𑐖𑐐𑑅𑐥𑑂𑐬𑐟𑐶𑐡𑐶𑑄𑐱𑐳𑑂𑐠𑐶𑐟𑑂𑐰𑐵𑐥𑑂𑐬𑐩𑐟𑑂𑐳𑑂𑐫𑐣𑑂𑐡𑐣𑐾𑑌𑐀𑑄𑐐𑐵𑐣𑐵𑑄𑐥𑑂𑐬𑐨𑐰𑑀𑐟𑐣𑑀𑐟𑐸𑐴𑐶𑐳𑐡𑐵𑐩𑑀𑐡𑑄𑐥𑐬𑑄𑐥𑑂𑐬𑐵𑐞𑐶
db44d896,𑐌𑐱𑑂𑐬𑐷𑑓𑐨𑐶𑐩𑐳𑐾𑐣𑐡𑑂𑐐𑐾𑐌𑐣𑐾𑐥𑐵𑐔𑑀𑐟𑐳𑐶𑑄𑐫𑐵𑐌𑐡𑐵𑐣𑐥𑐟𑐶𑑚𑐩
6fbf7351,𑐫𑐵𑐒𑐵𑐣
95aa2a4b,𑐳𑐶𑑄𑐴𑑍𑐱𑐵𑐎𑑂𑐫𑐨𑐶𑐎𑑂𑐲𑐸𑐱𑑂𑐬𑐷𑐥𑐩𑑍𑐳𑐶𑐎𑑂𑐰𑐩𑐐𑐸𑐜𑐶𑐰𑐶𑐴𑐵𑐬𑑍𑐧𑐖𑐵𑐔𑐵𑐬𑑂𑐫𑐱𑑂𑐬𑐷𑐬𑐣𑑂𑐴𑐡𑐾
83f4f764,𑐜𑐵𑐌𑐌𑐫𑐵𑐟𑐔𑐿𑐟𑐱𑐸𑐎𑑂𑐬𑐫𑐵𑐐𑑂𑐰𑑑𑐠𑐫𑐩𑐵𑐬𑐧𑐡𑐾𑐖𑐸𑐥𑐣𑐶𑐳𑑂𑐟
965d3d3z,𑐥𑑄𑐔𑐩𑐶𑐎𑐸𑐣𑑂𑐴𑐸𑐰𑐣𑐶𑐎𑐐𑑂𑐰
5z44ff9z,𑐟𑑂𑐫𑐥𑐸𑐖𑐵𑐫𑐵𑐟𑐰𑐸𑐟𑐫𑐵𑐎𑐬𑑂𑐲𑑒𑐡𑑀𑐎𑑀𑐰𑐸𑐎
8f6115bb,𑐬𑑂𑐰𑐦𑐵𑐮𑑂𑐐𑐸𑐞𑐷𑐣𑐎𑑂𑐲𑐾𑐟𑐬𑐾𑑍𑐱𑐶𑐰𑐖𑑀𑐐𑐾𑐖𑐠𑐵𑐎𑐬𑑂𑐞𑐩𑑀𑐴𑑀𑐟𑐬𑐾𑑍𑐧𑐾𑐴𑐳𑑂𑐥𑐟𑐶𑐰𑐵𑐳𑐬𑐾𑑍𑐎𑑂𑐬𑐎𑑂𑐬
z474d0zf,𑐖𑐩𑑂𑐴𑑄𑑑𑐐𑑀𑑄𑐐𑐮𑑍𑐴𑐶𑐟𑐶𑐳𑐳𑑂𑐠𑐵𑐥𑐣𑐵𑐫𑐵𑐒𑐵𑐩𑑂𑐴𑑄𑐱𑑂𑐬𑐷𑑓𑐩𑐵𑐴𑐵𑐡𑐾𑐰𑑍𑐱𑑂𑐬𑐷𑑓𑐣𑐵𑐬𑐵𑐫𑐣𑐡𑐾
adzf79da,𑐣𑑂𑐴𑐸𑐧𑐥𑐸𑐎𑐾𑐫𑐵𑐟𑐖𑐵𑐎𑐾𑐦𑑄𑑒𑐬𑐫𑐬𑐳𑑄𑐰𑐷𑐫𑐩𑐵𑐬𑐐𑐸𑐠𑐶𑐣𑐧𑐥𑐸𑐎𑐩𑑂𑐴𑐫𑐵𑐟𑐳𑐵𑐬𑐳𑐶𑐬𑐰𑐵𑐫𑐣𑐬𑐔𑐮𑐥𑐶𑐟
1cb8b717,𑐳𑐩𑐹𑐴𑐣𑐡𑐫𑐎𑐵𑐊𑐟𑐾𑐨𑐵𑐰𑑀𑑍𑐥𑑂𑐰𑐡𑐾𑐫𑐎𑐷𑐟𑐨𑐵𑐰𑑀𑐣𑐖𑑂𑐫𑐵𑐨𑐵𑐡𑐶𑐟𑐵𑐒𑐵𑐬𑐹𑐥𑐵𑐬𑐵
1b0f9f5c,𑐥𑑄𑐔𑐵𑐩𑐺𑐟𑑄𑐥𑑄𑐔𑑀𑐥𑐔𑐵𑐬𑐥𑐸𑐖𑐵𑐔𑐵𑐎𑑂𑐬𑐩𑐟𑐕𑑀𑐫𑐎𑐾𑐔𑐾𑐎𑑄𑐎𑐸𑑒𑐡𑐸𑐠𑐾𑑌𑐳𑑂𑐰𑐵𑐣𑐫𑐵𑐟𑐎𑐸
21fadb9b,𑐩𑐶𑐞𑑂𑐜𑐬𑐵𑐖𑐣𑐂𑐟𑐸𑑄𑐧𑐵𑐴𑐵
26ca5411,𑐢𑐵𑐟𑐦𑐮𑐾𑐳𑐔𑑀𑐒𑐡𑐾𑐰𑐫𑐵𑐟𑑍𑐣𑐶𑐱𑐬𑐵𑐰𑐰𑐖𑐶𑐎𑐸𑐜𑑑𑐟𑐵𑑑𑐩𑐢𑐶𑑍𑐥𑐵𑐟𑑑𑐢𑐬𑐶𑐡𑑄𑑑𑐑𑐾𑐬𑐡𑐶𑐰𑐵𑐠𑑂𑐰
6a4fd7c2,𑐩𑐴𑐵𑐬𑐵𑐖𑐵𑐢𑐶𑐬𑐵𑐖𑐱𑑂𑐬𑐷𑐱𑑂𑐬𑐷𑐣𑐬𑐳𑐶𑑄𑐴𑐩𑐮𑑂𑐮𑐡𑐾𑐰𑐥𑑂𑐬𑐨𑐸𑐠𑐵𑐎𑐸𑐮𑐮𑑄𑐖𑐸𑐬𑑀𑑍𑐔
0d1a1444,𑐠𑑂𑐰𑐀𑐒𑐳𑑂𑐫𑐬𑐒𑐵𑐳𑐾𑑄𑑍𑐳𑐸𑐣𑐵𑐣𑑄𑐮𑑂𑐴𑑀𑐣𑐾𑐟𑐾𑐰𑐖𑐸𑐬𑑀𑑍𑐠𑑂𑐰𑐳𑐵𑐴𑐵𑐳𑐣𑑍𑐬𑑀𑐴𑑀
z08ff086,𑐣𑐶𑐔𑐫𑐬𑑂𑐐𑐷𑐬𑑂𑐰𑐵𑐞𑐐𑑀𑐲𑑂𑐛𑐷𑐐𑐸𑐬𑐸𑑅𑐱𑑂𑐬𑐷𑐩𑐟𑑂𑐳𑐶𑐡𑑂𑐢𑐶𑐣𑐺𑐳𑐶𑑄𑐴𑐩𑐮𑑂𑐮𑐖𑐐𑐟𑐷𑐖𑐵𑐣𑐶𑐳𑑂𑐳
648cc5b3,𑐥𑐾𑐨𑐬𑐟𑐏𑐞𑑂𑐜𑑍𑐨𑐬𑐟𑐧𑐬𑑂𑐲𑐁𑐬𑑂𑐫𑐵𑐰𑐟𑑂𑐟𑐡𑐾𑐱𑐾𑐴𑐾𑐩𑐰𑐡𑑂𑐡𑐎𑑂𑐲𑐶𑐞𑐥𑐵𑐡𑑍𑐣𑐾𑐥𑐵𑐬𑐩
32bd46az,𑑑𑐄𑑃𑐣𑐩𑑅𑐱𑑂𑐬𑐷𑐢𑐬𑑂𑐩𑑂𑐩𑐢𑐵𑐟𑐰𑐾𑑋𑑋𑐣𑐩𑐳𑑂𑐟𑐸𑐔𑐿𑐟𑑂𑐫𑐵𑐫𑐳𑐸𑐐𑐟𑐵𑐟𑑂𑐬𑐫𑐵𑐫𑐰𑐶𑐱𑐸𑐡𑑂𑐢𑐬𑐸𑐥𑐵𑐫𑐥𑐬𑑂𑐖𑑂𑐘𑐵𑐬
2a87732b,𑐣𑑂𑐴𑐣𑑂𑐴𑑀𑐫𑐠𑑀𑐳𑑂𑐰𑐣𑐨𑑀𑐖𑐾𑐣𑐎𑐾𑐩𑐵𑐮𑑍𑐩𑑄𑐐𑐥𑐳𑐔𑐶𑑄𑐟𑐵𑐫𑐵𑐎𑐣𑑂𑐴𑐣𑑌𑐧𑐬𑐲𑐸𑐣𑐶𑐔𑐥𑐵𑐮𑐫𑐵𑐖𑑀
58z940f2,𑐴𑐩𑐴𑐵𑐰𑐶𑐴𑐵𑐬𑐾𑐲𑑂𑐛𑐶𑐟𑐩𑐥𑐶𑐎𑐸𑐮𑐩𑐵𑐣
z44bcc49,𑐮𑐩𑐞𑑂𑐜𑐮𑐾𑐱𑐸𑐧𑐬𑑂𑐞𑑂𑐞𑐥𑐞𑐵𑐮𑐶𑐩𑐴𑐵𑐣𑐐𑐬𑐾𑐱𑐵𑐣𑑂𑐟𑐷𑐑
az5198c1,𑐟𑑂‍𑐥𑐟𑑂𑐣𑐷𑐮𑐎𑑂𑐲𑑂𑐩𑐷𑐡𑐾𑐰𑐷𑐣𑐡𑐫
8z622959,𑐣𑐵𑐬𑐵𑑄𑐩𑐾𑐥𑐸𑐟𑑂𑐬𑐵𑐳𑑂𑐟𑐾𑐖
c0473835,𑐨𑐵𑐮𑐣𑐫𑐣𑐳𑐩𑐸𑐟𑑂𑐠𑐰𑐵𑐮𑐰𑐣𑑂𑐴𑐶𑐨𑐳𑑂𑐩𑐷𑐨𑐸𑐟𑐳𑑂𑐩𑐬𑐳𑑂𑐩𑐬𑐞𑐵𑐣𑐸𑐟𑑂𑐳𑐸𑐎𑐎𑐬𑐞𑐳𑐸𑐣𑑂𑐡𑐬𑐱𑑂𑐬𑐷𑐱𑑂𑐬𑐷𑐱𑑂𑐬𑐷
5a687d3f,𑐏𑐳𑐩𑐵𑐣𑐰𑐬𑑂𑐞𑑂𑐞𑑄𑑍𑐏𑐐𑐾𑐱𑐏𑐾𑐟𑑂𑐰𑑄𑐣𑐏𑐏𑐜𑑂𑐐𑐩𑐸𑐏𑑂𑐫𑑄𑑋𑐏𑐬𑑂𑐰𑐵𑐰𑐟𑐵𑐬𑑄𑐳𑐸𑐏𑐡𑐵𑐡𑐶𑐮𑐾𑐏𑑄𑑍𑐏𑐶𑐮𑐵𑐨𑐶𑐢𑐵𑐣𑑄𑐥𑑂𑐬𑐞𑐩𑐵𑐩𑐶𑐰𑐶𑐲𑑂𑐞𑐸𑑄𑑌𑐀𑐟𑑅𑐥𑐬𑑄𑐣
d0305782,𑐖𑐩𑐟𑐳𑐶𑑄𑐴𑐖𑐸𑑄𑐐𑐸𑐬𑐵𑐩𑐖𑐫𑐔𑐣𑑂𑐡𑑂𑐬𑐖𑐶𑐰𑐾𑐬𑐵𑐩𑐀𑐩𑐶𑐳𑐶𑑄𑐴𑐳𑑂𑐰𑐦𑐸𑐜𑑍𑐐𑑀𑐥𑐶𑐬𑐵𑐩
63z921c8,𑐄𑐟𑑂𑐬𑐵𑐲𑐵𑐝𑐣𑐎𑑂𑐲𑐟𑑂𑐬𑐾𑐱𑑁𑐨𑐣𑐫𑑀𑐐𑐾𑐧𑐺𑐴𑐳𑑂𑐥𑐟𑐶𑐰𑐵𑐳𑐬𑐾𑑌𑐠𑑂𑐰𑐎𑐸𑐣𑑂𑐴𑐸𑐠𑐵𑐣𑐥𑐟𑐶𑐱𑑂𑐬𑐷𑑓𑐐𑐞𑐾𑐱𑑂𑐰𑐬𑐨𑐚𑑂𑐚𑐵
c3845f22,𑐳𑐵𑐳𑐸𑐡𑐺𑐲𑑂𑐚𑐶𑐖𑐸𑐮𑐱𑐸𑐨𑑄𑐳𑑄𑐰𑐟𑑙𑑕𑑕
6zaf1c29,𑐟𑐣𑐡𑐫𑐎𑐵𑐰𑑄𑐎𑐸𑐟𑑀𑐮𑐳𑐖𑐸𑐬𑑀𑑄𑐠𑑂𑐰
01c2f063,𑐣𑐵𑑄𑐱𑑂𑐬𑐷𑐡𑐾𑐐𑑀𑐮𑐡𑐫𑐎𑑄𑐖𑐥𑐟𑐶𑐳𑐴𑐶𑐟𑑄𑐣𑐱𑑂𑐬𑐷𑐨𑐷
2c0ad18z,𑐬𑐖𑐸𑐫𑐩𑐵𑐮𑐠𑑂𑐰𑐏𑑄𑐧𑐵𑐳𑑂𑐫𑑄𑐎𑐸𑐳𑐵𑑌
9bd26d7b,𑐥𑐟𑑂𑐬𑐵𑐬𑑂𑐠𑐾𑐡𑐺𑐲𑑂𑐚𑐳𑐵𑐎𑑂𑐲𑐶𑐱𑑂𑐬𑐷𑐱𑑂𑐬𑐷𑐖𑐫𑐖𑑂𑐫𑑀𑐟𑐶𑐥𑑂𑐬𑐎𑐵𑐱𑐩𑐮𑑂𑐮𑐡𑐾𑐰𑑌𑐳𑐩𑑂𑐰𑐟𑑂𑑘𑑘𑑑𑐩𑐵𑐑𑐱𑐸𑐡𑐶𑑑𑑕
1zc1549f,𑐳𑐵𑐣𑑂𑐡𑑂𑐬𑐖𑐮𑐡𑑀𑐣𑐷𑐮𑐷𑐣𑐶𑐔𑑀𑐮𑐵𑐫𑐟𑐾𑐣𑐎𑑂𑐲𑐟𑑂𑐬𑑄𑐎𑐸𑐳𑐸𑐩𑐵𑐫𑐟𑐾𑐳𑐸𑐏𑐢𑐸𑐥𑑂𑐬𑐎𑑂𑐲𑐶𑐥𑑂𑐟𑐥𑐸𑐥𑑂𑐥𑐵𑑄𑐖𑐮𑑁𑑋𑐰𑐵𑐳𑐸𑐡𑐾𑐰𑐘𑑂𑐔𑐥𑐹𑐬𑑂𑐰𑐾𑐲𑐫𑐵
57ac1856,𑐟𑐳𑑄𑑍𑐩𑐵𑐢𑐶𑐕𑐵𑐫𑐩𑐵𑐮𑐩𑑂𑐴𑑑𑐱𑑂𑐬𑐷𑐰𑐶𑐱𑑂𑐰𑐵𑐣𑐣𑑂𑐡𑐨𑐵𑐖𑐸𑑍𑐄𑐥𑐵𑐢𑑂𑐫𑐵𑑍𑐩𑑂𑐴𑑄𑑑𑐱𑑂𑐬𑐷𑐣𑐷𑐮𑐎𑐞𑑂𑐛𑐵𑐣𑐣𑑂𑐡𑐨𑐵𑐖𑐸𑑍𑐄𑐥𑐵𑐢𑑂𑐫𑐵𑑍𑐩𑑂𑐴𑑄𑑑𑐥𑐸𑐛𑐷𑐳𑑀𑐎𑐩𑑂𑐴𑐧𑑂𑐬𑐵𑐴𑑂𑐩
af964762,𑐎𑐮𑑄𑐥𑐟𑐵𑐎𑐵𑐖𑐸𑑓𑐥𑑄𑐘𑑂𑐔𑐥𑐟𑐵𑐎𑐵𑐖𑐸𑑓𑐀𑐡𑐸𑐰𑐵𑐮𑑍𑐥𑑂𑐬𑑒𑐖𑐵𑐎𑐶𑐥𑐸𑐖𑐵𑐖𑐵𑐠𑐸
5a7d07b0,𑐳𑐶𑐎𑑅𑐎𑐣𑑂𑐡𑐬𑑂𑐥𑑂𑐥𑐰𑐟𑑂𑐳𑐸𑐣𑑂𑐡𑐬𑑀𑑍𑐰𑐷𑐞𑐵𑐟𑐵𑐮𑐩𑐺𑐡𑐒𑑂𑐐𑐐𑐷𑐟𑐣𑐶𑐥𑐸𑐞𑑅𑐳𑐒𑑂𑐐𑐷𑐟𑐰𑐶𑐡𑑂𑐫𑐵𑐣𑐶𑐢𑐶𑑅𑑋𑐨𑐵𑐳𑑂𑐰𑐡𑑂𑐩𑐵𑐣𑐸𑐣𑐶𑐨𑑅𑐥𑑂𑐬𑐟𑐵𑐥𑐣𑐶𑐴𑐟𑐥𑑂𑐬𑑀𑐡𑑂𑐫𑐟𑑂𑐥𑑂𑐬𑐟𑐷𑐥𑐡𑑂𑐫𑐸
bz324969,𑐢𑐣𑑍𑐮𑐎𑑂𑐲𑑂𑐩𑐷𑐁𑐫𑐸𑐁𑐬𑑀𑐖𑑂𑐘𑐾𑐰𑐺𑐡𑑂𑐢𑐶𑐬𑐳𑑂𑐟𑐸𑑋𑑋𑐂𑐴𑐾𑐟𑑂𑐬𑐳𑐸𑐏
92bz6cbz,𑐔𑐶𑐣𑑂𑐴𑐾𑐰𑐟𑑂𑐳𑐬𑐾𑐰𑐶𑐲𑑂𑐞𑐸𑐴𑐾𑐟𑑀𑑅𑐎𑐣𑐎𑐬𑐔𑐶𑐟𑐎𑐸𑐩𑑂𑐨𑑄𑐩𑐾𑐡𑐶𑐣𑐷𑐱𑑀𑐰𑑂𑐫𑐢𑐣𑑂𑐟𑑌𑐱𑐸𑐨𑐩𑐳𑑂𑐟𑐸𑐳𑐬𑑂𑐰𑑂𑐰𑐖𑐐𑐟𑐵𑑄𑐱𑐶𑐰𑑄𑑌
881d4b7f,𑐎𑐾𑐢𑐎𑑄𑐢𑐵𑐬𑐳𑐵𑐡𑐾𑐰𑐫𑐵𑐳𑐸𑐡𑐶𑐳𑑂𑐟𑐷𑐮𑐵𑐎𑐖𑐸𑐬𑑀𑐨𑐶𑐒𑐵𑐱𑐸𑐨𑐩
c082226f,𑐡𑐶𑐣𑐾𑐮𑑀𑐎𑐣𑐵𑐠𑐾𑐏𑐬𑐵𑐐𑑂𑐬𑐿𑑌𑐫𑐵𑐱𑑂𑐬𑐷
c6564da2,𑐱𑐢𑑂𑐰𑐖𑐵𑐰𑐬𑑀𑐴𑐣𑐫𑐵𑐒𑐣𑐥𑑂𑐬𑐟𑐶𑐲𑑂𑐛𑐵𑐫𑐵𑐒𑐵𑐡𑐶𑐣𑐖𑐸𑐬𑑀𑑌𑐱𑐸𑐨𑐩𑐳𑑂𑐟𑐸𑑌𑐳𑐬𑑂𑐰𑑂𑐰𑐡𑐵𑑌
0c8909d1,𑑊𑑉𑐱𑑂𑐬𑐷𑐐𑑀𑐥𑐵𑐮𑐾𑐱𑑂𑐰𑐬𑐵𑐫𑑌𑐐𑑀𑐥𑐵𑐮𑐾𑐱𑑂𑐰𑐬𑐡𑐾𑐰𑑋
2zbbd9f7,𑐖𑐩𑐎𑐞𑑂𑐜𑐶𑐎𑐵𑐫𑐳𑐴𑐶𑐟𑑀𑐫𑑀𑐐𑐩𑑂𑐧𑐬𑑀𑐣𑐵𑐫𑐎𑑅𑐳𑐬𑑂𑐰𑑂𑐰𑐥𑐬𑑂𑐞𑑂𑐞𑑅𑐥𑐬𑐩𑐵𑐡𑐶𑐧𑐸𑐡𑐨𑐐𑐰𑐵𑐣𑐰𑐣𑑂𑐡𑐾
1389a104,𑐫𑐵𑐒𑐵𑐰𑐥𑑂𑐬𑐟𑐶𑐲𑑂𑐛𑐵𑐫𑐵𑐒𑐧𑐶𑐧𑐖𑑂𑐫𑐫𑐎𑑌𑐩𑐴𑐵𑐬𑐵𑐖𑐵𑐫𑐵𑐁𑐖𑑂𑐘𑐵𑐣𑐳𑑂𑐰𑐠𑐫𑐵𑐱𑐶𑐰𑐴𑐬𑐶𑐫𑐵𑐥𑐸𑐟𑑂𑐬𑐢𑑀
9593013a,𑐟𑑂𑐬𑑅𑐣𑐶𑐮𑐬𑐟𑑂‍𑐣𑐥𑐸𑐟𑑂𑐬𑐶𑐔𑐣𑑂𑐡𑑂𑐬𑐩𑐵𑐫𑐵𑐠𑑂𑐰𑐟𑐾𑐥𑐬𑐶𑐧𑐵
06bf0904,𑐟𑑂𑐫𑐢𑑂𑐰𑐳𑐣𑑍𑐬𑐎𑐵𑐖𑐸𑐬𑑀𑑋𑑋𑐱𑐸𑐨𑑅𑑋𑑋
8zff2z93,𑐩𑐟𑐶𑐠𑑂𑐰𑐣𑐶𑐩𑑂𑐴𑐳𑐫𑐵𑐣𑐵𑐩𑐣𑐳𑐖𑐷𑐧𑐥𑐸𑐟𑑂𑐬𑐀𑐩𑐺𑐟𑐢𑐬𑑍
d627c561,𑐊𑐩𑐟𑐶𑐡𑐫𑐎𑐵𑐖𑐸𑐬𑑀𑐦𑐵𑐮𑑂𑐐𑐸
83461dfa,𑐡𑐾𑐐𑐸𑐠𑐶𑐳𑐡𑐸𑐣𑑂𑐟𑐵𑐳𑐫𑐰𑐧𑐵𑐴𑐵𑐬𑐌𑐣𑑂𑐟𑐵𑐕𑐾𑐖𑐵𑐌𑐏𑐵𑐠𑑂𑐰𑐎𑐸𑑑𑑔𑐂𑐳𑐵𑐣𑐎𑐸𑐣𑐥𑐵
ab9adcb9,𑐮𑐏𑐠𑑄𑐒𑐩𑑂𑐴𑐫𑐵𑐟𑐣𑑂𑐴𑐶𑐣𑐖𑐵𑐎𑑂𑐫𑐥𑑂𑐬𑑒𑐢𑐵𑐬𑐾𑐰𑐶𑐫𑐩𑐵𑐮𑑅𑐮𑐏𑐩𑐠𑐣𑐳𑐵𑑅𑐥𑑄𑐣𑑂𑐔𑐩𑐴𑐵𑐥𑐵𑐟𑐎
5fa74z68,𑐢𑑂𑐬𑐸𑐰𑐥𑑂𑐬𑐰𑑂𑐫𑐵𑐑𑐵𑐚𑐫𑑀𑐐𑐾𑑌𑐧𑐸𑐢𑐰𑐵𑐳𑐬𑐾𑑌𑐠𑑂𑐰𑐎𑐸𑐣𑑂𑐴𑐸𑐠𑑂𑐰𑐡𑐾𑐰𑐮𑐥𑑂𑐬𑐟𑐶𑐲𑑂𑐛𑐵𑐫𑐵𑐳𑑂𑐫𑑄𑐳𑐸𑐰𑐬𑑂𑐞𑐵𑐎𑐮𑐱𑐢𑑂𑐰𑐖𑐵𑐰𑐬𑑀𑐴𑐣𑐫𑐵𑐒𑐵𑐡𑐶𑐣𑐖𑐸𑐬𑑀𑑌𑐨𑐵𑐲𑐵
fz33c605,𑐀𑐮𑑀𑐎𑐣𑐵𑐠𑐳𑑂𑐫𑐳𑐾𑐰𑐎𑑌𑐨𑑀𑐐𑑂𑐫𑐾𑐱𑑂𑐰𑐬𑐷𑐟𑐳𑑂𑐫𑐨𑐵𑐬𑑂𑐫𑑂𑐫𑐵𑐥𑑂𑐬𑐶𑐟𑐶𑐫𑐵𑐡𑐥𑐬𑐵𑐫𑐞𑐩𑐵
179bdz65,𑐛𑐣𑑂𑐟𑐷𑐴𑐶𑐟𑑄𑐳𑐾𑐫𑐎𑐵𑐣𑐵𑑄𑐳𑑂𑐩𑐬𑐣𑑂𑐟𑐷𑑋𑐖𑐐𑐖𑑂𑐖𑐵𑐜𑑂𑐫𑐩𑐵𑐣𑐷𑐫𑐢𑐺𑐟𑑂𑐰𑐵𑐎𑐥𑐵𑐮𑐾𑑍𑐩𑐸𑐡𑐟𑑂𑐫𑐸𑐐𑑂𑐬𑐟𑐵𑐬𑐵𑐨𑐸𑐖𑐳𑑂𑐟𑐟𑑂𑐫𑐳𑑄𑐏𑑂𑐫
z5074286,𑐬𑐵𑐰𑐟𑐖𑐱𑐶𑐬𑐵𑐖𑐫𑐵𑐰𑐾𑐬𑐳𑑍𑐖𑑀𑐖𑐩𑐵𑐣𑐫𑐟𑐵𑐏𑐵
bz7497zd,𑐬𑑂𑐖𑑂𑐫𑐵𑐬𑐵𑐩𑐵𑐫𑐵𑑅𑐎𑐣𑑂𑐫𑐳𑑂𑐟𑐨𑐵𑐬𑑂𑐖𑑂𑐫𑐵𑐬𑐟𑑂𑐣𑐡𑐾𑐰𑐶𑑅𑐩𑑀𑐟𑐶
dz0a1a94,𑐡𑐸𑐣𑑂𑐟𑐵𑐖𑐸𑐬𑑀𑑌𑑌𑐱𑐸𑐨
cz517f08,𑐬𑐵𑐰𑐟𑐖𑐱𑐶𑐬𑐵𑐖𑐫𑐵𑐰𑐾𑐬𑐳𑑍𑐖𑑀𑐖𑐩𑐵𑐣𑐫𑐟𑐵𑐏𑐵
z2a79b8z,𑑊𑑉𑐣𑐩𑑅𑐱𑑂𑐬𑐷𑐧𑐖𑑂𑐬𑐢𑐵𑐟𑐰𑐾𑑌𑑌𑐣𑐩𑐳𑑂𑐟𑐸𑐔𑐿𑐟𑑂𑐫𑐵𑐫𑐳𑐐𑐟𑐵𑐮𑐫𑐵𑐫𑐰𑐶𑐱𑐸𑐡𑑂𑐢𑐬𑐸𑐥𑐵𑐫𑐡𑐸𑐬𑐶𑐟𑐵𑐥𑑂𑐬𑐴𑐵𑐫𑑌𑐔𑐶𑐟𑐿𑐧𑐬𑐸𑐥𑐵𑐫𑐎𑐸𑐱𑑂𑐰𑑀𑐟𑑂‌𑐨𑐰𑐵𑐫𑐟𑑄𑐔𑐿𑐟𑑂𑐫𑐬𑐸𑐥𑐵𑐫𑐥𑑂𑐬𑐣𑐩𑐵𑐩𑐶𑐨𑐸𑐫𑑌𑑌𑐀𑐡𑑂𑐫
58999f04,𑐱𑑂𑐬𑐷𑑓
zd0bb92z,𑐫𑐵𑐒𑐵𑐖𑐸𑐬𑑀𑐢𑐶𑐖𑐶𑐠𑐶
c6775585,𑐧𑐖𑑂𑐬𑐵𑐬𑑂𑐫𑐵𑐥𑑂𑐥𑐴𑐰𑐿𑑌𑑑𑑌𑐢𑐬𑑂𑐩𑐔𑐶𑐟𑑂𑐟𑐿
6d729z5z,𑑊𑐳𑑂𑐰𑐳𑑂𑐟𑐶𑑋𑑋𑑌𑐱𑑂𑐬𑐷𑑓𑐔𑐣𑑂𑐡𑐾𑐱𑑂𑐰𑐬𑐷𑐨𑐰𑐵𑐣𑐷𑐥𑑂𑐬𑐶𑐟𑐶𑐣
29850c4f,𑐫𑐵𑐟𑐵𑐳𑐶𑐣𑑂𑐡𑐸𑐡𑑂𑐟𑐸𑐡𑑂𑐬𑐵𑑄𑐳𑐸𑐡𑑂𑐟𑐡𑑂𑐫𑐵𑑍𑐩𑐢𑑀𑐔𑐵𑐩𑐥𑐵𑐞𑑁𑐱𑐬𑐞𑑂𑐫𑐵𑑄𑐳𑑂𑐩𑐬𑐵𑐩𑐶𑑌𑑖𑑌𑐳𑑂𑐰𑐎𑐷𑐫𑐵𑐳𑐣𑐵𑐨𑑂𑐫𑐵𑐳𑐐𑐵𑐨𑑂𑐫𑐩𑐸𑐨
204z4560,𑐣𑐖𑐬𑐢𑐵𑐮𑐵𑐳𑐶𑐢𑐎𑑄𑐣𑐶
60441b14,𑐔𑐎𑑂𑐬𑐱𑐎𑑂𑐬𑑅𑑋𑐀𑐩𑐬𑐟𑐬𑐸𑐳𑐩𑐵𑐣𑑀𑐰𑐶𑐱𑑂𑐰𑐰𑐶𑐏𑑂𑐫𑐵𑐟𑐎𑐷𑐬𑑂𑐟𑐶𑑅𑐳𑐎𑐮𑐧𑐸𑐢𑐖𑐣𑐵𑐣𑐵𑐩𑐵𑐱𑑂𑐬𑐫𑑀𑐨𑐹𑐩𑐶𑐥𑐵𑐮𑑅𑑌𑐊𑐟𑐳𑑂𑐩𑐵𑐡𑑂𑐢𑐵𑐬𑐞𑐷
165f5390,𑐟𑑄𑐥𑑂𑐬𑐵𑐥𑑂𑐟𑑄𑐦𑐮𑑄𑐔𑐵𑐎𑑂𑐲𑐥𑐾𑐟𑐡𑑂𑐰𑐡𑑂𑐫𑐵𑐱𑑂𑐔𑐬𑐞𑐵𑐬𑐰𑐶𑐣𑑂𑐡𑐫𑐸𑐐𑐮𑑄𑐰𑐣𑑂𑐡𑐵𑐩𑑀
9683c6cz,𑐊𑐎𑐵𑐡𑐱𑐷𑐎𑐬𑑂𑐎𑑂𑐎𑐟𑐾𑑋𑐰𑐩𑐵𑐬𑑂𑐫𑐟𑐸𑐮𑐳𑐷
4540b5b2,𑐫𑐞𑐠𑑂𑐰𑐫𑐵𑐣𑐎𑐾𑐴𑐾𑐬𑐵𑐖𑐎𑐸𑐩𑐵𑐬𑐱𑑂𑐬𑐷𑐱𑑂𑐬𑐷𑐬𑐸𑐥𑐩𑐟𑐶𑐡𑐾𑐰𑐷𑐠𑑂𑐰𑐫𑐵𑐣𑐎𑐾𑐴𑐾𑐬𑐵𑐖𑐎𑐸𑐩𑐵𑐬𑐷𑐱𑑂𑐬𑐷𑐱𑑂𑐬𑐷
zac86753,𑐥𑐶𑐞𑑄𑑋𑐥𑑄𑐔𑐟𑐟𑑂𑐟𑑂𑐰𑐵𑐟𑑂𑐩𑐎𑑄𑐡𑐾𑐰𑑄𑐥𑑂𑐬𑐵𑐳𑐵𑐡𑐾𑐳𑑂𑐠𑐵𑐥𑐶𑐟𑑀𑐣𑐺𑐥𑑌𑑋𑐥𑑂𑐬𑐵𑐳𑐵𑐡𑐩𑐾𑐣𑐩𑐟𑐶𑐨𑐎𑑂𑐟𑐶𑐩𑐟𑐵𑐰𑐶𑐟𑐷𑐫𑑂‌𑐬𑑂𑐫𑑍𑐣𑐵𑐬𑐵𑐫𑐞𑐵𑐫
a0739d2c,𑐫𑐎𑑄𑐡𑐸𑐣𑑂𑐟𑐵𑐬𑑀𑐧𑐸𑑓𑐔𑐲𑐸𑑄𑐟𑐶𑐧𑐸𑐬𑑀𑑑𑐳𑑂𑐰𑐟𑑂𑐰𑐧𑐸𑐬𑑀𑑑
8daf59b0,𑐟𑑀𑐮𑐐𑑂𑐰𑐵𑐥𑐳𑐮𑐟𑑀𑐮𑐫𑐵𑐡𑐎𑑂𑐲𑐳𑐵𑐮𑐳𑐔𑑀𑐣𑐩𑑂𑐴𑑚𑐩𑐵𑐣𑐢
13f8a858,𑐳𑑂𑐫𑐥𑐶𑐟𑐵𑑄𑐩𑐴𑐶𑐐𑑂𑐫𑐵𑐣𑐮𑐕𑐶𑐩𑐶𑐠𑐸𑐮𑐶𑐳𑐩𑐸𑐔𑐫𑐣𑐢𑐬𑑂𑐩𑑂𑐩𑐔𑐶𑐟
6b78zb2a,𑐫𑐩𑐵𑐮𑐳𑑄𑐟𑐵𑐣𑐣𑐠𑑂𑐰𑐡𑐾𑐰𑐟𑐵𑐣𑐶𑐟𑑂𑐫𑐥𑐸
10247c18,𑐎𑐸𑐩𑐵𑐬𑐷𑐳𑑄𑐑𑐬𑐟𑑂‍𑐣𑑑𑐴𑐬𑐶𑐎𑐸𑐮𑐶𑑑𑐮𑐟𑑂‍𑐣𑐧𑐵𑐴𑐵𑐡𑐸𑐬𑐐𑐸𑐥𑐎𑐸𑐩𑐵𑐬𑐷𑑑𑐩𑑀𑐴𑐩𑐵𑐫𑐵𑑑𑐐𑑂‍𑐫𑐷𑐟𑐩𑐵𑐫𑐵𑑑𑐖𑐵𑐦𑐸𑐩𑐵𑐫𑐵
63ca1fz0,𑐬𑐰𑐶𑐡𑐶𑐣𑐱𑑂𑐬𑐰𑐞𑐬𑑂𑐎𑑂𑐲𑐾𑐎𑐸𑐩𑑂𑐨𑐳𑑄𑐳𑑂𑐠𑐾𑐱𑐸𑐩𑐵𑐮𑐵𑐩𑐣𑐳𑐶𑐖𑐟𑐶𑐠𑐶𑐩𑐵𑐑𑐾𑐎𑐺𑐲𑑂𑐞𑐵𑐥𑐎𑑂𑐲𑐾𑐟𑐶𑐬𑐩𑑂𑐫𑐾𑐆𑐟𑐸𑐰𑐳𑐸𑐬𑐳
a35f7164,𑐳𑐡𑐵𑐨𑐎𑑂𑐟𑐶𑐣𑑁𑐣𑐶𑐥𑑂𑐬𑐥𑐺𑐖𑑂𑐫𑑄𑑌𑐩𑐞𑐷𑐳𑐶𑑄
ac17b94c,𑑊𑑉𑐣𑐩𑑅𑐱𑑂𑐬𑐷𑐧𑐖𑑂𑐬𑐢𑐵𑐟𑐰𑐾𑑌𑑌𑐣𑐩𑐳𑑂𑐟𑐸𑐔𑐿𑐟𑑂𑐫𑐵𑐫𑐳𑐐𑐟𑐵𑐮𑐫𑐵𑐫𑐰𑐶𑐱𑐸𑐡𑑂𑐢𑐬𑐸𑐥𑐵𑐫𑐡𑐸𑐬𑐶𑐟𑐵𑐥𑑂𑐬𑐴𑐵𑐫𑑌𑐔𑐶𑐟𑐿𑐧𑐬𑐸𑐥𑐵𑐫𑐎𑐸𑐱𑑂𑐰𑑀𑐟𑑂‌𑐨𑐰𑐵𑐫𑐟𑑄𑐔𑐿𑐟𑑂𑐫𑐬𑐸𑐥𑐵𑐫𑐥𑑂𑐬𑐣𑐩𑐵𑐩𑐶𑐨𑐸𑐫𑑌𑑌𑐀𑐡𑑂𑐫
6c976621,𑐰𑐶𑐖𑐫𑐬𑐵𑐖𑑂𑐫𑐱𑑂𑐬𑐷𑐩𑐟𑑂𑐎𑐵𑐣𑑂𑐟𑐶𑐥𑐸𑐮𑐶𑐩𑐴𑐵𑐣𑐐𑐬𑐾𑐱𑑂𑐬𑐷𑐥𑐵𑐬𑐵𑐰𑐟𑑂𑐩𑐴𑐵𑐰𑐶𑐴𑐵𑐬𑐾𑐔𑐾𑐎𑐣𑐀𑐟𑐣𑐳𑐶𑐫𑐵𑐠𑑂𑐰𑐰𑐵𑐴𑐵𑐬𑐫𑐵𑐦𑐬𑐾𑐳𑐬𑑀𑐴𑑀𑐣
1659958b,𑐣𑐹𑐐𑐵𑐩𑐺𑐟𑑂𑐫𑐡𑐮𑐶𑐎𑐰𑐖𑐰𑐎𑑂𑐲𑐟𑑂𑐬𑐡𑐸𑐂𑐩𑐡𑐩𑐳𑑂𑐟𑐣𑐾𑐥𑐵𑐮𑐖𑐩𑐟𑐶𑐟𑐵𑐟𑐶𑐩𑐸𑐂𑐐𑐣𑐳𑐥𑐕𑐾
74506c1z,𑐢𑐣𑐥𑐟𑐶𑐡𑐾𑐌𑐩𑐵𑐟𑐵𑐩𑐴𑐷𑐖𑐫𑐮𑐎𑑂𑐲𑑂𑐩𑐷𑐢𑐣𑐶𑐩𑑂𑐴𑐫𑐵𑐟𑐩𑐴𑐵
f2663032,𑐟𑑂𑐬𑐔𑐟𑐸𑐬𑐬𑑀𑐥𑐞𑐶𑐬𑑀𑐰𑐥𑐶𑑔𑐠𑑂𑐰𑐟𑐾𑐧𑐸𑐴𑐣𑐾𑐫𑐵𑐟𑐳𑐔𑐵𑐫𑐵𑐌𑐟𑐒𑐡𑐸𑐣𑑂𑐟𑐵𑐖𑐸𑐬𑑀𑑋𑐨𑐹𑐫
abz6bb56,𑐥𑐾𑑍𑐨𑐬𑐟𑐏𑐞𑑂𑐜𑐾𑑍𑐨𑐬𑐟𑐰𑐬𑑂𑐲𑑂𑐚𑐁𑐫𑑂𑐫𑐵𑐰𑐰𑐟𑑂𑐟𑐡𑐾𑐱𑐾𑑍𑐴𑐾𑐩𑐰𑑍𑐡𑑂𑐡𑐎𑑂𑐲𑐶𑐞𑐥𑐵𑐡𑐾𑑍𑐣𑐾𑐥𑐵𑐬𑐩
898071b0,𑐟𑐟𑐥𑐸𑐣𑑂𑐫𑐵𑐣𑐸𑐨𑐵𑐰𑐾𑐣𑐖𑐖𑐩𑐵𑐣𑐳𑑂𑐫𑐂𑐴𑐮𑑀𑐎𑐾𑐳𑐸𑐏𑐨𑑀
2fab0236,𑐳𑐣𑐩𑐴𑐵𑐬𑐵𑐖𑐵𑐢𑐶𑐬𑐵𑐖𑐰𑐷𑐬𑐱𑑂𑐬𑐷𑐱𑑂𑐬𑐷𑐖𑐫𑐖𑑀𑐐𑐣𑐬𑐾𑐣𑑂𑐡𑑂𑐬𑐩𑐮𑑂𑐮𑐥𑑂𑐬𑐨𑐸𑐠𑐵𑐎𑐸𑐬𑐫𑐵𑐖𑐸𑐬𑑀𑑌𑐠𑑂𑐰
zaa04f0z,𑐬𑑂𑐩𑑂𑐩𑐵𑐟𑑂𑐩𑐵𑐩𑐞𑐶𑐬𑐟𑑂𑐣𑑅𑐟𑐳𑑂𑐫𑐨𑐵𑐬𑑂𑐫𑑂𑐫𑐵𑐐𑑄𑐐𑐵𑐖𑐾𑐲𑑂𑐚𑐥𑐸
aza4b135,𑐟𑐶𑐦𑐮𑐾𑐡𑐫𑐎𑐵𑐰𑐸𑐥𑐟𑐶𑐳𑑂𑐠𑐵𑐫𑐵𑐒𑐵𑐡𑐶𑐣𑐖𑐸𑐬𑑀𑑋𑐬𑑂𑐰𑐏𑐬𑑂𑐰𑐏𑐞𑐰𑐸𑐱𑐵
afbd9579,𑐣𑑂𑐜𑐮𑐎𑑂𑐲𑑂𑐩𑐶𑐩𑐸𑐣𑐶𑐢𑐬𑐎𑐳𑑂𑐫𑐥𑐸𑐟𑑂𑐬𑐬𑐵𑐖𑐧𑐶𑐬𑐳𑐶𑑄𑑍𑐀𑐩𑐸𑐢𑐬
f92df2ab,𑐫𑑀𑐐𑐥𑑂𑐬𑐷𑐟𑐶𑐳𑐣𑐵𑐏𑑂𑐫𑐎𑐾𑐳𑐩𑐎𑐬𑑀𑐡𑑂𑐫𑐵𑐐𑐾𑐱𑑂𑐰𑐬𑐳𑑂𑐫𑐵𑐮
6ff3f190,𑐩𑐸𑐬𑐵𑐳𑐾𑐎𑐬𑐾𑐒𑐕𑐔𑐵𑐏𑐶𑐮𑐶𑐖𑐸𑐬𑑀𑐠𑑂𑐰𑐧𑐾𑐬𑐳𑐠𑐬𑐥𑐵𑐨𑐶𑐎𑑂𑐲𑐸𑐱𑑂𑐬𑐷𑐧𑐾𑐏𑐵𑐳𑐶𑑄𑐴𑐡𑐾𑐰𑐰𑐵𑐴𑐵𑐮𑐫𑐵𑐰𑐾𑐳𑐟𑐰𑐶𑐕𑐾𑐰𑐵𑐴𑐵𑐬𑐫𑐵𑐰𑐶𑐱𑑂𑐰𑐬𑐵𑐩𑐨𑐵
bccdzdfb,𑐳𑐳𑐾𑐒𑐵𑐌𑐰𑐣𑐳𑐵𑐳𑐸𑐣𑐵𑐞𑑄𑐮𑑂𑐴𑑂𑐰𑐣𑐾𑐡𑐸𑐖𑐸𑐬𑑀𑐨𑐵𑐳𑑂𑐎𑐮𑐡𑐾𑐌𑐳𑐣𑑂𑐎𑐵𑐮𑐶𑐟𑐱𑑂𑐬𑐷𑐎𑐾𑐳𑑀𑐔𑐣𑑂𑐡𑑂𑐬𑐎𑐺𑐟𑐥𑐵𑐬𑐵𑐰𑐬𑑂𑐟𑑂𑐟𑐩𑐴𑐵𑐰𑐶𑐴𑐵𑐬𑐳𑑂𑐛𑐶𑐟𑑍𑐱𑐸
c5b43278,𑐔𑐵𑐬𑑂𑐫𑑂𑐫𑐥𑐬𑐶𑐏𑐡𑐾𑐰𑐣𑐠𑐌𑐟𑐣𑐵𑐩𑐣𑐱𑑂𑐬𑐷𑑓𑐧𑐖𑑂𑐬𑐳𑐟𑑂𑐰𑐥𑑂𑐬𑐟𑐶𑐩𑐵𑐡𑐫𑐎𑐵𑐖𑐸𑐬𑑀𑑌
3dbd5f77,𑐟𑐸𑐮𑑀𑐣𑐳𑐶𑑄𑐴𑐢𑐟𑐖𑐖𑐩𑐵𑐣𑐫𑐵𑐩𑐣𑐳𑐂𑐢𑐵𑐐𑐸𑐳𑑂𑐫𑐵𑐠𑑂𑐰𑐔𑐿𑐟𑑂𑐫𑐡𑑀𑐳𑐵𑐮𑐡𑐫
56c232c7,𑐣𑐶𑐲𑑂𑐚𑐱𑑂𑐬𑐷𑐖𑐱𑐡𑐾𑐰𑐳𑐨𑐵𑐬𑑂‍𑐫𑐵𑐱𑑂𑐬𑐷𑐱𑐹𑐨𑐮𑐎𑑂𑐲𑑂𑐩𑐷𑐳𑑌𑐠𑑂𑐰𑐟𑐾𑐡𑑂𑐰𑐶𑐖𑐧𑐬𑐳
3673c541,𑐳𑐴𑐳𑑂𑐬𑐴𑑀𑐩𑐰𑐶𑐢𑐶𑐣𑐵𑐰𑐷𑐬𑐾𑐱𑑂𑐰𑐬𑑀𑐨𑐹𑐳𑐸𑐬𑑅𑑋𑐴𑑀𑐟𑐵𑐰𑐶𑐲𑑂𑐞𑐸𑐩𑐏𑑄𑐰𑐶𑐢𑐵𑐫𑐴𑐰𑐶𑐲𑐵𑐳𑑄𑐟𑐬𑑂𑐥𑑂𑐫𑐰𑐴𑑂𑐣𑐶𑑄𑐳𑐸𑐢𑐷𑑅𑐎𑐾𑐳𑐵𑐬𑐾𑑅𑐥𑑂𑐬𑐟𑐶
b87d910a,𑐬𑑂𑐠𑑄𑐳𑐡𑐵𑐥𑑂𑐬𑐵𑐬𑑂𑐠𑐣𑐷𑐫𑑅𑑌𑑑𑑐𑑌𑐟𑑂𑐰𑐡𑐬𑑂𑐔𑑂𑐔𑐵𑐢𑐶𑐬𑑂𑐡𑑂𑐡𑐸𑐲𑑂𑐎𑐬𑐵𑐩𑐡𑑂𑐰𑐶𑐢𑐵𑐩𑐵𑑄𑑍𑐎𑐺𑐥𑐵𑐰𑐵𑐬𑐶𑐢𑐾𑐥𑐵𑐴𑐶𑐡𑐸𑐲𑐸𑐬𑐩𑑂𑐰𑐶𑐬𑐵𑐱𑐾𑑅𑑋𑐣𑐳𑐾
z1a34bab,𑐧𑐖𑑂𑐬𑐵𑐬𑑂𑐫𑐵𑐥𑑂𑐥𑐴𑐰𑐿𑑌𑑑𑑌𑐢𑐬𑑂𑐩𑐔𑐶𑐟𑑂𑐟𑐿
zc2c87z4,𑐩𑐣𑐵𑐣𑑍𑐠𑑂𑐰𑐦𑐬𑐾𑐨𑐸𑐰𑑀𑐫𑐵𑐰𑐡𑐫𑐎𑐵𑐖𑐸𑐬𑑀𑑋𑑋𑐳𑐩𑑂𑐰𑐟𑑗𑑙𑑘𑐖𑑂𑐫𑐲𑑂𑐛𑐩𑐵𑐳𑐾𑐎𑐺𑐲𑑂𑐞𑐥𑐎𑑂𑐲
f695c7df,𑐬𑑂𑐰𑑂𑐰𑐟𑑂𑐫𑐴𑐰𑐷𑑄𑐥𑑂𑐬𑐱𑐵𑐣𑑂𑐟𑐵𑑄𑐟𑐩𑑂𑐧𑑁𑐡𑑂𑐢𑐣𑐵𑐐𑑄𑐱𑐶𑐬𑐳𑐵𑐣𑐩𑐵𑐩𑐶𑑌𑐳𑐵𑐎𑐵𑐬𑐵𑐔𑐣𑐶𑐬𑐵𑐎𑐺𑐟𑐶𑐬𑑂𑐨𑐐𑐰𑐟𑐷𑐥𑑂𑐬𑐵
93d6c36c,𑑓𑐧𑑂𑐬𑐵𑐩𑑂𑐴𑐞𑐷𑐩𑑂𑐴𑑄𑑒𑐁𑐔𑐵𑐬𑑂𑐫𑐩𑑂𑐴𑑄𑑒𑐫𑐵𑐳𑐶𑐩𑑂𑐴𑑄𑑑𑐐𑐸𑐠𑐶𑐨𑐵𑐬𑑀𑐩𑑂𑐴𑑄𑑔𑐠𑑂𑐰𑐟𑐾𑐧𑑂𑐬𑐩𑑂𑐴𑐨𑑀𑐖𑐥
1d434b40,𑐮𑐎𑑂𑐲𑑂𑐩𑐷𑐡𑐾𑐰𑐷𑐣𑐡𑐫𑐎𑐵𑐡𑐶𑐣𑐱𑐸𑐨𑑌
60c011c4,𑐴𑐬𑐶𑐧𑐵𑐴𑐵𑐬𑐡𑑀𑐬𑐧𑐸𑐬𑑀𑑔𑐠𑐳𑐶𑐡𑑀𑐧𑐸𑐬𑑀𑑔𑐱𑐸𑐣𑐥𑐵𑐧𑐸𑐬𑑀𑑓𑐳𑐸𑐣𑐥𑐵𑐧𑐸𑐬𑑀𑑓
1ac11d4a,𑐳𑐫𑑄𑐫𑐵𑐖𑐸𑐎𑑂𑐟𑐮𑑄𑐏𑐸𑐩𑐔𑐵𑐮𑐳𑐩𑐡𑐸𑑋𑑋
109f101z,𑐬𑑀𑐎𑑂𑐫𑐾𑐰𑐬𑐡𑐵𑐫𑐎𑑍𑐰𑐣𑑂𑐡𑐾𑐟𑑂𑐰𑑄𑐖𑐐𑐟𑐣𑐵𑐠𑑄𑐱𑐟𑐐𑐸𑐬𑐸𑐣
z2c04684,𑐞𑑂𑐜𑐿𑐳𑐟𑐶𑐮𑐵𑐎𑑂𑐲𑐟𑑄𑐔𑐳𑐫𑐧𑑄𑐳𑐶𑐣𑑂𑐡𑐹𑐬𑐥𑑄𑐔𑐵𑐩𑐺𑐟𑑄𑑋𑐢𑐹𑐥𑑄𑐡𑐷𑐥𑑄𑐳𑐵𑐫𑑄𑐥𑐹𑐣
9c17ba8z,𑐎𑐰𑑄𑐟𑑀𑐎𑑀𑐮𑐶𑐰𑐶𑐕𑐾𑐰𑐖𑐵𑐜𑐔𑐵𑐖𑑂𑐫𑐱𑑂𑐬𑐷𑐬𑐵𑐩𑐖𑐸𑐳𑐱𑑂𑐬𑐷𑐮𑐾𑐕𑐩𑐣𑐖𑐸𑐳𑐠𑑂𑐰𑐥𑐣𑐶𑐳𑑂𑐫𑐣𑑅𑐮𑑄
0a870682,𑐞𑑂𑐜𑐮𑐬𑐶𑐬𑐸𑐥𑐩𑐡𑐵𑐣𑐢𑐵𑐬𑑀𑐥𑐵𑐬𑑂𑐖𑑂𑐖𑐶𑐟𑐫𑐱𑑂𑐬𑑅𑐥𑐹𑐬𑐎𑐫𑐸𑐬𑐰𑐶𑐦𑐮𑐷𑐎𑐺𑐟𑐱𑑂𑐬𑐷𑐏𑐞𑑂𑐜𑐏𑐞𑑂𑐜𑐬𑐸𑐞𑑂𑐜𑐬𑐷𑐎
056264z4,𑐥𑐬𑑂𑐰𑐎𑐵𑐮𑐫𑐵𑐡𑐶𑐣𑐳𑑌𑐩𑐸𑐳𑐸𑑄𑐧𑐵𑐴𑐵
z974b75f,𑐁𑐬𑑂𑐫𑑂𑐫𑐟𑐵𑐬𑐵
739bcadf,𑐳𑑂𑐥𑐟𑐶𑐧𑐵𑐳𑐬𑐾𑐎𑐸𑑄𑐨𑐬𑐵𑐳𑐶𑐐𑐟𑐾𑐱𑑂𑐬𑐷𑐳𑐸𑐬𑑂𑐫𑑂𑐫𑐩𑐷𑐣𑐾𑐐𑐟𑐾𑐔𑐣𑑂𑐡𑑂𑐬𑐩𑐟𑑂𑐫𑐾𑐫𑐾𑐟𑐟𑑂‌𑐡𑐶𑐣𑐾𑐱𑑂𑐬𑐷𑐰𑐖𑑂𑐬𑐢𑐵𑐟𑐸𑐔𑐿𑐟𑑂𑐫𑐖𑐶𑐬𑑂𑐞𑐄𑐡𑑂𑐢𑐵𑐬𑐫𑐵𑐣𑐵𑐌𑐥𑑂𑐬𑐟𑐶𑐳𑑂𑐠𑐵𑐫𑐵𑐣𑐵𑐡𑐷𑐣𑐖𑐸𑐮𑑅𑑌𑑌𑐱𑐸𑐨𑐳𑑌
3b222972,𑐱𑑂𑐰𑐬𑐵𑐫𑑅𑑌
0zaf46zf,𑐖𑐳𑐰𑑂𑐖𑐐𑑅𑐥𑑂𑐬𑐟𑐶𑐡𑐶𑑄𑐱𑐳𑑂𑐠𑐶𑐟𑑂𑐰𑐵𑐥𑑂𑐬𑐩𑐟𑑂𑐳𑑂𑐫𑐣𑑂𑐡𑐣𑐾𑑌𑐀𑑄𑐐𑐵𑐣𑐵𑑄𑐥𑑂𑐬𑐨𑐰𑑀𑐟𑐣𑑀𑐟𑐸𑐴𑐶𑐳𑐡𑐵𑐩𑑀𑐡𑑄𑐥𑐬𑑄𑐥𑑂𑐬𑐵𑐞𑐶
z0da5660,𑐫𑐎𑑄𑐡𑐸𑐣𑑂𑐟𑐵𑐬𑑀𑐧𑐸𑑓𑐔𑐲𑐸𑑄𑐟𑐶𑐧𑐸𑐬𑑀𑑑𑐳𑑂𑐰𑐟𑑂𑐰𑐧𑐸𑐬𑑀𑑑
d6cf7z14,𑐣𑑂𑐟𑐵𑐫𑐵𑐒𑐵𑐰𑐡𑐫𑐎𑐵𑑋𑑋𑐳𑑂𑐠𑐵𑐥𑐣𑐵𑐡𑐶𑐣𑑋𑑋𑐳𑐩𑑂𑐧𑐟𑑂
2c171885,𑐱𑑂𑐬𑐷𑐱𑑂𑐬𑐷𑐱𑑂𑐬𑐷𑐧𑐖𑑂𑐬𑐫𑑀𑐐𑐶𑐣𑑂𑐫𑐣𑐩𑑅𑑌𑐟𑑂𑐰𑐡𑐷𑐫𑐥𑐡𑐡𑑂𑐰𑐣𑑂𑐡𑑂𑐰𑐩𑐩𑑂𑐨𑑀𑐖𑐰𑐺𑐣𑑂𑐡𑑍𑐬𑐸𑐔𑐵𑐡𑑂𑐬𑐖𑐫𑑀𑐐𑐶𑐣𑑂𑐫𑐢𑑀
4d784cc2,𑑑𑐄𑑃𑐣𑐩𑑅𑐱𑑂𑐬𑐷𑐢𑐬𑑂𑐩𑑂𑐩𑐢𑐵𑐟𑐰𑐾𑑋𑑋𑐣𑐩𑐳𑑂𑐟𑐸𑐔𑐿𑐟𑑂𑐫𑐵𑐫𑐳𑐸𑐐𑐟𑐵𑐟𑑂𑐬𑐫𑐵𑐫𑐰𑐶𑐱𑐸𑐡𑑂𑐢𑐬𑐸𑐥𑐵𑐫𑐥𑐬𑑂𑐖𑑂𑐘𑐵𑐬
cb5ddz34,𑐢𑑄𑐟𑐳𑑂𑐫𑐨𑐵𑐔𑑂𑐫𑐵𑐳𑐟𑐖𑐷𑐰𑐮𑐵𑐣𑐶𑐠𑐎𑐹𑑄𑐥𑐹𑐟𑑂𑐬𑐡𑐾𑐧𑐷
49138z0d,𑐰𑐺𑐡𑑂𑐰𑐶𑐳𑑂𑐟𑐸𑑍𑐖𑐟𑑀𑐳𑐵𑐳𑑂𑐳𑐟𑑂𑐬𑐳𑐥𑑂𑐬𑐵𑐰𑑂𑐟𑐵𑐨𑐰𑐟𑐸𑑍𑐀
zz94zzzb,𑐁𑐔𑐵𑐬𑑂𑐫𑑂𑐫𑐖𑐸𑐥𑐣𑐶𑐰𑐶𑐖𑑂𑐫𑐵𑐔𑐎𑑄𑐮𑐔𑑂𑐕𑑂𑐫𑐵𑐨𑐐𑐰𑐟𑐶𑐥𑐵𑐠𑐳𑐵𑐬𑑂𑐡𑑂𑐢𑐫𑐵𑐔𑐎𑐵𑐖𑐸𑐬𑑀𑐖𑐶𑐩𑐕𑐩𑑂𑐴𑐣𑐵𑐫𑐎𑐧𑐶𑐖𑑂𑐫𑐵𑐔𑐎𑑄𑐳𑑄𑐐𑐨𑑀𑐖
2b9093c1,𑐨𑐵𑐬𑑀𑑍𑐖𑐶𑐟𑐬𑐵𑐖𑐨𑐵𑐬𑑀𑑍𑐖𑐐𑐟𑐬𑐵𑐖𑐨𑐵𑐬𑑀𑑍𑐟𑑀𑐫𑐨𑐵𑐬𑑀𑑍𑐣𑐵𑐠
7c562f95,𑐢𑐵𑐟𑐦𑐮𑐾𑐳𑐔𑑀𑐒𑐡𑐾𑐰𑐫𑐵𑐟𑑍𑐣𑐶𑐱𑐬𑐵𑐰𑐰𑐖𑐶𑐎𑐸𑐜𑑑𑐟𑐵𑑑𑐩𑐢𑐶𑑍𑐥𑐵𑐟𑑑𑐢𑐬𑐶𑐡𑑄𑑑𑐑𑐾𑐬𑐡𑐶𑐰𑐵𑐠𑑂𑐰
531b3b7f,𑐫𑐰𑐵𑑄𑐕𑐶𑐟𑐵𑐬𑑂𑐠𑐥𑑂𑐬𑐡𑐵𑐣𑐳𑐩𑐬𑑂𑐠𑐵𑑄𑑌𑑑𑑕𑑌𑐂𑐟𑐶𑐱𑑂𑐬𑐷𑐬𑐵𑐖𑐬𑐵𑐖𑐾𑐱𑑂𑐰𑐬𑐱𑑂𑐬𑐷𑐱𑑂𑐬𑐷𑐎𑐰𑐵𑐣𑑂𑐡𑑂𑐬𑐖𑐫𑐥𑑂𑐬𑐟𑐵𑐥
096443z0,𑐫𑑍𑐫𑐡𑑂𑐡𑐟𑑂𑐟𑑄𑐡𑐾𑐰𑐩𑐣𑑂𑐡𑐶𑐬𑑄𑑋𑐐𑑀𑐥𑐵𑐮𑐬𑐵𑐩𑐔𑐵𑐕𑐵𑐫𑐥𑐸𑐟𑑂𑐬𑐾𑐞𑐳𑑂𑐠𑐵
17z02a89,𑐱𑑂𑐬𑐷𑐳𑑂𑐰𑐳𑑂𑐟𑐶𑐡𑐾𑐰𑐡𑐵𑐬𑐵𑐰𑐱𑐸𑑄𑐢𑐬𑐶𑐥𑐸𑐟𑑂𑐬𑐨𑐶𑐎𑑂𑐲𑐸𑐱𑑂𑐬𑐷𑐱𑐸𑐎𑐖𑐚𑐶𑐠𑑂𑐰𑐥𑐣𑐶𑐳𑑂𑐰𑐩𑑂𑐴𑐳𑐨𑐵𑐟𑐾𑐠𑑂𑐰𑐟𑐷𑐢𑐬𑑂𑐩𑑂𑐩𑐔𑐶𑐟𑐖𑐸𑐫𑐵𑐌𑐠𑑂𑐰𑐧𑐵𑐴𑐵𑐬𑐳𑐱𑐎𑐬𑐒𑐔𑐾𑐎𑐣𑐀𑐟𑐣
db4996ff,𑐟𑑂𑐟𑐬𑑄𑐬𑐵𑐖𑐟𑐾𑑍𑐫𑐟𑑂‌𑐥𑐵𑐡𑐵𑐟𑐥𑐡𑐥𑑂𑐬𑐴𑐵𑐬𑐰𑐱𑐟𑑀𑐨𑐹𑐩𑐶𑐬𑑂𑐩𑑂𑐩𑐸𑐴𑐸𑑅𑐎𑐩𑑂𑐥𑐟𑐾𑑋𑐫𑐟𑑂𑐟𑐾𑐖𑐳𑑂𑐟𑐥𑐣𑑀𑐡𑐫𑐾𑐳𑑂𑐟𑐩𑐐𑐩𑐣𑑂𑐨𑐹𑐥𑐵𑐮𑐰𑐺𑐣𑑂𑐡𑐾𑐣𑑂𑐡𑐰𑑅𑐳𑑀
fzdd6z1a,𑐎𑑂𑐰𑐵𑐔𑐥𑐵𑐡𑐾𑐰𑐳𑑂𑐎𑐾𑐕𑑀𑐫𑐎𑐾𑐩𑐵𑐬𑐠𑑂𑐰𑐣𑐳𑐟𑐶𑐎𑐸𑐣𑑂𑐴𑐸𑐳𑐐𑐫𑐵𑐟𑐳𑐩𑑂𑐴𑐔𑐧𑐶𑐫𑐾𑐩𑐵𑐬𑐰
bafdc9fz,𑐳𑐸𑐬𑑂𑐖𑐬𑐵𑐩𑐨𑐵𑐮𑑀𑐥𑐱𑐸𑐬𑐵𑐩𑐣𑐾𑐴𑑂𑐩𑐦𑐸𑐎𑐶𑐖𑐥𑐸𑐟𑑂𑐬
2d786a2c,𑐫𑐞𑐳𑐴𑐶𑐟𑑄𑐱𑑂𑐬𑐷𑐐𑑀𑐥𑐵𑐮𑐾𑐱𑑂𑐰𑐬𑐳𑑂𑐠𑐵𑐥𑐣𑐵𑐫𑐵
9242zf26,𑐱𑐸𑐨𑐱𑐣𑑂𑐟𑐸𑐳𑐬𑑂𑐰𑑂𑐰𑐡𑐵𑐎𑐵𑐮𑑄𑑋𑑋
08f36145,𑐟𑑂𑐬𑐳𑐸𑐡𑑂𑐢𑐶𑐫𑑀𑐐𑐱𑐣𑐶𑐱𑑂𑐔𑐬𑐰𑐵𑐬𑑋𑑋𑐳𑑂𑐠𑐵𑐥𑐣𑐵𑐫𑐵
5428491c,𑐌𑐱𑑂𑐬𑐷𑑓𑐨𑐶𑐩𑐳𑐾𑐣𑐡𑑂𑐐𑐾𑐌𑐣𑐾𑐥𑐵𑐔𑑀𑐟𑐳𑐶𑑄𑐫𑐵𑐌𑐡𑐵𑐣𑐥𑐟𑐶𑑚𑐩
3a93606c,𑐎𑐣𑑂𑐫𑐵𑐔𑐮𑐡𑑂𑐰𑐷𑐔𑐷𑐬𑐩𑑂𑐫𑐵𑑄𑑍𑐖𑐚𑐵𑐩𑐸𑐟𑑂𑐎𑐚𑐵𑑄𑐩𑑁𑐮𑐶𑐣𑐵𑐳𑐣𑑂𑐡𑐢𑐵𑐣𑑄𑑋𑐎𑑂𑐲𑐞𑑄𑐳𑐖𑑂𑐟𑑂𑐬𑐣𑐵𑐲𑑂𑐚𑐸𑐞𑑂𑐫𑐖𑐣𑑂𑐩𑐵𑐣𑐊𑐣𑐵
4a8fdf81,𑐧𑐵𑐣𑐾𑐳𑑂‍𑐰𑐬𑐟𑐵𑐬𑐜𑑀𑐠𑐜𑐂𑐢𑐵𑐬𑐧𑐸𑐣𑑀𑑑𑐔𑐸𑐣𑑑𑐡𑑀𑐴𑐣𑐥𑐟𑐫𑐵𑐖𑐸𑐣𑑀𑑅𑐠𑑂‍𑐰𑐔𑐸𑐫𑐵
12f14a2d,𑐥𑐰𑐣𑐵𑐥𑐣𑐵𑐫𑐵𑐒𑐵𑐡𑐶𑐣𑐖𑐸𑐬𑑀𑑌𑐀𑐠𑐱𑐸𑐨
bz17aac8,𑐰𑐶𑐟𑐬𑐶𑐩𑐷𑐣𑐬𑐵𑐱𑐶𑐐𑐟𑐾𑐔𑐣𑑂𑐡𑑂𑐬𑐩𑐳𑐶𑑋𑑋𑑋𑑋𑐳𑐩𑑂𑐧𑐟𑑂𑑙𑑐𑑗𑐖𑑂𑐫𑐾𑐲𑑂𑐛𑐎𑐺𑐲𑑂𑐞
50006711,𑐎𑐺𑐲𑑂𑐞𑑍𑐥𑐸𑐟𑑂𑐬𑐖𑐐𑑂𑐟𑐣𑐵𑐬𑐵𑑄𑐥𑐸𑐟𑑂𑐬𑐬𑐵𑐩𑐣𑐵𑐬𑐵𑑄𑐥𑐸𑐟𑑂𑐬𑐬𑐵
82547a1a,𑐠𑐎𑐸𑐠𑑂𑐰𑐟𑐾𑐳𑐾𑐣𑐂𑐣𑐵𑐫𑐎𑑀𑐥𑐸𑐬𑐵𑐨𑐵𑐬𑐶𑑄𑐥𑐱𑑂𑐔𑐶𑐩
aza04z79,𑐮𑑂𑐫𑑍𑐲𑐐𑐣𑐵𑐫𑐵𑑄𑑍𑐱𑑂𑐬𑐷𑑓𑐐𑐸𑐖𑐾𑐖𑑀𑐐𑐱𑑂𑐰𑐬𑐷𑐮𑐲𑐎𑐡𑐾𑐱𑐾𑑍𑐱𑑂𑐬𑐷𑑓𑐥𑐱𑐸𑐥𑐟𑐶𑐳𑑄𑐣𑑂𑐫
16z43586,𑐴𑐰𑐶𑐴𑐵𑐬𑐾𑐲𑑂𑐛𑐶𑐟𑐩𑐥𑐶𑐎𑐸𑐮𑐩𑐵𑐣
404a049z,𑐣𑐩𑐱𑑂𑐬𑐷𑐢𑐬𑑂𑐩𑐢𑐵𑐟𑐸𑐔𑐿𑐟𑑂𑐫𑐩𑐟𑐵𑐎𑐰𑐢𑐖𑐐𑐸𑐡𑐾𑐰𑐳𑑂𑐰𑐢𑐳𑐥𑑄𑐟𑐸𑐨𑐡𑐵𑐬𑐎𑐩𑐵𑐡𑐶𑐡𑐾𑐰𑑄𑐖𑐣𑐵
9z269zdf,𑐎𑑂𑐟𑐶𑐦𑐮𑐮𑐵𑐫𑐣𑐡𑐕𑐸𑐚𑑀𑐮𑐫𑐵𑐢𑑄𑐖𑐸𑐨𑐵𑐬𑑀𑐚𑑁𑐚𑐶𑐎𑐨𑐵𑐬𑑀𑐀
263b8859,𑐎𑑂𑐲𑐟𑐵𑐲𑑂𑐥𑐚𑐔𑐫𑐵𑐴𑐩𑐵𑐱𑑂𑐔𑐳𑐥𑑂𑐟𑐵𑐰𑑂𑐢𑐫𑑅𑑌𑐟𑐵𑐬𑐵𑐣𑐵𑐠𑐥𑐡𑐵𑐬𑑂𑐠𑐳𑐥𑑂𑐟𑐰𑐮𑐶𑐟𑐾𑐣𑐾𑐥𑐵𑐮𑐳𑐩𑑂𑐰
4a3139a4,𑐟𑐵𑐬𑐎𑐸𑑖𑐥𑐹𑐬𑑂𑐰𑑂𑐰𑐥𑐵𑐏𑐵𑐨𑐹𑐩𑐎𑐵𑑍𑐰𑐐𑐸𑐠𑐶𑐳𑑍𑐡𑐵𑐟𑐵𑐖𑐸𑐳𑐬𑐵𑐫𑐖𑐸𑑍𑐥𑐬𑑀𑐐𑐖𑐸𑐬
39f6b348,𑐧𑐨𑐹𑐟𑐳𑑂𑐰𑐖𑐣𑐳𑐴𑐶𑐟𑐵𑐣𑑂𑐳𑐬𑑂𑐰𑐳𑐟𑑂𑐰𑐵
982ab53a,𑐐𑐸𑐞𑐏𑐐𑐱𑐶𑐎𑐵𑐬𑑂𑐟𑐶𑐎𑐾𑐱𑐸𑐎𑑂𑐮𑐥𑐎𑑂𑐲𑐾
b9fz0562,𑐔𑐸𑐬𑑒𑐠𑑂𑐰𑐟𑐾𑐧𑐸𑐫𑐵𑐌𑐬𑐳𑐵𑐣𑐣𑐡𑐸𑐠𑐾𑐴𑐣𑐾𑐩𑐵𑐬𑑍𑐡𑐶𑐬𑐵𑐥𑐸𑐣𑑂𑐴𑐶𑐳𑐶𑐎𑐸𑐣𑑂𑐴𑐸𑐩𑐵𑐴𑐵𑐡𑐶𑐥𑐥𑐸
0d4z7391,𑐱𑐸𑐨𑑋𑑋𑐨𑐵𑐳𑑂𑐎𑑂𑐬𑐾𑐡𑐾𑐰𑐳𑑄𑐳𑑂𑐎𑐵𑐬𑐶𑐟𑐳𑐵𑑍𑐳𑐟𑑂𑐬𑐱𑑂𑐬𑐷𑐎𑐾𑐱𑐰𑐔𑐣𑑂𑐡𑑂𑐬𑐎𑐶
ca46b8zz,𑐥𑐶𑐳𑐶𑑄𑐴𑐨𑐵𑐰𑑍𑐩𑐵𑐢𑐰𑐬𑐵𑐩𑐨𑐵𑐰𑑌𑐠𑐸𑐟𑐶𑐢𑐬𑑂𑐩𑑂𑐩𑐐𑑀𑐲𑑂𑐚𑐶𑐳𑐩𑐹𑐴𑐣𑑍𑐥𑐹𑐬𑑂𑐞𑑂𑐞𑐩𑐵𑐳𑐶𑐳𑐾𑐰𑐵𑐡𑐫𑐎𑑄𑑍
ac480316,𑐣𑐷𑐣𑐶𑐩𑑂𑐴𑐰𑐵𑐎𑐵𑐩𑐾𑐣𑐠𑑂𑐰𑐥𑐶𑐠𑐸𑐐𑑂𑐰𑐵𑐕𑐾𑐬𑐰𑐟
z5773481,𑑊𑐳𑑂𑐰𑐳𑑂𑐟𑐶𑑋𑑋𑑌𑐱𑑂𑐬𑐷𑑓𑐔𑐣𑑂𑐡𑐾𑐱𑑂𑐰𑐬𑐷𑐨𑐰𑐵𑐣𑐷𑐥𑑂𑐬𑐶𑐟𑐶𑐣
75fb532c,𑐣𑐳𑐬𑐳𑑂𑐰𑐟𑐶𑐫𑐵𑐟𑐥𑐵𑐔𑐵𑐩𑐵𑐟𑑋𑑋𑑋𑑋𑐱𑐶𑐰𑐬𑐵𑐟𑑂𑐬𑐶𑐣𑐣𑐾𑐴𑑂𑐩𑐵𑐳𑑂𑐟𑐵𑑄
zfzc474d,𑐎𑐬𑐵𑐎𑐖𑐸𑐬𑑀𑑌𑐩𑐳𑐾𑐣𑐎𑑄𑐨𑐶𑐣𑐎𑑂𑐬𑐳𑐵𑑍𑐄𑐟𑑂𑐬𑑀𑐎𑑂𑐟𑐦𑐮𑐬𑐵𑐎𑐖𑐸𑐬𑑀𑑌
c46zdbb0,𑐫𑐠𑐵𑐎𑐬𑑂𑐞𑐩𑐸𑐴𑐸𑐟𑑂𑐬𑐾𑐱𑐸𑐎𑑂𑐬𑐧𑐵𑐮𑐳𑐮𑐾𑑌𑐧𑐶𑐕𑐸𑐮𑐵𑐳𑐶𑐐𑐟𑐾𑐳𑐧𑐶
dzdaa008,𑐱𑑂𑐬𑐷
9973fa9a,𑐞𑑂𑐜𑐬𑐾𑐧𑐵𑐳𑐸𑐎𑐶𑐎𑑂𑐲𑐾𑐟𑑂𑐬𑐾𑐱𑑂𑐬𑐷𑑓𑐥𑐱𑐸𑐥𑐟𑐶𑐳𑐣𑐶𑐢𑐵𑐣𑐾𑐧𑐵𑐐𑑂𑐩𑐟𑑂𑐫𑐵𑑄𑐥𑐱𑑂𑐔𑐶𑐩𑐎𑐸𑐬𑐾𑐧𑐶𑐲𑑂
cc6dcbz6,𑐞𑑂𑐜𑐮𑐬𑐶𑐬𑐸𑐥𑐩𑐡𑐵𑐣𑐢𑐵𑐬𑑀𑐥𑐵𑐬𑑂𑐖𑑂𑐖𑐶𑐟𑐫𑐱𑑂𑐬𑑅𑐥𑐹𑐬𑐎𑐫𑐸𑐬𑐰𑐶𑐦𑐮𑐷𑐎𑐺𑐟𑐱𑑂𑐬𑐷𑐏𑐞𑑂𑐜𑐏𑐞𑑂𑐜𑐬𑐸𑐞𑑂𑐜𑐬𑐷𑐎
17ff6ab0,𑐬𑐩𑐴𑐵𑐣𑐐𑐬𑐀𑐳𑑂𑐰𑐎𑐩𑐡𑐥𑐢𑐵𑐮𑐵𑐗𑑂𑐫𑐾𑐟𑐵𑐩𑐐𑐮𑐥𑐸𑐊𑐎𑐎𑑂𑐲𑐫𑐵
bzzf6faf,𑐥𑐬𑐵𑐖𑐨𑐵𑐬𑑀𑑍𑐩𑐴𑐶𑐬𑐵𑐨𑐵𑐬𑑀𑑍𑐖𑑀𑐟𑐶𑐨𑐵𑐬𑑀𑑍𑐖𑐫𑐟𑐳𑐶𑑄𑐴𑐨𑐵𑐬𑑀𑑍𑐖𑑂𑐘𑐵𑑄𑐨𑐵
8a5cf2a2,𑐬𑐷𑐩𑐫𑐶𑐣𑐾𑐴𑑂𑐩𑑄𑐟𑐶𑐬𑐷𑐥𑐸𑐬𑐸𑐏
bb2769aa,𑐴𑐵𑐡𑐾𑐰𑐳𑑂𑐎𑐾𑑍𑐱𑑂𑐬𑐷𑑓𑐣𑐵𑐬𑐵𑐫𑐣𑐳𑑂𑐎𑑄𑑍𑐣𑐾𑐩𑑂𑐴𑑄𑐳𑑂𑐟𑐵𑑍𑐖𑐸𑑑𑐥𑐸𑐖𑐵𑑍𑐡𑑄𑑒𑐡𑐎𑑂𑐲𑐶𑐣𑐵𑐡𑑄𑑒
aa76azf9,𑐐𑐱𑑂𑐰𑐬𑐥𑑄𑐔𑐵𑐫𑐣𑐀𑐴𑑀𑐬𑐵𑐟𑑂𑐬𑐫𑐖𑑂𑐘𑐫𑐵𑐒𑐵𑐰𑑍𑐳𑐹𑐰𑐬𑑂𑐞𑑂𑐞𑐎𑐮𑐾𑐱𑐢𑑂𑐰
34170724,𑐥𑐶𑐟𑑄𑐞𑐶𑐰𑑄𑐢𑐶𑐖𑐣𑐳𑐾𑐰𑐎𑑄𑐣𑐶𑐟𑑂𑐫𑑄𑐰𑐣𑑂𑐡𑐾𑐴𑑄𑐩𑐷𑐱𑑂𑐰𑐬𑑄𑐥𑑂𑐬𑐟𑐶
74d70091,𑐣𑑂𑐟𑐣𑐵𑐬𑐵𑐫𑐞𑐨𑐵𑐬𑑀𑐠𑑄𑐕𑐚𑑀𑐮𑐫𑐵𑐢𑑄𑐖𑐸𑐨𑐵𑐬𑑀𑐰𑑄𑐎𑐸𑐚𑑀𑐮
2257103c,𑐖𑐨𑐵𑐰𑑀𑐕𑐾𑐩𑑂𑐴𑑀𑐫𑐬𑐸𑐎𑐾𑐱𑐐𑐸𑐞𑐄𑐮𑑂𑐴𑐵𑐳𑐶𑑄𑐴𑐐𑑂𑐫𑐵𑐣𑐔𑐣𑑂𑐡𑑂𑐬𑐀𑐩𑐺𑐟𑐬𑐵𑐖𑐥𑐵
z5cz9119,𑐥𑐟𑑂𑐬𑐵𑐬𑑂𑐠𑐾𑐡𑐺𑐲𑑂𑐚𑐳𑐵𑐎𑑂𑐲𑐶𑐱𑑂𑐬𑐷𑐱𑑂𑐬𑐷𑐖𑐫𑐖𑑂𑐫𑑀𑐟𑐶𑐥𑑂𑐬𑐎𑐵𑐱𑐩𑐮𑑂𑐮𑐡𑐾𑐰𑑌𑐳𑐩𑑂𑐰𑐟𑑂𑑘𑑘𑑑𑐩𑐵𑐑𑐱𑐸𑐡𑐶𑑑𑑕
19909z6a,𑐧𑐵𑐣𑐾𑐳𑑂‍𑐰𑐬𑐟𑐵𑐬𑐜𑑀𑐠𑐜𑐂𑐢𑐵𑐬𑐧𑐸𑐣𑑀𑑑𑐔𑐸𑐣𑑑𑐡𑑀𑐴𑐣𑐥𑐟𑐫𑐵𑐖𑐸𑐣𑑀𑑅𑐠𑑂‍𑐰𑐔𑐸𑐫𑐵
5cfb1134,𑐩𑐏𑐣𑐩𑐞𑑂𑐜𑐥𑐟𑑀𑐬𑐎𑐾𑑍𑐥𑐶𑐠𑐸𑐐𑑂𑐰𑐵𑐕𑐾𑐐𑐺𑐴𑐰𑐵𑐳𑐶𑐣
33786b88,𑐥𑐟𑐾𑑅𑑋𑐥𑐡𑑂𑐩𑐮𑐎𑑂𑐲𑑂𑐩𑐷𑐩𑐴𑐵𑐬𑐵𑐣𑐷𑐳𑐡𑐵𑐨𑐬𑑂𑐟𑐺𑐥𑐬𑐵𑐫𑐞𑐵𑑌𑐬𑐵𑐖𑐵𑐳𑑄𑐥𑑂𑐬𑐟𑐶𑐰𑐶𑐲𑑂𑐞𑐸𑐳𑐶𑑄𑐴𑐣𑐺𑐥𑐟𑐶𑐎𑑂𑐲𑐷𑐬𑑀𑐡𑐢𑐾𑐬𑐸𑐴𑑂𑐫𑐟𑑀
fz5z8z4d,𑐳𑐠𑐵𑐥𑐸𑐖𑐵𑐫𑐵𑐫𑐩𑐵𑐬𑐧𑐸𑐳𑐵𑐢𑐣𑐎𑐸𑐣𑑂𑐴𑐸𑐟𑐶𑐔𑑀𑐡𑑀𑐬𑐧𑐸𑐫𑐵𑐰𑐬𑐳𑐵𑐣𑐥𑐾𑐧𑑀𑐳𑐕𑐶𑐰𑑀𑐣𑐔𑐵𑐌𑐠
10fccb39,𑐖𑐐𑐟𑑂𑐎𑐵𑐬𑐶𑐞𑐷𑑋𑐳𑑄𑐳𑐵𑐬𑐵𑐩𑑂𑐧𑐸𑐢𑐶𑐟𑐵𑐬𑐶𑐞𑐷𑐣𑐶𑐖𑐥𑐡𑐵𑐳𑐎𑑂𑐟𑐢𑐶𑐳𑑄𑐴𑐵𑐬𑐶𑐞𑐷𑐱𑐩𑑂𑐨𑐸𑐎𑑂𑐬𑑀𑐜
453b3b03,𑐢𑐵𑐩𑐢𑑀𑐬𑐒𑑂𑐞𑐬𑐡𑐹𑐬𑑂𑐒𑑂𑐐𑐬𑐡𑑂𑐰𑐶𑐬𑐡𑐫𑐸𑐠𑐥𑐟𑐶𑐥𑐵𑐡𑑀𑐴𑐸𑐟𑐢𑐸𑐩𑐵𑐎𑐵𑐬𑐢𑐸𑐮𑐶𑐢𑑂𑐞𑐳𑐬𑐶𑐟𑐡𑐶𑐎𑑂𑐎𑐞𑐸𑐮𑐵𑐟𑐵𑐟𑑂𑐬𑑂𑐫𑐩𑐵𑐣𑐎𑐾
8797a63b,𑐳𑐢𑐬𑑂𑐩𑑂𑐩𑐳𑐵𑐮𑐵𑐔𑐥𑐵𑐮𑐡𑐫𑐎𑐵𑐱𑑂𑐬𑐷𑐳𑐶𑐡𑑂𑐢𑐶𑐎𑐵𑐮𑐶𑐎𑐵
a621ab69,𑐎𑐳𑐎𑐾𑐳𑐸𑐰𑐬𑑂𑐞𑐩𑐸𑐏𑐡𑐫𑐎𑑄𑐥𑑂𑐬𑐟𑐶𑐳𑑂𑐠𑐵𑐫𑐵𑐒𑐵𑐡𑐶𑐣𑐖𑐸𑐬𑑀𑑌𑐡𑐵𑐣𑐥𑐕𑐶𑐱𑑂𑐬𑐷𑐡𑐾𑐰𑐬𑐵𑐖𑐥𑑂𑐬𑐩𑐸𑐏𑐣𑐱𑑂𑐬𑐷𑐥𑐸𑐬𑐸
d284b6b7,𑐩𑐮𑑂𑐮𑐳𑑂𑐫𑑍𑐖𑑂𑐫𑐾𑐲𑑂𑐛𑐵𑐳𑐬𑑂𑐰𑐐𑐸𑐞𑐵𑐣𑑂𑐰𑐶𑐟𑐵𑑋𑐰𑐶𑐲𑑂𑐞𑐸𑐩𑐟𑐷𑐟𑐶𑐣𑐵𑐩𑑂𑐣𑐵𑐳𑑁𑐰𑐶𑐲𑑂𑐞𑑀𑐬𑑂𑐮𑐎𑑂𑐲𑑂𑐩𑐷𑐬𑐶𑐰𑐵𑐥𑐬𑐵𑑌𑐎𑐣𑐶𑐲𑑂𑐛𑐵𑐖𑐫𑐮𑐎𑑂𑐲𑑂𑐩𑐷𑐳𑐵𑑍𑐱𑑄𑐎𑐬𑐳𑑂𑐫𑐾𑐰𑐥𑐵𑐬𑑂𑐰𑑂𑐰𑐟𑐷
c4c97f50,𑐩𑐴𑐶𑑄𑐡𑑂𑐬𑐳𑐶𑑄𑐫𑐵𑐎𑐵𑐫𑐖𑑀𑐐𑐣𑐵𑐬𑐵𑑄𑑚𑐥𑐸𑐣𑐵𑐬𑐵𑑄𑑚𑐣𑐶𑐩𑑂𑐴𑐳𑐫𑐵𑑚𑐢𑐬𑑂𑐩𑑂𑐩
43cd1774,𑐳𑑂𑐟𑑂𑐬𑐵𑐬𑑂𑐠𑐰𑐶𑐟𑑂𑐟𑐟𑐸𑐮𑑂𑐫𑑀𑐣𑐢𑐬𑐵𑐥𑐟𑐶𑐬𑑂𑐨𑐸𑐰𑐶𑐟𑐡𑐵𑐰𑐎𑐞𑑂𑐛𑐣𑐵𑐠𑑀𑐥𑐩𑑅𑑌𑐁𑐳𑐷𑐡𑑂𑐫𑑀𑐐𑐣𑐬𑐾𑐣𑑂𑐡𑑂𑐬𑐩𑐮𑑂𑐮𑐣𑐺𑐥𑐟𑐶𑑅𑐱𑑂𑐬𑐷𑐱𑑂𑐬𑐷𑐣𑐶𑐰𑐵𑐳𑐵𑐟𑑂𑐩𑐖𑑀𑐫𑐟𑑂𑐟𑐸𑐮𑑂𑐫𑑀𑐨𑐸
4az77d5b,𑐨𑐵𑐣𑐸𑐥𑑂𑐬𑐟𑐶𑐩𑐥𑑂𑐬𑐟𑐵𑐥𑑀𑐰𑐶𑐬𑐵𑐖𑐟𑐾𑐩𑐵𑐬𑐳𑐩𑐵𑐣𑐬𑐹𑐥𑑅𑑌𑐳𑐱𑑂𑐬𑐷𑐣𑐶𑐰𑐵𑐳𑑀𑐣𑐺𑐥𑐰𑐵𑐳𑐬𑐾𑐱𑑀𑐨𑐐𑐷𑐬𑐠𑐳𑑂𑐫𑐵𑐣𑐸𑐩𑐟𑑄𑐐𑐺𑐴𑐷𑐟𑑂𑐰𑐵𑑍𑐀𑐎𑐵𑐬𑐫𑐡𑑂𑐨𑐷𑐲𑐞
60dd9z21,𑐀𑐩𑐵𑐟𑑂𑐫𑑍𑐮𑐎𑑂𑐲𑑂𑐩𑐷𑐣𑐵𑐬𑐵𑐫𑐞𑐨𑐵𑐬𑑀𑑍𑐮𑐾𑐰𑐵𑐨𑐵𑐬𑑀𑑍𑐮𑐎𑑂𑐲𑑂𑐩𑐷𑐢𑐬𑐨𑐵𑐬𑑀𑑍𑐠𑑂𑐰𑐟𑐾𑐳𑐾𑐣𑑍𑐠𑑂𑐰𑐔𑑀𑐳𑑂𑐫𑑄𑐟𑐎𑑀𑐰𑐬𑑂𑐲𑐥𑑂𑐬𑐟𑐶𑐀𑐰𑐶𑐕𑐶𑐣𑑂𑐣𑐫𑐵𑐒𑐔𑐶𑐣𑑂𑐟
4fzz3a6b,𑑊𑑉𑐣𑐩𑑅𑐬𑐟𑑂‍𑐣𑐟𑑂𑐬𑐫𑐵𑐫𑑌𑐀𑐞𑐱𑑀𑐬𑐶𑐬𑑂𑐩𑑂𑐩𑐮𑑀𑐟𑑂𑐨𑐹𑐟𑑀𑑍𑐣𑐶𑐲𑑂𑐥𑑂𑐬𑐥𑐘𑑂𑐔𑑅𑐐𑐸𑐞𑐵𑐱𑑂𑐬𑐫𑑅𑐥𑐘𑑂𑐔𑐳𑑂𑐎𑐥𑐵𑐟𑑂‍𑐩𑐣𑑂𑐣
ca842c44,𑐬𑑀𑑋𑑋𑐥𑐸𑐣𑐨𑐵𑐏𑐵𑐠𑑂𑐰𑐕𑐾𑐳𑐢𑐬𑑂𑐩𑑂𑐩𑐬𑐵𑐖𑐵𑐫𑐵𑐰𑑄𑐳𑐡𑐟𑑀
136746d7,𑐱𑐶𑐐𑐟𑐾𑐔𑐣𑑂𑐡𑑂𑐬𑐩𑐱𑐶𑑋𑑋𑐱𑐸𑐨𑐩𑐳𑑂𑐟𑐸𑐳𑐬𑑂𑐰𑑂𑐰𑐡𑐵𑐱𑐸𑐨𑑋𑑋
dfa58167,𑐎𑐳𑐎𑐾𑐳𑐸𑐰𑐬𑑂𑐞𑐩𑐸𑐏𑐡𑐫𑐎𑑄𑐥𑑂𑐬𑐟𑐶𑐳𑑂𑐠𑐵𑐫𑐵𑐒𑐵𑐡𑐶𑐣𑐖𑐸𑐬𑑀𑑌𑐡𑐵𑐣𑐥𑐕𑐶𑐱𑑂𑐬𑐷𑐡𑐾𑐰𑐬𑐵𑐖𑐥𑑂𑐬𑐩𑐸𑐏𑐣𑐱𑑂𑐬𑐷𑐥𑐸𑐬𑐸
2f06zzac,𑐒𑐵𑐌𑑍𑐌𑐫𑐵𑐟𑐔𑐿𑐟𑐱𑐸𑐎𑑂𑐬𑐫𑐵𑐀𑐲𑑂𑐚𑐩𑐶𑐬𑐐𑑂𑐰𑑑𑐠𑐫𑐩𑐵𑐬𑑍𑐧𑐰𑐡𑐾𑐖𑐸𑐥𑐣𑐶𑐳𑑂𑐠
7b291d24,𑐣𑐖𑐬𑐢𑐵𑐮𑐵𑐳𑐶𑐢𑐎𑑄𑐣𑐶
92429213,𑐬𑑂𑐩𑑂𑐩𑐔𑐶𑐟𑑂𑐟𑐖𑐵𑐥𑑍𑐠𑑂𑐰𑐰𑐶𑐴𑐵𑐬𑐡𑐫𑐎𑐵𑑌
5a82a93a,𑐨𑐵𑐬𑑀𑑍𑐖𑐶𑐟𑐬𑐵𑐖𑐨𑐵𑐬𑑀𑑍𑐖𑐐𑐟𑐬𑐵𑐖𑐨𑐵𑐬𑑀𑑍𑐟𑑀𑐫𑐨𑐵𑐬𑑀𑑍𑐣𑐵𑐠
f468b167,𑐰𑐶𑐲𑐫𑐰𑐶𑐲𑐢𑐬𑐐𑑂𑐬𑐳𑑂𑐟𑐔𑐶𑐟𑑂𑐟𑑀𑐥𑐣𑐷𑐔𑑅𑑌𑐖𑑂𑐫𑐾𑐲𑑂𑐛𑐾𑐩𑐵𑐳𑐶𑐳𑐶𑐟𑐾𑐖𑐣𑐵𑐬𑑂𑐡𑑂𑐡𑐣𑐟𑐶𑐠𑑁𑐧𑐵𑐞𑐵𑐖𑐶𑐣𑐵𑐐𑐒𑑂𑐎𑐶𑐟𑐾𑐰𑐬𑑂𑐲𑐾𑐥𑑄𑐎𑑂𑐟𑐶
654a9bf2,𑐳𑐶𑐟𑑋𑑋𑐎𑐵𑐱𑑂𑐫𑐥𑑍𑐐𑑀𑐟𑑂𑐬𑐳𑑂𑐫𑑍𑐐𑑀𑐥𑐵𑐮𑐬𑐵𑐩𑐨𑐵𑐬𑑀𑐩𑑂𑐟𑑂𑐬𑐷𑐢𑑄𑐮𑐵
768a10z7,𑐩𑐴𑐵𑐣𑐠𑐬𑐾𑐱𑑂𑐬𑐷𑐫𑑄𑐐𑑂𑐮𑐎𑐵𑐲𑑂𑐚𑐩𑐞𑑂𑐜𑐥𑐳𑑂𑐠𑐵𑐣𑐾𑐂𑐴𑐿𑐰𑐥𑐹𑐞𑑂𑐫𑐨𑐸𑐩𑑁𑑌𑐱𑑂𑐬𑑀𑐫𑑀𑐬𑐳𑑂𑐟𑐸𑐳
6474fz1d,𑐏𑐞𑑂𑐜𑐾𑐨𑐵𑐬𑐟𑐧𑐬𑑂𑐲𑑌𑐴𑐶𑐩𑐧𑐚𑑂𑐚𑐎𑑂𑐲𑐶𑐱𑐥𑐵𑐡𑐾𑐣𑐾𑐥𑐵𑐮𑐩𑐞𑑂𑐜𑐮𑐾𑐱𑑂𑐬𑐷𑑓𑐥𑐱𑐸𑐥𑐟𑐶
a6b2766f,𑐨𑑅𑐳𑑄𑐩𑑂𑐰𑐟𑑂𑑘𑑔𑑐𑐔𑐟𑑂𑐫𑐱𑐸𑐮𑑂𑐎𑐔𑐟𑐸𑐠𑐶𑐥𑐥𑐘𑑂𑐔𑐩𑐶𑐎𑐸𑐣𑑂𑐴𑐸𑐥𑐟𑐶𑐳𑑂𑐛𑐵𑐫𑐵𑐒𑐵𑐖𑐸𑐬𑑀𑐠𑑂𑐰𑐧𑐾𑐬𑐳𑑄𑐥𑐬𑑂𑐡𑑂𑐩𑐢𑑂𑐬𑑍𑐢𑐡𑑂𑐩𑐢𑑂𑐬𑐥𑑂𑐬𑐩𑐹𑐏𑐞
dczd06b9,𑐣𑑂𑐣𑐴𑐣𑑂𑐣𑐾𑐩𑐵𑐮𑐖𑐸𑐬𑑀𑐮𑑀𑐥𑐫𑐵𑐎𑐵𑐮𑐾𑐐𑑀𑐧𑑂𑐬𑐵𑐴𑑂𑐩𑐞𑐵𑐡𑐶𑐥𑑄𑐔𑐩𑐴𑐵𑐥𑐵𑐟𑐎𑐵𑐡𑐶𑐮𑐵𑐎𑐖𑐸𑐬𑑀𑐮𑑀𑐥𑐩𑐫𑐵
5ba89137,𑐠𑐸𑐫𑐩𑐡𑐸𑑍𑐩𑐶𑐕𑑀𑐫𑐎𑐾𑐩𑐡𑐸𑐰𑐬𑐲𑐸𑐣𑐶𑐔𑐥𑐵𑐮𑐫𑐵𑐖𑑀𑐐𑐶𑐣𑐧𑐶𑐔𑐵𑐬𑐫𑐵𑐫𑐩𑐵𑐮𑐧𑐶𑐔𑐵𑐬𑐩𑐫𑐵
99z98c90,𑐟𑐬𑐵𑐳𑐶𑐐𑐟𑐾𑐳𑐰𑐶𑐟𑐬𑐾𑐳𑐶𑑄𑐴𑐬𑐵𑐳𑐶𑐐𑐟𑐾𑐔𑑄𑐡𑑂𑐬𑐩𑐳𑐶𑑌𑐟𑐳𑑂𑐩𑐶𑐡𑐶𑐣𑐾𑑌𑐂𑐟𑐸𑑄𑐧𑐵𑐴𑐵𑐬𑐁
z69d4016,𑐟𑑂𑐬𑐺𑐥𑐶𑐟𑐺𑐥𑐶𑐟𑐺𑐰𑑂𑐫𑐵𑐣𑐵𑑄𑐥𑐶𑐟𑐵𑐩𑐴𑐵𑐡𑐶𑐎𑐳𑑂𑐫𑐥𑑌𑐖𑐵𑐫𑐵𑐳𑑂𑐰𑐵𑐠𑐺𑐡𑐺𑐴𑐶𑐟𑐺𑐱𑑂𑐩𑑄𑐎𑐸𑐮𑑀𑐡𑑂𑐰𑐵𑐬
1479dc61,𑐫𑐵𑐀𑐦𑐧𑐹𑐮𑑀𑑔𑐢𑐮𑐶𑐏𑐾𑐮𑐎𑑀𑐧𑐸𑐮𑑀𑑗𑐎𑐬𑑂𑐲𑑒𑐀𑐟𑐥𑐵𑐧𑐹𑐮𑑀𑑑
983c2083,𑐬𑐎𑑂𑐲𑑂𑐩𑐶𑐢𑐩𑐂𑐠𑑂𑐰𑐳𑐾𑐣𑐱𑑂𑐰𑐐𑐺𑐴𑐾𑐩𑐣𑐳𑐂𑐕𑑂𑐫𑐵𑐢𑐩𑑂𑐩𑐔𑐶𑐟𑑂𑐄𑐟𑑂𑐫𑐖𑐸𑐫𑐵𑐌𑐳𑐶𑐬𑐵
06926470,𑐄𑐟𑑂𑐥𑐟𑑂𑐟𑐶𑐖𑐸𑐳𑑂𑐫𑑄𑐣𑑂𑐴𑐵𑐥𑐵𑐫𑐵𑐐𑐸𑐔𑐿𑐟𑑂𑐫𑐖𑐶𑐣𑐖𑐸𑐫𑐵𑐌𑐒𑐐𑐸𑑌𑐩
4cf42588,𑐣𑐨𑐚𑑂𑐚𑐵𑐬𑐎𑐎𑐵𑐳𑐣𑑂𑐴𑐥𑐵𑐔𑐥𑐵𑐜𑐫𑐵𑐒𑐔𑑀𑐒𑐳𑐳𑐊𑐰𑐛𑐵𑐎𑐸𑐮𑐳𑐣𑐩𑐣𑑂𑐟𑑂𑐬𑐷𑐨𑐐𑐷𑐬𑐠𑐨𑐫𑐵𑐨𑐵𑐬𑑀𑐳𑐰𑐳𑑄𑐰𑐟𑐫𑐵𑐒𑐣𑐁𑐖𑑂𑐘𑐵𑐥𑑂𑐬𑐳𑐣𑑂𑐣𑐖𑐸
196b1add,𑑊𑐳𑑂𑐣𑐵𑐟𑐸𑐬𑑂𑐖𑑂𑐖𑐣𑑂𑐩𑐣𑐶𑐰𑐵𑐬𑐶𑐞𑐷𑐖𑐜𑐢𑐶𑐫𑐵𑑄𑐖𑐵𑐜𑐔𑑁𑐢𑐰𑐶𑐢𑑂𑐰𑑄𑐳𑐶𑐣𑐷𑑍𑐩𑐺𑐟𑑂𑐎𑐣𑑂𑐡𑐬𑐡𑐵𑐬𑐶𑐞𑐷𑐴𑐬𑐩𑐸𑐏𑐵𑐖𑑂𑐖𑐵𑐟𑐵𑐖𑐐𑐟𑑂𑐥𑐵𑐰𑐣𑐷𑑋
fb10c295,𑐰𑐵𑐫𑐵𑐎𑑌𑐠𑑀𑐐𑐸𑐬𑐳𑐾𑐰𑐵𑐣𑑍𑐩𑐴𑐵𑐬𑐵𑐖𑐵𑐥𑑂𑐬𑐳𑐣𑑂𑐣𑐖𑐸𑐫𑐵𑐰𑐠𑑀𑐩𑐞𑐶𑐩𑐞𑑂𑐜𑐥𑐳𑐧𑐶𑐖𑑂𑐫𑐵𑐒𑐵𑐰𑐣𑐬
2d1d9527,𑐖𑐫𑐟𑐳𑐶𑑄𑐴𑐐𑐰𑐬𑐶
7d79292a,𑐳𑑂𑐟𑐶𑐬𑐹𑐥𑐔𑐶𑐨𑐰𑑅𑐎𑐵𑐩𑑀𑐥𑐣𑑅𑐳𑐸𑐣𑑂𑐡𑐬𑑅𑑋𑐳𑐸𑐣𑑂𑐡𑐬𑑅𑑋𑐥𑑂𑐬𑐵𑐳𑐵𑐡𑑄𑐳𑐔𑐎𑐵𑐬𑐥𑑄𑐔𑐥𑐚𑐮𑑅𑐳𑐬𑑂𑐰𑐾𑐱𑑂𑐰𑐬𑐵𑐫𑐵𑐥𑑂𑐫𑐳𑑁𑐎𑐸𑐬𑑂𑐰𑐣𑑂𑐎𑑀𑐚𑐶𑐩𑐏𑑄𑐰𑐺𑐎𑑀𑐡𑐬𑐟𑐣𑐸𑑄𑐖𑐷𑐬𑑂𑐞𑐵
3424ac34,𑐧𑐸𑐳𑐵𑐢𑐣𑐫𑐵𑐫𑐩𑐵𑐮𑐔𑐥𑐵𑐮𑐳𑐳𑐾𑐣𑐐𑐸𑐮𑑂𑐴𑑀𑐣𑐾𑐩𑐵
d7798az4,𑐳𑑂𑐟𑐶𑐬𑐹𑐥𑐔𑐶𑐨𑐰𑑅𑐎𑐵𑐩𑑀𑐥𑐣𑑅𑐳𑐸𑐣𑑂𑐡𑐬𑑅𑑋𑐳𑐸𑐣𑑂𑐡𑐬𑑅𑑋𑐥𑑂𑐬𑐵𑐳𑐵𑐡𑑄𑐳𑐔𑐎𑐵𑐬𑐥𑑄𑐔𑐥𑐚𑐮𑑅𑐳𑐬𑑂𑐰𑐾𑐱𑑂𑐰𑐬𑐵𑐫𑐵𑐥𑑂𑐫𑐳𑑁𑐎𑐸𑐬𑑂𑐰𑐣𑑂𑐎𑑀𑐚𑐶𑐩𑐏𑑄𑐰𑐺𑐎𑑀𑐡𑐬𑐟𑐣𑐸𑑄𑐖𑐷𑐬𑑂𑐞𑐵
5d8c33b7,𑐮𑑂𑐮𑐡𑐾𑐰𑐥𑑂𑐬𑐨𑐸𑐠𑐵𑐎𑐹𑐬𑐳𑐄𑐨𑐫𑐬𑐵𑐖𑑂𑐫𑐳𑐥𑑂𑐬𑐵𑐢𑐵𑐣𑐵𑐒𑑂𑐐𑐴𑐵𑐎𑐹
2b6092f7,𑐣𑐵𑐣𑐟𑐳𑑂𑐫𑐨𑐵𑐬𑑂𑐖𑑂𑐫𑐵𑐩𑑀𑐟𑐶𑐩𑐵𑐫𑐵
388z7b4z,𑐥𑐸𑐣𑐬𑐎𑑂𑐲𑐩𑐶𑐟𑑂𑐫𑐵𑐟𑐶𑐨𑐵𑐫𑐸𑐟𑐷𑐬𑐕𑐶𑐢𑐮𑐷𑐔𑐟𑐸𑐫𑐰𑐵𑐮𑐫𑐟𑑂𑐬𑐷𑐎𑑂𑐲𑐣𑐳𑑂𑐰𑐮𑐷𑐟𑐵𑐮𑐵𑐡𑐸
dd3d2526,𑐮𑐶𑐟𑐥𑑂𑐬𑑀𑐡𑑂𑐫𑐣𑑂𑐩𑑀𑐴𑐢𑐣𑐵𑐣𑑂𑐢𑐎𑐵𑐬𑐥𑐚𑐮𑐥𑑂𑐬𑐰𑑂𑐫𑐎𑑂𑐟𑐧𑑀𑐢𑑀𑐡𑐫𑑅𑑋𑐱𑐵𑐣𑑂𑐟𑐎𑑂𑐮𑐵𑐣𑑂𑐟𑐥𑐬𑐵𑐨𑐰𑐵𑐫𑐟𑐢𑐬𑐵
9fb1673c,𑐣𑑂𑐜𑐮𑐎𑑂𑐲𑑂𑐩𑐶𑐩𑐸𑐣𑐶𑐢𑐬𑐎𑐳𑑂𑐫𑐥𑐸𑐟𑑂𑐬𑐬𑐵𑐖𑐧𑐶𑐬𑐳𑐶𑑄𑑍𑐀𑐩𑐸𑐢𑐬
24966889,𑐳𑑂𑐫𑑍𑐰𑐶𑐔𑐬𑐳𑐵𑐠𑐾𑐔𑑀𑐒𑐁𑐥𑐬𑐳𑐸𑐣𑐵𑐣𑑄𑐳𑐾𑐣𑐎𑑂𑐬𑐳𑐵𑐧𑐸𑐡𑑂𑐢𑐑𑐵𑐟
1z2c07db,𑐄𑐟𑑂𑐟𑐨𑐡𑑂𑐬𑐣𑐎𑑂𑐲𑐟𑑂𑐬𑐾𑐥𑑂𑐬𑐷𑐟𑐶𑐖𑑀𑐐𑐾𑐳𑑂𑐰𑐩𑐰𑐵𑐳𑐬𑐾𑐠𑑂𑐰𑐎𑐸𑐣𑑂𑐴𑐸𑐳𑑄𑐥𑐹𑐬𑑂𑐞𑐥𑑂𑐬𑐟𑐶𑐲𑑂𑐛𑐵𑐫𑐵𑐒𑐵𑐡𑐶𑐣𑐖𑐸𑐬𑑀𑐱𑐸𑐨
7z4dc140,𑐬𑐵𑐖𑐬𑐵𑐖𑐾𑐣𑑂𑐡𑑂𑐬𑐳𑐎𑐬𑐬𑐵𑐖𑐔𑐎𑑂𑐬𑐵𑐢𑐶𑐳𑑂𑐰𑐬𑑍𑐱𑑂𑐬𑐷𑐱𑑂𑐬𑐷𑐖𑐫𑐨𑐹𑐥𑐵𑐬𑐾𑐣𑑂𑐡𑑂𑐬𑐩𑐮𑑂𑐮𑐡𑐾𑐰
55b4f875,𑐧𑐿𑐬𑑀𑐔𑐣𑐡𑐫𑐎𑐵𑐳𑑂𑐰𑐥𑐶𑐟𑐵𑐡𑐶𑐧𑑄𑐐𑐟𑐢𑐣𑐡𑐟𑑂𑐟𑐳𑐶𑑄𑐳𑑂𑐰𑐩𑐵𑐟𑐵𑐡𑐶𑐧𑑄𑐐𑐟𑐖𑑀𑐐
3b22a4fa,𑐳𑐡𑐵𑐨𑐎𑑂𑐟𑐶𑐣𑑁𑐣𑐶𑐥𑑂𑐬𑐥𑐺𑐖𑑂𑐫𑑄𑑌𑐩𑐞𑐷𑐳𑐶𑑄
2a83458d,𑐎𑑀𑐚𑑂𑐫𑐵𑐴𑐸𑐣𑑂𑐟𑐶𑐴𑑀𑐩𑐫𑐵𑐒𑐵𑐰𑐠𑑀𑐩𑐞𑐶𑐩𑐞𑑂𑐜𑐥𑑄𑐳𑐱𑐎𑑂𑐟𑐶𑐣𑐳𑐴𑐶𑐟𑐨𑐬𑐰𑐡𑐫𑐎𑑄𑐳𑑂𑐠𑐵𑐥𑐣𑐵
za0f9zf6,𑑍𑐎𑐸𑐟𑐸𑐳𑐶𑑄𑐴𑐰𑐡𑐾𑐖𑐸𑐠𑑂𑐰𑐟𑐾𑐳𑐾𑐣𑑍𑐳𑐾𑐮𑑂𑐴𑐳𑑍𑐰𑐬𑑂𑐲𑐥𑑂𑐬𑐟𑐶𑐀𑐰𑐶𑐔𑑂𑐕𑐶𑐣𑑂𑐣𑐫𑐵𑐒𑐔𑐶𑐣𑑂𑐟𑐵𑐫𑐵𑐫𑐩𑐵𑐮𑐖𑐸𑐬𑑀𑑌𑑌𑐨𑐹𑐫𑑌𑐟𑐰𑐡𑐴𑐳𑐶𑐎𑑂𑐲𑐾𑐟𑑂𑐬
8dd68539,𑐱𑐢𑑂𑐰𑐖𑐵𑐰𑐬𑑀𑐴𑐣𑐫𑐵𑐒𑐣𑐥𑑂𑐬𑐟𑐶𑐲𑑂𑐛𑐵𑐫𑐵𑐒𑐵𑐡𑐶𑐣𑐖𑐸𑐬𑑀𑑌𑐱𑐸𑐨𑐩𑐳𑑂𑐟𑐸𑑌𑐳𑐬𑑂𑐰𑑂𑐰𑐡𑐵𑑌
8ab8d3a4,𑐣𑐖𑑀𑐖𑐩𑐵𑐣𑐳𑐐𑐣𑐵𑐣𑐵𑑄𑑍𑐁𑐫𑐸𑐁𑐬𑑀𑐐𑐾𑑍𑐖𑐣𑐢𑐣𑐳𑑄𑐟𑐵𑐣𑐮𑐎𑑂𑐲𑑂𑐩𑐷𑐰𑐺
3f090a57,𑐥𑐶𑐞𑑄𑑋𑐥𑑄𑐔𑐟𑐟𑑂𑐟𑑂𑐰𑐵𑐟𑑂𑐩𑐎𑑄𑐡𑐾𑐰𑑄𑐥𑑂𑐬𑐵𑐳𑐵𑐡𑐾𑐳𑑂𑐠𑐵𑐥𑐶𑐟𑑀𑐣𑐺𑐥𑑌𑑋𑐥𑑂𑐬𑐵𑐳𑐵𑐡𑐩𑐾𑐣𑐩𑐟𑐶𑐨𑐎𑑂𑐟𑐶𑐩𑐟𑐵𑐰𑐶𑐟𑐷𑐫𑑂‌𑐬𑑂𑐫𑑍𑐣𑐵𑐬𑐵𑐫𑐞𑐵𑐫
a260a0a1,𑐥𑑂𑐬𑐷𑐟𑐶𑐣𑐣𑐎𑐥𑐳𑐮𑐫𑐵𑐨𑐶𑐩𑐨𑐵𑐬𑑀𑐥𑐸𑐟𑑂𑐬𑐩𑐵𑐣𑐰𑐶𑐬𑐨𑐵𑐬𑑀𑐥𑐸𑐟𑑂𑐬𑐎𑐾𑐴𑐾𑐬𑐳𑐶𑐥𑐸𑐟𑑂𑐬
60dfb3cz,𑐱𑐸𑐨𑑌𑐳𑐩𑑂𑐰𑐟𑑂‌𑑙𑑘𑑑𑐩𑐵𑐑𑐎𑐺𑐲𑑂𑐞𑑌𑐡𑐱𑐩𑐷𑑌𑐥𑐸𑐬𑑂𑐑𑐵𑐲𑐵𑐝𑐵𑐣𑐎𑑂𑐲𑐟𑑂𑐬𑐾𑑌
ba890b61,𑐏𑐞𑑂𑐜𑐾𑐨𑐵𑐬𑐟𑐧𑐬𑑂𑐲𑑌𑐴𑐶𑐩𑐧𑐚𑑂𑐚𑐎𑑂𑐲𑐶𑐱𑐥𑐵𑐡𑐾𑐣𑐾𑐥𑐵𑐮𑐩𑐞𑑂𑐜𑐮𑐾𑐱𑑂𑐬𑐷𑑓𑐥𑐱𑐸𑐥𑐟𑐶
f4b2f549,𑐬𑐵𑐩𑐬𑐔𑑄𑐣𑑂𑐡𑑂𑐬𑐨𑐵𑐬𑑀𑑍𑐀𑐣𑑂𑐟𑐳𑐶𑑄𑐒𑐨𑐵𑐬𑑀
fb2c6859,𑐮𑐮𑐶𑐟𑑄𑐎𑐺𑐟𑑄𑑋𑐔𑐵𑐟𑐸𑐬𑑂𑐰𑐬𑑂𑐐𑐦𑐮𑐵𑐥𑑂𑐬𑐵𑐥𑑂𑐟𑐶𑑍𑐢𑐬𑑂𑐩𑐱𑐵𑐮𑐵𑐩𑐶𑐩𑐵𑑄𑐱𑐸𑐨𑑄𑑋𑑋
bz62c3zd,𑐰𑐵𑐥𑐸𑐫𑐩𑐵𑐮𑐨𑑀𑐕𑐶𑐩𑐸𑐒𑐵𑐰𑐰𑐶𑐔𑑂𑐕𑑂𑐫𑐵𑐨𑑀𑐖𑐣𑐫𑐵𑐫𑐩𑐵𑐬𑑋𑑋𑑋𑑋𑑊𑐳𑐩𑑂𑐰𑐟𑑂
cac819ca,𑐎𑐸𑐩𑐵𑐬𑐷𑐳𑑄𑐑𑐬𑐟𑑂‍𑐣𑑑𑐴𑐬𑐶𑐎𑐸𑐮𑐶𑑑𑐮𑐟𑑂‍𑐣𑐧𑐵𑐴𑐵𑐡𑐸𑐬𑐐𑐸𑐥𑐎𑐸𑐩𑐵𑐬𑐷𑑑𑐩𑑀𑐴𑐩𑐵𑐫𑐵𑑑𑐐𑑂‍𑐫𑐷𑐟𑐩𑐵𑐫𑐵𑑑𑐖𑐵𑐦𑐸𑐩𑐵𑐫𑐵
614zdz6c,𑐟𑐵𑐫𑐵𑑅𑐡𑐶𑐣𑐳𑑅𑐱𑑂𑐬𑐷𑑓𑐁𑐬𑑂𑐖𑑂𑐫𑐵𑐰𑐬𑑀𑐎𑐶𑐟𑐾𑐳𑑂𑐰𑐬𑐖𑐩𑐬𑐾𑐳𑑂𑐰𑐬𑐫𑐵𑐰𑐶
zf8889b4,𑐠𑑂𑐰𑐟𑐾𑐫𑐵𑐐𑐸𑐠𑐶𑐖𑐫𑐥𑐟𑐶𑐎𑑂𑐬𑐖𑐸𑑌𑐠𑑂𑐰𑐬𑐮𑐎𑑂𑐲
9zbdaa11,𑐬𑐵𑐖𑐬𑐵𑐖𑐬𑐵𑐖𑐬𑐵𑐖𑐾𑐣𑑂𑐡𑑂𑐬𑐰𑐶𑐎𑑂𑐬𑐩𑐱𑐵𑐴𑐡𑐾𑐰𑐰𑐶𑐖𑐫𑐬𑐵𑐖𑑂𑐫𑑌
6331a711,𑐟𑐺𑐟𑐷𑐫𑐵𑐣𑑂𑐟𑐶𑐠𑑁𑐧𑐺𑐴𑐳𑑂𑐥𑐟𑐶𑐰𑐵𑐬𑐠𑑂𑐰𑐟𑐾
1zz8849a,𑐠𑑂𑐰𑐟𑐾𑑍𑐬𑑀𑐰𑑔𑐲𑑀𑐣𑐵𑐠𑐬𑐶𑐰𑐸𑐬𑑀𑐰𑑔𑐀𑐦𑐮𑐰𑐸𑐬𑑀𑐰𑑕𑐡𑐸𑐰𑐡𑐸𑐰𑐸𑑍𑐬𑑀𑐰𑑑𑐫𑐵𑐐𑐰𑐸𑑍𑐬𑑀𑐰𑑕𑐖𑐶𑐰𑐶𑐮𑐰𑐸𑑍𑐬𑑀𑐰𑑒𑐦𑐵𑐡𑑀𑐬𑐰𑐸
b108cz9z,𑐣𑐖𑐸𑐬𑑀𑐱𑐸𑐨𑑌𑐩𑐟𑐕𑑀𑐫𑐎𑐾𑐫𑐵𑐟𑐎𑐸𑐬𑑑𑐔𑐶𑐎𑑄𑐕𑑀𑐫𑐾𑐎𑐾𑐩𑐵𑐬𑐱𑐸𑐨𑑋𑑋
d7d29156,𑐬𑑂𑐩𑑂𑐩𑐖𑐐𑐟𑐳𑑄𑐳𑐵𑐬𑐳𑐮𑐥𑑂𑐬𑐵𑐞𑐶𑐄𑐢𑐵
888148db,𑐧𑐳𑐎𑐾𑐡𑐸𑐰𑐣𑐾𑐮𑑀𑐴𑑀𑐡𑐾𑐰𑐮𑐡𑐫𑐎𑐵𑐱𑑂𑐬
6bz2f240,𑐥𑐟𑐾𑑅𑑋𑐥𑐡𑑂𑐩𑐮𑐎𑑂𑐲𑑂𑐩𑐷𑐩𑐴𑐵𑐬𑐵𑐣𑐷𑐳𑐡𑐵𑐨𑐬𑑂𑐟𑐺𑐥𑐬𑐵𑐫𑐞𑐵𑑌𑐬𑐵𑐖𑐵𑐳𑑄𑐥𑑂𑐬𑐟𑐶𑐰𑐶𑐲𑑂𑐞𑐸𑐳𑐶𑑄𑐴𑐣𑐺𑐥𑐟𑐶𑐎𑑂𑐲𑐷𑐬𑑀𑐡𑐢𑐾𑐬𑐸𑐴𑑂𑐫𑐟𑑀
24a6157f,𑐫𑑀𑐐𑐳𑑀𑐩𑐧𑐵𑐬𑐠𑑂𑐰𑐎𑐸𑐣𑑂𑐴𑐸𑐥𑑂𑐰𑐵𑐠𑐮𑑄𑐏𑐸𑐰𑐶𑐖𑐫𑐴𑐬𑐶𑐎𑑀𑐕𑐎𑑀𑐡𑐺𑐲𑑂𑐛𑐎𑐷𑐬𑑂𑐟𑑂𑐬𑐶
9a46cf90,𑐡𑐸𑐡𑐵𑐟𑐵𑐫𑐵𑐧𑑄𑐳𑐡𑐟𑐾𑐔𑐶𑐟𑐵𑐫𑐵𑐒𑐵𑐌𑐟𑐫𑐩𑐵𑐬𑑌
d0586f1z,𑐢𑐬𑐐𑐸𑐠𑐶𑐳𑐡𑐸𑐣𑑂𑐟𑐵𑑍𑐢𑑀𑐬𑐏𑐵𑐧𑐸𑐬𑑀𑑑𑐔𑐸𑐬𑑓𑐎𑐶𑐡𑑀𑐬𑐶𑐌𑐧𑐸𑐬𑑀𑑒𑐴𑐵𑐎𑐸𑐟𑑂𑐰𑐵𑐦𑐮𑐌𑐬
z11c4f20,𑐠𑐸𑐥𑐸𑐲𑐸𑐬𑐦𑐬𑐾𑐩𑑄𑐡𑐥𑐡𑐫𑐎𑐵𑐰𑐥𑐟𑐶𑐳𑑂𑐠𑐵𑐫𑐵𑐒𑐵𑐡𑐶𑐣𑐳𑐩𑑂𑐰
94260d45,𑐎𑑍𑐠𑐰𑐥𑑂𑐬𑐩𑐸𑐏𑐣𑑍𑐠𑐰𑐟𑐵𑐣𑐶𑐩𑐶𑐬𑑂𑐟𑑂𑐟𑐶𑐣𑑍𑐦𑐮𑐾𑑍𑐂𑐟𑐶𑐡𑐫𑐎𑐵𑐰𑑍𑐐𑐸𑐠𑐔𑐶𑐣𑐎𑐵𑐖𑐸𑐬𑑀
9d5ad501,𑐐𑐣𑑂𑐢𑐫𑑀𑐐𑐀𑑄𑐐𑐵𑐬𑐰𑐵𑐮𑐠𑑂𑐰
92zz476z,𑐢𑐵𑐬𑐾𑐳𑐶𑐎𑑀𑐬𑐫𑐣𑑂𑐟𑐵𑐐𑑂𑐬𑐴𑐢𑐣𑐳𑐶𑑄𑐴𑐩𑐸𑐬𑐳𑐶
c3804257,𑐥𑐩𑐢𑐮𑐶𑐥𑐸𑐟𑑂𑐬𑐀𑐲𑑂𑐟𑐳𑐶𑑄𑐴𑐎𑐳𑐾𑐨𑐵𑐬𑑂𑐫𑐵𑐖𑐫𑐰𑐣𑑂𑐟𑐷𑐡𑑂𑐰𑐶𑐟𑑂𑐫𑐢𑐬𑑂𑐩𑑂‍𑐩𑐵𑐟𑐳𑑂𑐫
d0d853bf,𑐢𑐌𑐟𑐶𑐫𑐵𑐟𑐣𑐵𑐩𑐣𑐠𑑂𑐰𑐳𑐵𑐬𑐶𑐎𑐡𑐫𑐎𑐵𑐖𑐸𑐬𑑀𑑌𑐱𑐸𑐨𑐩𑐩
zf72z83b,𑐖𑐩𑐎𑐞𑑂𑐜𑐶𑐎𑐵𑐫𑐳𑐴𑐶𑐟𑑀𑐫𑑀𑐐𑐩𑑂𑐧𑐬𑑀𑐣𑐵𑐫𑐎𑑅𑐳𑐬𑑂𑐰𑑂𑐰𑐥𑐬𑑂𑐞𑑂𑐞𑑅𑐥𑐬𑐩𑐵𑐡𑐶𑐧𑐸𑐡𑐨𑐐𑐰𑐵𑐣𑐰𑐣𑑂𑐡𑐾
z63c0z43,𑐠𑑁𑐁𑐏𑐵𑐝𑐾𑐔𑐱𑐶𑐟𑐾𑑇𑐣𑐸𑐬𑐵𑐢𑐳
544cdb9a,𑐴𑐵𑐢𑐬𑑂𑐩𑐔𑐶𑐟𑐡𑐸𑐏𑐩𑐵𑐣𑐖𑐸𑐫𑐵𑐌𑐖𑐶𑐬𑑂𑐣𑐄𑐡𑑂𑐢𑐵𑐮𑐥𑑂𑐬𑐟𑐶𑐳𑑂𑐠𑐵𑐫𑐵
66bbfb05,𑐐𑑂𑐬𑐞𑐥𑐟𑐶𑑌𑐱𑑂𑐬𑐷𑐳𑐹𑐬𑑂𑐫𑑂𑐫𑑌𑐱𑑂𑐬𑐷𑐣𑐵𑐬𑐵𑐫𑐞𑑌𑐱𑑂𑐬𑐷𑐡𑐸𑐬𑑂𑐐𑑂𑐐𑐵𑐳𑐴𑐶𑐟𑑌𑐱𑑂𑐬𑐷𑑓𑐣𑐵𑐬𑐵𑐫𑐞𑐾𑐱𑑂𑐰𑐬
524d8a76,𑐱𑑂𑐬𑐷𑐳𑐶𑐡𑑂𑐢𑐶𑐎𑐵𑐮𑐶𑐎𑐵𑐫𑑋𑑋𑐐𑑀𑐥𑐵𑐮𑐬𑐵𑐩𑐣𑐵𑐩𑐾𑐞𑐥𑑂𑐬𑐵𑐳𑐵𑐡𑑄
acc4094c,𑐖𑐣𑐣𑐨𑑀𑐥𑐾𑐡𑐸𑐐𑐸𑐠𑐶𑐖𑐣𑐠𑑂𑐰𑐟𑐾𑑍𑐖𑑂𑐫𑐾𑐲𑑂𑐚𑐥𑐸𑐟𑑂𑐬𑐣𑐵𑐬𑐵𑑄
z08089z0,𑐨𑐵𑐖𑐹𑑌𑐠𑑂𑐰𑐧𑐾𑐮𑐳𑑍𑐱𑑂𑐬𑐷𑐧𑐣𑐶𑐎𑐵𑐥𑐹𑐬𑐶𑐳𑐠𑑂𑐰𑐡𑐾𑐰𑐮𑐥𑑂𑐬𑐟𑐶𑐲𑑂𑐛𑐵
593c832a,𑐱𑐵𑐎𑑂𑐫𑐨𑐶𑐎𑑂𑐲𑐸𑐱𑑂𑐬𑐷𑐡𑐾𑐰𑐔𑑄𑐡𑑂𑐬𑑍𑐱𑐵𑐎𑑂𑐫𑐨𑐶𑐎𑑂𑐲𑐸𑐱𑑂𑐬𑐷𑐢𑐣𑑍𑐱𑐵𑐎𑑂𑐫𑐨𑐶𑐎𑑂𑐲𑐸𑐱𑑂𑐬𑐷𑐐𑑂𑐫𑐵𑐣
zc29b80d,𑐥𑑂𑐬𑐔𑐫𑐥𑐸𑐞𑑂𑐜𑐬𑐷𑐎𑐣𑐫𑐣𑐱𑐫𑐣𑐳𑐥𑑂𑐬𑐔𑐞𑑂𑐜𑐨𑐵𑐣𑐸𑐡𑐫𑐴𑐶𑐩𑐨𑐵𑐣𑐸𑐩𑐞𑑂𑐜𑐮𑐴𑐳𑐴𑐶𑐩𑐴𑐶𑐩𑐐𑐶
01c38c24,𑐴𑐳𑐬𑑂𑐧𑑂𑐧𑐡𑐵𑑋𑑋𑑋𑑋𑐱𑑂𑐬𑐷𑑓𑐔𑐞𑑂𑐜𑐾𑐱𑑂𑐰𑐬𑐷𑐥𑑂𑐬𑐶𑐟𑐶𑐎𑐵𑐩𑐣𑐵𑐣𑐨𑐸𑐰𑐶𑐟𑐩𑐸
14c5ac2c,𑐳𑐮𑐖𑑀𑐡𑐸𑐕𑐾𑐫𑐵𑐟𑐸𑐬𑐵𑐢𑐮𑐖𑐾𑐲𑑂𑐚𑐐𑑀𑐰𑐢𑑄𑐳𑐶𑐟𑐳𑑂𑐫𑐨𑐵𑐬𑑂𑐫𑑂𑐫𑐵𑐖𑐐
7aac60f9,𑐑𑐾𑐕𑐵𑐫𑐱𑐸𑐎𑐶𑑑𑐖𑑀𑐣𑐵𑐫𑐵𑐫𑐩𑐢𑐸𑐥𑐬𑑂𑐎𑑂𑐎𑐫𑐵𑐟𑐡𑑄𑑑𑐡𑐾𑐰𑐳𑑂𑐟𑐡𑐎𑑂𑐲𑐶𑐞𑐵𑐡𑑄𑑒𑐴𑑀𑐩𑐫𑐵𑐟𑐡𑑄𑑖𑐥𑐹𑐖𑐵𑐰𑐵𑐬𑐶𑐥𑐵𑐴𑑂𑐩𑐳𑑂𑐟𑑄𑐡𑑄𑑑𑑐𑐠𑑂𑐰𑐟𑐾𑐡
91f09da8,𑐞𑑂𑐜𑐿𑐳𑐟𑐶𑐮𑐵𑐎𑑂𑐲𑐟𑑄𑐔𑐳𑐫𑐧𑑄𑐳𑐶𑐣𑑂𑐡𑐹𑐬𑐥𑑄𑐔𑐵𑐩𑐺𑐟𑑄𑑋𑐢𑐹𑐥𑑄𑐡𑐷𑐥𑑄𑐳𑐵𑐫𑑄𑐥𑐹𑐣
0083c020,𑐟𑑂𑐬𑐔𑐟𑐸𑐬𑐬𑑀𑐥𑐞𑐶𑐬𑑀𑐰𑐥𑐶𑑔𑐠𑑂𑐰𑐟𑐾𑐧𑐸𑐴𑐣𑐾𑐫𑐵𑐟𑐳𑐔𑐵𑐫𑐵𑐌𑐟𑐒𑐡𑐸𑐣𑑂𑐟𑐵𑐖𑐸𑐬𑑀𑑋𑐨𑐹𑐫
b0z1c736,𑐥𑐱𑐸𑐥𑐟𑐶𑐔𑐬𑐞𑐎𑐩𑐬𑐥𑐬𑐶
54380045,𑐬𑑀𑑑𑑍𑐎𑑀𑐡𑑂𑐰𑐮𑐧𑐸𑐬𑑀𑑑𑐎𑐬𑑂𑐲𑑒𑐡𑑀𑐎𑑀𑐧𑐸𑐬𑑀𑑑𑐴𑐶𑐡𑐵𑐐𑐵𑐡𑐧𑐸𑐬𑑀𑑒𑐟𑐰𑐢𑐸𑐢𑑂𑐰𑐵𑐎𑑀𑐧𑐸𑑍𑐬𑑀𑑓
3c099748,𑐊𑐩𑐟𑐶𑐡𑐫𑐎𑐵𑐖𑐸𑐬𑑀𑐦𑐵𑐮𑑂𑐐𑐸
6339b6d4,𑐮𑑀𑐨𑐫𑐵𑐣𑐵𑐎𑐵𑐳𑐵𑑄𑐥𑑄𑐔𑐩𑐴𑐵𑐥𑐵𑐥
0a592c9d,𑐧𑐳𑐎𑐾𑐡𑐸𑐰𑐣𑐾𑐮𑑀𑐴𑑀𑐡𑐾𑐰𑐮𑐡𑐫𑐎𑐵𑐱𑑂𑐬
67bc2aaa,𑐟𑑀𑐮𑐐𑑂𑐰𑐵𑐥𑐳𑐮𑐟𑑀𑐮𑐫𑐵𑐡𑐎𑑂𑐲𑐳𑐵𑐮𑐳𑐔𑑀𑐣𑐩𑑂𑐴𑑚𑐩𑐵𑐣𑐢
15668f7d,𑑉𑐣𑐩𑑀𑐬𑐟𑑂‍𑐣𑐟𑑂𑐬𑐫𑐵𑐫𑐳𑐎𑐮𑐣𑐣𑐵𑐠𑐎𑐵𑐰𑐣𑐵𑐴𑐾𑐖𑐶𑐣𑐾𑐣𑑂‍𑐡𑐸𑐡𑐐𑐾𑐰𑐮
002z9f86,𑑑𑐄𑑃𑐣𑐩𑑅𑐱𑑂𑐬𑐷𑐢𑐬𑑂𑐩𑑂𑐩𑐢𑐵𑐟𑐰𑐾𑑋𑑋𑐣𑐩𑐳𑑂𑐟𑐸𑐔𑐿𑐟𑑂𑐫𑐵𑐫𑐳𑐸𑐐𑐟𑐵𑐟𑑂𑐬𑐫𑐵𑐫𑐰𑐶𑐱𑐸𑐡𑑂𑐢𑐬𑐸𑐥𑐵𑐫𑐥𑐬𑑂𑐖𑑂𑐘𑐵𑐬
ada78c97,𑐱𑑂𑐬𑐷𑐱𑑂𑐬𑐷𑐱𑑂𑐬𑐷𑐧𑐖𑑂𑐬𑐫𑑀𑐐𑐶𑐣𑑂𑐫𑐣𑐩𑑅𑑌𑐟𑑂𑐰𑐡𑐷𑐫𑐥𑐡𑐡𑑂𑐰𑐣𑑂𑐡𑑂𑐰𑐩𑐩𑑂𑐨𑑀𑐖𑐰𑐺𑐣𑑂𑐡𑑍𑐬𑐸𑐔𑐵𑐡𑑂𑐬𑐖𑐫𑑀𑐐𑐶𑐣𑑂𑐫𑐢𑑀
055aa296,𑐟𑐵𑐕𑐾𑐨𑐷𑐎𑑂𑐲𑐸𑐱𑑂𑐬𑐷𑐖𑐳𑐬𑐵𑐫𑐖𑐸𑑍𑐥𑐸𑐟𑑂𑐬𑐖𑐐𑐟𑐩𑐸𑐣𑐶𑑍𑐟𑑂𑐬𑐶𑐢𑐣𑐰𑐟𑐶𑐥𑐸𑐟𑑂𑐬𑐶𑐁𑐡𑐬𑐎𑑂𑐲𑑂𑐩𑐶𑑍𑐖𑐐
zdbcd77f,𑐥𑐸𑐬𑑂𑐞𑑂𑐞𑐩𑐵𑐳𑐷𑐱𑑂𑐬𑐷𑐔𑐣𑑂𑐡𑑂𑐬𑐳𑐾𑐏𑐬𑐡𑐾𑐰
0091d929,𑐟𑑄𑐥𑑂𑐬𑐵𑐥𑑂𑐟𑑄𑐦𑐮𑑄𑐔𑐵𑐎𑑂𑐲𑐥𑐾𑐟𑐡𑑂𑐰𑐡𑑂𑐫𑐵𑐱𑑂𑐔𑐬𑐞𑐵𑐬𑐰𑐶𑐣𑑂𑐡𑐫𑐸𑐐𑐮𑑄𑐰𑐣𑑂𑐡𑐵𑐩𑑀
8378b13c,𑐟𑐣𑐡𑐫𑐎𑐵𑐰𑑄𑐎𑐸𑐟𑑀𑐮𑐳𑐖𑐸𑐬𑑀𑑄𑐠𑑂𑐰
012d6cc7,𑐟𑐶𑐧𑐵𑐳𑐬𑐾𑑍𑐩𑐾𑐲𑐬𑐵𑐳𑐶𑐐𑐟𑐾𑐳𑐰𑐶𑐟𑐮𑐶𑑍𑐰𑐺𑐲𑐬𑐵𑐳𑐶𑐐𑐟𑐾𑑍𑐔𑐣𑑂𑐡𑑂𑐬𑐩𑐳𑐶𑑌
396ca10c,𑐖𑐸𑐬𑑀𑐟𑐟𑐵𑐖𑐰𑐚𑐫𑐵𑐥𑐵𑐎𑐧𑐹𑐮𑑀𑑔𑐧𑐵𑐴𑐵𑐬𑐖𑐸𑐮𑑀
5bfz8f56,𑐣𑐶𑐱𑑂𑐔𑐬𑐰𑐵𑐳𑐬𑐾𑑍𑐎𑐸𑐩𑑂𑐨𑐬𑐵𑐱𑐶𑐐𑐟𑐾𑐳𑐰𑐷𑐟𑐬𑐷𑐎𑐬𑑂𑐎𑑂𑐎𑐚𑐬𑐵
0677a319,𑐧𑐵𑐣𑐣𑑂‍𑐡𑐎𑑀𑐴𑑀𑐡𑐔𑑂‍𑐟𑐔𑑀𑐣𑐵𑐰𑐾𑐬𑐳𑑅𑐢𑐬𑑂𑐩𑑂‍𑐩𑐔𑐶𑐟𑑂‍𑐟𑐄𑐟𑐥𑐟𑑂‍𑐟𑐶𑐖𑐸𑐫𑐵𑐜𑑀𑐠𑑂‍𑐰𑐎𑐸
aazbf155,𑐱𑑂𑐬𑐷𑐩𑐮𑑂𑐮𑑀𑐎𑐾𑐱𑐡𑐿𑐰𑐳𑐬𑐞𑐩𑐥𑐶
485c2658,𑑊𑐣𑐶𑐟𑑂𑐫𑑄𑐱𑑂𑐬𑐷𑐱𑐶𑐰𑐮𑐶𑑄𑐐𑐥𑐸𑐖𑐣𑐧𑐶𑐢𑑁𑐎𑐵𑐬𑑂‍𑐫𑑄𑐖𑐣𑐿𑐳𑑂𑐟𑐟𑑂‍𑐥𑐬𑐿𑑅𑐱𑑂𑐬𑐷𑐏
15758ccc,𑐬𑐵𑐫𑐞𑐣𑐣𑑂𑐡𑐳𑐶𑑄𑐴𑐵𑐲𑑂𑐚𑑁𑐚𑐵𑐎𑐢𑑄𑐖𑐸𑐳𑐸𑐖𑐣𑐵𑑅𑐳𑐸𑐨𑐎𑑂𑐣𑐵𑑅𑑋𑑋𑑋𑑋𑐊𑐟𑐩𑐶
0cd4zz05,𑐳𑐖𑐵𑐎𑑂𑐫𑐾𑐦𑑄𑑙𑑐𑐧𑐶𑐫𑐩𑐵𑐮𑑌𑑌𑐖𑑂𑐫𑐾𑐲𑑂𑐛𑐱𑐸𑐎𑑂𑐮𑐡𑑂𑐰𑐵𑐡𑐱𑐷𑐠𑑂𑐰𑐎𑐸𑐣𑑂𑐴𑐸𑐴𑑀𑐩𑐖𑑀𑐮𑐣𑐩𑐵𑐮𑐎𑑀𑐴𑑂𑐩𑑄𑑑𑐡𑐸𑐐𑐸𑐠𑑂𑐰𑐟𑐾𑐡𑐫𑐎𑑄𑐴𑑀𑐩𑐫𑐵𑐫𑐖𑐸
4f03b6zf,𑑗𑑖𑑙𑐦𑐵𑐮𑑂𑐐𑐸𑐞𑐎𑐺𑐲𑑂𑐞𑐀𑐲𑑂𑐚𑐩𑐷𑐩𑐹𑐮𑐣𑐎𑑂𑐲𑐾
c65325c0,𑐥𑐹𑐖𑐵𑐨𑐵𑑄𑐜𑐷𑐖𑑀𑑑𑐣𑐶𑐱𑑂𑐬𑐵𑐰𑐖𑑀𑑑𑐩𑐵𑐑𑐾𑐟𑐵𑑒𑐡𑐶𑐰𑐵𑐑𑐾𑐮𑐀𑑒𑐐𑐸𑐐𑐸𑐮𑐖𑑑𑐡𑑄𑑔𑐡𑐎𑑂𑐲𑐶𑐞𑐡𑐾𑐰𑐳𑑂𑐟𑐰𑐧𑑂𑐬𑐵𑐴𑑂𑐩
59z41097,𑐣𑐢𑐬𑐢𑐣𑐳𑐶𑐒𑐩𑐴𑐾𑐱𑑂𑐰
37cc3801,𑐠𑐶𑐳𑐡𑐎𑑂𑐰𑑄𑐠𑑂𑐫𑐵𑐎𑐖𑐸𑐮𑑋𑑋𑐳𑑄𑐰𑐟𑑙𑑔𑑙𑐩𑐵𑐑𑐱𑐸𑐡𑐶
d91d9fdb,𑑊𑑉𑐣𑐩𑑅𑐱𑑂𑐬𑐷𑐥𑑄𑐔𑐟𑐟𑑂𑐰𑐵𑐟𑑂𑐩𑐣𑐾𑐣𑐵𑐬𑐵𑐫𑐞𑐫𑑋𑐫𑑄𑐰𑑂𑐬𑐮𑐾𑐣𑑂𑐡𑑂𑐬𑐩𑐸𑐣𑐷𑐣𑑂𑐡𑑂𑐬𑐔𑐣𑑂𑐡𑑂𑐬𑐰𑐶𑐰𑐢𑐵𑐢𑑂𑐫𑐵𑐫𑐣𑑂𑐟𑐶𑐴𑐟𑑂𑐥𑐒𑑂𑐎
bac1bdc5,𑐢𑐬𑐵𑑄𑑋𑑋𑐲𑐲𑑂𑐚𑐷𑐰𑐬𑑂𑐲𑐳𑐴𑐩𑐵𑐞𑐶𑑍𑐰𑐶𑐲𑑂𑐚𑐵𑐫𑐵𑑄𑐖𑐵𑐫
0cf45bfd,𑐰𑐳𑑂𑐎𑐾𑐳𑐶𑐟𑑀𑐮𑐣𑐡𑐸𑐟𑐵𑐊𑐎𑐩𑐹𑐎𑐐𑑂𑐫𑐵𑐮𑐡𑑀𑐴𑑀𑐬𑐫𑐵
2daa5878,𑐟𑐶𑐔𑐶𑐎𑑄𑐀𑐚𑐣𑐰𑐶𑐒𑐵𑐰𑐥𑑂𑐬𑐟𑐶𑐲𑑂𑐛𑐵𑐫𑐵𑐒𑐵𑐖𑐸𑐮𑑀𑑋𑑋𑐀𑐰𑑂𑐫𑐧𑑂𑐬𑐴𑑂𑐩
f1zz5cz7,𑐰𑐵𑐳𑐬𑐾𑑌𑐠𑑂𑐰𑐎𑐸𑐣𑑂𑐴𑐸𑐥𑑂𑐬𑐟𑐶𑐳𑑂𑐠𑐵𑐫𑐵𑐒𑐵𑐡𑐶𑐣𑐖𑐸𑐬𑑀𑐠𑑂𑐠𑑂𑐰𑐀𑐐𑐜𑐮𑑂𑐴𑑀𑐒𑐵𑐫𑐵𑐱𑑂𑐬𑐷𑐱𑑂𑐬𑐷𑐥𑐬𑐩𑐾
cbbad256,𑐬𑐣𑐎𑑂𑐲𑐟𑑂𑐬𑐥𑑂𑐬𑐷𑐟𑐶𑐫𑑀𑐐𑐧𑐹𑐢𑐧𑐵𑐬𑐠𑑂𑐰𑐎𑐸𑐴𑑂𑐣𑐸𑐥𑑂𑐬𑐟𑐶𑐲𑑂𑐛𑐵𑐡𑐶𑐣𑐱𑐸𑐨
6d80aff3,𑑅𑐧𑐲𑑂𑐚𑐶𑐣𑐧𑐬𑐟𑑂𑐣𑑄𑐥𑐣𑐶𑐥𑐹𑐬𑑂𑐞𑑂𑐞𑐖𑐸𑐫𑐵𑐀𑐣𑑂𑐟𑐬𑐎𑐵𑐬𑐾𑐀𑐣𑐸𑐟𑑂𑐟𑐬𑐵𑐫𑐵
2adb1b33,𑐳𑑄𑐐𑐕𑐶𑐫𑐵𑐟𑐡𑑄𑑑𑐡𑐎𑑂𑐲𑐩𑐵𑐠𑐶𑐖𑐣𑐥𑐣𑐶𑐳𑐾𑐣𑐁𑐳𑐟𑐥𑑂𑐫𑐩
z56a183c,𑐟𑑌𑐳𑑂𑐰𑐫𑑄𑐨𑐹𑐳𑐩𑑂𑐧𑐟𑑙𑑓𑐁𑐏𑐵𑐡𑐱𑐎𑐡𑐩𑐳𑐶𑐎𑐸𑐴𑐥𑐢𑐶𑐡𑐶𑐣𑐖𑐸𑐬𑑀𑑌𑐩𑐴𑐵𑐬𑐵
2a6zzd10,𑐥𑐩𑐮𑑂𑐮𑐡𑐾𑐰𑐥𑑂𑐬𑐨𑐸𑐛𑐵𑐎𑐸𑐬𑐳𑐰𑐶𑐖𑐫𑐬𑐵𑐖𑐳𑐠𑐎𑐵𑐜𑐶
8c106d92,𑐰𑐡𑐶𑑒𑐬𑑀𑐖𑑑𑐱𑐸𑐨𑑄𑑋𑑋𑐱𑐸𑐨𑐩𑑂𑑋
a9a228c3,𑐩𑐵𑐣𑐑𑐬𑑀𑐎𑐵𑐱𑑂𑐫𑐥𑑀𑐖𑐵𑐨𑐵𑐖𑐸
d50d2fa7,𑐟𑑂𑐬𑐵𑐣𑑍𑐴𑑄𑐣𑐾𑐩𑐵𑐮𑐩𑐴𑐵𑐣𑐳𑐵𑐳𑐹𑐣𑐵𑐣𑑄𑐠𑑂𑐰𑐡𑐾𑐰𑐮𑐳𑐾𑐣𑐎𑐮𑐳𑐵
7900c17z,𑐠𑑂𑐰𑐟𑐾𑐔𑐿𑐟𑑂𑐫𑐫𑐵𑐨𑐐𑐰𑐵𑐣𑐫𑐵𑑍𑐰𑐬𑑂𑐲𑐧𑐣𑑂𑐢𑐣𑐫𑐵𑐫𑐟𑐐𑑂𑐮𑐵𑐳𑐳𑐮𑐐𑐵𑐧𑐸𑐬𑑀𑑒𑐮𑑂𑐴𑐸𑐟𑐶𑐎𑑂𑐰𑐧𑐸
fb882fd9,𑐟𑑌𑐳𑑂𑐰𑐫𑑄𑐨𑐹𑐳𑐩𑑂𑐧𑐟𑑙𑑓𑐁𑐏𑐵𑐡𑐱𑐎𑐡𑐩𑐳𑐶𑐎𑐸𑐴𑐥𑐢𑐶𑐡𑐶𑐣𑐖𑐸𑐬𑑀𑑌𑐩𑐴𑐵𑐬𑐵
05bc257d,𑐳𑑂𑐫𑑄𑑍𑐠𑑂𑐰𑐡𑐾𑐰𑐮𑐡𑐫𑐎𑐰𑐶𑐖𑑂𑐫𑐵𑐎𑐖𑐸𑐬𑑀𑑌𑑌𑐱𑑂𑐬𑐾𑑇𑐫𑑀𑐳𑑂𑐟𑐸𑑌𑐳𑐩𑑂𑐰𑐟𑑂𑑘𑑐𑑑𑐩𑐵𑐬𑑂𑐐𑑂𑐐𑐱𑐶𑐮𑐱𑐸𑐎𑑂𑐮𑑌𑐥𑐥𑑂𑐚𑑂𑐫𑐵𑐣𑑂𑐟𑐶𑐠𑑁𑐱𑑂𑐬𑐰𑐞𑐥𑑂𑐬𑐢𑐣𑐾𑐲𑑂𑐛𑐵𑐣𑐎𑑂𑐲𑐾𑐟𑑂𑐬𑐾𑑌
7565z732,𑐢𑐬𑐵𑑄𑑋𑑋𑐲𑐲𑑂𑐚𑐷𑐰𑐬𑑂𑐲𑐳𑐴𑐩𑐵𑐞𑐶𑑍𑐰𑐶𑐲𑑂𑐚𑐵𑐫𑐵𑑄𑐖𑐵𑐫
9bb1dzdb,𑐳𑐣𑐶𑐬𑑂𑐩𑐮𑑀𑐨𑐸𑐧𑐷𑐣𑐶𑐥𑑂𑐬𑐧𑐔𑐐𑐸𑐣𑐵𑐱𑑂𑐬𑐫𑐥𑑄𑐔𑐧𑐸𑐢𑑂𑐫𑐟𑑂𑐩𑐎‌𑑄𑐳𑑂𑐫
7881c64b,𑐣𑐨𑐚𑑂𑐚𑐵𑐬𑐎𑐎𑐵𑐳𑐣𑑂𑐴𑐥𑐵𑐔𑐥𑐵𑐜𑐫𑐵𑐒𑐔𑑀𑐒𑐳𑐳𑐊𑐰𑐛𑐵𑐎𑐸𑐮𑐳𑐣𑐩𑐣𑑂𑐟𑑂𑐬𑐷𑐨𑐐𑐷𑐬𑐠𑐨𑐫𑐵𑐨𑐵𑐬𑑀𑐳𑐰𑐳𑑄𑐰𑐟𑐫𑐵𑐒𑐣𑐁𑐖𑑂𑐘𑐵𑐥𑑂𑐬𑐳𑐣𑑂𑐣𑐖𑐸
ab7012c7,𑐧𑐬𑑂𑐲𑐧𑑄𑐢𑐵𑐡𑐶𑐎𑐬𑑂𑐩𑑂𑐩𑐞𑐶𑐱𑑂𑐬𑐷𑐣𑐵𑐬𑐵𑐫𑐞𑐡𑐵𑐳𑐾𑐣𑐳𑑀𑐬𑐴𑐡𑑂𑐬𑑀𑐥𑑄𑐣𑐶𑐎𑑄𑐎𑑂𑐲𑐾𑐟𑑂𑐬𑐳𑑄𑐥𑐡𑐟𑑂𑐟𑑄
42365990,𑐢𑐵𑐩𑐢𑑀𑐬𑐒𑑂𑐞𑐬𑐡𑐹𑐬𑑂𑐒𑑂𑐐𑐬𑐡𑑂𑐰𑐶𑐬𑐡𑐫𑐸𑐠𑐥𑐟𑐶𑐥𑐵𑐡𑑀𑐴𑐸𑐟𑐢𑐸𑐩𑐵𑐎𑐵𑐬𑐢𑐸𑐮𑐶𑐢𑑂𑐞𑐳𑐬𑐶𑐟𑐡𑐶𑐎𑑂𑐎𑐞𑐸𑐮𑐵𑐟𑐵𑐟𑑂𑐬𑑂𑐫𑐩𑐵𑐣𑐎𑐾
0b44cf2a,𑐎𑐾𑐌𑐣𑐾𑐐𑐸𑐮𑑚𑐂𑐮𑐵𑐕𑐶𑐣𑐶𑐳𑑂𑐫𑑚𑐨𑐶𑑄𑐡𑐾𑐌𑐫𑐵𑐠𑐵𑐳𑐮𑑀𑐴𑐮𑑄𑐳𑐶𑐫𑐵
5f3727dz,𑐱𑑂𑐬𑐷𑐩𑐮𑑂𑐮𑑀𑐎𑐾𑐱𑐡𑐿𑐰𑐳𑐬𑐞𑐩𑐥𑐶
dac751b2,𑐟𑐟𑐥𑐸𑐣𑑂𑐫𑐵𑐣𑐸𑐨𑐵𑐰𑐾𑐣𑐖𑐖𑐩𑐵𑐣𑐳𑑂𑐫𑐂𑐴𑐮𑑀𑐎𑐾𑐳𑐸𑐏𑐨𑑀
5bda042z,𑐎𑑂𑐟𑐶𑐦𑐮𑐮𑐵𑐫𑐣𑐡𑐕𑐸𑐚𑑀𑐮𑐫𑐵𑐢𑑄𑐖𑐸𑐨𑐵𑐬𑑀𑐚𑑁𑐚𑐶𑐎𑐨𑐵𑐬𑑀𑐀
197f6f0z,𑐮𑐳𑐟𑑂𑐎𑐶𑐮𑐞𑑂𑐜𑐮𑐶𑐟𑐟𑑂𑐎𑑀𑐡𑐞𑑂𑐜𑐳𑑄𑐮𑐐𑑂𑐣𑑋𑐏𑐞𑑂𑐜𑐎𑐵𑐞𑑂𑐜𑐥𑑂𑐬𑐔𑐞𑑂𑐜𑐟𑐵𑐫𑐟𑐵𑐥𑐶𑐟𑐳𑐎𑐮𑐥𑑂𑐬𑐟𑐶𑐡𑐎𑑂𑐲𑐩
z7zd2945,𑐟𑑂𑐣𑐥𑑂𑐬𑐴𑐵𑐫𑐔𑐶𑐬𑑂𑐟𑑂𑐟𑐿𑐧𑐬𑐸𑐥𑐵𑐫𑐎𑐸𑐮𑐶𑐱𑑀𑐡𑑂𑐨𑐧𑐵𑐫𑐟𑐳𑑂𑐟𑑂𑐬𑐥𑐬𑐶𑐩𑑂𑐣𑐵𑐫𑐥𑑂𑐬𑐳𑑄𑐨𑐸𑐣𑐶𑐨𑐫𑑅𑑋𑑋
95z0890z,𑐬𑐵𑐖𑐵𑐢𑐶𑐬𑐵𑐖𑑍𑐬𑐵𑐖𑐬𑐵𑐖𑐾𑐣𑑂𑐡𑑂𑐬𑑍𑐎𑐰𑐷𑐣𑑂𑐡𑑂𑐬𑐱𑑂𑐬𑐷𑐱𑑂𑐬𑐷𑐖𑐫𑐥𑑂𑐬𑐟𑐵𑐥𑐩𑐮𑑂𑐮𑐡𑐾𑐰𑐥𑑂𑐬𑐨𑐸𑐠𑐵𑐎𑐸𑐮𑐳𑑂𑐫
47z33b33,𑐳𑑂𑐟𑐡𑐎𑑂𑐲𑐶𑐞𑐵𑑍𑐡𑑄𑑒𑐥𑐸𑐖𑐵𑐧𑐵𑐮𑐶𑐫𑐟𑐵𑑍𑐡𑐎𑑂𑐲𑐶𑐞𑐵𑑍𑐧𑐶𑐫𑑍𑐠𑑂𑐰𑐟𑐾𑐔𑑀𑐳𑑂𑐫𑐟𑐎𑑀𑑍𑐐𑐸𑐠𑐶
92398cf8,𑐎𑑂𑐬𑐟𑐱𑑂𑐬𑐷𑐎𑐞𑑂𑐛𑐴𑐬𑑂𑐩𑑂𑐫𑐔𑐣𑑂𑐡𑑂𑐬𑐩𑐞𑑂𑐜𑐮𑐬𑐶𑐥𑐸𑐩𑐸𑐞𑑂𑐜𑐩𑐞𑑂𑐜𑐮𑐏𑐞𑑂𑐜𑐣𑐥𑑂𑐬𑐔𑐞𑑂𑐜𑐎𑐵𑐞𑑂𑐜𑐩𑐞𑑂𑐜𑐶𑐟𑐎𑑀𑐡𑐞𑑂𑐜𑐵𑐮𑐎𑑂𑐲𑐺𑐟
5a8b5065,𑐣𑑂𑐴𑐸𑐔𑐵𑐎𑑂𑐬𑐩𑐟𑐕𑑀𑐫𑐎𑐾𑐔𑐾𑐎𑑄𑑒𑐡𑐸𑐠𑐾𑐥𑑄𑐔𑑀𑐥𑐔𑐵𑐬𑐥𑐸𑐖𑑌𑐳𑑄𑐎𑑂𑐬𑐵𑐣𑑂𑐟𑐶𑐥𑐟𑐶𑐎𑑄𑐩𑐧𑐾
1d82fbz2,𑐐𑐖𑐴𑐬𑐶𑐞𑐵𑐰𑐶𑐲𑑂𑐞𑐸𑐩𑐮𑑂𑐮𑐾𑐣𑐬𑐵𑐖𑑂𑐘𑐵𑑋𑐩𑑀𑐎𑑂𑐲𑐵𑐬𑑂𑐠𑐾𑐰𑐎𑐺𑐟𑐵𑐳𑐵𑐣𑐶𑐖𑐎𑐸𑐮𑐩𑐞𑐶𑐣𑐵𑐢𑐬𑑂𑐩𑑂𑐩𑐔𑐶𑐟𑐾𑐣𑐬𑐩𑑂𑐫𑐵𑐡𑑂𑐬𑐲𑑂𑐚𑐸𑑄𑐰𑐳𑑂𑐟𑐸𑑄𑐔𑐫𑑀𑐐𑑂𑐫𑐵𑐖𑐐𑐟𑐶𑐣𑐶𑐬𑐹𑐥𑐩𑐵𑐣𑐾
z324cdcz,𑐩𑐸𑐖𑑂𑐖𑐺𑐩𑑂𑐨𑐟𑐾𑑌𑐫𑐾𑐣𑐵𑐡𑐵𑐫𑐶𑐩𑐸𑐬𑐵𑐬𑐫𑐾𑑄𑑇𑐱𑑂𑐩𑐳𑐡𑐣𑑄𑐳𑐬𑑂𑐰𑑂𑐰𑐵𑐫𑐰𑐵𑐥𑐷𑐡𑑂𑐰𑐫𑑄𑐥𑐸𑐟𑑂𑐬𑐵𑐫𑐵𑐰𑐣𑐶𑐥𑐵𑐮𑐟𑐵𑐴𑐸𑐟
976750z6,𑐡𑐾𑐰𑐟𑐵𑐰𑐬𑐮𑐖𑑂𑐫𑐥𑑂𑐬𑐳𑐵𑐡𑐡𑐾𑐡𑐶𑐥𑑂𑐫𑐩𑐵𑐣𑑀𑐣𑐟𑐬𑐑𑐸𑐰𑑄𑐱𑐵𑐰𑐟𑐵𑐬𑐬𑐰𑐶𑐎𑐸𑐮𑐟𑐶𑐬𑐎𑐴𑐣𑐸𑐩𑐣𑑂𑐢𑑂𑐰𑐖𑐣𑐾𑐥𑐵𑐮𑐾𑐱𑑂𑐰𑐬𑐩𑐴𑐵𑐬𑐵𑐖𑐵𑐢𑐶𑐬𑐵𑐖𑐳𑐎𑐬𑐮𑐵
z89f5b7b,𑐩𑐳𑐵𑐴𑐡𑐾𑐧𑐳𑑂𑐫𑐧𑐶𑐖𑐫𑐬𑐵𑐖𑑂𑐫𑐾𑑌𑑌𑐡𑐵𑐣𑐥𑐟𑐾𑐣𑐾𑐥𑐵
8cc67531,𑐒𑐵𑐡𑐶𑐣𑑋𑐰𑐬𑑂𑐲𑐥𑑂𑐬𑐟𑐶𑐠𑐰𑐦𑐸𑐎𑐶𑐖𑐖𑐸𑐎𑑀𑐳𑑂𑐫
0fdb552z,𑐞𑑂𑐜𑐬𑐾𑑍𑐧𑐵𑐳𑐸𑐎𑐶𑐎𑑂𑐲𑐾𑐟𑑂𑐬𑐾𑑍𑐱𑑂𑐬𑐷𑑓𑐥𑐱𑐸𑐥𑐟𑐶𑐳𑐣𑐶𑐢𑐵𑐣𑐾𑐧𑐵𑐐𑑂𑐩𑐟𑑂𑐫𑐵𑑄𑐥𑐱𑑂𑐔𑐶𑐩𑐎𑐸𑐬𑐾𑑍𑐧𑐶𑐲𑑂𑐞𑐸
1db030cf,𑐣𑐷𑐣𑐶𑐩𑑂𑐴𑐰𑐵𑐎𑐵𑐩𑐾𑐣𑐠𑑂𑐰𑐥𑐶𑐠𑐸𑐐𑑂𑐰𑐵𑐕𑐾𑐬𑐰𑐟
49ba61z9,𑐱𑑂𑐬𑐷𑐥𑐺𑐠𑐶𑐰𑐷𑐰𑐷𑐬𑐰𑐶𑐎𑑂𑐬𑐩
70f58fd6,𑐨𑐎𑑂𑐟𑑂𑐫𑐵𑐳𑑂𑐰𑐵𑐩𑐹𑐖𑐥𑐬𑑂𑐱𑐸𑐬𑐵𑐩𑐳𑐴𑐶𑐟𑑅𑐳𑑄𑐳𑑂𑐠𑐵𑐥𑑂𑐫𑐟𑐟𑑂𑐬𑐿𑐱𑑂𑐰𑐬𑑄𑑍𑐮𑐶𑑄𑐐𑑄𑐳𑑂𑐦
2f445zd8,𑐫𑐣𑑂𑐣𑐶𑐩𑐵𑐬𑑂𑐞𑐰𑐶𑐢𑑁𑐩𑐴𑐔𑑂𑐕𑐩𑐨𑐺𑐟𑐵𑐢𑐶𑐎𑑂𑐫𑑀𑐢𑐩𑐵𑐬𑑄𑐨𑐎𑐺𑐡𑑂𑐰𑐷𑐬𑐳𑑂𑐫𑐵𑐣𑐸𑐔𑐬𑑀𑐣𑐬𑐾𑐣𑑂𑐡𑑂𑐬𑐣𑐺𑐥𑐟𑐾𑑅𑐳𑑄
7735z5ff,𑐬𑐾𑐩𑐾𑐰𑐔𑑀𑐣𑐾𑐩𑐡𑐸𑐢𑐬𑑂𑐩𑑂𑐩𑐬𑐵𑐖𑐫𑐵𑐰𑑄𑐱𑐩𑐡𑐟
1182b1dd,𑐟𑐶𑐥𑑂𑐬𑐠𑑌𑐱𑐶𑐰𑐨𑐎𑑀𑐴𑐬𑐶𑐲𑑂𑐫𑐵𑐟𑐵𑐢𑐬𑑂𑐩𑑂𑐩𑐎𑐬𑑂𑐩𑑂𑐩𑐥𑐹𑐧𑑀𑐡𑑂𑐫𑐩𑑅𑐮𑑀𑐎𑐣𑐵𑐠𑑀𑐔𑑂𑐔𑐎𑐵𑐣𑐶
0a804a94,𑐱𑑂𑐰𑐬𑐵𑐫𑑅𑑌
dac51d53,𑐴𑐵𑐡𑐾𑐰𑐳𑑂𑐎𑐾𑑍𑐱𑑂𑐬𑐷𑑓𑐣𑐵𑐬𑐵𑐫𑐣𑐳𑑂𑐎𑑄𑑍𑐣𑐾𑐩𑑂𑐴𑑄𑐳𑑂𑐟𑐵𑑍𑐖𑐸𑑑𑐥𑐸𑐖𑐵𑑍𑐡𑑄𑑒𑐡𑐎𑑂𑐲𑐶𑐣𑐵𑐡𑑄𑑒
02b1372z,𑐥𑐬𑐟𑐣𑑂𑐩𑐸𑐎𑑂𑐟𑐶𑑋𑑋𑐡𑐶𑐰𑑄𑐐𑐟𑐵𑐫𑐟𑐬𑐱𑑂𑐔𑐳𑐟𑑂𑐫𑐳𑐶𑑄
0bz64388,𑐥𑐩𑐢𑐮𑐶𑐥𑐸𑐟𑑂𑐬𑐀𑐲𑑂𑐟𑐳𑐶𑑄𑐴𑐎𑐳𑐾𑐨𑐵𑐬𑑂𑐫𑐵𑐖𑐫𑐰𑐣𑑂𑐟𑐷𑐡𑑂𑐰𑐶𑐟𑑂𑐫𑐢𑐬𑑂𑐩𑑂‍𑐩𑐵𑐟𑐳𑑂𑐫
d07ad009,𑐡𑐶𑐰𑑂𑐫𑑁𑐲𑑂𑐲𑐢𑑄𑑍𑐡𑐾𑐰𑑄𑐣𑑁𑐩𑐶𑐴𑐬𑐶𑑄𑐟𑑂𑐬𑐶𑐮𑑀𑐎𑐳𑐸𑐏𑐡𑑄𑐥𑑄𑐔𑐵𑐟𑑂𑐩𑐎𑑄𑐎𑐾𑐱𑐰𑑄𑑌𑐥𑐮𑐵𑐡𑐥𑑂𑐬𑐞𑐟𑑍𑐥𑑂𑐬𑐳𑐣𑑂𑐣𑐰𑐡𑐣
a52f6abf,𑐱𑑂𑐬𑐷𑐱𑑂𑐬𑐷𑐎𑐰𑐷𑐣𑑂𑐡𑑂𑐬𑐖𑐫𑐥𑑂𑐬𑐟𑐵𑐥𑐩𑐮𑑂𑐮𑐡𑐾𑐰𑐾𑐣𑑍𑐠𑐩𑐠𑑂𑐬𑐱𑑂𑐮𑑀𑐎𑐔𑐶𑐒𑐵𑐰𑑍𑐳𑑂𑐟𑑀𑐟𑑂𑐬𑐫𑐵𑐒𑐵𑐰
085ca227,𑑊𑑉𑐣𑐩𑑅𑐱𑑂𑐬𑐷𑑓𑐳𑑂𑐟𑑂𑐬𑐷𑐩𑐹𑐎𑑂𑐟𑐶𑐧𑐖𑑂𑐬𑐵𑐳𑐣𑐀𑐎𑑂𑐲𑑀𑐨𑑂𑐫𑐣𑐩𑑅𑑌𑐳𑑂𑐰𑐳𑑂𑐟𑐶𑐱𑑂𑐬𑐷𑐩𑑂𑐟𑐥𑐱𑐸𑐥𑐟𑐶𑐔𑐬𑐞𑐎𑐩𑐮𑐢𑐸𑐮𑐶𑐢𑐹𑐳𑐬𑐶𑐟𑐱𑑂𑐬𑐷𑐬𑑀𑐮𑐸𑐴𑐱𑑂𑐬𑐷𑐩𑐣𑑂𑐩𑐵𑐣𑐾𑐱𑑂𑐰𑐬𑐷𑐳𑑂𑐟
z52a35cd,𑐥𑑂𑐬𑐶𑐫𑐵𑐡𑐾𑐰𑐷𑐮𑐎𑑂𑐲𑑂𑐩𑐷𑑅𑐥𑐸𑐣𑐬𑑂𑐮𑐎𑑂𑐲𑑂𑐩𑐷𑐞𑐵𑐨𑑂𑐫𑑅𑐟𑐶𑐳𑐟𑐳𑑂𑐳𑐟𑐷𑑌𑐖𑑂𑐫𑐾𑐲𑑂𑐛𑐳𑑂𑐫𑐥𑐸𑐟𑑂𑐬𑐳𑐸𑐐𑐸
390c6139,𑐥𑐶𑐞𑑄𑑋𑐥𑑄𑐔𑐟𑐟𑑂𑐟𑑂𑐰𑐵𑐟𑑂𑐩𑐎𑑄𑐡𑐾𑐰𑑄𑐥𑑂𑐬𑐵𑐳𑐵𑐡𑐾𑐳𑑂𑐠𑐵𑐥𑐶𑐟𑑀𑐣𑐺𑐥𑑌𑑋𑐥𑑂𑐬𑐵𑐳𑐵𑐡𑐩𑐾𑐣𑐩𑐟𑐶𑐨𑐎𑑂𑐟𑐶𑐩𑐟𑐵𑐰𑐶𑐟𑐷𑐫𑑂‌𑐬𑑂𑐫𑑍𑐣𑐵𑐬𑐵𑐫𑐞𑐵𑐫
1addf073,𑐱𑑂𑐬𑐷𑑓𑐔𑐎𑑂𑐬𑐳𑐰𑐮𑑍𑐡𑐾𑐰𑐥𑑂𑐬𑐷𑐟𑐶𑐣𑑍𑐏𑐳𑑂𑐟𑐶𑐱𑑂𑐬𑐷𑐱𑑂𑐬𑐷𑐖𑐫𑐫𑐟𑐵
7fd26366,𑐣𑐖𑐸𑐬𑑀𑐱𑐸𑐨𑑌𑐩𑐟𑐕𑑀𑐫𑐎𑐾𑐫𑐵𑐟𑐎𑐸𑐬𑑑𑐔𑐶𑐎𑑄𑐕𑑀𑐫𑐾𑐎𑐾𑐩𑐵𑐬𑐱𑐸𑐨𑑋𑑋
d03d7683,𑑘𑑓𑑕𑐦𑐵𑐐𑐸𑐣𑐱𑐸𑐡𑐶𑑑𑐱𑑂𑐬𑐷𑐳𑐡𑐵𑐱𑐶𑐰𑐱𑑂𑐬𑐷𑐣𑐵𑐬𑐵𑐫𑐣𑐱𑑂𑐬𑐷𑐳𑐬𑐱𑑂𑐰
28d28fb6,𑐳𑐩𑑂𑐰𑐟𑑂𑑗𑑕𑑗𑐩𑐵𑐑𑐩𑐵𑐳𑐎𑐺𑐲𑑂𑐞𑐥𑐎𑑂𑐲
8d3df18f,𑑉𑐣𑐩𑑅𑐱𑑂𑐬𑐷𑐧𑐖𑑂𑐬𑐢𑐵𑐟𑐸𑐔𑐿𑐟𑑂𑐫𑐵𑐫𑑌𑑌𑐱𑑂𑐬𑑀𑐳𑑂𑐟𑐸𑐳𑐩𑑂𑐰𑐟𑑂𑑙𑑔𑑘
5d695050,𑐮𑐩𑐞𑑂𑐜𑐮𑐾𑐱𑐸𑐧𑐬𑑂𑐞𑑂𑐞𑐥𑐞𑐵𑐮𑐶𑐩𑐴𑐵𑐣𑐐𑐬𑐾𑐱𑐵𑐣𑑂𑐟𑐷𑐑
adabb0cz,𑐳𑐣𑐶𑐬𑑂𑐩𑐮𑑀𑐨𑐸𑐧𑐷𑐣𑐶𑐥𑑂𑐬𑐧𑐔𑐐𑐸𑐣𑐵𑐱𑑂𑐬𑐫𑐥𑑄𑐔𑐧𑐸𑐢𑑂𑐫𑐟𑑂𑐩𑐎‌𑑄𑐳𑑂𑐫
ab4fb159,𑐳𑐶𑑄𑐴𑑀𑐡𑐫𑐵𑐥𑐬𑑅𑑋𑐨𑐷𑐩𑐳𑐾𑐣𑐳𑐩𑑅𑐳𑐵𑐬𑐾𑐳𑐬𑑂𑐰𑐱𑐟𑑂𑐬𑐸𑐰𑐶𑐣𑐵𑐱𑐎𑑅𑑌𑐀𑐖𑐷𑐖𑐣𑐔𑑂𑐕𑐷𑐖𑐫𑐰𑐶𑐲𑑂𑐞𑐸𑐩𑐮𑑂𑐮𑐳𑑂𑐟𑐳𑑂𑐫𑐵𑑄
62406a46,𑐁𑐫𑐥𑑂𑐬𑐟𑑂𑐫𑐵𑐫𑐡𑐸𑐣𑑂𑐟𑐵𑑌𑐬𑑀𑑑𑑒𑐒𑐏𑑀𑐐𑐸𑐜𑑀𑐥𑐵𑐎𑑀𑐬𑑀𑑗𑐰𑑄𑐠𑐔𑑀𑐎𑑀𑐬𑑀𑑙𑐲𑐸𑐟𑐶𑑄𑐖𑑀𑐬𑐳𑐾𑑗𑐟𑐰𑐡𑐴𑐳𑐶𑐬𑑀𑑕𑐰𑐮𑐏𑑀
75555f7f,𑐬𑑀𑐎𑑂𑐫𑐾𑐰𑐬𑐡𑐵𑐫𑐎𑑍𑐰𑐣𑑂𑐡𑐾𑐟𑑂𑐰𑑄𑐖𑐐𑐟𑐣𑐵𑐠𑑄𑐱𑐟𑐐𑐸𑐬𑐸𑐣
8b3b7843,𑐌𑐟𑐫𑐩𑐵𑐬𑐖𑐸𑐬𑑀𑑋𑑋𑑐𑑋𑑋𑐳𑐩𑑂𑐰𑐟𑑘𑑓𑑗
93873zbz,𑐱𑑂𑐬𑐷𑐣𑐬𑐣𑐵𑐬𑐵𑐫𑐞𑐠𑑂𑐰𑐫𑐵𑐣𑐥𑐸𑐟𑑂𑐬𑐩𑐴𑐵𑐬𑐵𑐖𑐵𑐢𑐶𑐬𑐵𑐖𑐱𑑂𑐬𑐷𑐱𑑂𑐬𑐷𑐮𑐎𑑂𑐲𑑂𑐩𑐷𑐣𑐵𑐬𑐵𑐫𑐞𑐠𑑂𑐰𑐫𑐵𑐣𑐥𑐸𑐟𑑂𑐬𑐩𑐴𑐵
47z80c43,𑐠𑐶𑐳𑐎𑐷𑐬𑑂𑐟𑐶𑐳𑑍𑐐𑑀𑐩𑑂𑐴𑐳𑐾𑐣𑑍𑐎𑐔𑐶𑑄𑐐𑑂𑐮𑐠𑐣𑐳𑐵𑑍𑐮𑑀𑐨𑐫𑐵𑐟𑐳𑐵𑑍𑐌𑐩𑑂𑐴𑐫𑐵𑐟𑐥𑑄𑐔𑐩𑐴𑐵𑐥𑐵𑐟𑐎𑐬𑐵𑐎𑐖𑐸𑐬𑑀𑑌
z9a640d6,𑑊𑐳𑑂𑐰𑐳𑑂𑐟𑐶𑑋𑑋𑑌𑐱𑑂𑐬𑐷𑑓𑐔𑐣𑑂𑐡𑐾𑐱𑑂𑐰𑐬𑐷𑐨𑐰𑐵𑐣𑐷𑐥𑑂𑐬𑐶𑐟𑐶𑐣
z2cbda6f,𑐱𑑂𑐬𑐷𑐱𑑂𑐬𑐷𑐖𑐫𑐳𑐶𑐡𑑂𑐢𑐶𑐣𑐬𑐳𑐶𑑄𑐴𑐩𑐮𑑂𑐮𑐡𑐾𑐰𑐛𑐵𑐎𑐸𑐬𑐳𑐣𑐒𑐵𑐟𑑄𑐥𑑀𑐮𑐮𑐡𑐾𑐰𑐬𑐡𑑀𑐫𑐎𑑄𑐳𑐸𑐰𑐬𑑂𑐞𑑂𑐞
f1z8b4f5,𑐎𑑂𑐲𑐟𑐵𑐲𑑂𑐥𑐚𑐔𑐫𑐵𑐴𑐩𑐵𑐱𑑂𑐔𑐳𑐥𑑂𑐟𑐵𑐰𑑂𑐢𑐫𑑅𑑌𑐟𑐵𑐬𑐵𑐣𑐵𑐠𑐥𑐡𑐵𑐬𑑂𑐠𑐳𑐥𑑂𑐟𑐰𑐮𑐶𑐟𑐾𑐣𑐾𑐥𑐵𑐮𑐳𑐩𑑂𑐰
74f997ab,𑐟𑐳𑑂𑐫𑐟𑐱𑑂𑐬𑐷𑑍𑐱𑑂𑐬𑐷𑐟𑐰𑐟𑐷𑑍𑐱𑑂𑐬𑐷𑐐𑐸𑐞𑐖𑑀𑐟𑐶𑐎𑐳𑑂𑐫𑑍𑐎𑐣𑐾𑐲𑑂𑐚𑐵𑐩𑐵𑐟𑐵𑐴𑐾𑐬𑐸𑑋𑑋𑐠𑑂𑐰𑐟𑐾𑐥𑐸𑐩𑐸𑐏𑐣𑑍𑐠𑑂𑐰𑐐𑐸𑐞𑐵
45b41b17,𑐱𑑂𑐬𑐷𑐣𑐬𑐣𑐵𑐬𑐵𑐫𑐞𑐠𑑂𑐰𑐫𑐵𑐣𑐥𑐸𑐟𑑂𑐬𑐩𑐴𑐵𑐬𑐵𑐖𑐵𑐢𑐶𑐬𑐵𑐖𑐱𑑂𑐬𑐷𑐱𑑂𑐬𑐷𑐮𑐎𑑂𑐲𑑂𑐩𑐷𑐣𑐵𑐬𑐵𑐫𑐞𑐠𑑂𑐰𑐫𑐵𑐣𑐥𑐸𑐟𑑂𑐬𑐩𑐴𑐵
1z309z99,𑐠𑑄𑐴𑐬𑐫𑐾𑐳𑐸𑐰𑐵𑐳𑐶𑐟𑐟𑐬𑐹𑑄𑐐𑑀𑐥𑐵𑐮𑐡𑐵
5aa42da4,𑐰𑑒𑐲𑑀𑐣𑐵𑐠𑐬𑐶𑐰𑐸𑑍𑐬𑑀𑐰𑑔𑐳𑐟𑐸𑐒𑑂𑐐𑐮𑐰𑐸𑐬𑑀𑐰𑑑𑐰𑐬𑐰𑐸𑐐𑐮𑐳𑐶𑑍𑐬𑑀𑐰𑑔𑐳𑑀𑐩𑐲𑑂𑐰𑐵𑐟𑐰𑐸𑑍𑐠𑑂𑐰𑐟𑐾𑐧𑐸𑐫𑐵𑐰𑐬𑑂𑐲
6323b796,𑐥𑑂𑐬𑐟𑐶𑐩𑐵𑐳𑐥𑑄𑐔𑐩𑐷𑐳𑐾𑐰𑐵𑐖𑑀𑐳𑑂𑐫𑑄𑑍𑐀𑐟𑐶𑐩𑐴𑐵𑐩𑐣𑑀𑐴𑐬𑑂𑐲𑐞𑑍𑐱𑑂𑐬𑐷𑑓𑐀𑐎𑑂𑐲𑑀
755029c2,𑐎𑐸𑐣𑑂𑐴𑐸𑐱𑑂𑐬𑐷𑑒𑐎𑐺𑐲𑑂𑐞𑐵𑐰𑐶𑐲𑑂𑐞𑐸
z6z79f7z,𑐟𑐟𑐸𑐮𑐵𑐢𑐬𑐎𑐮𑑂𑐫𑐟𑐲𑐶𑐟𑐵𑐢𑐟𑐖𑐸𑐬𑐶𑐧𑐐𑐟𑐖𑐸𑐫𑐵𑐌𑐠𑑂𑐰𑐫𑐵𑐟𑐣𑐵𑐩𑐣𑐧𑐸𑐟𑐨𑐵
2bbb343z,𑐥𑐬𑐵𑐖𑐨𑐵𑐬𑑀𑑍𑐩𑐴𑐶𑐬𑐵𑐨𑐵𑐬𑑀𑑍𑐖𑑀𑐟𑐶𑐨𑐵𑐬𑑀𑑍𑐖𑐫𑐟𑐳𑐶𑑄𑐴𑐨𑐵𑐬𑑀𑑍𑐖𑑂𑐘𑐵𑑄𑐨𑐵
0f83c498,𑐩𑐨𑐵𑐬𑑂𑐫𑑂𑐫𑐵𑐫𑐵𑑄𑑍𑐥𑑂𑐬𑐠𑐩𑐥𑐸𑐟𑑂𑐬𑑍𑐢𑐣𑐳𑐶𑑄𑐴𑐀𑐳𑑂𑐫𑐥𑐟𑑂𑐣𑐷𑐩𑐣𑑀𑐢𑐬𑐷𑐟𑐳𑑂𑐫𑐵𑐟𑑂𑐩𑐖𑐰𑐖𑐵𑐔𑐵𑐬𑑂𑐫𑑂𑐫𑑍𑐱𑑂𑐬𑐷𑐥
421dcd05,𑐳𑑄𑐣𑑂𑐟𑐵𑐣𑐣𑐰𑐬𑐟𑑂𑐣𑑋𑑋𑐔𑐟𑐸𑐲𑐲𑑂𑐛𑐶𑐰𑐶𑐴𑐶𑐥𑑂𑐬𑐵𑐥𑑂𑐟𑐫𑐳𑑂𑐟𑐸𑑍𑐥𑐾𑐊
z06a3d91,𑐥𑐸𑑑𑐩𑐵𑐴𑐵𑐡𑐶𑐥𑐕𑑀𑐔𑐎𑐾𑐩𑐵𑐮𑑍𑐁𑐲𑐵𑐕𑐶𑑑𑐑𑐾𑐮𑐦𑑄𑐕𑐶𑑑𑐔𑐾𑐎𑑄𑐡𑑄𑑒𑐡𑐾𑐰
37bb4b92,𑐮𑐳𑐟𑑂𑐎𑐶𑐮𑐞𑑂𑐜𑐮𑐶𑐟𑐟𑑂𑐎𑑀𑐡𑐞𑑂𑐜𑐳𑑄𑐮𑐐𑑂𑐣𑑋𑐏𑐞𑑂𑐜𑐎𑐵𑐞𑑂𑐜𑐥𑑂𑐬𑐔𑐞𑑂𑐜𑐟𑐵𑐫𑐟𑐵𑐥𑐶𑐟𑐳𑐎𑐮𑐥𑑂𑐬𑐟𑐶𑐡𑐎𑑂𑐲𑐩
ac42b499,𑐎𑐸𑐬𑐖𑐸𑐢𑑂𑐰𑐣𑐾𑐴𑑂𑐩𑐳𑐾𑐣𑐔𑐶𑐣𑑂𑐟𑐵𑐫𑐵𑐒𑐵
4zb858f8,𑐮𑑂𑐫𑑍𑐲𑐐𑐣𑐵𑐫𑐵𑑄𑑍𑐱𑑂𑐬𑐷𑑓𑐐𑐸𑐖𑐾𑐖𑑀𑐐𑐱𑑂𑐰𑐬𑐷𑐮𑐲𑐎𑐡𑐾𑐱𑐾𑑍𑐱𑑂𑐬𑐷𑑓𑐥𑐱𑐸𑐥𑐟𑐶𑐳𑑄𑐣𑑂𑐫
58f3f00f,𑐩𑐟𑑂𑐫𑐵𑑅𑐥𑐸𑐬𑑂𑐧𑑂𑐧𑐎𑐸𑐮𑐾𑑌𑐐𑐵𑑄𑐐𑐸𑐮𑐥𑐚𑑂𑐚𑐣𑐾𑑌𑐁𑐬𑑂𑐫𑑂𑐫𑐵𑐧𑐬𑑂𑐟𑑂𑐟𑐡𑐾𑐱𑐾𑐱𑑂𑐬𑐷𑐩𑐟𑑂‍𑐎𑐵𑐣𑑂𑐟𑐶𑐥𑐹𑐬
88c84f6d,𑐧𑑂𑐬𑐟𑐶𑐮𑑀𑐎𑐳𑐩𑐳𑑂𑐟𑐳𑑂𑐫𑐩𑐵𑐑𑐧𑑂𑐬𑐟𑑂𑐟𑐫𑐵𑐱𑑂𑐬𑐷𑐱𑑂𑐬𑐷𑐩𑐵𑐢𑐧𑐨𑐵𑐜
2c8808a9,𑐄𑐟𑑂𑐬𑐵𑐲𑐵𑐝𑐣𑐎𑑂𑐲𑐟𑑂𑐬𑐾𑐱𑑁𑐨𑐣𑐫𑑀𑐐𑐾𑐧𑐺𑐴𑐳𑑂𑐥𑐟𑐶𑐰𑐵𑐳𑐬𑐾𑑌𑐠𑑂𑐰𑐎𑐸𑐣𑑂𑐴𑐸𑐠𑐵𑐣𑐥𑐟𑐶𑐱𑑂𑐬𑐷𑑓𑐐𑐞𑐾𑐱𑑂𑐰𑐬𑐨𑐚𑑂𑐚𑐵
a43dd6z5,𑐰𑐱𑐵𑐱𑐸𑐡𑐶𑑓𑐥𑑂𑐬𑐟𑐶𑐲𑑂𑐛𑐵𑐫𑐵𑐒𑐵𑐡𑐶𑐣
242b3329,𑐞𑐷𑐡𑐾𑐰𑐧𑑂𑐬𑐵𑐴𑑂𑐩𑐞𑐥𑐹𑐖𑐎𑑋𑐣𑐵𑐩𑑂𑐣𑐵𑐩𑐬𑑀𑐴𑐬𑐥𑐬𑑄𑐳𑐶𑑄𑐴𑐰𑐶𑐏𑑂𑐫𑐵𑐟𑐬𑐵𑐩𑐎𑐩𑐖𑐸𑐣𑐷
6abb6107,𑐄𑐟𑑂𑐟𑐨𑐡𑑂𑐬𑐣𑐎𑑂𑐲𑐟𑑂𑐬𑐾𑐥𑑂𑐬𑐷𑐟𑐶𑐖𑑀𑐐𑐾𑐳𑑂𑐰𑐩𑐰𑐵𑐳𑐬𑐾𑐠𑑂𑐰𑐎𑐸𑐣𑑂𑐴𑐸𑐳𑑄𑐥𑐹𑐬𑑂𑐞𑐥𑑂𑐬𑐟𑐶𑐲𑑂𑐛𑐵𑐫𑐵𑐒𑐵𑐡𑐶𑐣𑐖𑐸𑐬𑑀𑐱𑐸𑐨
77cf621z,𑐡𑐾𑐰𑐟𑑂‍𑐥𑐟𑑂𑐣𑐷𑐮𑐎𑑂𑐲𑑂𑐩𑐷𑐡𑐾
a892f7z5,𑐐𑐸𑐞𑐏𑐐𑐱𑐶𑐎𑐵𑐬𑑂𑐟𑐶𑐎𑐾𑐱𑐸𑐎𑑂𑐮𑐥𑐎𑑂𑐲𑐾
d726305z,𑐬𑑀𑐥𑐹𑐖𑐵𑐨𑐞𑑂𑐜𑐷𑐖𑑀𑑑𑐳𑐵𑐢𑐮𑐶𑐥𑐵𑐟𑑔𑐳𑐵𑐡𑐸𑐡𑐸𑐥𑐵𑐟𑑔𑐑𑐾𑐮𑐀𑐲𑑂𑐚𑐵𑑑𑐎𑐳𑑂𑐟𑐶𑐀𑐲𑑂𑐚𑐵𑑑𑐳𑐵𑐏𑐀𑐲𑑂𑐚𑐵𑐡𑐶𑐰𑐵𑐑𑐾𑐮𑐀𑐲𑑂𑐚𑐵𑑒𑐐𑐸𑐐𑑂𑐐𑐸𑐬𑐸𑐖
8c63b97c,𑐫𑐵𑐟𑐡𑑄𑑒𑐡𑐾𑐰𑐳𑑂𑐟𑑄𑐡𑐎𑑂𑐲𑐶𑐞𑐵𑐡𑑄𑑘𑐥𑐹𑐖𑐵𑐰𑐵𑐬𑐶𑐳𑑂𑐰𑐩𑐳𑑂𑐟𑑄𑐠𑑂𑐰𑐟𑐾𑐡𑐫𑐎𑑄𑐥𑐹𑐖𑐵𑐫𑐵𑐫𑐩𑐵𑐮𑑌𑑌𑐠𑑂𑐰𑐟𑐾𑐄
c3d66b8f,𑑊𑐱𑑂𑐬𑐷𑑓𑐧𑐸𑐢𑐢𑐬𑑂𑐩𑐳𑑄𑐑𑐩𑐔𑐣𑐱𑑂𑐬𑐷𑐩𑐵
az30z387,𑐐𑐱𑑂𑐰𑐬𑐥𑑄𑐔𑐵𑐫𑐣𑐀𑐴𑑀𑐬𑐵𑐟𑑂𑐬𑐫𑐖𑑂𑐘𑐫𑐵𑐒𑐵𑐰𑑍𑐳𑐹𑐰𑐬𑑂𑐞𑑂𑐞𑐎𑐮𑐾𑐱𑐢𑑂𑐰
19010167,𑐫𑐵𑐧𑐵𑐴𑐵𑐬𑐫𑐵𑐧𑐵𑐳𑐡𑐾
8286b03z,𑐲𑐵𑐐𑑂𑐰𑑒𑐡𑑂𑐫𑐵𑑄𑐣𑑂𑐚𑐀𑐳𑑂𑐟𑐵𑐩𑐳𑐶𑐴
za746210,𑐳𑐸𑐣𑐵𑐣𑑄𑐠𑑂𑐰𑐳𑐵𑐴𑐵𑐳𑐣𑐫𑐶𑐔𑐾𑐬𑐾𑐠𑐶𑐔𑐾𑐬𑐫𑐵𑐟
26106718,𑐬𑐐𑐾𑐣𑑍𑐳𑐸𑐎𑐸𑐮𑐵𑐩𑑂𑐨𑑀𑐖𑐵𑐚𑐰𑐷𑐨𑐵𑐳𑑂𑐰𑐟𑐵𑑍𑐱𑑂𑐬𑐷𑐩𑐡𑑂𑐰𑐷𑐬𑐣𑐬𑐾𑐣𑑂𑐡𑑂𑐬𑐨𑐹𑐩𑐶𑐥𑐟𑐶𑐣𑐵𑑇𑐎𑐵𑐬𑐶𑐳𑑂𑐦𑐸𑐟𑑄𑐣𑐹𑐟𑐣𑑄𑑌
fb07a6fb,𑑊𑐳𑐩𑑂𑐰𑐟𑑂𑑗𑑑𑑘𑐎𑐵𑐬𑑂𑐟𑑂𑐟𑐶𑐎𑐱𑐸𑐎𑑂𑐮𑐲𑐲𑑂𑐚𑐶𑐬𑐰𑐶𑐰𑐵𑐬𑐳𑐱𑑂𑐬𑐷𑑓𑐐𑑄𑐢𑐸𑐬
cab8fcz0,𑑊𑐳𑑄𑐩𑑂𑐧𑐟𑑗𑑙𑑖𑐔𑐿𑐟𑐎𑐺𑐲𑑂𑐞
25azb8a5,𑐳𑐵𑐣𑐣𑑄𑐴𑐵𑐣𑐾𑐖𑑂𑐫𑐵𑐩𑐶𑐴𑑂𑐩𑑖𑐡𑐫𑐎𑐵𑐰𑐣𑐾𑐐𑐸𑐬𑐥𑐸𑐏𑐸𑐬𑐳𑑄𑐑𑐵𑐳𑐥𑐸𑐫
52202417,𑐨𑐵𑐬𑑂𑐫𑑂𑐫𑐵𑐳𑐨𑐡𑑂𑐬𑐵𑐳𑐵𑐎𑑄𑐣𑐶𑐲𑑂𑐛𑐳𑑂𑐫𑐥𑑂𑐬𑐶𑐫𑐵𑐳𑐟𑐷𑑌𑐰𑐵𑐳𑐶𑑄𑐴𑐂𑐟𑐶𑐰𑐶𑐏𑑂𑐫𑐵𑐟𑑀𑐩𑐢𑑂𑐫𑐩𑐞𑐵𑐟𑑂𑐩𑐖𑑅
7002b0fz,𑑊𑐳𑑄𑐰𑐟𑑘𑑗𑑑𑐁𑐳𑐸𑐶𑐣𑐶𑑅𑐎𑐺𑐲𑑂𑐞𑑅𑐡𑐳𑐩𑑂𑐫𑐵𑑄𑐣𑑂𑐟𑐶𑐠𑑂𑐰𑑁
12748012,𑐥𑐸𑐞𑑂𑐫𑐣𑐰𑐎𑐸𑐞𑑂𑐛𑐥𑑂𑐬𑐵𑐥𑑂𑐟𑐶𑐖𑐸𑐫𑐩𑐵𑐮𑑌
czaabc09,𑐟𑐫𑐾𑐰𑐵𑐡𑑂𑐫𑐫𑑄𑑌𑑌𑐎𑐵𑐫𑐲𑑂𑐛𑐎𑐸𑐮𑐳𑑄𑐖𑐵𑐟𑑀𑐰𑐶𑐲𑑂𑐞𑐸𑐳𑐶𑑄𑐴𑐱𑑂𑐰𑐢𑐵𑐬𑑂𑐩𑐶𑐎𑑅𑐩𑐱𑐶𑐎𑐞𑑂𑐜𑐷𑐟𑐶𑐣𑐵
60z54975,𑐨𑐸𑐩𑐶𑐨𑐵𑐐𑑂𑐫𑐵𑐄𑐥𑐕𑐣𑑂𑐡𑐥𑐶𑐛𑐾𑐱𑑂𑐬𑐷𑐴𑐾𑐬𑐸𑐎𑐧𑐶𑐬𑐸𑐥𑐵𑐎𑑂𑐲𑐏𑐐𑐵𑐣𑐣𑐵𑐢𑐶𑐧𑐵𑐳𑐶𑐟𑐾𑐀𑐣𑐾𑐎𑐡𑐾
bc98z090,𑐳𑐵𑐐𑐬𑑄𑑋𑐀𑐩𑐺𑐟𑐵𑐨𑐵𑐨𑐶𑐟𑐩𑑁𑐮𑐶𑑍𑐴𑐬𑐵𑐴𑐬𑑄𑐣𑐬𑐵𑐩𑑂𑐫𑐴𑑄𑑋𑑋𑐧𑐸𑐡𑑂𑐰𑑄𑐢𑐬𑑂𑐩𑑂𑐩𑐣𑑂𑐟𑐠𑐵𑐳𑑄𑐑𑑍𑐊𑐎𑑀
a90254zz,𑐬𑐎𑑂𑐲𑑂𑐩𑐶𑐢𑐩𑐂𑐠𑑂𑐰𑐳𑐾𑐣𑐱𑑂𑐰𑐐𑐺𑐴𑐾𑐩𑐣𑐳𑐂𑐕𑑂𑐫𑐵𑐢𑐩𑑂𑐩𑐔𑐶𑐟𑑂𑐄𑐟𑑂𑐫𑐖𑐸𑐫𑐵𑐌𑐳𑐶𑐬𑐵
00zf4990,𑐳𑑂𑐟𑐶𑐬𑐹𑐥𑐔𑐶𑐨𑐰𑑅𑐎𑐵𑐩𑑀𑐥𑐣𑑅𑐳𑐸𑐣𑑂𑐡𑐬𑑅𑑋𑐳𑐸𑐣𑑂𑐡𑐬𑑅𑑋𑐥𑑂𑐬𑐵𑐳𑐵𑐡𑑄𑐳𑐔𑐎𑐵𑐬𑐥𑑄𑐔𑐥𑐚𑐮𑑅𑐳𑐬𑑂𑐰𑐾𑐱𑑂𑐰𑐬𑐵𑐫𑐵𑐥𑑂𑐫𑐳𑑁𑐎𑐸𑐬𑑂𑐰𑐣𑑂𑐎𑑀𑐚𑐶𑐩𑐏𑑄𑐰𑐺𑐎𑑀𑐡𑐬𑐟𑐣𑐸𑑄𑐖𑐷𑐬𑑂𑐞𑐵
18b7zzfb,𑐱𑑂𑐬𑐷𑐩𑐮𑑂𑐮𑑀𑐎𑐾𑐱𑐡𑐿𑐰𑐳𑐬𑐞𑐩𑐥𑐶
419053c6,𑐥𑑄𑐔𑐩𑐵𑐴𑐥𑐵𑐟𑐎𑐮𑐵𑐎𑐖𑐸𑐮𑑀𑑌𑐱𑑂𑐬𑐷𑐱𑑂𑐬𑐷𑐖𑐫𑐨𑐹𑐥𑐷𑐣𑑂𑐡𑑂𑐬𑐩
21d2z1f8,𑐳𑑄𑐣𑑂𑐟𑐵𑐣𑐣𑐰𑐬𑐟𑑂𑐣𑑋𑑋𑐔𑐟𑐸𑐲𑐲𑑂𑐛𑐶𑐰𑐶𑐴𑐶𑐥𑑂𑐬𑐵𑐥𑑂𑐟𑐫𑐳𑑂𑐟𑐸𑑍𑐥𑐾𑐊
28213614,𑐖𑐫𑐟𑐳𑐶𑑄𑐴𑐐𑐰𑐬𑐶
8ff5c3bf,𑐩𑐵𑐫𑑀𑐴𑐣𑑂𑐟𑐶𑐳𑑂𑐩𑐣𑐶𑐱𑐶𑐥𑑂𑐬𑐔𑐞𑑂𑐜𑐰𑐮𑐶𑐣𑑄𑐎𑐵𑐩𑐵𑐟𑐸𑐬𑑄𑐎𑐷𑐔𑐎𑑄𑑍𑐱𑐟𑑂𑐬𑐹𑐞𑐵𑑄𑐩𑐰𑐡𑑄𑐨𑐫𑐒𑐎𑐬𑐣𑐶𑐩𑑄𑐟𑑄𑐨𑐷𑐩𑐳𑐾𑐣𑑄𑐨𑐖𑐾𑑋𑐣𑐵𑐣𑐵𑐣𑐺𑐟𑑂𑐫𑐎𑐮𑐵𑐰𑐶𑐮𑐵𑐳𑐬
zb24c79a,𑐀𑐮𑑀𑐎𑐣𑐵𑐠𑐳𑑂𑐫𑐳𑐾𑐰𑐎𑑌𑐨𑑀𑐐𑑂𑐫𑐾𑐱𑑂𑐰𑐬𑐷𑐟𑐳𑑂𑐫𑐨𑐵𑐬𑑂𑐫𑑂𑐫𑐵𑐥𑑂𑐬𑐶𑐟𑐶𑐫𑐵𑐡𑐥𑐬𑐵𑐫𑐞𑐩𑐵
3d640a16,𑐣𑑂𑐴𑐸𑐥𑐹𑐬𑑂𑐞𑐵𑐫𑐵𑐒𑐵𑐳𑑄𑑘𑑓𑑕
b0a8098c,𑐒𑐵𑐖𑐸𑐮𑑀𑑍𑐊𑐟𑐾𑐲𑐵𑐖𑐖𑐩𑐵𑐣𑐳𑑂𑐫𑑋𑑋𑐁𑐫𑐸𑐬𑐵𑐮𑑀𑐐𑑂𑐫𑐖𑐣𑐢𑐣
365b720b,𑑊𑐳𑑂𑐰𑐳𑑂𑐟𑐶𑑋𑑋𑐳𑐩𑑂𑐧𑐟𑑂𑑘𑑓𑑘𑐩𑐵𑐑𑐱𑐸𑐡𑐶
2802cc41,𑑚𑐄𑐟𑑂‍𑐟𑐥𑐟𑐶𑐖𑐸𑐫𑐵𑑚𑐮𑐳𑐶𑐫𑐵𑐌𑑚𑐥𑑂𑐬𑐟𑐶𑐲𑑂𑐛𑐵𑐫𑐵𑐒𑐵𑐡𑐶𑐣
56628ad5,𑐩𑐴𑐬𑐶𑑍𑐥𑐸𑐣𑐨𑐵𑐲𑐵𑐖𑐶𑐎𑐵𑐫𑐡𑐫𑐵𑐌𑐣𑐳𑐵𑐠𑑂𑐰𑐐𑐸
05619z2a,𑐳𑑄𑐩𑑂𑐢𑐰𑑂𑐬𑐶𑑑𑐔𑐶𑐬𑐶𑐠𑐎𑐸𑑃𑑑𑐎𑐾𑐔𑐩𑐵𑑑𑐣𑐖𑐬𑐎𑐸𑐩
ad158b9z,𑐱𑐸𑐨𑑋𑑋𑐨𑐵𑐳𑑂𑐎𑑂𑐬𑐾𑐡𑐾𑐰𑐳𑑄𑐳𑑂𑐎𑐵𑐬𑐶𑐟𑐳𑐵𑑍𑐳𑐟𑑂𑐬𑐱𑑂𑐬𑐷𑐎𑐾𑐱𑐰𑐔𑐣𑑂𑐡𑑂𑐬𑐎𑐶
3fb2z2d4,𑐰𑐶𑐲𑑂𑐞𑐸𑐣𑐵𑐬𑐵𑐫𑐞𑐨𑐵𑐬𑑀𑐎𑐣𑐾𑐲𑑂𑐛𑐨𑑂𑐬𑐵𑐟𑑂𑐟𑐾𑐱𑐶𑐰𑐣𑐵𑐬𑐵𑐫𑐞𑐨𑐵𑐬𑑀𑑍𑐩𑑀𑐟𑐶𑐬𑐵𑐖𑐨𑐵𑐬𑑀𑑍𑐔𑐵𑐏𑐵𑐧𑐵𑐴𑐵𑐬𑐧𑐎𑐸𑐞𑑂𑐜𑐬𑐵𑐩𑐨𑐵𑐬𑑀
b1f4c315,𑐟𑐶𑐥𑑂𑐬𑐠𑑌𑐱𑐶𑐰𑐨𑐎𑑀𑐴𑐬𑐶𑐲𑑂𑐫𑐵𑐟𑐵𑐢𑐬𑑂𑐩𑑂𑐩𑐎𑐬𑑂𑐩𑑂𑐩𑐥𑐹𑐧𑑀𑐡𑑂𑐫𑐩𑑅𑐮𑑀𑐎𑐣𑐵𑐠𑑀𑐔𑑂𑐔𑐎𑐵𑐣𑐶
c358a5d4,𑐠𑐵𑐥𑐶𑐟𑐢𑐬𑑂𑐩𑑂𑐩𑐬𑐵𑐖𑐥𑑂𑐬𑐩𑐸𑐏𑐣𑐥𑐸𑐟𑑂𑐬𑐳𑑄𑐑𑐬𑐵𑐖𑑍𑐠𑑂𑐰𑐥
d16bf690,𑐧𑐶𑐟𑐿𑑅𑐨𑐹𑐐𑐞𑐷𑐫𑑅𑑌𑑉𑐀𑐡𑑂𑐫𑐧𑑂𑐬𑐩𑑂𑐴𑐞𑑀𑐡𑑂𑐰𑐶𑐟𑐷𑐫𑐥𑐬𑐵𑐡𑑂𑐫𑐾𑐱𑐾𑐨𑐧𑐵𑐣𑐵𑐴𑐵𑐎𑐮𑑂𑐥𑐾𑐧𑑂𑐬𑐿
4827a8zb,𑐫𑐩𑑂𑐩𑐵𑑍𑐡𑐟𑑀𑐮𑐷𑐮𑐥𑐸𑐬𑑂𑐰𑑂𑐰𑐵𑐳𑐬𑐳𑑂𑐰𑐟𑑂𑐫𑐳𑐶𑐟𑑂𑐰𑑄𑑌𑑑𑑓𑑌𑐂𑐟𑑂𑐠𑑄𑐳𑐡𑐵𑐳𑐵𑐢𑐎𑐵𑐳𑑂𑐰𑐵𑑄𑐩𑑂𑐟𑐸𑐰𑑂𑐬𑐣𑑂𑐟𑐶𑑍𑐟𑑂𑐰𑐩𑐎𑐵𑐖𑐐𑐟𑑂𑐬𑐵𑐞𑐎𑐬𑑂𑐟𑑂𑐟𑐷
zb4d5f08,𑐡𑐸𑐠𑑂𑐰𑑍𑐦𑑄𑑑𑐎𑐐𑐸𑐦𑑀𑐫𑐵𑑋𑑋𑐄𑐥𑐬𑐵𑑄𑐣𑑂𑐟𑐬𑐣𑑄𑐴𑐵𑐣𑐾𑑍𑐐𑐸𑐣𑐶𑐮𑐵𑐫𑐵𑑍𑐳𑐵𑐥𑐵𑐡𑐸𑐎𑑀𑐣𑑂𑐴𑐸𑐱𑑂𑐬𑐷
4bd9a994,𑐣𑐶𑐔𑐫𑐬𑑂𑐐𑐷𑐬𑑂𑐰𑐵𑐞𑐐𑑀𑐲𑑂𑐛𑐷𑐐𑐸𑐬𑐸𑑅𑐱𑑂𑐬𑐷𑐩𑐟𑑂𑐳𑐶𑐡𑑂𑐢𑐶𑐣𑐺𑐳𑐶𑑄𑐴𑐩𑐮𑑂𑐮𑐖𑐐𑐟𑐷𑐖𑐵𑐣𑐶𑐳𑑂𑐳
55515c64,𑐬𑑂𑐞𑑂𑐞𑑍𑐧𑐺𑐴𑐾𑐳𑑂𑐥𑐟𑐶𑐧𑐵𑐳𑐬𑐾𑑍𑐳𑐶𑑄𑐢𑐬𑐵𑐱𑐶𑐐𑐟𑐾𑑍𑐳𑐧𑐶𑐟𑐬𑐶𑐩𑐶𑐠𑐸𑐣𑐬𑐵𑐱𑐶𑐐𑐟𑐾𑐔𑑄𑐣𑑂𑐡𑑂𑐬𑐩𑐱𑐶𑑋𑑋
dz052df9,𑐨𑐎𑑂𑐟𑑂𑐫𑐵𑐳𑑂𑐰𑐵𑐩𑐹𑐖𑐥𑐬𑑂𑐱𑐸𑐬𑐵𑐩𑐳𑐴𑐶𑐟𑑅𑐳𑑄𑐳𑑂𑐠𑐵𑐥𑑂𑐫𑐟𑐟𑑂𑐬𑐿𑐱𑑂𑐰𑐬𑑄𑑍𑐮𑐶𑑄𑐐𑑄𑐳𑑂𑐦
z0bb58z6,𑐴𑐾𑐩𑐵𑐬𑑂𑐫𑐟𑐵𑐬𑐵𑐳𑐴𑐶𑐟𑐡𑑂𑐰𑐫𑐱𑐶𑐮𑐵𑐳𑑂𑐟𑑄
c74bz2b7,𑑉𑐣𑐩𑑅𑐱𑑂𑐬𑐷𑐐𑐞𑐾𑐱𑐵𑐫𑑋𑑋𑐱𑑂𑐬𑐷𑐔𑐞𑑂𑐜𑐾𑐱𑑂𑐰
c687a1ab,𑐳𑑄𑐥𑐡𑐥𑐬𑐟𑑂𑐬𑐳𑑂𑐰𑐬𑑂𑐐𑑂𑐐𑐎𑐵𑐩𑐣𑐵𑐬𑑂𑐠𑐾𑐣𑐩𑐵𑐢𑐰𑐾𑐏𑐮𑐠𑐵𑐥
8467ad10,𑐩𑐸𑐖𑑂𑐖𑐺𑐩𑑂𑐨𑐟𑐾𑑌𑐫𑐾𑐣𑐵𑐡𑐵𑐫𑐶𑐩𑐸𑐬𑐵𑐬𑐫𑐾𑑄𑑇𑐱𑑂𑐩𑐳𑐡𑐣𑑄𑐳𑐬𑑂𑐰𑑂𑐰𑐵𑐫𑐰𑐵𑐥𑐷𑐡𑑂𑐰𑐫𑑄𑐥𑐸𑐟𑑂𑐬𑐵𑐫𑐵𑐰𑐣𑐶𑐥𑐵𑐮𑐟𑐵𑐴𑐸𑐟
6c280808,𑐫𑐵𑐔𑐎𑐵𑐖𑐸𑐬𑑀𑑋𑑋
71959312,𑐴𑐵𑐬𑐫𑐵𑑅𑐢𑑂𑐰𑐵𑐎𑐵𑐳𑑅𑐢𑐵𑐟𑐸𑐫𑐵𑐳𑐶𑑄𑐑𑐳𑑂𑐠𑐵𑐥𑐣𑐵𑐫𑐵𑐣𑐵𑑅𑐡𑐵𑐣𑐥𑐟𑐶
41d1b3z6,𑐳𑐴𑐶𑐟𑑄𑐳𑑄𑐳𑑂𑐠𑐵𑐥𑐫𑐵𑐩𑐵𑐳𑐳𑑍𑐎𑐺𑐟𑑂𑐰𑐵𑐟𑐟𑑂𑐬𑐣𑐬𑐾𑐣𑑂𑐡𑑂𑐬𑐨𑐹𑐥𑐟𑐶𑐩𑐞𑐶𑐴𑑀𑐩𑑄𑐔𑐎𑑀𑐚𑑂𑐫𑐵𑐴𑐸𑐟𑐶𑑄𑑌𑑐𑑌
434083ad,𑐢𑐵𑐣𑑂𑐫𑑍𑐁𑐬𑑂𑐫𑑂𑐫𑐵𑐰𑐬𑑂𑐟𑑂𑐟𑐡𑐾𑐱𑐾𑑍𑐱𑑂𑐬𑐷𑑒𑐩𑐢𑑂𑐫𑐾𑐥𑐸𑐬𑐷𑐠𑐵𑐣𑐾𑑍𑐱𑑂𑐬𑐷𑑓𑐧𑐵𑐮𑐎𑑀𑐩𑐵𑐮𑐷𑑍𑐣𑑄𑐮𑐲𑐎
23d9a881,𑐴𑐰𑐶𑐴𑐵𑐬𑐾𑐲𑑂𑐛𑐶𑐟𑐩𑐥𑐶𑐎𑐸𑐮𑐩𑐵𑐣
81z58848,𑐱𑑂𑐰𑐳𑐶𑑄𑐴𑐨𑐵𑐬𑑀𑑌𑐰𑑂𑐫𑐳𑐟𑐩𑐣𑐶𑐐𑑂𑐮𑐎𑑀𑐰𑐶𑐕𑐾𑐩𑐣𑑀𑐴𑐬𑐶𑐳𑐶𑑄𑐴𑐨𑐵𑐬𑑀𑐨𑑂𑐬𑐵𑐟𑑂𑐟𑐾𑐨𑐵𑐐𑐳𑐶𑑄𑐴𑐨𑐵𑐬𑑀𑑄𑑍𑐩𑐣𑐶𑐎𑐬𑐵𑐖𑐨𑐵𑐬𑑀𑐨𑑂𑐬𑐵𑐟𑑂𑐟𑐾
fz392d28,𑐔𑑄𑑍𑐳𑐵𑐣𑐣𑑂𑐡𑑄𑐎𑐶𑐮𑐳𑐹𑐬𑑂𑐫𑑂𑐫𑐬𑐵𑐩𑐎𑐂𑐟𑐶𑐥𑑂𑐬𑐏𑑂𑐫𑐵𑐟𑐣𑐵𑐩𑐵𑐳𑐸𑐢𑐷𑑅𑑋
d4fa5548,𑐞𑑂𑐜𑐬𑐾𑑍𑐧𑐵𑐳𑐸𑐎𑐶𑐎𑑂𑐲𑐾𑐟𑑂𑐬𑐾𑑍𑐱𑑂𑐬𑐷𑑓𑐥𑐱𑐸𑐥𑐟𑐶𑐳𑐣𑐶𑐢𑐵𑐣𑐾𑐧𑐵𑐐𑑂𑐩𑐟𑑂𑐫𑐵𑑄𑐥𑐱𑑂𑐔𑐶𑐩𑐎𑐸𑐬𑐾𑑍𑐧𑐶𑐲𑑂𑐞𑐸
443z67a7,𑐣𑑂𑐴𑐸𑐡𑐶𑐣𑐥𑐫𑐖𑑂𑐘𑐫𑐵𑐒𑑍𑐥𑐰𑐶𑐟𑑂𑐬𑐵𑐬𑑀𑐴𑐞𑐫𑐵𑐫𑐩𑐵𑐮𑑌𑐔𑐟𑑂𑐬𑐎𑐺𑐲𑑂𑐞𑐡𑑂𑐰𑐵𑐡𑐱𑐷𑐎𑐸𑐣𑑂𑐴𑐸𑑍𑐡𑐶𑐣𑐥𑐫𑐖𑑂𑐘𑐫𑐵𑐒𑑍𑐡𑐩𑐣𑐵𑐬𑑀𑐴𑐬𑐞𑐫𑐵𑐫𑐩𑐵𑐮𑑋
5c2b780f,𑑌𑐎𑐵𑐱𑑂𑐫𑐥𑐐𑑀𑐟𑑂𑐬𑐳𑑂𑐫𑐠𑐶𑐬𑐖𑐟𑑂𑐫𑐬𑑀𑐩𑑂𑐟𑑂𑐬𑐷𑐂𑐣𑑂𑐡𑐮𑐎𑑂𑐲𑑂𑐩𑐷
2191381d,𑐨𑐵𑐮𑐣𑐫𑐣𑐳𑐩𑐸𑐟𑑂𑐠𑐰𑐵𑐮𑐰𑐣𑑂𑐴𑐶𑐨𑐳𑑂𑐩𑐷𑐨𑐸𑐟𑐳𑑂𑐩𑐬𑐳𑑂𑐩𑐬𑐞𑐵𑐣𑐸𑐟𑑂𑐳𑐸𑐎𑐎𑐬𑐞𑐳𑐸𑐣𑑂𑐡𑐬𑐱𑑂𑐬𑐷𑐱𑑂𑐬𑐷𑐱𑑂𑐬𑐷
f0332521,𑐫𑐵𑐧𑐵𑐴𑐵𑐬𑐫𑐵𑐧𑐵𑐳𑐡𑐾
2cc183zd,𑐬𑑀𑑌𑐱𑐸𑐨𑑄𑑌𑑅𑑌𑑛𑑌𑑐𑑌
787azz0f,𑐬𑑂𑐲𑑓𑐎𑐵𑐡𑑀𑐰𑐸𑐎𑐬𑑂𑐲𑑒𑐐𑐵𑑄𑐰𑐸𑐠𑑂𑐰𑐟𑐾𑐰𑐸𑐡𑐸𑐣𑑂𑐟𑐵
a27b0dc0,𑐥𑐸𑐟𑑂𑐬𑐧𑐵𑐬𑐎𑐸𑐩𑐵𑐬𑐳𑐴𑐡𑑂𑐬𑐾𑐟𑐶𑑍𑐠𑐸𑐬𑐶𑐥𑐬𑐶𑐧𑐵𑐬𑐕𑐶𑐫𑐵𑐢𑐬𑑂𑐩𑑂𑐩𑐔𑐶𑐟𑑂𑐟𑐄𑐟𑑂𑐥𑐟𑑂𑐟𑐶
z4a54554,𑑉𑐣𑐩𑑅𑐱𑑂𑐬𑐷𑐩𑐡𑑂𑐬𑐵𑐬𑑂𑐫𑑂𑐫𑐵𑐰𑐮𑑁𑐎𑐶𑐟𑐾
7208079a,𑐢𑐩𑑂𑐩𑐡𑐾𑐰𑐨𑐵𑐬𑑀𑑌𑐥𑐬𑐨𑐵
1bd46d83,𑐔𑑄𑑍𑐳𑐵𑐣𑐣𑑂𑐡𑑄𑐎𑐶𑐮𑐳𑐹𑐬𑑂𑐫𑑂𑐫𑐬𑐵𑐩𑐎𑐂𑐟𑐶𑐥𑑂𑐬𑐏𑑂𑐫𑐵𑐟𑐣𑐵𑐩𑐵𑐳𑐸𑐢𑐷𑑅𑑋
a9337848,𑐱𑑂𑐰𑐬𑐵𑐫𑑅𑑌
5b4z0z50,𑐳𑑂𑐧𑑄𑐟𑑂𑑘𑑓𑑒𑐔𑐿𑐟𑑂𑐬𑐾𑐩𑐵𑐳𑐾𑐎𑐺𑐲𑑂𑐞𑐥𑐎𑑂𑐲𑑌𑐡𑑂𑐰𑐡𑐱𑑂𑐫𑐵𑑄𑐣𑑂𑐟𑐶𑐠𑑁𑑌𑐄𑐟𑑂𑐬𑐨𑐡𑑂𑐬𑐣𑐎𑑂𑐲𑐾𑐟𑑂𑐬𑐿𑑌𑐧𑐶𑐳
2b9bfd50,𑐎𑐾𑐱𑑂𑐰𑐬𑐶𑐒𑐵𑐏𑐵𑐔𑑀𑐎𑐫𑐵𑐱𑑂𑐬𑐷𑐖𑐶𑐡𑐾𑐰𑐖𑐸𑐖𑐸𑐬𑑀𑑌𑐱𑐸𑐨𑑌𑐨𑐹𑐫𑑄𑐎𑑀𑐎𑐵𑐳𑑂𑐰𑐵𑐣𑐴𑐵𑐣𑐾𑐕𑐶𑑑
39f141bc,𑐠𑐶𑐳𑐎𑐷𑐬𑑂𑐟𑐶𑐳𑑍𑐐𑑀𑐩𑑂𑐴𑐳𑐾𑐣𑑍𑐎𑐔𑐶𑑄𑐐𑑂𑐮𑐠𑐣𑐳𑐵𑑍𑐮𑑀𑐨𑐫𑐵𑐟𑐳𑐵𑑍𑐌𑐩𑑂𑐴𑐫𑐵𑐟𑐥𑑄𑐔𑐩𑐴𑐵𑐥𑐵𑐟𑐎𑐬𑐵𑐎𑐖𑐸𑐬𑑀𑑌
3cz9dbf7,𑐥𑐵𑐡𑐸𑐎𑐵𑐠𑐵𑐥𑐣𑐵𑐫𑐵𑐒𑐵
4z3f35ff,𑐌𑐟𑐶𑑍𑐟𑐳𑑂𑐫𑐨𑐵𑐬𑑂𑐫𑑂𑐫𑐵𑐥𑐡𑐸𑐎𑐣𑐾𑐲𑑂𑐚𑐨𑐵𑐬𑑂𑐫𑑂𑐫𑐵𑐩𑐞𑐷𑐮
5470785z,𑐖𑐫𑐟𑐳𑐶𑑄𑐴𑐐𑐰𑐬𑐶
7673dzc0,𑑊𑐳𑑂𑐰𑐳𑑂𑐟𑐶𑑋𑑋𑐱𑑂𑐬𑐷𑐱𑑂𑐬𑐷𑐱𑑂𑐬𑐷𑐐𑑀𑐮𑑀𑐎𑐣𑐵𑐠𑐡𑐾
5fa3z31z,𑑑𑑑𑐧𑐸𑐢𑐧𑐵𑐬𑐎𑐹𑐣𑑂𑐴𑐹𑑍𑐱𑑂𑐬𑐷𑑒𑐐𑐬𑐹𑐜
b956881d,𑐳𑐶𑐡𑑂𑐢𑐶𑐎𑐵𑐮𑐷𑐩𑐫𑐵𑐡𑐟𑑂𑐟𑑄𑐡𑐾𑐰𑐷𑐥𑐸𑐬𑐶𑑄𑐰𑑂𑐬𑐖𑐵𑐩𑑂𑐫𑐴𑑄𑑋𑑋𑑒𑑋𑑋𑐀𑐡𑑂𑐫𑑍𑐱𑑂𑐰𑐟𑐧𑐵
1c403z9d,𑐟𑐡𑐸𑐣𑑂𑐟𑐵𑐰𑑍𑐩𑐸𑐎𑐳𑐶𑐬𑐡𑐳𑑂𑐥𑐟𑐶𑐡𑐸𑑄𑐟𑐵𑐰𑐩𑐴𑐵𑐬𑐵𑐖𑐵𑐰𑐷𑐬𑐱𑑂𑐬𑐷𑐱𑑂𑐬𑐷𑐖𑐫𑐖𑑀𑐐𑐣𑐬𑐾𑐣𑑂𑐡𑑂𑐬𑐩𑐮𑑂𑐮𑐥𑑂𑐬𑐨𑐸𑐠𑐵
z4zd9299,𑐬𑑀𑑑𑑍𑐎𑑀𑐡𑑂𑐰𑐮𑐧𑐸𑐬𑑀𑑑𑐎𑐬𑑂𑐲𑑒𑐡𑑀𑐎𑑀𑐧𑐸𑐬𑑀𑑑𑐴𑐶𑐡𑐵𑐐𑐵𑐡𑐧𑐸𑐬𑑀𑑒𑐟𑐰𑐢𑐸𑐢𑑂𑐰𑐵𑐎𑑀𑐧𑐸𑑍𑐬𑑀𑑓
9abb219b,𑐳𑐣𑐱𑑄𑐏𑐩𑐹𑐮𑐳𑐢𑐵𑐟𑐢𑐬𑑂𑐩𑑂𑐩𑐳𑐵𑐬𑐵𑐡𑐫𑐎𑑄𑑍𑐀𑐴𑑀𑐬𑐵𑐟𑑂𑐬𑐫𑐖𑑂𑐘𑐫𑐵𑐒𑑍𑐱𑑂𑐬𑐷𑑓𑐡𑐵𑐩𑑀𑐡𑐬𑐡𑐾𑐰𑐥𑑂𑐬𑐟𑐶𑐲𑑂𑐛𑐵𑐫𑐵𑐒𑐵𑐡𑐶𑐣𑐖𑐸𑐬𑑀𑑌𑐠𑑂𑐰𑐫𑐵𑐟𑐥𑑂𑐬𑐟𑑂𑐫𑐵𑐫𑐡𑐸𑐣𑑂𑐟𑐵
az5f7c0a,𑐥𑑄𑐔𑐩𑐶𑐥𑐸𑐲𑐾𑐣𑐎𑑂𑐲𑐟𑑂𑐬𑐳𑐸𑐎𑑂𑐮𑐧𑐵𑐬𑐎𑐸𑐣𑑂𑐴𑐸𑐱𑑂𑐬𑐷𑑓𑐨𑐶𑐩𑐳𑐾𑐣𑐫𑐵
646593d1,𑐮𑐎𑑂𑐲𑑂𑐩𑐷𑐡𑐾𑐰𑐷𑐣𑐡𑐫𑐎𑐵𑐡𑐶𑐣𑐱𑐸𑐨𑑌
c24zf41a,𑐣𑐾𑐥𑐵𑐮𑐡𑐾𑐱𑐾𑑍𑐰𑐵𑐐𑐵𑐨𑑂𑐫𑐵𑐫𑐵𑐥𑐸𑐬𑑂𑐰𑑂𑐰𑐎𑐸𑐮𑐾𑑍𑐱𑑂𑐬𑐷𑐰𑐶𑐬𑐸𑐥𑐵𑐎𑑂𑐲𑐡𑐾𑐰𑐟𑐵𑑍𑐣𑐶𑐰𑐵𑐳𑐶𑐟𑐾
840bb2b0,𑐫𑐶𑐣𑐾𑐬𑐟𑑂𑐟𑐸𑐟𑑂𑐫𑐵𑐰𑐶𑐱𑑂𑐰𑐳𑐺𑐖𑐵𑑄𑐳𑑂𑐰𑐫𑑄𑐰𑐟𑐬𑐟𑐾𑐎𑐺𑐲𑑂𑐞𑐵𑐫𑐨𑐹𑐫𑑀𑐣𑐩𑑅𑑌𑐫𑑀𑐫𑑀𑐮𑐷𑐮𑐫𑑀𑐡𑐢𑐸𑐟𑑂𑐫𑐐𑐶𑐬𑐶𑑄𑐩𑐴𑐵𑐣𑑂𑐟𑑄𑐐𑑀𑐐𑑀𑐥𑐶
89778368,𑐧𑐳𑐎𑐾𑐡𑐸𑐰𑐣𑐾𑐮𑑀𑐴𑑀𑐡𑐾𑐰𑐮𑐡𑐫𑐎𑐵𑐱𑑂𑐬
cc826577,𑐬𑐎𑑂𑐲𑑂𑐩𑐶𑐢𑐩𑐂𑐠𑑂𑐰𑐳𑐾𑐣𑐱𑑂𑐰𑐐𑐺𑐴𑐾𑐩𑐣𑐳𑐂𑐕𑑂𑐫𑐵𑐢𑐩𑑂𑐩𑐔𑐶𑐟𑑂𑐄𑐟𑑂𑐫𑐖𑐸𑐫𑐵𑐌𑐳𑐶𑐬𑐵
5b993f5c,𑐨𑐵𑐣𑐸𑐥𑑂𑐬𑐟𑐶𑐩𑐥𑑂𑐬𑐟𑐵𑐥𑑀𑐰𑐶𑐬𑐵𑐖𑐟𑐾𑐩𑐵𑐬𑐳𑐩𑐵𑐣𑐬𑐹𑐥𑑅𑑌𑐳𑐱𑑂𑐬𑐷𑐣𑐶𑐰𑐵𑐳𑑀𑐣𑐺𑐥𑐰𑐵𑐳𑐬𑐾𑐱𑑀𑐨𑐐𑐷𑐬𑐠𑐳𑑂𑐫𑐵𑐣𑐸𑐩𑐟𑑄𑐐𑐺𑐴𑐷𑐟𑑂𑐰𑐵𑑍𑐀𑐎𑐵𑐬𑐫𑐡𑑂𑐨𑐷𑐲𑐞
cf33703z,𑐴𑐳𑐬𑑂𑐧𑑂𑐧𑐡𑐵𑑋𑑋𑑋𑑋𑐱𑑂𑐬𑐷𑑓𑐔𑐞𑑂𑐜𑐾𑐱𑑂𑐰𑐬𑐷𑐥𑑂𑐬𑐶𑐟𑐶𑐎𑐵𑐩𑐣𑐵𑐣𑐨𑐸𑐰𑐶𑐟𑐩𑐸
3a7b4b0a,𑐴𑐵𑐞𑑂𑐜𑐳𑐎𑐾𑐟𑑀𑐬𑐞𑐟𑐫𑐵𑐧𑐶𑐫𑐸𑐱𑑂𑐬𑐷𑐐𑑀𑐥𑐶𑐣𑐳𑐶𑑄𑐴𑐖𑐶𑐰𑐣
f8fcadb7,𑐱𑑄𑐏𑐔𑐎𑑂𑐬𑐐𑐡𑐵𑐰𑑂𑐖𑐶𑐣𑑄𑐟𑐵𑐬𑑂𑐎𑑂𑐲𑑂𑐫𑐵𑐳𑐣𑐳𑑂𑐠𑑄𑐡𑐾𑐰𑐾𑐱𑑄𑐥𑐷𑐟𑐵𑐩𑑂𑐧𑐬𑐳𑐸𑐱𑑀𑐨𑐶𑐟𑑄𑑌𑐰𑐺𑐲𑐳𑑄𑐴𑐵𑐳𑑂𑐠𑐶𑐟𑑄𑐱𑐵𑑄𑐟
26302ada,𑐨𑐵𑐬𑑀𑑍𑐖𑐶𑐟𑐬𑐵𑐖𑐨𑐵𑐬𑑀𑑍𑐖𑐐𑐟𑐬𑐵𑐖𑐨𑐵𑐬𑑀𑑍𑐟𑑀𑐫𑐨𑐵𑐬𑑀𑑍𑐣𑐵𑐠
4202dz1z,𑐣𑐨𑐵𑐬𑑀𑐠𑐸𑐟𑐶𑐳𑐩𑐹𑐔𑐫𑐣𑐖𑑂𑐘𑐵𑐣𑐬𑐵𑐖𑐥𑑂𑐬𑐩𑐸𑐲𑑄𑐖𑐊𑐬𑐵𑐖𑐩𑑄𑐘𑑂𑐖𑐸𑐬𑐵𑐖𑑍𑐢𑐣𑐬𑐵𑐖𑐨𑐵𑐟𑐺𑐥𑐸𑐟𑑂𑐬𑐧𑐺𑐣𑑂𑐡𑑂𑐬𑐬𑐵
2z480b5c,𑐣𑐾𑐥𑐵𑐮𑐡𑐾𑐱𑐾𑑍𑐰𑐵𑐐𑐵𑐨𑑂𑐫𑐵𑐫𑐵𑐥𑐸𑐬𑑂𑐰𑑂𑐰𑐎𑐸𑐮𑐾𑑍𑐱𑑂𑐬𑐷𑐰𑐶𑐬𑐸𑐥𑐵𑐎𑑂𑐲𑐡𑐾𑐰𑐟𑐵𑑍𑐣𑐶𑐰𑐵𑐳𑐶𑐟𑐾
5za39a41,𑐫𑐸𑐐𑐵𑐡𑐶𑐣𑑁𑐩𑐶𑐱𑐸𑐎𑑂𑐮𑐰𑐵𑐬𑐩𑐸𑐳𑑄𑐧𑐵𑐴𑐵
35d953fc,𑐡𑑂𑐰𑐶𑐟𑐶𑐫𑐨𑐵𑐬𑑂𑐫𑐵𑑍𑐧𑐕𑐬𑐵𑐮𑐎𑑂𑐲𑑂𑐩𑐷𑑓
cddz81b6,𑐩𑐮𑐵𑐳𑑂𑐰𑐴𑑂𑐩𑑄𑐳𑐾𑐣𑑄𑐳𑐩𑐸𑐔𑑂𑐔𑐫𑐣𑐟𑐸𑐬𑐳
2b73b720,𑐖𑐩𑐎𑐞𑑂𑐜𑐶𑐎𑐵𑐫𑐳𑐴𑐶𑐟𑑀𑐫𑑀𑐐𑐩𑑂𑐧𑐬𑑀𑐣𑐵𑐫𑐎𑑅𑐳𑐬𑑂𑐰𑑂𑐰𑐥𑐬𑑂𑐞𑑂𑐞𑑅𑐥𑐬𑐩𑐵𑐡𑐶𑐧𑐸𑐡𑐨𑐐𑐰𑐵𑐣𑐰𑐣𑑂𑐡𑐾
b40a4z36,𑐨𑐵𑐐𑐸𑐞𑐩𑐵𑐳𑐶𑐬𑑂𑐎𑐬𑐟𑐶𑐠𑑁𑐟𑐾𑐔𑐣𑑂𑐡𑑂𑐬𑐥𑐿𑐧𑐾𑐡𑐸𑐢𑑀
f9d1z23c,𑑑𑐄𑑃𑐣𑐩𑑅𑐱𑑂𑐬𑐷𑐢𑐬𑑂𑐩𑑂𑐩𑐢𑐵𑐟𑐰𑐾𑑋𑑋𑐣𑐩𑐳𑑂𑐟𑐸𑐔𑐿𑐟𑑂𑐫𑐵𑐫𑐳𑐸𑐐𑐟𑐵𑐟𑑂𑐬𑐫𑐵𑐫𑐰𑐶𑐱𑐸𑐡𑑂𑐢𑐬𑐸𑐥𑐵𑐫𑐥𑐬𑑂𑐖𑑂𑐘𑐵𑐬
fb458a3d,𑐌𑐟𑐫𑐩𑐵𑐬𑐖𑐸𑐬𑑀𑑋𑑋𑑐𑑋𑑋𑐳𑐩𑑂𑐰𑐟𑑘𑑓𑑗
a118bbzf,𑐬𑑂𑐰𑐦𑐵𑐮𑑂𑐐𑐸𑐞𑐷𑐣𑐎𑑂𑐲𑐾𑐟𑐬𑐾𑐱𑐶𑐰𑐾𑐖𑑀𑐐𑐾𑐖𑐠𑐵𑐎𑐬𑑂𑐞𑑂𑐞𑐩𑑀𑐴𑑀𑐟𑐾𑐬𑐾𑐧𑐾𑐴𑐳𑑂𑐫𑐥𑐟𑐶𑐰𑐵𑐳𑐬𑐾𑐧𑐺𑐟
3311f9z9,𑐬𑐵𑐩𑐬𑐔𑑄𑐣𑑂𑐡𑑂𑐬𑐨𑐵𑐬𑑀𑑍𑐀𑐣𑑂𑐟𑐳𑐶𑑄𑐒𑐨𑐵𑐬𑑀
c762z98f,𑐎𑐣𑑂𑐫𑐵𑐔𑐮𑐡𑑂𑐰𑐷𑐔𑐷𑐬𑐩𑑂𑐫𑐵𑑄𑑍𑐖𑐚𑐵𑐩𑐸𑐟𑑂𑐎𑐚𑐵𑑄𑐩𑑁𑐮𑐶𑐣𑐵𑐳𑐣𑑂𑐡𑐢𑐵𑐣𑑄𑑋𑐎𑑂𑐲𑐞𑑄𑐳𑐖𑑂𑐟𑑂𑐬𑐣𑐵𑐲𑑂𑐚𑐸𑐞𑑂𑐫𑐖𑐣𑑂𑐩𑐵𑐣𑐊𑐣𑐵
57882113,𑑊𑐳𑐩𑑂𑐰𑐟𑑘𑑖𑑑𑐩𑐸𑑋𑐱𑐸𑐣𑐰𑐡𑐶𑑑𑑔𑐬𑐸𑐥𑑂𑐬𑐵𑐳𑐣𑐶𑐡𑐸𑐟𑐵𑑄𑑌𑐱𑐸𑐨𑑄𑑌
43b56936,𑐧𑐸𑐢𑐥𑑂𑐬𑐩𑐸𑐏𑐣𑑍𑐨𑐵𑐬𑑂𑐫𑐵𑐩𑐒𑑂𑐐𑐬𑐵𑐮𑐎𑑂𑐲𑑂𑐩𑐷𑐱𑐵𑐎𑑂𑐫𑐨𑐶𑐎𑑂𑐲𑐸𑐱𑑂𑐬𑐷𑐩𑐣𑐖𑐟𑐶𑑍𑐱𑐵𑐎𑑂𑐫𑐨𑐶
84947f95,𑐖𑑂𑐰𑐵𑐮𑐵𑐫𑐎𑑀𑐚𑑂𑐫𑐵𑐴𑐸𑐟𑐶𑑅𑑋𑐰𑐶𑐥𑑂𑐬𑐵𑐫𑐵𑐠𑐢𑐬𑐵𑐐𑐖𑐵𑐱𑑂𑐔𑐳𑐡𑐣𑐳𑑂𑐰𑐬𑑂𑐞𑐵𑐣𑑂𑐣𑐎𑐮𑑂𑐥𑐡𑑂𑐬𑐸𑐩𑐵𑐮𑐎𑑂𑐲𑐥𑑂𑐬𑐳𑑂𑐠
0c7667f5,𑐱𑐶𑐰𑐬𑐵𑐟𑑂𑐬𑐶𑐣𑐧𑐸𑐳𑐵𑐢𑐣𑐣𑐱𑑂𑐬𑐷𑑓𑐔𑐞𑑂𑐜𑐾𑐱𑑂𑐰𑐬𑐷𑐫𑐵𑐟𑑂𑐬𑐵𑐣𑑍𑐂𑐣𑑂𑐡𑑂𑐬𑐫𑐵
d48ca279,𑐱𑑂𑐰𑐬𑐵𑐫𑑅𑑌
878a7z04,𑐟𑐬𑐎𑑂𑐲𑑂𑐩𑐶𑑍𑐢𑐩𑐂𑑍𑐠𑑂𑐰𑐳𑐾𑐣𑑍𑐱𑑂𑐰𑐐𑑂𑐫𑑂𑐬𑐴𑐾𑑍𑐩𑐣𑐳𑐂𑐔𑑂𑐕𑑂𑐫𑐵𑐢𑐩𑑂𑐩𑐔𑐶𑐟𑑂𑐟𑐄𑐟𑑂𑐫𑐖𑐸𑐫𑐵𑐌𑑍𑐳𑐶𑐬𑐵
30bcz3f2,𑐱𑑂𑐬𑐷𑑓𑐔𑐎𑑂𑐬𑐳𑐰𑐮𑑍𑐡𑐾𑐰𑐥𑑂𑐬𑐷𑐟𑐶𑐣𑑍𑐏𑐳𑑂𑐟𑐶𑐱𑑂𑐬𑐷𑐱𑑂𑐬𑐷𑐖𑐫𑐫𑐟𑐵
a81db968,𑐟𑐐𑑂𑐬𑐎𑐾𑐟𑐎𑐎𑐸𑐩𑐸𑐡𑑄𑐎𑐵𑐱𑐎𑑁𑐩𑐸𑐡𑐷𑐎𑐵𑐩𑐶𑐣𑐷𑐎𑐥𑐎𑑂𑐲𑐎𑐵𑐣𑑂𑐟𑐵𑐎𑐬𑑂𑐞𑑂𑐜𑐸𑐬𑐖𑐟𑐎𑐸𑐞𑑂𑐜𑐮𑐎𑐵𑐣𑑂𑐟𑐶𑐎
z9118648,𑐳𑐳𑐾𑐒𑐵𑐌𑐰𑐣𑐳𑐵𑐳𑐸𑐣𑐵𑐞𑑄𑐮𑑂𑐴𑑂𑐰𑐣𑐾𑐡𑐸𑐖𑐸𑐬𑑀𑐨𑐵𑐳𑑂𑐎𑐮𑐡𑐾𑐌𑐳𑐣𑑂𑐎𑐵𑐮𑐶𑐟𑐱𑑂𑐬𑐷𑐎𑐾𑐳𑑀𑐔𑐣𑑂𑐡𑑂𑐬𑐎𑐺𑐟𑐥𑐵𑐬𑐵𑐰𑐬𑑂𑐟𑑂𑐟𑐩𑐴𑐵𑐰𑐶𑐴𑐵𑐬𑐳𑑂𑐛𑐶𑐟𑑍𑐱𑐸
d229a295,𑑊𑐱𑐸𑐫𑑀𑐳𑑂𑐟𑐸𑐳𑐧𑐟𑑂𑑙𑑘𑑒𑐩𑑂𑐟𑐶𑐎𑐵𑐟𑑂𑐟𑐶𑐎𑐩𑐵𑐳𑐾𑐎𑐺𑐳𑑂𑐣𑐥𑐎𑑂𑐲
d152cz4b,𑐮𑐩𑐞𑑂𑐜𑐮𑐾𑐱𑐸𑐧𑐬𑑂𑐞𑑂𑐞𑐥𑐞𑐵𑐮𑐶𑐩𑐴𑐵𑐣𑐐𑐬𑐾𑐱𑐵𑐣𑑂𑐟𑐷𑐑
13689012,𑐠𑐎𑐸𑑄𑐩𑐣𑐸𑐎𑑂𑐬𑐩𑐵𑐟𑑂𑐊𑐟𑐾𑐲
476a7523,𑐱𑑂𑐬𑐷𑐱𑑂𑐬𑐷𑐖𑐫𑐥𑑂𑐬𑐟𑐵𑐥𑐩𑐮𑑂𑐮𑐡𑐾𑐰𑐥𑑂𑐬𑐨𑐸𑐠𑐵𑐎𑐸𑐬𑐳𑑂𑐫𑐰𑐶𑐖𑐫𑐬𑐵𑐖𑑂𑐫𑑅𑑋𑑋𑐱𑑂𑐬𑐷𑐳𑐸𑐰𑐬𑑂𑐞𑑂𑐞𑐥𑐞𑐵𑐮𑐶𑐩𑐴𑐵
a407a09b,𑐟𑑂𑐬𑐳𑐸𑐡𑑂𑐢𑐶𑐫𑑀𑐐𑐱𑐣𑐶𑐱𑑂𑐔𑐬𑐰𑐵𑐬𑑋𑑋𑐳𑑂𑐠𑐵𑐥𑐣𑐵𑐫𑐵
c1dbc501,𑐳𑐶𑑄𑐴𑑀𑐡𑐫𑐵𑐥𑐬𑑅𑑋𑐨𑐷𑐩𑐳𑐾𑐣𑐳𑐩𑑅𑐳𑐵𑐬𑐾𑐳𑐬𑑂𑐰𑐱𑐟𑑂𑐬𑐸𑐰𑐶𑐣𑐵𑐱𑐎𑑅𑑌𑐀𑐖𑐷𑐖𑐣𑐔𑑂𑐕𑐷𑐖𑐫𑐰𑐶𑐲𑑂𑐞𑐸𑐩𑐮𑑂𑐮𑐳𑑂𑐟𑐳𑑂𑐫𑐵𑑄
ccc276d7,𑑅𑐳𑐸𑐟𑑀𑐐𑐸𑐞𑐣𑐶𑐢𑐶𑐬𑑂𑐫𑑂𑐫𑐱𑑂𑐰𑐾𑐣𑑂𑐡𑑂𑐬𑐩𑐮𑑂𑐮𑐵𑐩𑐶𑐢𑑅𑐱𑐸𑐡𑑂𑐢𑐵𑐔𑐵𑐬𑐰𑐟𑐷𑐐𑐸𑐞𑐣𑐶𑐮𑐫𑐵𑐟𑐸𑐮𑑂𑐫𑐵𑐴𑐬𑐾𑑅𑐎𑐵𑐣𑑂𑐟𑐫𑐵𑑅𑑌𑐟𑐳𑑂𑐫𑐵𑑅𑐳𑐸𑐟𑐵𑐳𑐷𑐟𑑂𑐳𑐸𑐡𑐟𑐷𑐎𑐸
280zd003,𑐥𑐶𑐟𑑄𑐞𑐶𑐰𑑄𑐢𑐶𑐖𑐣𑐳𑐾𑐰𑐎𑑄𑐣𑐶𑐟𑑂𑐫𑑄𑐰𑐣𑑂𑐡𑐾𑐴𑑄𑐩𑐷𑐱𑑂𑐰𑐬𑑄𑐥𑑂𑐬𑐟𑐶
9da8a67z,𑐡𑐩𑐫𑐶𑐟𑐸𑑄𑐟𑑂𑐬𑐵𑐟𑐸𑑄𑐳𑐸𑐴𑐺𑐟𑑂𑐳𑐖𑑂𑐖𑐣𑐵𑐣𑑂𑐨𑐹𑐩𑐶𑑄𑐨𑐹𑐲𑐫𑐶𑐟𑐸𑑄𑐟𑐩𑑅𑐳𑐩𑐫𑐶𑐟𑐸𑑄𑐎𑐬𑑂𑐟𑐸𑑄𑐰𑑂𑐫𑐰𑐳𑑂𑐠𑐵𑑄𑐳𑐟𑐷𑑄𑑋𑐰𑐶𑐡𑑂𑐰𑐵𑑄𑐳𑑀𑐣𑐩𑐫𑐣𑑂𑐟𑐶𑐨𑐹𑐥𑐟𑐶𑐐𑐖𑐵𑐣𑑂
4b380c76,𑐫𑐣𑑂𑐟𑐷𑑍𑐩𑐬𑐷𑐣𑐸𑐐𑑂𑐬𑐬𑐹𑐥𑐵𑐩𑐴𑑄𑐟𑑂𑐬𑐵𑑄𑐨𑐖𑐵𑐩𑐶𑑌𑑘𑑌𑐣𑐰𑑀𑐩𑐾𑐩𑐩𑐢𑑂𑐫𑐵𑐣𑐳𑐣𑑂𑐟𑐵𑐣𑐱𑐎𑑂𑐟𑐶𑑍𑐬𑑂𑐣𑑂𑐣𑐔𑐥𑑂𑐬𑐵𑐞𑐬𑑀𑐢𑐾𑐖𑐐𑐟𑐵
d5ad0a52,𑐬𑐷𑐩𑐫𑐶𑐣𑐾𑐴𑑂𑐩𑑄𑐟𑐶𑐬𑐷𑐥𑐸𑐬𑐸𑐏
d9a9d509,𑐳𑐟𑐸𑐖𑐷𑐧𑐮𑐵𑐣𑐶𑐠𑐎𑐹𑐥𑐹𑐟𑑂𑐬𑐡𑐾𑐧𑐷𑐢𑑄𑐫𑑀𑐐𑐬𑐵𑐖𑐩𑑀
73850334,𑐣𑐷𑐣𑐶𑐩𑑂𑐴𑐰𑐵𑐎𑐵𑐩𑐾𑐣𑐠𑑂𑐰𑐥𑐶𑐠𑐸𑐐𑑂𑐰𑐵𑐕𑐾𑐬𑐰𑐟
0522bc5c,𑐣𑐾𑑑𑑐𑑓𑑑𑐎𑐵𑐬𑑂𑐟𑑂𑐟𑐶𑐎𑐩𑐵𑐳𑐾𑐱𑐸𑐎𑑂𑐮𑐥𑐎𑑂𑐲𑐾
3b05cz28,𑐩𑐵𑐫𑑀𑐴𑐣𑑂𑐟𑐶𑐳𑑂𑐩𑐣𑐶𑐱𑐶𑐥𑑂𑐬𑐔𑐞𑑂𑐜𑐰𑐮𑐶𑐣𑑄𑐎𑐵𑐩𑐵𑐟𑐸𑐬𑑄𑐎𑐷𑐔𑐎𑑄𑑍𑐱𑐟𑑂𑐬𑐹𑐞𑐵𑑄𑐩𑐰𑐡𑑄𑐨𑐫𑐒𑐎𑐬𑐣𑐶𑐩𑑄𑐟𑑄𑐨𑐷𑐩𑐳𑐾𑐣𑑄𑐨𑐖𑐾𑑋𑐣𑐵𑐣𑐵𑐣𑐺𑐟𑑂𑐫𑐎𑐮𑐵𑐰𑐶𑐮𑐵𑐳𑐬
87c9f95f,𑐳𑑄𑐐𑐟𑑅𑐎𑑂𑐲𑑂𑐩𑐵𑐨𑐺𑐟𑐵𑑄𑐥𑐡𑐔𑑂𑐫𑐹𑐟𑐩𑐴𑐷𑐥𑐟𑐶𑐳𑑂𑐰𑐥𑐡𑐬𑐎𑑂𑐲𑐞𑐾𑐥𑐞𑑂𑐜𑐶𑐟𑑅𑐥𑐸𑐬𑐣𑑂𑐡𑐬𑐣𑐾𑐱𑑂𑐰𑐬𑑀𑐖𑐫𑐟𑐶𑐰𑐶𑐥𑑂𑐬𑐎𑐮𑑂𑐥𑐡𑑂𑐬𑐸𑐩𑑅
8c9c4622,𑐩𑐸𑐴𑐣𑐖𑐸𑐬𑑀𑑌𑐥𑐸𑐣𑑅𑐠𑑂𑐰𑐟𑐸𑐮𑐳𑐷𑐦𑐮𑐳𑐐𑑀𑐩𑑂𑐴𑐣𑑄𑐢𑐬𑑂𑐩𑑂𑐩𑐨𑐵𑐬𑐥𑑄𑐟𑐸𑐮𑐱𑐷𑐥𑐾𑐫𑐩𑐵
zfb7za68,𑐳𑑂𑐫𑐊𑐬𑐵𑐖𑑂𑐫𑐾𑑌𑐡𑐵𑐣𑐥𑐟𑐶𑐟𑐩𑐎𑐵𑐬𑐐𑑂𑐰𑐩𑑂𑐧𑐸𑐨𑐵𑐬𑑀𑐥𑑂𑐬𑐩𑐸𑐲𑑄𑐣𑐣𑐬𑐳𑐶𑐡𑐾𑐰𑐨𑐵𑐬𑑀𑐥𑐡𑑂𑐩𑐨𑐵𑐬𑑀𑐖𑐳𑐶
z720246f,𑐡𑐾𑐐𑐸𑐠𑐶𑐳𑐡𑐸𑐣𑑂𑐟𑐵𑐳𑐫𑐰𑐧𑐵𑐴𑐵𑐬𑐌𑐣𑑂𑐟𑐵𑐕𑐾𑐖𑐵𑐌𑐏𑐵𑐠𑑂𑐰𑐎𑐸𑑑𑑔𑐂𑐳𑐵𑐣𑐎𑐸𑐣𑐥𑐵
3cf8a27d,𑐧𑐵𑐣𑐣𑑂‍𑐡𑐎𑑀𑐴𑑀𑐡𑐔𑑂‍𑐟𑐔𑑀𑐣𑐵𑐰𑐾𑐬𑐳𑑅𑐢𑐬𑑂𑐩𑑂‍𑐩𑐔𑐶𑐟𑑂‍𑐟𑐄𑐟𑐥𑐟𑑂‍𑐟𑐶𑐖𑐸𑐫𑐵𑐜𑑀𑐠𑑂‍𑐰𑐎𑐸
f8a04ca4,𑐟𑑂𑐬𑐶𑐨𑐸𑐰𑐣𑐳𑐰𑐵𑐳𑐮𑐫𑐸𑐖𑐸𑐮𑐱𑐸𑐨𑑌
7bz32d5a,𑑅𑐳𑐸𑐟𑑀𑐐𑐸𑐞𑐣𑐶𑐢𑐶𑐬𑑂𑐫𑑂𑐫𑐱𑑂𑐰𑐾𑐣𑑂𑐡𑑂𑐬𑐩𑐮𑑂𑐮𑐵𑐩𑐶𑐢𑑅𑐱𑐸𑐡𑑂𑐢𑐵𑐔𑐵𑐬𑐰𑐟𑐷𑐐𑐸𑐞𑐣𑐶𑐮𑐫𑐵𑐟𑐸𑐮𑑂𑐫𑐵𑐴𑐬𑐾𑑅𑐎𑐵𑐣𑑂𑐟𑐫𑐵𑑅𑑌𑐟𑐳𑑂𑐫𑐵𑑅𑐳𑐸𑐟𑐵𑐳𑐷𑐟𑑂𑐳𑐸𑐡𑐟𑐷𑐎𑐸
ba936173,𑐨𑐫𑑀𑑅𑐳𑑂𑐠𑐵𑐥𑐫𑐵𑑌𑑓𑑌
bd615daf,𑐬𑐐𑐾𑐣𑑍𑐳𑐸𑐎𑐸𑐮𑐵𑐩𑑂𑐨𑑀𑐖𑐵𑐚𑐰𑐷𑐨𑐵𑐳𑑂𑐰𑐟𑐵𑑍𑐱𑑂𑐬𑐷𑐩𑐡𑑂𑐰𑐷𑐬𑐣𑐬𑐾𑐣𑑂𑐡𑑂𑐬𑐨𑐹𑐩𑐶𑐥𑐟𑐶𑐣𑐵𑑇𑐎𑐵𑐬𑐶𑐳𑑂𑐦𑐸𑐟𑑄𑐣𑐹𑐟𑐣𑑄𑑌
bd03dc64,𑐠𑐎𑐸𑐠𑑂𑐰𑐟𑐾𑐳𑐾𑐣𑐂𑐣𑐵𑐫𑐎𑑀𑐥𑐸𑐬𑐵𑐨𑐵𑐬𑐶𑑄𑐥𑐱𑑂𑐔𑐶𑐩
4b1fd53z,𑐧𑐵𑐎𑑄𑐟𑐒𑐣𑑌𑐩𑐣𑑀𑐴𑐬𑐵𑐩𑐫𑐶𑐫𑐵𑐣𑐵𑐩𑐣𑐬𑑀𑐴𑑀𑐬𑐧𑐸𑐬𑑀𑑒𑐠𑑂𑐰𑐟𑐾𑐧𑐸𑐫𑐧𑐶𑐬𑐳𑐵
6az5d75c,𑐎𑐩𑐵𑐣𑑅𑐎𑐣𑐾𑐳𑑂𑐟𑐥𑐸𑐟𑑂𑐬𑐩𑑀𑐟𑐶𑐩𑐵𑐣𑑅𑐩𑐣𑐶𑐎𑐩𑐵𑐣𑑂𑐟𑐳𑑂𑐫𑑅𑐨𑐵
5f4101d7,𑐌𑑑𑐎𑐵𑐟𑐶𑐎𑐱𑐸𑐎𑑂𑐬𑐥𑐹𑐣𑐩𑐵𑐳𑐶𑐎𑐸𑐣𑑂𑐴𑐸𑐩𑐟𑐕𑑀𑐫𑐎𑐾𑐩𑐵𑐬𑐰𑐬𑑂𑐲𑐥𑐟𑐶𑐊𑐟𑐣𑐥
6c8ba46d,𑐎𑐰𑑄𑐟𑑀𑐎𑑀𑐮𑐶𑐰𑐶𑐕𑐾𑐰𑐖𑐵𑐜𑐔𑐵𑐖𑑂𑐫𑐱𑑂𑐬𑐷𑐬𑐵𑐩𑐖𑐸𑐳𑐱𑑂𑐬𑐷𑐮𑐾𑐕𑐩𑐣𑐖𑐸𑐳𑐠𑑂𑐰𑐥𑐣𑐶𑐳𑑂𑐫𑐣𑑅𑐮𑑄
6c175883,𑑊𑐳𑑂𑐣𑐵𑐟𑐸𑐬𑑂𑐖𑑂𑐖𑐣𑑂𑐩𑐣𑐶𑐰𑐵𑐬𑐶𑐞𑐷𑐖𑐜𑐢𑐶𑐫𑐵𑑄𑐖𑐵𑐜𑐔𑑁𑐢𑐰𑐶𑐢𑑂𑐰𑑄𑐳𑐶𑐣𑐷𑑍𑐩𑐺𑐟𑑂𑐎𑐣𑑂𑐡𑐬𑐡𑐵𑐬𑐶𑐞𑐷𑐴𑐬𑐩𑐸𑐏𑐵𑐖𑑂𑐖𑐵𑐟𑐵𑐖𑐐𑐟𑑂𑐥𑐵𑐰𑐣𑐷𑑋
caf8bac6,𑐡𑐾𑐰𑐳𑐎𑐾𑐮𑐸𑐫𑐵𑐩𑐸𑐡𑐫𑐡𑐫𑐎𑑄𑐡𑑀𑐴𑑀𑐬𑐰𑐵𑐖𑐸𑐬𑑀𑑌𑐳𑐸𑐨𑐩𑐳𑑂𑐟𑐸𑐳𑐬𑑂𑐰𑑂𑐰𑐡𑐵𑑌
d39zz818,𑐡𑐾𑐐𑐸𑐠𑐶𑐳𑐡𑐸𑐣𑑂𑐟𑐵𑐳𑐫𑐰𑐧𑐵𑐴𑐵𑐬𑐌𑐣𑑂𑐟𑐵𑐕𑐾𑐖𑐵𑐌𑐏𑐵𑐠𑑂𑐰𑐎𑐸𑑑𑑔𑐂𑐳𑐵𑐣𑐎𑐸𑐣𑐥𑐵
95df9466,𑐠𑐶𑐳𑐎𑐷𑐬𑑂𑐟𑐶𑐳𑑍𑐐𑑀𑐩𑑂𑐴𑐳𑐾𑐣𑑍𑐎𑐔𑐶𑑄𑐐𑑂𑐮𑐠𑐣𑐳𑐵𑑍𑐮𑑀𑐨𑐫𑐵𑐟𑐳𑐵𑑍𑐌𑐩𑑂𑐴𑐫𑐵𑐟𑐥𑑄𑐔𑐩𑐴𑐵𑐥𑐵𑐟𑐎𑐬𑐵𑐎𑐖𑐸𑐬𑑀𑑌
342d8zc9,𑐟𑑍𑐠𑑂𑐰𑐣𑐾𑐩𑑂𑐴𑑄𑐳𑑂𑐟𑐵𑐏𑐸𑐫𑐶𑐔𑐮𑐵𑐧𑐸𑐬𑑀𑑑𑐠𑐟𑐾𑐧𑐸𑐡𑐸𑐟𑐵𑐖𑐸𑐬𑑀𑑋𑑋𑐠𑑂𑐰𑐧𑐸𑐫𑐵𑐰𑐮𑐳𑐵𑐣𑑄𑐴𑐵𑐣𑐾𑐰𑐶𑐱𑑂𑐰𑐖𑐵
5af83bz9,𑐢𑐌𑐟𑐶𑐫𑐵𑐟𑐣𑐵𑐩𑐣𑐠𑑂𑐰𑐳𑐵𑐬𑐶𑐎𑐡𑐫𑐎𑐵𑐖𑐸𑐬𑑀𑑌𑐱𑐸𑐨𑐩𑐩
2c595zcz,𑐴𑐵𑐞𑑂𑐜𑐳𑐎𑐾𑐟𑑀𑐬𑐞𑐟𑐫𑐵𑐧𑐶𑐫𑐸𑐱𑑂𑐬𑐷𑐐𑑀𑐥𑐶𑐣𑐳𑐶𑑄𑐴𑐖𑐶𑐰𑐣
56752b56,𑐡𑐾𑐰𑐟𑐵𑐰𑐬𑐮𑐖𑑂𑐫𑐥𑑂𑐬𑐳𑐵𑐡𑐡𑐾𑐡𑐶𑐥𑑂𑐫𑐩𑐵𑐣𑑀𑐣𑐟𑐬𑐑𑐸𑐰𑑄𑐱𑐵𑐰𑐟𑐵𑐬𑐬𑐰𑐶𑐎𑐸𑐮𑐟𑐶𑐬𑐎𑐴𑐣𑐸𑐩𑐣𑑂𑐢𑑂𑐰𑐖𑐣𑐾𑐥𑐵𑐮𑐾𑐱𑑂𑐰𑐬𑐩𑐴𑐵𑐬𑐵𑐖𑐵𑐢𑐶𑐬𑐵𑐖𑐳𑐎𑐬𑐮𑐵
8648zcf5,𑐳𑑂𑐦𑐸𑐬𑑂𑐖𑑂𑐖𑐟𑑂𑐦𑐵𑐮𑑂𑐐𑐸𑐣𑐎𑐺𑐲𑑂𑐞𑐥𑐎𑑂𑐲𑐰𑐶𑐲𑐫𑐾𑐴𑐺𑐡𑑂𑐫𑐡𑑂𑐰𑐶𑐟𑐷𑐫𑐵𑐟𑐶𑐠𑑁𑑋𑐴𑐳𑑂𑐟𑐾𑐔𑐣𑑂𑐡𑑂𑐬𑐳𑐸𑐟𑐾𑐱𑐸𑐨𑐾𑐱𑐸𑐨𑐥
z6z55510,𑐳𑐵𑐳𑐸𑐡𑐺𑐲𑑂𑐚𑐶𑐖𑐸𑐮𑐱𑐸𑐨𑑄𑐳𑑄𑐰𑐟𑑙𑑕𑑕
4cd4fzdz,𑐣𑑂𑐴𑐸𑐥𑐹𑐬𑑂𑐞𑐵𑐫𑐵𑐒𑐵𑐳𑑄𑑘𑑓𑑕
70cd5c78,𑐰𑑒𑐲𑑀𑐣𑐵𑐠𑐬𑐶𑐰𑐸𑑍𑐬𑑀𑐰𑑔𑐳𑐟𑐸𑐒𑑂𑐐𑐮𑐰𑐸𑐬𑑀𑐰𑑑𑐰𑐬𑐰𑐸𑐐𑐮𑐳𑐶𑑍𑐬𑑀𑐰𑑔𑐳𑑀𑐩𑐲𑑂𑐰𑐵𑐟𑐰𑐸𑑍𑐠𑑂𑐰𑐟𑐾𑐧𑐸𑐫𑐵𑐰𑐬𑑂𑐲
z9z6a16d,𑐢𑐵𑐫𑑅𑑍𑐱𑑂𑐬𑐾𑐫𑑀𑑇𑐳𑑂𑐟𑐸𑑌𑐳𑑂𑐰𑐟𑑗𑑗𑑗𑐖𑐾𑐲𑑂𑐚𑐎𑐺𑐲𑑂𑐞𑑌𑐥𑑄𑐔𑐩𑐷𑐱𑑂𑐬𑐰𑐣𑐣𑐎𑑂𑐲𑐾𑐟𑑂𑐬𑐾𑐂𑐣𑑂𑐡𑑂𑐬𑐫𑑀𑐐𑐾𑐱𑐸𑐎𑐰𑐵𑐳𑐬𑐾𑐠𑑂𑐰𑐎𑐸
f2602fa9,𑐣𑑋𑑋𑐱𑑂𑐬𑐾𑐫𑑀𑑇𑐳𑑂𑐟𑐸𑑋𑑋𑐳𑐩𑑂𑐧𑐟𑑖𑑓𑑖𑐩𑐵𑐑𑐩𑐵𑐳𑐾𑐱𑐸𑐎𑑂𑐮𑐥𑐎𑑂𑐲𑑅
674czf14,𑐳𑐴𑑍𑐨𑐵𑐬𑑂𑐫𑑂𑐫𑐵𑐩𑐣𑑀𑐳𑑂𑐫𑐵𑐟𑑂𑐩𑐖𑐰𑐖𑑂𑐬𑐵𑐔𑐵𑐫𑐶𑐏
53b0c2bz,𑐴𑐾𑐩𑐵𑐬𑑂𑐫𑐟𑐵𑐬𑐵𑐳𑐴𑐶𑐟𑐡𑑂𑐰𑐫𑐱𑐶𑐮𑐵𑐳𑑂𑐟𑑄
a4b110ca,𑐳𑑂𑐫𑐊𑐬𑐵𑐖𑑂𑐫𑐾𑑌𑐡𑐵𑐣𑐥𑐟𑐶𑐟𑐩𑐎𑐵𑐬𑐐𑑂𑐰𑐩𑑂𑐧𑐸𑐨𑐵𑐬𑑀𑐥𑑂𑐬𑐩𑐸𑐲𑑄𑐣𑐣𑐬𑐳𑐶𑐡𑐾𑐰𑐨𑐵𑐬𑑀𑐥𑐡𑑂𑐩𑐨𑐵𑐬𑑀𑐖𑐳𑐶
7cc4974a,𑐞𑑂𑐜𑐿𑐳𑐟𑐶𑐮𑐵𑐎𑑂𑐲𑐟𑑄𑐔𑐳𑐫𑐧𑑄𑐳𑐶𑐣𑑂𑐡𑐹𑐬𑐥𑑄𑐔𑐵𑐩𑐺𑐟𑑄𑑋𑐢𑐹𑐥𑑄𑐡𑐷𑐥𑑄𑐳𑐵𑐫𑑄𑐥𑐹𑐣
a9a44a2z,𑐟𑐶𑐩𑐣𑑂𑐫𑐾𑑋𑐩𑐸𑐡𑐵𑐣𑐣𑑂𑐡𑐳𑐣𑑂𑐡𑑀𑐴𑐩𑐐𑑂𑐬𑑄𑐰𑐫𑐸𑐬𑑂𑐩𑑂𑐩𑑍𑐰𑐶𑐢𑐾𑐴𑐶𑐎𑑂𑐰𑐞𑐟𑑂𑐎𑐶𑑄𑐎𑐶𑐞𑐷𑐎𑐾𑐎𑐬𑐵𑐮𑐾𑑌𑑑𑑔𑑌𑐂𑐟𑐶𑐱𑑂𑐬𑐷𑐎
z3c4z0ca,𑐩𑐮𑑂𑐮𑐡𑐾𑐰𑐰𑐶𑐬𑐔𑐶𑐟𑑄𑐖𑐵𑐟𑑂𑐬𑑂𑐫𑐩𑐸𑐒𑑂𑐐𑐬𑐳𑑂𑐟𑑀𑐟𑑂𑐬𑑄𑐳𑐩𑐵𑐥𑑂𑐟𑑌𑑌𑐳𑑂𑐰𑐳𑑂𑐟𑐶𑑌𑐣𑐵𑐣𑐵𑐐𑐸𑐞𑐵𑐢𑐵𑐬𑐢𑐵𑐩𑐵𑐢𑐶𑐥
52b264af,𑐬𑐶𑑍𑐩𑐷𑐣𑐬𑐵𑐱𑐶𑐐𑐟𑐾𑐔𑐣𑑂𑐡𑑂𑐬𑐩𑐳𑐶𑑌𑐟𑐳𑑂𑐩𑐶𑐣𑑂𑐡𑐶𑐣𑐾𑐎𑐶𑐬𑑂𑐟𑑂𑐟𑐶𑐥𑐸𑐬𑐶𑐫𑐵𑐔𑐵𑐦𑐬𑐰𑑄𑐟𑐵
c4978ffd,𑐩𑐸𑐬𑐵𑐳𑐾𑐎𑐬𑐾𑐒𑐕𑐔𑐵𑐏𑐶𑐮𑐶𑐖𑐸𑐬𑑀𑐠𑑂𑐰𑐧𑐾𑐬𑐳𑐠𑐬𑐥𑐵𑐨𑐶𑐎𑑂𑐲𑐸𑐱𑑂𑐬𑐷𑐧𑐾𑐏𑐵𑐳𑐶𑑄𑐴𑐡𑐾𑐰𑐰𑐵𑐴𑐵𑐮𑐫𑐵𑐰𑐾𑐳𑐟𑐰𑐶𑐕𑐾𑐰𑐵𑐴𑐵𑐬𑐫𑐵𑐰𑐶𑐱𑑂𑐰𑐬𑐵𑐩𑐨𑐵
dazc9fz6,𑐰𑐶𑐖𑐫𑐬𑐵𑐖𑑂𑐫𑐱𑑂𑐬𑐷𑐩𑐟𑑂𑐎𑐵𑐣𑑂𑐟𑐶𑐥𑐸𑐮𑐶𑐩𑐴𑐵𑐣𑐐𑐬𑐾𑐱𑑂𑐬𑐷𑐥𑐵𑐬𑐵𑐰𑐟𑑂𑐩𑐴𑐵𑐰𑐶𑐴𑐵𑐬𑐾𑐔𑐾𑐎𑐣𑐀𑐟𑐣𑐳𑐶𑐫𑐵𑐠𑑂𑐰𑐰𑐵𑐴𑐵𑐬𑐫𑐵𑐦𑐬𑐾𑐳𑐬𑑀𑐴𑑀𑐣
6f03f9z6,𑐟𑑀𑐮𑐐𑑂𑐰𑐵𑐥𑐳𑐮𑐟𑑀𑐮𑐫𑐵𑐡𑐎𑑂𑐲𑐳𑐵𑐮𑐳𑐔𑑀𑐣𑐩𑑂𑐴𑑚𑐩𑐵𑐣𑐢
13bca3f5,𑐟𑑄𑐟𑐾𑐟𑑌𑐰𑐣𑑂𑐡𑐾𑐟𑐵𑐬𑑂𑐖𑑂𑐫𑐵𑐳𑐣𑑄𑐡𑐾𑐰𑑄𑑍𑐮𑐎𑑂𑐲𑑂𑐩𑐷𑐣𑐵𑐬𑐵𑐫𑐵𑐞𑑄𑐥𑐸𑐣𑐨𑐰𑐵𑐣𑐶𑐱𑑄𑐎𑐬𑑄𑐔𑐰𑐐𑑀
842928z8,𑐱𑐸𑐨𑑌𑐳𑐩𑑂𑐰𑐟𑑂‌𑑙𑑘𑑑𑐩𑐵𑐑𑐎𑐺𑐲𑑂𑐞𑑌𑐡𑐱𑐩𑐷𑑌𑐥𑐸𑐬𑑂𑐑𑐵𑐲𑐵𑐝𑐵𑐣𑐎𑑂𑐲𑐟𑑂𑐬𑐾𑑌
a356bf96,𑐔𑑄𑐔𑐟𑑂𑐎𑑀𑐚𑐶𑐟𑐬𑑄𑐐𑐶𑐞𑐷𑐩𑐞𑐶𑐩𑐟𑐷𑐳𑑄𑐐𑐩𑑂𑐫𑐳𑑄𑐰𑐵𑐴𑐶𑐣𑐷𑑍𑐳𑐾𑐫𑑄𑐧𑑂𑐬𑐴𑑂𑐩𑐳𑐬𑐳𑑂𑐰𑐟𑐷𑐰𑐶𑐖𑐫𑐟𑐾𑐐𑑀𑐒𑑂𑐐𑑀𑐥𑐩𑐵𑐰𑐵𑐐𑑂𑐩𑐟𑐷𑑌
f68b504z,𑐳𑑂𑐦𑐸𑐬𑑂𑐖𑑂𑐖𑐟𑑂𑐦𑐵𑐮𑑂𑐐𑐸𑐣𑐎𑐺𑐲𑑂𑐞𑐥𑐎𑑂𑐲𑐰𑐶𑐲𑐫𑐾𑐴𑐺𑐡𑑂𑐫𑐡𑑂𑐰𑐶𑐟𑐷𑐫𑐵𑐟𑐶𑐠𑑁𑑋𑐴𑐳𑑂𑐟𑐾𑐔𑐣𑑂𑐡𑑂𑐬𑐳𑐸𑐟𑐾𑐱𑐸𑐨𑐾𑐱𑐸𑐨𑐥
78f3a59d,𑐌𑑍𑐰𑐶𑐔𑐵𑐮𑐫𑐵𑐫𑑍𑐩𑐵𑐮𑐖𑐸𑐬𑑀𑑍𑐄𑐥𑐬𑐵𑑄𑐣𑑂𑐟𑐣𑐴𑐵𑐣𑐾𑑍𑐀𑐳𑑂𑐟𑐶𑐡𑐶𑐣𑐎𑐸𑐣𑑂𑐴𑐸𑑍𑐡𑐾𑐐𑐸𑐮𑐶
0z029bab,𑐥𑐬𑐵𑐐𑐥𑐶𑐘𑑂𑐖𑐬𑐶𑐟𑐩𑐸𑐟𑑂𑐟𑐩𑐵𑐡𑑂𑐐𑐱𑑂𑐬𑐷𑐱𑐎𑑂𑐟𑐶𑐳𑐶𑑄𑐴𑐬𑐵𑐩𑐬𑐵𑐖𑑂𑐬𑐸𑐳𑑂𑐫𑐧𑐶𑐖𑐫
5zf881d6,𑐬𑐎𑐸𑐣𑑂𑐴𑐸𑐡𑐸𑐣𑑂𑐟𑐵𑐖𑐸𑐬𑑀𑐱𑐸𑐨𑑌
a3ad319b,𑐥𑐹𑐟𑑂𑐬𑑍𑐳𑐶𑐡𑑂𑐢𑐶𑐬𑐵𑐩𑐴𑐵𑐎𑐹𑐬𑐵𑐩𑑍𑐥𑐡𑑂𑐩𑐬𑐵𑐩𑑍𑐐𑐸𑐞𑐶𑐬𑐵𑐩𑐎𑐷𑐬𑑂𑐟𑑂𑐟𑐶
79z80f3b,𑐎𑐵𑑄𑐟𑐶𑐥𑐹𑐬𑐩𑐵𑐴𑐵𑐣𑐐𑐬𑐾𑐀𑐳𑑂𑐰𑐎𑐩𑑄𑐡𑐥𑐠𑐵𑐣𑑂𑐫𑑅𑐎𑐶𑐳𑐶𑐢𑑂𑐰𑐵
b9f62590,𑐰𑐣𑐾𑐩𑑂𑐴𑑄𑐳𑑂𑐟𑐵𑑍𑐖𑐸𑑑𑐥𑐸𑐖𑐵𑑍𑐡𑑄𑑒𑐑𑐾𑐮𑐎𑐳𑑂𑐟𑐶𑑍𑐥𑐵𑑑𑐡𑐸𑐡𑐸𑑍𑐡𑑄𑑒𑐡𑐎𑑂𑐲𑐶𑐣𑐵𑑍𑐣𑐵𑐐𑐬𑐵𑐖𑐵𑐫𑐵𑐣
1a085402,𑐮𑐩𑐞𑑂𑐜𑐮𑐾𑐱𑐸𑐧𑐬𑑂𑐞𑑂𑐞𑐥𑐞𑐵𑐮𑐶𑐩𑐴𑐵𑐣𑐐𑐬𑐾𑐱𑐵𑐣𑑂𑐟𑐷𑐑
9909f8fd,𑐴𑑍𑐡𑐠𑐸𑐮𑐵𑐕𑐾𑐥𑐵𑐟𑑂𑐬𑐰𑐱𑐬𑐵𑐰𑐟𑐎𑐵𑐱𑐶𑐬𑐵𑐖𑐨𑐵𑐬𑑀𑐡𑐢𑐰𑐵𑐴𑐵𑐬𑐥𑐵𑐟𑑂𑐬𑐰𑑄𑐱𑐬𑐵𑐰𑐸𑐟𑑂𑐟𑐩𑐫𑐵𑐳𑐶𑑄𑐴𑐨𑐵𑐬𑑀𑑍𑐣𑐎𑐧𑐵𑐴𑐬𑐰𑐶
9622a016,𑐎𑐖𑐸𑐬𑑀𑑍𑐠𑑂𑐰𑐟𑐶𑐮𑑂𑐴𑐵𑐳𑐾𑐟𑐎𑑀𑐫𑐵𑐟𑐳𑐵𑐩𑐴𑐵𑐥𑐸𑐣𑑂𑐫𑐮𑐵𑐎𑐖𑐸𑐬𑑀𑑌𑐠𑑀𑐐𑐸𑐬𑐮𑑀𑐴𑑀𑐫𑐵𑐳𑐶𑑄𑐴𑐵
fazdb6za,𑐮𑐱𑑂𑐬𑐷𑐬𑑂𑐮𑑂𑐮𑐖𑑂𑐖𑐵𑐰𑐟𑐷𑐥𑐸𑐞𑑂𑐫𑐩𑐟𑐷𑐟𑐶𑐣𑐵𑐩𑑂𑐣𑐵𑑋𑐎𑐸𑐩𑐵𑐬𑐨𑐵𑐟𑐾𑐰𑐔𑐩𑐾𑐣𑐎𑐵𑐫𑐵𑑅𑐳𑐸𑐟𑐵𑐳𑐸𑐱𑐷𑐮𑐵𑐳𑐸𑐩𑐟𑐶𑑅𑐳𑐸𑐰𑐞𑐷𑑌𑐥𑐸𑐞𑑂𑐫
cd3db0b9,𑐱𑑂𑐬𑐷
810b4f22,𑐳𑑂‍𑐠𑐵𑐥𑐣𑐥𑐟𑐶𑐠𑐵𑐫𑐵𑐣𑐵𑐡𑐶𑐣𑐖𑐸𑐣𑐵𑑅𑐱𑑂𑐬𑐷𑑓𑐳𑐸𑐖𑐶𑐣𑑂‍𑐡𑑂𑐬𑐧𑐶𑐎𑑂𑐬𑐩𑐳𑐵𑐴𑐾𑐧𑐫𑐵𑐳
5332c4d9,𑐊𑐩𑐟𑐶𑐡𑐫𑐎𑐵𑐖𑐸𑐬𑑀𑐦𑐵𑐮𑑂𑐐𑐸
zc147ff0,𑐧𑐵𑐬𑐫𑐾𑐱𑑂𑐬𑐷𑑒𑐳𑑂𑐰𑐫𑐨𑐸𑐬𑑂𑐔𑐾𑐟𑑂𑐫𑐨𑐚𑑂𑐚𑐵𑐬𑐎𑐳𑐣𑐶𑐢𑐵𑐣𑐾𑐀𑐡𑑂𑐫𑐵𑐡𑐶𑑋𑑋𑐡𑐵𑐣𑐥𑐟𑐶𑐎𑐵𑐟𑐶𑐥𑐸
3bzd0bc4,𑐳𑑄𑐎𑐬𑐾𑐎𑐬𑑂𑐟𑑂𑐟𑐸𑐎𑐵𑑄𑐰𑐶𑐱𑑂𑐰𑐎𑐬𑑂𑐟𑑂𑐬𑐷𑑍𑐩𑐨𑐶𑐨𑐬𑑂𑐠𑐡𑐵𑐟𑑂𑐬𑐷𑑄𑐳𑐡𑐵𑐔𑐶𑐣𑑂𑐟𑐫𑐵𑐩𑑅𑑌𑑓𑑌𑐱𑑂𑐩𑐱𑐵𑐣𑐵𑐣𑐮𑐵𑐨𑑂𑐫𑐣𑑂𑐟𑐬𑐾𑐱𑐵𑐰
9z09b7d5,𑐳𑐩𑑂𑐫𑐎𑑂𑐳𑑄𑐧𑐸𑐡𑑂𑐢𑐫𑐵𑐥𑐡𑐮𑐵𑐎𑐖𑐸𑐥𑐵𑐫𑐱𑐸𑐨𑑄𑑋𑑋
c8z713ba,𑐧𑐖𑑂𑐬𑐵𑐔𑐵𑐬𑑂𑐫𑐱𑑂𑐬𑐷𑐱𑑂𑐬𑐷𑐢𑐬𑐟𑐰𑐥𑐸𑐲𑐸𑐬𑐶𑐫𑑁𑐟𑐵𑐕𑐾𑑄𑐧𑐖𑐵𑐔𑐵𑐬𑑂𑐫𑐱𑑂𑐬𑐷𑐖𑐶𑐟𑐳𑐶𑑄𑐴
d30182d9,𑐳𑑂𑐰𑐟𑐶𑐣𑐎𑑂𑐲𑐟𑑂𑐬𑐾𑐥𑐬𑐶𑐢𑐫𑑀𑐐𑐾𑐰𑐺𑐴𑐳𑑂𑐥𑐟𑐶𑐰𑐵𑐳𑐬𑐾𑐠𑑂𑐰𑐎𑐸𑐣𑑂𑐴𑐸𑐱𑑂𑐬𑐷𑑒𑐬𑐸𑐡𑑂𑐬𑐩𑐟𑐷𑐠𑐎𑐸𑐣𑐷𑐖𑐸𑐳𑑂𑐣𑐮𑑀𑐴𑑀𑐡𑐾𑐰𑐮𑐡𑐫
fff6d578,𑐳𑑄𑐰𑐟𑑂𑑘𑑒𑑑𑐔𑐟𑑂𑐬𑐩𑐵𑐳𑐱𑐸𑐎𑑂𑐮𑐥𑐎𑑂𑐲𑐲𑐲𑑂𑐛𑐷𑐧𑐺𑐴𑐳𑑂𑐥𑐟𑐶𑐧𑐵𑐬𑑍𑐠𑑂𑐰𑐎𑐸𑐣𑑂𑐴𑐸𑐳𑑄𑐐𑐷𑐟𑐵𑐬𑑂𑐞𑑂𑐞𑐰𑐥𑐵𑐬𑐐
fa280188,𑐳𑐣𑐱𑑄𑐏𑐩𑐹𑐮𑐳𑐢𑐵𑐟𑐢𑐬𑑂𑐩𑑂𑐩𑐳𑐵𑐬𑐵𑐡𑐫𑐎𑑄𑑍𑐀𑐴𑑀𑐬𑐵𑐟𑑂𑐬𑐫𑐖𑑂𑐘𑐫𑐵𑐒𑑍𑐱𑑂𑐬𑐷𑑓𑐡𑐵𑐩𑑀𑐡𑐬𑐡𑐾𑐰𑐥𑑂𑐬𑐟𑐶𑐲𑑂𑐛𑐵𑐫𑐵𑐒𑐵𑐡𑐶𑐣𑐖𑐸𑐬𑑀𑑌𑐠𑑂𑐰𑐫𑐵𑐟𑐥𑑂𑐬𑐟𑑂𑐫𑐵𑐫𑐡𑐸𑐣𑑂𑐟𑐵
6361za8c,𑐳𑐱𑑂𑐩𑐾𑐬𑐩𑐾𑐱𑑀𑑍𑐨𑐰𑐨𑑂𑐫𑐵𑐲𑑂𑐥𑑂𑐬𑐳𑐵𑐡𑐵𑐟𑑂𑐫𑐬𑐵𑑄𑐳𑐶𑐡𑑂𑐰𑐶𑐩𑐵𑐥𑐸𑑅𑑋𑐩𑐩𑐵𑐖𑑂𑐘𑐵𑐣𑐳𑐶𑐣𑑂𑐢𑑀𑑅𑐱𑐶𑐰𑑀𑐡𑐷𑐣𑐰𑐣𑐢𑐸𑑍𑐬𑑂𑐖𑑂𑐖𑐣𑐣𑑂𑐫𑐵𑐴𑐶𑐟𑐵
67367af4,𑐱𑑂𑐬𑐷𑑓𑐰𑐵𑐐𑑂𑐩𑐟𑑂𑐫𑐣𑐩𑑅𑑌
c22cb35c,𑐞𑑂𑐜𑐬𑐾𑐧𑐵𑐳𑐸𑐎𑐶𑐎𑑂𑐲𑐾𑐟𑑂𑐬𑐾𑐱𑑂𑐬𑐷𑑓𑐥𑐱𑐸𑐥𑐟𑐶𑐳𑐣𑐶𑐢𑐵𑐣𑐾𑐧𑐵𑐐𑑂𑐩𑐟𑑂𑐫𑐵𑑄𑐥𑐱𑑂𑐔𑐶𑐩𑐎𑐸𑐬𑐾𑐧𑐶𑐲𑑂
7fa754d0,𑐳𑑂𑐧𑑄𑐟𑑂𑑘𑑓𑑒𑐔𑐿𑐟𑑂𑐬𑐾𑐩𑐵𑐳𑐾𑐎𑐺𑐲𑑂𑐞𑐥𑐎𑑂𑐲𑑌𑐡𑑂𑐰𑐡𑐱𑑂𑐫𑐵𑑄𑐣𑑂𑐟𑐶𑐠𑑁𑑌𑐄𑐟𑑂𑐬𑐨𑐡𑑂𑐬𑐣𑐎𑑂𑐲𑐾𑐟𑑂𑐬𑐿𑑌𑐧𑐶𑐳
845c205a,𑑉𑐣𑐩𑑅𑐱𑑂𑐬𑐷𑐩𑐡𑑂𑐬𑐵𑐬𑑂𑐫𑑂𑐫𑐵𑐰𑐮𑑁𑐎𑐶𑐟𑐾
da1a6456,𑐩𑑂𑐧𑐟𑑗𑑙𑑖𑐖𑐾𑐲𑑂𑐛𑐱𑐸𑐎𑑂𑐬𑐡𑑂𑐰𑐶𑐟𑐷𑐫𑐵𑑄𑐟𑐶𑐠𑑁𑐩𑐺𑐐𑐱𑐶𑐬𑐣𑐎𑑂𑐲𑐟𑑂𑐬𑐱𑐹𑐮𑐫𑑀𑐐𑐾𑐁𑐡𑐶
b2f4d12a,𑐳𑐶𑑄𑐴𑐨𑐵𑐬𑑀𑐳𑐬𑑂𑐰𑐰𑐸𑐩𑐣𑐴𑑀𑐬𑐳𑐶𑑄𑐴𑐫𑑀𑐣𑐵𑐩𑐣𑐦𑐮𑐾𑐡𑐫𑐎𑐡𑐸
649662aa,𑐏𑐬𑐡𑐾𑐰𑐟𑑂‍𑐥𑐟𑑂𑐣𑐷𑐮𑐎𑑂𑐲𑑂𑐩𑐷𑐡𑐾𑐰𑐷
825d63c6,𑐳𑐸𑐡𑐣𑑀𑐬𑑂𑐖𑐸𑐣𑐩𑐶𑐰𑐵𑐬𑐵𑐟𑐾𑐬𑐞𑐾𑐨𑐷𑐲𑐞𑑅𑑋𑐱𑐎𑐳𑑂𑐫𑐾𑐰𑐖𑐫𑐣𑑂𑐟𑐊𑐲𑐟𑐣𑐫𑑀𑐫𑑀𑐰𑐷𑐬𑐨𑐡𑑂𑐬𑐵𑐎𑐺𑐟𑐶𑑅𑑌𑐟𑐾𑐣𑐵𑐎𑐵𑐬𑐶𑐩𑐛𑑀𑐩
b389afa0,𑐨𑐵𑐬𑑂𑐫𑑂𑐫𑐵𑐳𑐨𑐡𑑂𑐬𑐵𑐳𑐵𑐎𑑄𑐣𑐶𑐲𑑂𑐛𑐳𑑂𑐫𑐥𑑂𑐬𑐶𑐫𑐵𑐳𑐟𑐷𑑌𑐰𑐵𑐳𑐶𑑄𑐴𑐂𑐟𑐶𑐰𑐶𑐏𑑂𑐫𑐵𑐟𑑀𑐩𑐢𑑂𑐫𑐩𑐞𑐵𑐟𑑂𑐩𑐖𑑅
f4z2d421,𑐞𑐵𑐬𑐵𑐫𑐣𑐟𑐸𑐠𑐷𑐥𑑂𑐬𑐟𑐶𑐲𑑂𑐛𑐵𑐫𑐵𑐒𑐵
6ffza9b4,𑐨𑐶𑐟𑐵𑐥𑐶𑐱𑐵𑐴𑐵𑑅𑑋𑐟𑐿𑐬𑑂𑐧𑑂𑐧𑐶𑐡𑑂𑐫𑐟𑐵𑐡𑐱𑐧𑐮𑐾𑐣𑐫𑐡𑐵𑐴𑐶𑐥𑑂𑐬𑐵𑐥𑑂𑐟𑐵𑑅𑑍𑐳𑑄𑐎𑐳𑑂𑐫𑐶𑐟𑐵𑑅𑐡𑐱𑐡𑐶
3b1zz9z5,𑐬𑑂𑐟𑑂𑐟𑐶𑐖𑐵𑐎𑑂𑐫𑐎𑐸𑐜𑑑𑐣𑐶𑐟𑑂𑐫𑑄𑐧𑐶𑐫𑐩𑐵𑐮𑑋𑐖𑑂𑐫𑐾𑐲𑑂𑐛𑐱𑐸𑐎𑑂𑐮𑐥𑐣𑐔𑐩𑐷𑐎𑐸𑐣𑑂𑐴𑐸𑐡𑐶𑐣𑐫𑐖𑑂𑐘𑐫𑐵𑐒𑐧𑑀𑐳𑐵𑐢𑐣𑐫𑐵𑐫𑐩𑐵𑐮𑑋𑐎𑐵𑐬𑑂𑐟𑑂𑐟𑐶𑐎𑐱𑐸𑐎𑑂𑐮𑐡𑑂𑐰𑐵𑐡𑐱𑐷𑐎𑐸
1aac7207,𑐱𑑂𑐰𑐬𑐵𑐫𑑅𑑌
zdd3faf8,𑐟𑐶𑐧𑐸𑐫𑐵𑐰𑐬𑐳𑐵𑐣𑐣𑑍𑐣𑐶𑐟𑑂𑐫𑐀𑐳𑑂𑐟𑐵𑑑𑐔𑐾𑐎𑐟𑐳𑑂𑐫𑑄𑐩𑐟𑐕𑑀𑐫𑐎𑐾𑐩𑐵𑐮𑑍𑐂𑐣𑑂𑐡𑑂𑐬𑐖𑐵𑐟𑑂𑐬𑐵𑐫𑐵𑐥𑐹𑐬𑑂𑐞𑑂𑐞𑐩𑐵
7911cd9a,𑐳𑐶𑑄𑐴𑐨𑐵𑐰𑑋𑐔𑐣𑑂𑐡𑑂𑐬𑐳𑐶𑑄𑐴𑐨𑐵𑐰𑑍𑐖𑐶𑐰𑐣𑐎𑐾𑐱𑐨𑐵𑐰𑑍𑐰𑐫𑐎𑐸𑐟𑐨𑐵𑐰𑑍𑐱𑐶𑐰𑐨𑐵𑐰𑑍𑐨𑐵𑐐𑐶𑐳𑐶𑑄𑐴
53a04zb1,𑐱𑑂𑐬𑐷𑑓
dd2d390d,𑐩𑐴𑐶𑑄𑐡𑑂𑐬𑐳𑐶𑑄𑐫𑐵𑐎𑐵𑐫𑐖𑑀𑐐𑐣𑐵𑐬𑐵𑑄𑑚𑐥𑐸𑐣𑐵𑐬𑐵𑑄𑑚𑐣𑐶𑐩𑑂𑐴𑐳𑐫𑐵𑑚𑐢𑐬𑑂𑐩𑑂𑐩
f6dz491f,𑐖𑐷𑐰𑐨𑐵𑐬𑑀𑑍𑐰𑐵𑐰𑐸𑐡𑐷𑑄𑐟𑐨𑐵𑐬𑑀𑑋𑑋𑐟𑐳𑑂𑐫𑐢𑐬𑑂𑐩𑑂𑐩𑐥𑐸𑐞𑑂𑐫𑐾𑐦𑐮𑐾𑐣𑐖𑐣
b6baf0a7,𑐬𑐵𑐩𑑍𑐩𑐵𑐢𑐰𑐬𑐵𑐩𑑍𑐢𑑄𑐖𑐹𑐬𑐵𑐩𑐨𑐵𑐮𑑀𑐠𑑂𑐰𑐟𑐾𑐳𑐩𑐸𑐔𑑂𑐔𑐫𑐣𑐟
cb7069z4,𑐨𑐵𑐬𑑂𑐫𑑂𑐫𑐵𑐖𑐐𑐮𑐎𑑂𑐲𑑂𑐩𑐷𑐥𑐸𑐟𑑂𑐬𑐎𑐸𑐮𑐧𑐣𑑂𑐟𑑚𑐠𑑂𑐰𑐟𑐾𑐫𑐵𑐢𑐬𑑂𑐩𑑂𑐩𑐔𑐶𑐟𑑂𑐟𑐄𑐟𑑂‍𑐥𑐟𑑂𑐟𑐶𑐖𑐸𑐫𑐵𑐌𑐱𑑂𑐬𑐷𑑓𑐐𑑀𑐥𑐸
8c364cab,𑐟𑑂𑐬𑐵𑐫𑐵𑐳𑑄𑐎𑑂𑐬𑐵𑐟𑐶𑐎𑐸𑐣𑑂𑐴𑐸𑐱𑑂𑐬𑐷𑑓𑐂𑐣𑐵𑐫𑐎𑐡𑐾𑐰𑐳𑑂𑐎𑐾𑐖𑐸𑑑𑐥𑐸𑐖𑐵𑑍𑐥𑐵𑑒𑐱𑑂𑐰𑐐𑑄𑐞𑐢𑐮𑐶𑐐𑑂𑐰𑑑𑐏𑐾
02898729,𑐑𑐵𑐟𑐰𑐣𑐵𑐥𑐔𑑀𑐒𑐄𑐗𑐵𑐣𑑍𑐬𑑀𑐰𑐣𑑂𑐴𑐳𑑗𑐠𑑂𑐰𑐟𑐾𑐫𑐵𑐰𑐬𑑂𑐲𑐥𑑂𑐬𑐟𑐶𑐰𑐬𑐳𑐵𑐣𑐩𑐸𑐗𑐰𑐔𑐣𑑂𑐡𑑂𑐬𑐩𑐸𑐣𑐶𑐰𑐡𑐾𑐖𑐸𑑍𑐢𑐬𑑂𑐩𑑂𑐩𑐱𑑂𑐬𑐷𑐰𑐡𑐾𑐖𑐸
bc53a174,𑐥𑐸𑐟𑑂𑐬𑐳𑑂𑐫𑐨𑐵𑐬𑑂𑐫𑑂𑐫𑐵𑐡𑐡𑐸𑐩𑐞𑐷𑑍𑐡𑐸𑐴𑐶𑐟𑐐𑑂𑐜𑐞𑐵𑐡𑑂𑐢𑐶𑐣𑐷𑐫𑐥𑐸𑐟𑑂𑐬𑐷𑐀𑐣𑑂𑐣𑐧𑐸𑐥𑑁
47dza1d5,𑐞𑐶𑐐𑑂𑐮𑐵𑐢𑐶𑐥𑐟𑐶𑑍𑐣𑐾𑐥𑐵𑐮𑐾𑐱𑑂𑐰𑐬𑑍𑐳𑐎𑐮𑐬𑐵𑐖𑐵𑐖𑐾𑐱𑑂𑐰𑐬𑐩𑐵𑐣𑐩𑐵𑐣𑑀𑐣𑑂𑐣𑐟𑑍𑐩𑐴𑐵𑐬𑐵𑐖𑐵𑐢𑐶𑐬𑐵𑐖𑑍𑐱𑑂𑐬𑐷𑐱𑑂𑐬𑐷𑐖𑐫𑐰𑐶𑐲𑑂𑐞𑐸𑐩𑐮𑑂𑐮𑐡𑐾𑐰𑐥𑑂𑐬𑐨𑐸𑐠𑐵𑐎𑐸𑐬
z617877d,𑐳𑐶𑐡𑑂𑐢𑐶𑐎𑐵𑐮𑐷𑐩𑐫𑐵𑐡𑐟𑑂𑐟𑑄𑐡𑐾𑐰𑐷𑐥𑐸𑐬𑐶𑑄𑐰𑑂𑐬𑐖𑐵𑐩𑑂𑐫𑐴𑑄𑑋𑑋𑑒𑑋𑑋𑐀𑐡𑑂𑐫𑑍𑐱𑑂𑐰𑐟𑐧𑐵
46z26z52,𑑅𑐎𑐺𑐟𑑋𑑋𑐳𑑄𑐰𑐟𑑂𑑗𑑗𑑒𑐠𑑂𑐰𑐡𑑄𑐳𑐬𑐵
4b2f5z4f,𑐟𑐵𑐬𑐎𑐸𑑖𑐥𑐹𑐬𑑂𑐰𑑂𑐰𑐥𑐵𑐏𑐵𑐨𑐹𑐩𑐎𑐵𑐰𑐐𑐸𑐠𑐶𑐳𑐡𑐵𑐣𑐖𑐸𑐳𑐬𑐵𑐫𑐖𑐸𑐬𑐬𑐵𑐐𑐖𑐸𑐬
a9zd5d15,𑑊𑐱𑐸𑐫𑑀𑐳𑑂𑐟𑐸𑐳𑐧𑐟𑑂𑑙𑑘𑑒𑐩𑑂𑐟𑐶𑐎𑐵𑐟𑑂𑐟𑐶𑐎𑐩𑐵𑐳𑐾𑐎𑐺𑐳𑑂𑐣𑐥𑐎𑑂𑐲
c088329a,𑐩𑐏𑐣𑐩𑐞𑑂𑐜𑐥𑐟𑑀𑐬𑐎𑐾𑑍𑐥𑐶𑐠𑐸𑐐𑑂𑐰𑐵𑐕𑐾𑐐𑐺𑐴𑐰𑐵𑐳𑐶𑐣
9f5az364,𑐧𑐿𑐬𑑀𑐔𑐣𑐡𑐫𑐎𑐵𑐳𑑂𑐰𑐥𑐶𑐟𑐵𑐡𑐶𑐧𑑄𑐐𑐟𑐢𑐣𑐡𑐟𑑂𑐟𑐳𑐶𑑄𑐳𑑂𑐰𑐩𑐵𑐟𑐵𑐡𑐶𑐧𑑄𑐐𑐟𑐖𑑀𑐐
5z02fbb3,𑐎𑐳𑑂𑐫𑐥𑐸𑐟𑑂𑐬𑐴𑐬𑑂𑐲𑐣𑐬𑐳𑐶𑑄𑐣𑐷𑐩𑑂𑐴𑐢𑑄𑑍𑐩𑐸𑐣𑐶𑐢𑐣𑐎𑐳𑑂𑐫
121z3a32,𑐒𑐵𑐖𑐸𑐮𑑀𑑍𑐊𑐟𑐾𑐲𑐵𑐖𑐖𑐩𑐵𑐣𑐳𑑂𑐫𑑋𑑋𑐁𑐫𑐸𑐬𑐵𑐮𑑀𑐐𑑂𑐫𑐖𑐣𑐢𑐣
b645828c,𑐥𑑂𑐬𑐵𑐟𑐶𑐣𑑍𑐎𑐵𑐫𑐧𑐵𑐱𑑂𑐬𑐣𑑀𑐖𑐣𑐶𑑄𑐟𑐳𑐎𑐮𑐥𑐵𑐥𑐲𑑂𑐚𑐫𑐵
2a89b827,𑐱𑐸𑐨𑐳𑐩𑑂𑐰𑐟𑑂𑑘𑑑𑑙𑐰𑐿𑐱𑐵𑐲𑐎𑐺𑐲𑑂𑐞𑐫𑐬𑐶𑐡𑐾𑐰𑐟𑐟𑐵𑐨𑐵
82831568,𑐳𑑄𑐐𑐕𑐶𑐫𑐵𑐟𑐡𑑄𑑑𑐡𑐎𑑂𑐲𑐩𑐵𑐠𑐶𑐖𑐣𑐥𑐣𑐶𑐳𑐾𑐣𑐁𑐳𑐟𑐥𑑂𑐫𑐩
cb97ca59,𑐣𑑂𑐟𑐣𑐵𑐬𑐵𑐫𑐞𑐨𑐵𑐬𑑀𑐠𑑄𑐕𑐚𑑀𑐮𑐫𑐵𑐢𑑄𑐖𑐸𑐨𑐵𑐬𑑀𑐰𑑄𑐎𑐸𑐚𑑀𑐮
2c3501dc,𑐰𑐶𑐖𑐫𑐬𑐵𑐬𑑂𑐖𑑂𑐫𑑌𑐱𑑂𑐬𑐷𑐎𑐵𑐲𑑂𑐛𑐩𑐞𑑂𑐜𑐥𑐥𑐹𑐬𑑂𑐰𑑂𑐰𑐥𑐵𑐏𑐾𑑍𑐟𑐮𑐸𑐩𑐸𑐮𑐩𑐴𑐵𑐰𑐶𑐴𑐵𑐬𑐵𑐢𑐶𑐲𑑂𑐛𑐶𑐟𑑍𑐧
81852848,𑐬𑐵𑐴𑐎𑐵𑐮𑑂𑐫𑐾𑐟𑑂𑐫𑐵𑐡𑐶𑐩𑐢𑑂𑐫𑐵𑐥𑐸𑐬𑐶𑐳𑑂𑐠𑐵𑐣𑐾𑐱𑑂𑐬𑐷𑐧𑐵𑐮𑐎𑑁𑐩𑐵𑐬𑐷𑐣𑐶𑐰𑐵
4a94d0zf,𑐱𑐵𑐎𑑂𑐫𑐨𑐶𑐎𑑂𑐲𑐸𑐱𑑂𑐬𑐷𑐡𑐾𑐰𑐔𑑄𑐡𑑂𑐬𑑍𑐱𑐵𑐎𑑂𑐫𑐨𑐶𑐎𑑂𑐲𑐸𑐱𑑂𑐬𑐷𑐢𑐣𑑍𑐱𑐵𑐎𑑂𑐫𑐨𑐶𑐎𑑂𑐲𑐸𑐱𑑂𑐬𑐷𑐐𑑂𑐫𑐵𑐣
1c4dzf4b,𑐎𑑀𑐚𑑂𑐫𑐵𑐴𑐸𑐣𑑂𑐟𑐶𑐴𑑀𑐩𑐫𑐵𑐒𑐵𑐰𑐠𑑀𑐩𑐞𑐶𑐩𑐞𑑂𑐜𑐥𑑄𑐳𑐱𑐎𑑂𑐟𑐶𑐣𑐳𑐴𑐶𑐟𑐨𑐬𑐰𑐡𑐫𑐎𑑄𑐳𑑂𑐠𑐵𑐥𑐣𑐵
b203d0a6,𑐟𑑂𑐫𑑄𑐡𑐫𑐎𑐵𑐱𑐸𑐨𑑅𑑋𑑋
9c31afa4,𑐴𑐳𑐬𑑂𑐧𑑂𑐧𑐡𑐵𑑋𑑋𑑋𑑋𑐱𑑂𑐬𑐷𑑓𑐔𑐞𑑂𑐜𑐾𑐱𑑂𑐰𑐬𑐷𑐥𑑂𑐬𑐶𑐟𑐶𑐎𑐵𑐩𑐣𑐵𑐣𑐨𑐸𑐰𑐶𑐟𑐩𑐸
f44bb784,𑐣𑐨𑐚𑑂𑐚𑐵𑐬𑐎𑐎𑐵𑐳𑐣𑑂𑐴𑐥𑐵𑐔𑐥𑐵𑐜𑐫𑐵𑐒𑐔𑑀𑐒𑐳𑐳𑐊𑐰𑐛𑐵𑐎𑐸𑐮𑐳𑐣𑐩𑐣𑑂𑐟𑑂𑐬𑐷𑐨𑐐𑐷𑐬𑐠𑐨𑐫𑐵𑐨𑐵𑐬𑑀𑐳𑐰𑐳𑑄𑐰𑐟𑐫𑐵𑐒𑐣𑐁𑐖𑑂𑐘𑐵𑐥𑑂𑐬𑐳𑐣𑑂𑐣𑐖𑐸
16329716,𑐳𑑂𑐫𑐊𑐬𑐵𑐖𑑂𑐫𑐾𑑌𑐡𑐵𑐣𑐥𑐟𑐶𑐟𑐩𑐎𑐵𑐬𑐐𑑂𑐰𑐩𑑂𑐧𑐸𑐨𑐵𑐬𑑀𑐥𑑂𑐬𑐩𑐸𑐲𑑄𑐣𑐣𑐬𑐳𑐶𑐡𑐾𑐰𑐨𑐵𑐬𑑀𑐥𑐡𑑂𑐩𑐨𑐵𑐬𑑀𑐖𑐳𑐶
9a68a335,𑐟𑑂𑐟𑐣𑐫𑑀𑐩𑐴𑐵𑐣𑑂𑐳𑐸𑐣𑐶𑐥𑐸𑐞𑑅𑐱𑑂𑐬𑐷𑐱𑑂𑐬𑐷𑐣𑐶𑐰𑐵𑐳𑑀𑐣𑐺𑐥𑑅𑑋𑐳𑑁𑐣𑑂𑐡𑐬𑑂𑐫𑐾𑐳𑐩𑐣𑑀𑐨𑐰𑑅𑐥𑑂𑐬𑐟𑐶𑐡𑐶𑐣𑑄𑐡𑐵𑐣𑐎𑐣𑐶𑐲𑑂𑐛𑐵𑐩𑐟𑐶𑐬𑑂𑐮𑑀𑐎𑐾𑐱𑐳𑑂𑐫𑐥𑐡𑐵𑐬𑐰𑐶𑐣𑑂𑐡𑐩𑐢𑐸𑐥𑑅𑐳𑑄𑐐𑐷𑐟𑐱𑐵
18f76871,𑐔𑐎𑐾𑐩𑐵𑐬𑑌𑐠𑑂𑐰𑐡𑐟𑑂𑐟𑑄𑐬𑑀𑐥𑐫𑐵𑐟𑐳𑐵𑐡𑐾𑐔𑐵𑐮𑐫𑑄𑐧𑐶𑐢𑐩𑐫𑐵𑐟𑐳𑐵𑐐𑑀𑐴𑐟𑑂𑐫𑐵
6czbcd07,𑐖𑐨𑐵𑐰𑑀𑐕𑐾𑐩𑑂𑐴𑑀𑐫𑐬𑐸𑐎𑐾𑐱𑐐𑐸𑐞𑐄𑐮𑑂𑐴𑐵𑐳𑐶𑑄𑐴𑐐𑑂𑐫𑐵𑐣𑐔𑐣𑑂𑐡𑑂𑐬𑐀𑐩𑐺𑐟𑐬𑐵𑐖𑐥𑐵
a93d335b,𑐐𑐸𑐞𑐏𑐐𑐱𑐶𑐎𑐵𑐬𑑂𑐟𑐶𑐎𑐾𑐱𑐸𑐎𑑂𑐮𑐥𑐎𑑂𑐲𑐾
f282ca0c,𑐖𑐵𑐢𑐶𑐬𑐵𑐖𑐱𑑂𑐬𑐷𑐱𑑂𑐬𑐷𑐖𑐫𑐨𑐵𑐳𑑂𑐎𑐬𑐩𑐮𑑂𑐮𑐡𑐾𑐰𑐳𑑂𑐫𑐢𑐶𑐖𑑀𑐬𑐵𑐖𑑌𑐡𑐵𑐣𑐥𑐟𑐶𑐎𑐵𑐎𑐶𑐥𑐹𑐬𑐳𑐡𑐵𑐣
31ba8556,𑐖𑐸𑐧𑐵𑐴𑐵𑐬𑐫𑐵𑐡𑐾𑐰𑐖𑐸𑐠𑑂𑐰𑐧𑐾𑐮𑐳𑑋𑑋𑐡𑐬𑑂𑐱
a360z524,𑑉𑐣𑐩𑑅𑐱𑑂𑐬𑐷𑐐𑑀𑐰𑐶𑐣𑑂𑐡𑐵𑐫𑑌𑐐𑑀𑐰𑐶𑐣𑑂𑐡𑐦𑐵𑐮𑑂𑐐𑐸𑐎𑑂𑐬𑐶𑐫𑐵𑐡𑐾𑐰𑐷
2567c032,𑐎𑐹𑐥𑐹𑐟𑑂𑐬𑐡𑐾𑐧𑐷𑐢𑑄𑐫𑑀𑐐𑐬𑐵𑐖𑐩𑑀𑐟𑐶𑐮𑐵𑐮𑐡𑐾𑐰𑐬𑐖
832bd987,𑐧𑐵𑐎𑑄𑐟𑐒𑐣𑑌𑐩𑐣𑑀𑐴𑐬𑐵𑐩𑐫𑐶𑐫𑐵𑐣𑐵𑐩𑐣𑐬𑑀𑐴𑑀𑐬𑐧𑐸𑐬𑑀𑑒𑐠𑑂𑐰𑐟𑐾𑐧𑐸𑐫𑐧𑐶𑐬𑐳𑐵
b730f9az,𑐳𑑂𑐫𑑍𑐰𑐶𑐔𑐬𑐳𑐵𑐠𑐾𑐔𑑀𑐒𑐁𑐥𑐬𑐳𑐸𑐣𑐵𑐣𑑄𑐳𑐾𑐣𑐎𑑂𑐬𑐳𑐵𑐧𑐸𑐡𑑂𑐢𑐑𑐵𑐟
a0cb06f2,𑐫𑐵𑑌𑐱𑑂𑐬𑐷𑑓𑐥𑑄𑐔𑐵𑐫𑐟𑐣𑐱𑐶𑐧𑐮𑐶𑑄𑐐𑐣𑐶𑐟𑑂𑐫𑐥𑑄𑐔𑑀𑐥𑐔𑐵𑐬𑐥𑐸𑐖𑐵𑑌𑐣𑐿𑐩𑐶𑐳𑑂𑐟𑐶𑐎𑐥𑐸𑐖
88bf7z61,𑐎𑐺𑐲𑑂𑐞𑐡𑑂𑐰𑐶𑐟𑐷𑐫𑐵𑐴𑐳𑑂𑐟𑐵𑐣𑐎𑑂𑐲𑐾𑐟𑑂𑐬𑑍𑐱𑐸𑐨𑐫𑑀𑐐𑐰𑐸𑐢𑐰𑐵𑐬𑐎𑐸𑐣𑑂𑐴𑐸𑐱𑑂𑐬𑐷𑐱𑑂𑐬𑐷𑐱𑑂𑐬𑐷𑐂𑐲𑑂𑐚𑐡𑐾𑐰𑐟𑐵𑐥𑑂𑐬𑐷𑐟𑐶
362ad243,𑐱𑑂𑐬𑐷𑐩𑐮𑑂𑐮𑑀𑐎𑐾𑐱𑐡𑐿𑐰𑐳𑐬𑐞𑐩𑐥𑐶
ca942630,𑑌𑐎𑐵𑐱𑑂𑐫𑐥𑐐𑑀𑐟𑑂𑐬𑐳𑑂𑐫𑐠𑐶𑐬𑐖𑐟𑑂𑐫𑐬𑑀𑐩𑑂𑐟𑑂𑐬𑐷𑐂𑐣𑑂𑐡𑐮𑐎𑑂𑐲𑑂𑐩𑐷
c5942d0z,𑐣𑐨𑐵𑐬𑑀𑐠𑐸𑐟𑐶𑐳𑐩𑐹𑐔𑐫𑐣𑐖𑑂𑐘𑐵𑐣𑐬𑐵𑐖𑐥𑑂𑐬𑐩𑐸𑐲𑑄𑐖𑐊𑐬𑐵𑐖𑐩𑑄𑐘𑑂𑐖𑐸𑐬𑐵𑐖𑑍𑐢𑐣𑐬𑐵𑐖𑐨𑐵𑐟𑐺𑐥𑐸𑐟𑑂𑐬𑐧𑐺𑐣𑑂𑐡𑑂𑐬𑐬𑐵
18bd6zfc,𑐥𑐵𑐫𑑚𑐢𑐬𑑂𑐩𑑂𑐩𑐞𑐵𑐬𑐵𑐫𑐣𑐥𑑂𑐬𑐩𑐸𑐏𑐥𑐬𑐶𑐧𑐵𑐬𑐡𑐎𑑀𑐩𑑀𑐎𑑂𑐲𑐐𑐟𑐶𑐬𑐵𑐎𑐖𑐸𑐥𑐵𑐫𑑌
9663cdd4,𑐩𑑅𑐱𑑂𑐬𑐷𑐮𑑀𑐎𑐣𑐵𑐠𑐵𑐫𑑌𑐡𑐵𑐎𑑂𑐲𑐶𑐞𑑂𑐫𑑀𑐟𑑂𑐟𑐬𑐡𑐶𑐐𑑂𑐐𑐟𑑅𑐎𑐬𑐟𑐮𑐾𑐥𑐒𑑂𑐎𑐾𑐬𑐸𑐴𑑅𑐳𑐵𑐬𑐠𑐶𑑄𑐎𑐺𑐟𑑂𑐰𑐵𑐔𑐵𑐞𑑂𑐜
3dc169d8,𑐩𑐴𑐵𑐬𑐵𑐖𑐵𑐢𑐶𑐬𑐵𑐖𑐱𑑂𑐬𑐷𑐱𑑂𑐬𑐷𑐣𑐬𑐳𑐶𑑄𑐴𑐩𑐮𑑂𑐮𑐡𑐾𑐰𑐥𑑂𑐬𑐨𑐸𑐠𑐵𑐎𑐸𑐮𑐮𑑄𑐖𑐸𑐬𑑀𑑍𑐔
8349223f,𑐣𑐖𑑀𑐖𑐩𑐵𑐣𑐳𑐐𑐣𑐵𑐣𑐵𑑄𑑍𑐁𑐫𑐸𑐁𑐬𑑀𑐐𑐾𑑍𑐖𑐣𑐢𑐣𑐳𑑄𑐟𑐵𑐣𑐮𑐎𑑂𑐲𑑂𑐩𑐷𑐰𑐺
a843c70a,𑐖𑑂𑐬𑐵𑐔𑐵𑐫𑐾𑐱𑑂𑐬𑐷𑐰𑑂𑐫𑐏𑐵𑐳𑐶𑑄𑐴𑐡𑐾𑐰𑑍𑐔𑐎𑐾𑐱𑑂𑐰𑐬𑐷𑐫𑐵𑐒𑐣𑐡𑐵𑐣𑐥𑐟𑐶𑐨𑐵𑐳𑑂𑐎𑐬𑐡𑐾𑐰𑐳𑑄𑐳𑑂𑐎𑐵
710353z3,𑐎𑐵𑐲𑑂‍𑐛𑐩𑐞𑑂‍𑐡𑐥𑐩𑐴𑐵𑐣𑐐𑐬𑐾𑐟𑐬𑐰𑑀𑐟𑑀𑐮𑐧𑐜𑐣𑐣𑐶𑐫𑐾𑐟𑐵𑐕𑐾𑑃𑐫𑐵𑐥𑐶𑐟
519483b3,𑐟𑑂𑐟𑐣𑐫𑑀𑐩𑐴𑐵𑐣𑑂𑐳𑐸𑐣𑐶𑐥𑐸𑐞𑑅𑐱𑑂𑐬𑐷𑐱𑑂𑐬𑐷𑐣𑐶𑐰𑐵𑐳𑑀𑐣𑐺𑐥𑑅𑑋𑐳𑑁𑐣𑑂𑐡𑐬𑑂𑐫𑐾𑐳𑐩𑐣𑑀𑐨𑐰𑑅𑐥𑑂𑐬𑐟𑐶𑐡𑐶𑐣𑑄𑐡𑐵𑐣𑐎𑐣𑐶𑐲𑑂𑐛𑐵𑐩𑐟𑐶𑐬𑑂𑐮𑑀𑐎𑐾𑐱𑐳𑑂𑐫𑐥𑐡𑐵𑐬𑐰𑐶𑐣𑑂𑐡𑐩𑐢𑐸𑐥𑑅𑐳𑑄𑐐𑐷𑐟𑐱𑐵
946ff650,𑐴𑐵𑐄𑐖𑑀𑐐𑐶𑑌𑐠𑑂𑐰𑐟𑐾𑐖𑐶𑐩𑐔𑑂𑐫𑐵𑐩𑑂𑐴𑐨𑑀𑐩𑐸𑐒𑐵𑐰𑐖𑐶𑐬𑑂𑐞𑑂𑐞𑑀𑐡𑑂𑐢𑐵𑐬𑐫𑐵𑐒𑐣𑐁𑐰𑐣𑐔𑐶𑐒𑐵
663fa381,𑐖𑐶𑐟𑐵𑐩𑐶𑐟𑑂𑐬𑐩𑐮𑑂𑐮𑐡𑐾𑐰𑐳𑑂𑐫𑐰𑐶𑐖𑐫𑐳𑐩𑐫
6c947a97,𑐢𑐩𑑂𑐩𑐡𑐾𑐰𑐨𑐵𑐬𑑀𑑌𑐥𑐬𑐨𑐵
665fba47,𑐫𑐵𑐟𑐵𑐳𑐶𑐣𑑂𑐡𑐸𑐡𑑂𑐟𑐸𑐡𑑂𑐬𑐵𑑄𑐳𑐸𑐡𑑂𑐟𑐡𑑂𑐫𑐵𑑍𑐩𑐢𑑀𑐔𑐵𑐩𑐥𑐵𑐞𑑁𑐱𑐬𑐞𑑂𑐫𑐵𑑄𑐳𑑂𑐩𑐬𑐵𑐩𑐶𑑌𑑖𑑌𑐳𑑂𑐰𑐎𑐷𑐫𑐵𑐳𑐣𑐵𑐨𑑂𑐫𑐵𑐳𑐐𑐵𑐨𑑂𑐫𑐩𑐸𑐨
58ac1z31,𑐖𑐨𑐵𑐰𑑀𑐕𑐾𑐩𑑂𑐴𑑀𑐫𑐬𑐸𑐎𑐾𑐱𑐐𑐸𑐞𑐄𑐮𑑂𑐴𑐵𑐳𑐶𑑄𑐴𑐐𑑂𑐫𑐵𑐣𑐔𑐣𑑂𑐡𑑂𑐬𑐀𑐩𑐺𑐟𑐬𑐵𑐖𑐥𑐵
00d65bac,𑐬𑐰𑐶𑐎𑐸𑐮𑐟𑐶𑐮𑐎𑐴𑐣𑐸𑐩𑐡𑑂𑐢𑑂𑐰𑐖𑐩𑐵𑐞𑐶𑐐𑑂𑐮𑐵𑐢𑐶𑐥𑐟𑐶𑐩𑐴𑐵𑐬𑐵𑐖𑐢𑐶𑐬𑐵𑐖𑐰𑐷𑐬𑐱𑑂𑐬𑐷𑐱𑑂𑐬𑐷𑐖𑐫𑐖𑑀
35f7c5a6,𑐳𑐹𑐬𑑂𑐫𑑂𑐫𑐵𑐫𑐠𑐵𑐬𑐵𑐖𑐟𑐾𑑌𑐟𑐳𑑂𑐫𑐥𑐟𑑂𑐣𑐷𑐟𑐸𑐰𑐶𑐏𑑂𑐫𑐵𑐟𑐵𑑍𑐔𑐣𑑂𑐡𑑂𑐬𑐮𑐎𑑂𑐲𑑂𑐩𑐷𑑅𑐳𑐸𑐮𑐎𑑂𑐲𑐞𑐵𑑋𑐔𑐵𑐬𑐸𑐔𑐶𑐟𑑂𑐬𑐵𑐥𑑂𑐬𑐨𑑀𑐎𑑂𑐟𑐵𑐔𑐣𑑂𑐡𑑂𑐬𑐳𑑂𑐫𑐾𑐰𑐔𑐬𑑀𑐴𑐶𑐞𑐷𑑌𑐨𑑀𑐐𑐶𑐞𑐷𑐰𑐶𑐲𑑂𑐞𑐸
f35f2zca,𑐣𑐵𑐬𑐵𑑄𑐩𑐾𑐥𑐸𑐟𑑂𑐬𑐵𑐳𑑂𑐟𑐾𑐖
cf7z970d,𑐖𑐩𑐎𑐞𑑂𑐜𑐶𑐎𑐵𑐫𑐳𑐴𑐶𑐟𑑀𑐫𑑀𑐐𑐩𑑂𑐧𑐬𑑀𑐣𑐵𑐫𑐎𑑅𑐳𑐬𑑂𑐰𑑂𑐰𑐥𑐬𑑂𑐞𑑂𑐞𑑅𑐥𑐬𑐩𑐵𑐡𑐶𑐧𑐸𑐡𑐨𑐐𑐰𑐵𑐣𑐰𑐣𑑂𑐡𑐾
15773bd4,𑐎𑑂𑐬𑐩𑐵𑐟𑐵𑐖𑐣𑑂𑐟𑐮𑐎𑑂𑐲𑑂𑐩𑐷𑐢𑐷𑐬𑑂𑐖𑐮𑐎𑑂𑐲𑑂𑐩𑐷
224f45f1,𑐫𑐵𑐥𑐵𑐴𑐵𑐳𑐶𑑄𑐨𑐵𑐬𑑀𑐠𑑂𑐰𑐟𑐾𑐒𑐵𑐩𑑂𑐴𑐵𑑕𑐳𑐩𑐸𑐔𑐫𑐣𑐔𑐵𑐠𑑂𑐰𑐮𑐖𑐐
4b7z007d,𑐨𑐵𑐐𑐸𑐞𑐩𑐵𑐳𑐶𑐬𑑂𑐎𑐬𑐟𑐶𑐠𑑁𑐟𑐾𑐔𑐣𑑂𑐡𑑂𑐬𑐥𑐿𑐧𑐾𑐡𑐸𑐢𑑀
cf23d88f,𑑊𑐳𑑄𑐧𑐟𑑗𑑙𑑗𑐧𑐿𑐱𑐵𑐏𑐱𑐸𑐎𑑂𑐮𑐥𑐸𑐬𑑂𑐞𑑂𑐞𑐩
3373b524,𑐟𑐟𑐸𑐮𑐵𑐢𑐬𑐎𑐮𑑂𑐫𑐟𑐲𑐶𑐟𑐵𑐢𑐟𑐖𑐸𑐬𑐶𑐧𑐐𑐟𑐖𑐸𑐫𑐵𑐌𑐠𑑂𑐰𑐫𑐵𑐟𑐣𑐵𑐩𑐣𑐧𑐸𑐟𑐨𑐵
0b7f89z9,𑐩𑐏𑐣𑐩𑐱𑐥𑐡𑐵𑐣𑐰𑐣𑐸𑐩𑐳𑐕𑐾𑐫𑐵𑐠𑐵𑐥𑐶𑐟𑐢𑐬𑑂𑐩𑑂‍𑐩𑐵𑐟𑐳𑑂𑐫𑐢𑐣𑐳𑐶𑑄𑐴𑐨𑐵𑐬𑑀
21d5b345,𑐬𑐡𑐷𑐣𑑓𑐊𑐣𑑂𑐡𑑂𑐫𑐵𑐟𑐖𑑀𑐬𑐕𑐷𑐎𑐵𑐟𑐷𑐎𑐣
99059779,𑐰𑐬𑐖𑑅𑐱𑐱𑐵𑐳𑐮𑐮𑐶𑐟𑐵𑐩𑐶𑐏𑑂𑐫𑐵𑑄𑐥𑐸𑐬𑐷𑑄𑐱𑑂𑐬𑐷𑐩𑐟𑐷𑑄𑐱𑑂𑐬𑐷𑐩𑐡𑑂‌𑐫𑑀𑐐𑐣𑐬𑐾𑐣𑑂𑐡𑑂𑐬𑐩𑐮𑑂𑐮𑐣𑐺𑐥𑐟𑐶𑐬𑑂𑐰𑐬𑐷𑐩𑐥𑑄𑐔𑐵𑐣𑐣𑑅𑑋𑐥𑐡𑑂𑐡𑑀
8dfcf1a4,𑐱𑐸𑐨𑑋𑑋𑐨𑐵𑐳𑑂𑐎𑑂𑐬𑐾𑐡𑐾𑐰𑐳𑑄𑐳𑑂𑐎𑐵𑐬𑐶𑐟𑐳𑐵𑑍𑐳𑐟𑑂𑐬𑐱𑑂𑐬𑐷𑐎𑐾𑐱𑐰𑐔𑐣𑑂𑐡𑑂𑐬𑐎𑐶
435z8f73,𑐟𑐟𑐥𑐸𑐣𑑂𑐫𑐵𑐣𑐸𑐨𑐵𑐰𑐾𑐣𑐖𑐖𑐩𑐵𑐣𑐳𑑂𑐫𑐂𑐴𑐮𑑀𑐎𑐾𑐳𑐸𑐏𑐨𑑀
fd6z484c,𑑘𑑓𑑐𑐔𑐟𑑂𑐬𑐎𑐺𑐲𑑂𑐞𑑍𑐀𑐩𑐵𑐰𑐵𑐱𑑂𑐫𑐵𑑍𑐳𑑀𑐩𑐧𑐵
5d240cdc,𑐟𑑂𑐬𑐔𑐟𑐸𑐬𑐬𑑀𑐥𑐞𑐶𑐬𑑀𑐰𑐥𑐶𑑔𑐠𑑂𑐰𑐟𑐾𑐧𑐸𑐴𑐣𑐾𑐫𑐵𑐟𑐳𑐔𑐵𑐫𑐵𑐌𑐟𑐒𑐡𑐸𑐣𑑂𑐟𑐵𑐖𑐸𑐬𑑀𑑋𑐨𑐹𑐫
df6f242d,𑐱𑑂𑐬𑐾𑐫𑑀𑐳𑑂𑐟𑐸𑐳𑐩𑑂𑐰𑐟𑑂𑑗𑑖𑑘𑐦𑐵𑐮𑑂𑐐𑐸𑐞𑐱𑐸𑐎𑑂𑐮𑑌𑐬𑑀𑐴𑐶𑐞𑐷𑐣𑐎𑑂𑐲𑐟𑑂𑐬𑐾𑐰𑐶𑐲𑑂𑐎𑐩𑑂𑐨𑐫𑑀𑐐𑐾𑐱𑐸𑐎
804042a0,𑐰𑐮𑐳𑐵𑐞𑑄𑐣𑐡𑐰𑐠𑑂𑐫𑑄𑐔𑐐𑐸𑐬𑐵𑐠𑑂𑐰𑐎𑑍𑐔𑐠𑐵𑐎𑐎𑐸𑐣𑑂𑐴𑐸𑐧𑐸𑐳𑐵𑐢𑐣𑐫𑐵𑐫𑐩𑐵𑐬𑑍𑐨𑐵𑐲𑐵𑐮𑐳𑐕𑐥𑑀𑐬𑐥𑐹𑐬𑑂𑐞𑑂𑐞𑐩𑐵𑐳𑐶𑐎𑐸
524z6z42,𑐟𑐶𑐦𑐮𑐾𑐡𑐫𑐎𑐵𑐰𑐸𑐥𑐟𑐶𑐳𑑂𑐠𑐵𑐫𑐵𑐒𑐵𑐡𑐶𑐣𑐖𑐸𑐬𑑀𑑋𑐬𑑂𑐰𑐏𑐬𑑂𑐰𑐏𑐞𑐰𑐸𑐱𑐵
1090azcz,𑐳𑐱𑑂𑐩𑐾𑐬𑐩𑐾𑐱𑑀𑑍𑐨𑐰𑐨𑑂𑐫𑐵𑐲𑑂𑐥𑑂𑐬𑐳𑐵𑐡𑐵𑐟𑑂𑐫𑐬𑐵𑑄𑐳𑐶𑐡𑑂𑐰𑐶𑐩𑐵𑐥𑐸𑑅𑑋𑐩𑐩𑐵𑐖𑑂𑐘𑐵𑐣𑐳𑐶𑐣𑑂𑐢𑑀𑑅𑐱𑐶𑐰𑑀𑐡𑐷𑐣𑐰𑐣𑐢𑐸𑑍𑐬𑑂𑐖𑑂𑐖𑐣𑐣𑑂𑐫𑐵𑐴𑐶𑐟𑐵
7695da84,𑐳𑑄𑐩𑑂𑐢𑐰𑑂𑐬𑐶𑑑𑐔𑐶𑐬𑐶𑐠𑐎𑐸𑑃𑑑𑐎𑐾𑐔𑐩𑐵𑑑𑐣𑐖𑐬𑐎𑐸𑐩
69fb1549,𑐟𑑂𑐬𑐺𑐥𑐶𑐟𑐺𑐥𑐶𑐟𑐺𑐰𑑂𑐫𑐵𑐣𑐵𑑄𑐥𑐶𑐟𑐵𑐩𑐴𑐵𑐡𑐶𑐎𑐳𑑂𑐫𑐥𑑌𑐖𑐵𑐫𑐵𑐳𑑂𑐰𑐵𑐠𑐺𑐡𑐺𑐴𑐶𑐟𑐺𑐱𑑂𑐩𑑄𑐎𑐸𑐮𑑀𑐡𑑂𑐰𑐵𑐬
09zza4az,𑐳𑑄𑐩𑑂𑐢𑐰𑑂𑐬𑐶𑑑𑐔𑐶𑐬𑐶𑐠𑐎𑐸𑑃𑑑𑐎𑐾𑐔𑐩𑐵𑑑𑐣𑐖𑐬𑐎𑐸𑐩𑐵𑐬𑐷𑐳𑑄𑐑𑐬𑐟𑑂‍𑐣𑑑𑐴𑐬𑐶𑐎𑐸𑐮𑐶𑑑𑐮𑐟𑑂‍𑐣𑐧𑐵𑐴
d042c12z,𑐧𑐵𑐳𑐡𑐾𑐰𑐣𑐖𑐬𑐢𑐵
bd676906,𑐳𑑂𑐠𑐵𑐣𑐳𑑂𑐫𑑍𑐂𑐴𑐾𑐰𑐥𑐹𑐞𑑂𑐫𑐨𑐹𑐩𑑌𑐀𑐡𑑂𑐫𑑅𑐱𑑂𑐬𑐵𑐰𑐞𑐩𑐵𑐳𑑂𑐫𑐱𑐎𑑂𑐬𑐥𑐎𑑂𑐲𑐟𑐺𑐟𑐶𑐫𑐵𑐟𑐶𑐠𑑁𑑍𑐥𑐹
8887665c,𑐮𑐮𑐶𑐟𑑄𑐎𑐺𑐟𑑄𑑋𑐔𑐵𑐟𑐸𑐬𑑂𑐰𑐬𑑂𑐐𑐦𑐮𑐵𑐥𑑂𑐬𑐵𑐥𑑂𑐟𑐶𑑍𑐢𑐬𑑂𑐩𑐱𑐵𑐮𑐵𑐩𑐶𑐩𑐵𑑄𑐱𑐸𑐨𑑄𑑋𑑋
8238a4d9,𑐥𑑄𑐔𑐩𑐶𑐥𑐸𑐲𑐾𑐣𑐎𑑂𑐲𑐟𑑂𑐬𑐳𑐸𑐎𑑂𑐮𑐧𑐵𑐬𑐎𑐸𑐣𑑂𑐴𑐸𑐱𑑂𑐬𑐷𑑓𑐨𑐶𑐩𑐳𑐾𑐣𑐫𑐵
080fa39b,𑐣𑐶𑐔𑐫𑐬𑑂𑐐𑐷𑐬𑑂𑐰𑐵𑐞𑐐𑑀𑐲𑑂𑐛𑐷𑐐𑐸𑐬𑐸𑑅𑐱𑑂𑐬𑐷𑐩𑐟𑑂𑐳𑐶𑐡𑑂𑐢𑐶𑐣𑐺𑐳𑐶𑑄𑐴𑐩𑐮𑑂𑐮𑐖𑐐𑐟𑐷𑐖𑐵𑐣𑐶𑐳𑑂𑐳
z1bc69a4,𑐣𑐨𑐚𑑂𑐚𑐵𑐬𑐎𑐎𑐵𑐳𑐣𑑂𑐴𑐥𑐵𑐔𑐥𑐵𑐜𑐫𑐵𑐒𑐔𑑀𑐒𑐳𑐳𑐊𑐰𑐛𑐵𑐎𑐸𑐮𑐳𑐣𑐩𑐣𑑂𑐟𑑂𑐬𑐷𑐨𑐐𑐷𑐬𑐠𑐨𑐫𑐵𑐨𑐵𑐬𑑀𑐳𑐰𑐳𑑄𑐰𑐟𑐫𑐵𑐒𑐣𑐁𑐖𑑂𑐘𑐵𑐥𑑂𑐬𑐳𑐣𑑂𑐣𑐖𑐸
7d9z6172,𑑊𑐳𑑂𑐣𑐵𑐟𑐸𑐬𑑂𑐖𑑂𑐖𑐣𑑂𑐩𑐣𑐶𑐰𑐵𑐬𑐶𑐞𑐷𑐖𑐜𑐢𑐶𑐫𑐵𑑄𑐖𑐵𑐜𑐔𑑁𑐢𑐰𑐶𑐢𑑂𑐰𑑄𑐳𑐶𑐣𑐷𑑍𑐩𑐺𑐟𑑂𑐎𑐣𑑂𑐡𑐬𑐡𑐵𑐬𑐶𑐞𑐷𑐴𑐬𑐩𑐸𑐏𑐵𑐖𑑂𑐖𑐵𑐟𑐵𑐖𑐐𑐟𑑂𑐥𑐵𑐰𑐣𑐷𑑋
b925bd50,𑐩𑑂𑐧𑐟𑑗𑑙𑑖𑐖𑐾𑐲𑑂𑐛𑐱𑐸𑐎𑑂𑐬𑐡𑑂𑐰𑐶𑐟𑐷𑐫𑐵𑑄𑐟𑐶𑐠𑑁𑐩𑐺𑐐𑐱𑐶𑐬𑐣𑐎𑑂𑐲𑐟𑑂𑐬𑐱𑐹𑐮𑐫𑑀𑐐𑐾𑐁𑐡𑐶
czac22c4,𑐐𑐣𑐷𑐣𑑁𑐩𑐶𑐣𑐶𑐟𑑂𑐫𑑄𑑌𑑕𑑌𑐱𑐶𑐬𑑀𑐨𑐶𑐣𑑂𑐟𑑂𑐬𑐶𑐨𑐶𑐳𑑂𑐳𑑄𑐫𑐸𑐟𑐵𑐥𑐵𑐣𑐥𑐵𑐟𑐸𑑄𑑍𑐎𑐬𑐾𑐡𑐎𑑂𑐲𑐶𑐞𑐾𑑖𑐣𑐸𑐎𑑂𑐲𑐞𑑄𑐮𑐎𑑂𑐲𑐫𑐎𑐷𑑋
31a173f2,𑐜𑑑𑐬𑐵𑐎𑐸𑐜𑑑𑐧𑐖𑐶𑐡𑑄𑑔𑐢𑐬𑐶𑐎𑐸𑐜𑑑𑐎𑑂𑐬𑐩𑐸𑐦𑑀𑐫𑐵𑑍𑐠𑑂𑐰𑐟𑐶𑐡𑐵𑐣𑐧𑐶𑐫𑐩𑐵𑐮𑑌𑐐𑐸𑐬𑑂𑐰𑑂𑐰𑐵𑐴𑐵𑐬𑐩𑐟𑐕𑑀𑐫𑐎
6886574a,𑐧𑐵𑐬𑐾𑑋𑑋𑐱𑐸𑐨𑐣𑑂𑐴𑐶𑐮𑐐𑑂𑐣𑐾𑐥𑐶𑐔𑐳𑑁𑐬𑐩𑐣𑐵𑐣
78031776,𑐑𑐵𑐟𑐳𑐡𑐾𑐰𑐥𑐹𑐖𑐵𑐫𑐵𑐎𑐧𑑂𑐬𑐵𑐴𑑂𑐩𑐞𑑍𑐩𑑂𑐴𑑄𑑑𑐱𑑂𑐬𑐷𑐐𑑁𑐬𑐷𑐱𑑄𑐎𑐬𑑍𑐩𑑂𑐴𑑄𑑑𑐱𑑂𑐬𑐷𑐩𑐸𑐣𑐶𑐨𑐵𑐖𑐸𑑍𑐩𑑂𑐴𑑓𑐖𑑀𑐳𑐶𑐩𑑂𑐴𑑑𑐁𑐔𑐵𑐬𑑂𑐫𑑂𑐫𑑍𑐠𑑂𑐰𑐟𑐾𑐳𑑂𑐟𑑄𑐡𑐎𑑂𑐲𑐶𑐞𑐵𑐟𑐳
5cf9f5f4,𑐟𑑄𑐥𑑂𑐬𑐵𑐥𑑂𑐟𑑄𑐦𑐮𑑄𑐔𑐵𑐎𑑂𑐲𑐥𑐾𑐟𑐡𑑂𑐰𑐡𑑂𑐫𑐵𑐱𑑂𑐔𑐬𑐞𑐵𑐬𑐰𑐶𑐣𑑂𑐡𑐫𑐸𑐐𑐮𑑄𑐰𑐣𑑂𑐡𑐵𑐩𑑀
407176c4,𑐥𑑂𑐬𑐠𑐩𑐥𑐸𑐟𑑂𑐬𑐖𑑀𑐐𑐬𑐟𑑂𑐣𑐟𑐳𑑂𑐫𑐨𑐵𑐬𑑂𑐫𑑂𑐫𑐵𑐮𑐎𑑂𑐲𑑂𑐩𑐷𑐩𑐵𑐫𑐵𑐡𑑂𑐰𑐶𑐟𑐶𑐫𑐥𑐸𑐟𑑂𑐬𑐡𑐵𑐣𑐰𑐬𑑂𑐳𑐶𑑄𑐟𑐳𑑂𑐫𑐨𑐵𑐬𑑂𑐫𑑂𑐫𑐵𑐔𑐶𑐎𑐶𑐩𑐵𑐫𑐵𑐟𑐺𑐟𑐷𑐫𑐥𑐸𑐟𑑂𑐬𑐖𑐸𑐖𑐸𑐩𑐵𑐣𑐟𑐳𑑂𑐫𑐨𑐵𑐬𑑂𑐫𑑂𑐫𑐵𑐖𑑂𑐘𑐵𑐣𑐥𑑂𑐬𑐨𑐵𑐔𑐟𑐸𑐬𑑂𑐠𑐥𑐸𑐟𑑂𑐬𑐟𑐸𑐫𑐸𑐎𑐵𑐖𑐶𑐟𑐳𑑂𑐫𑐨𑐵𑐬𑑂𑐫𑑂𑐫𑐵
1ad05374,𑐫𑐵𑐀𑐦𑐧𑐹𑐮𑑀𑑔𑐢𑐮𑐶𑐏𑐾𑐮𑐎𑑀𑐧𑐸𑐮𑑀𑑗𑐎𑐬𑑂𑐲𑑒𑐀𑐟𑐥𑐵𑐧𑐹𑐮𑑀𑑑
450330a3,𑐒𑐵𑐡𑐶𑐣𑑋𑐰𑐬𑑂𑐲𑐥𑑂𑐬𑐟𑐶𑐠𑐰𑐦𑐸𑐎𑐶𑐖𑐖𑐸𑐎𑑀𑐳𑑂𑐫
4268064b,𑑊𑑉𑐣𑐩𑐨𑐐𑐰𑐟𑐾𑐰𑐵𑐳𑐸𑐡𑐾𑐰𑐵𑐫𑑋𑑋𑐳𑐹𑐡𑑂𑐬𑐱𑐣𑐐𑐜𑐵𑐔𑑀𑐬𑑂𑐢𑐡𑑂𑐰𑑄𑑍𑐰𑐵𑐩𑐾
79d835z6,𑐱𑑂𑐬𑐷𑐩𑐮𑑂𑐮𑑀𑐎𑐾𑐱𑐡𑐿𑐰𑐳𑐬𑐞𑐩𑐥𑐶
7d0dad0d,𑐟𑐵𑐬𑐎𑐸𑑖𑐥𑐹𑐬𑑂𑐰𑑂𑐰𑐥𑐵𑐏𑐵𑐨𑐹𑐩𑐎𑐵𑑍𑐰𑐐𑐸𑐠𑐶𑐳𑑍𑐡𑐵𑐟𑐵𑐖𑐸𑐳𑐬𑐵𑐫𑐖𑐸𑑍𑐥𑐬𑑀𑐐𑐖𑐸𑐬
01b68z0f,𑐎𑐹𑑅𑐎𑑂𑐲𑐶𑐟𑐶𑐥𑐟𑐾𑑅𑐳𑐳𑑂𑐫𑐵𑐟𑑂𑐳𑐡𑐵𑐩𑐵𑐣𑑂𑐫𑐩𑐺𑐟𑑂𑑌𑐧𑑂𑐬𑐩𑑂𑐴𑐵𑐣𑐾𑐟𑑂𑐬𑐡𑐶𑐐𑐒𑑂𑐐𑐣𑐵𑐒𑑂𑐎𑐳𑐴𑐶𑐟𑐾𑐣𑐾𑐥𑐵𑐮𑐳
40f2aa57,𑐥𑐵𑐔𑐵𑐩𑐵𑐟𑐔𑐾𑐎𑐣𑐀𑐳𑑂𑐟𑐵𑑒𑐩𑐟𑐵𑐥𑑂𑐰𑐵𑑕𑑋𑑋𑐥𑐸𑐖𑐵𑐰𑐵𑐬𑐶𑐫𑐵𑐟𑐵𑐖𑐵𑐎𑐶
902f2ff1,𑐢𑐣𑐥𑐟𑐶𑐡𑐾𑐌𑐩𑐵𑐟𑐵𑐩𑐴𑐷𑐖𑐫𑐮𑐎𑑂𑐲𑑂𑐩𑐷𑐢𑐣𑐶𑐩𑑂𑐴𑐫𑐵𑐟𑐩𑐴𑐵
82674299,𑑓𑐰𑐫𑐧𑐶𑐫𑐩𑐵𑐮𑑌𑐠𑑂𑐰𑐔𑑂𑐫𑐵𑐑𑐟𑐣𑑄𑐱𑑄𑐏𑐥𑐸𑐫𑐎𑐾𑐩𑐵𑐮𑐱𑑄𑐏𑐥𑐸𑐰𑐴𑑂𑐣𑐫𑐵𑐟𑐡𑑄𑑔
41f737a3,𑑊𑐳𑑂𑐰𑐳𑑂𑐟𑐶𑑌𑐱𑑂𑐬𑐷𑐱𑑂𑐬𑐷𑐱𑑂𑐬𑐷𑐳𑑂𑐰𑐾𑐲𑑂𑐚𑐡𑐾𑐰𑐟𑐵𑐥𑑂𑐬𑐷𑐟𑑂𑐫
c486z054,𑐫𑑀𑐐𑐳𑑀𑐩𑐧𑐵𑐬𑐠𑑂𑐰𑐎𑐸𑐣𑑂𑐴𑐸𑐥𑑂𑐰𑐵𑐠𑐮𑑄𑐏𑐸𑐰𑐶𑐖𑐫𑐴𑐬𑐶𑐎𑑀𑐕𑐎𑑀𑐡𑐺𑐲𑑂𑐛𑐎𑐷𑐬𑑂𑐟𑑂𑐬𑐶
f4zz8964,𑐔𑑀𑐳𑑂𑐫𑐟𑐎𑑀𑐫𑐵𑐖𑐵𑐎𑑂𑐫𑐾𑐩𑐰𑐶𑐫𑐩𑐡𑐸𑑌𑐱𑐸𑐨𑐩𑐳𑑂𑐟𑐸𑐎𑐮𑑂𑐫𑐵𑐣𑐨𑐰𑐣𑑂𑐟𑐸𑐳𑐬𑑂𑐰𑑂𑐰𑐡𑐵𑑌𑐱𑐸𑐨𑑌
3366b3b8,𑐠𑐵𑐥𑐶𑐟𑐢𑐬𑑂𑐩𑑂𑐩𑐬𑐵𑐖𑐥𑑂𑐬𑐩𑐸𑐏𑐣𑐥𑐸𑐟𑑂𑐬𑐳𑑄𑐑𑐬𑐵𑐖𑑍𑐠𑑂𑐰𑐥
a23c77ad,𑐰𑐣𑐶𑐥𑐸𑐣𑐅𑐟𑑂𑐬𑑍𑐐𑑄𑐢𑐫𑑀𑐐𑑍𑐱𑐸𑐎𑑂𑐬𑐧𑐵
b00169c0,𑑌𑐫𑐳𑑂𑐫𑐵𑑅𑐳𑐸𑐣𑐸𑐬𑐨𑐹𑐣𑑂𑐩𑐸𑐬𑐵𑐬𑐶𑐔𑐬𑐞𑐢𑑂𑐫𑐵𑐣𑐵𑐩𑑂𑐧𑐸𑐢𑑁𑐟𑐵𑐱𑐫𑑅𑐳𑑄𑐐𑐷𑐟𑐵𑐩𑑂𑐧𑑄𑐢𑐶𑐥𑐵𑐐𑐩𑑀𑐬𑐶𑐥𑐸𑐟𑐩𑑀𑐰𑐶𑐑𑑂𑐣𑑄𑐳𑐨𑐵𑐳𑑂𑐰𑐟𑑂𑐳𑐩
5d19f58f,𑐲𑐵𑐐𑑂𑐰𑑒𑐡𑑂𑐫𑐵𑑄𑐣𑑂𑐚𑐀𑐳𑑂𑐟𑐵𑐩𑐳𑐶𑐴
d777c3ff,𑐟𑑂𑐫𑐵𑐳𑐺𑐬𑐖𑐮𑐥𑐵𑐫𑐶𑐣𑐷𑐳𑑂𑐰𑐣𑐺𑐫𑐱𑑀𑐢𑐬𑐵𑐢𑐬𑐵𑐱𑑀𑐨𑐶𑐣𑐷𑑋𑐥𑐵𑐲𑐞𑑂𑐜𑐵𑐱𑐫
205555c0,𑐫𑐵𑐒𑐵𑐰𑐥𑑂𑐬𑐟𑐶𑐲𑑂𑐛𑐵𑐫𑐵𑐒𑐧𑐶𑐧𑐖𑑂𑐫𑐫𑐎𑑌𑐩𑐴𑐵𑐬𑐵𑐖𑐵𑐫𑐵𑐁𑐖𑑂𑐘𑐵𑐣𑐳𑑂𑐰𑐠𑐫𑐵𑐱𑐶𑐰𑐴𑐬𑐶𑐫𑐵𑐥𑐸𑐟𑑂𑐬𑐢𑑀
ad35z205,𑐥𑐱𑐸𑐥𑐟𑐶𑐔𑐬𑐞𑐎𑐩𑐬𑐥𑐬𑐶
ffa821d7,𑐎𑐺𑐟𑐳𑑂𑐩𑐿𑐳𑑂𑐟𑐸𑐧𑐵𑐫𑐵𑐧𑑂𑐫𑐰𑐾𑐣𑐩𑑅𑑌𑐱𑐸𑐨𑐳𑑄𑐰𑐟𑑘𑑙𑑙𑐩𑐵𑐬𑑂𑐐𑐱𑐶
a9dc1d5c,𑑉𑐣𑐩𑑅𑐱𑑂𑐬𑐷𑐐𑑀𑐰𑐶𑐣𑑂𑐡𑐵𑐫𑑌𑐐𑑀𑐰𑐶𑐣𑑂𑐡𑐦𑐵𑐮𑑂𑐐𑐸𑐎𑑂𑐬𑐶𑐫𑐵𑐡𑐾𑐰𑐷
426a927z,𑑊𑑉𑐣𑐩𑑅𑑌𑐱𑑂𑐬𑐾𑐫𑑀𑑇𑐳𑑂𑐟𑐸𑑌𑐳𑑄𑐰𑐟𑑂𑑗𑑔𑑗𑐩𑐵𑐑𑐱𑐸𑐎𑑂𑐮𑑌𑐥𑑄𑐔𑐩𑑂𑐫𑐵𑐣𑑂𑐟𑐶𑐠𑑁𑑌𑐄𑐟𑑂𑐟𑐬𑐨𑐡𑑂𑐬𑐣𑐎𑑂𑐲𑐟𑑂𑐬𑐾
0c948d67,𑐳𑐳𑐵𑐧𑐔𑐥𑑂𑐬𑐔𑐵𑐧𑑂‍𑐰𑐮𑑅𑐥𑑂𑐬𑐵𑐣𑐶𑐡𑐎𑑀𑐄𑐡𑐵𑐬𑐖𑐸𑐫𑐵𑐩𑐵𑐮𑐢𑐎𑐠𑑂‍𑐰𑐱𑑂𑐬𑐷𑑓𑐔𑐂𑐟𑐾𑐠𑑂‍
7acc72dz,𑐧𑐨𑐹𑐟𑐳𑑂𑐰𑐖𑐣𑐳𑐴𑐶𑐟𑐵𑐣𑑂𑐳𑐬𑑂𑐰𑐳𑐟𑑂𑐰𑐵
46f835f4,𑐟𑑂𑐫𑐥𑐸𑐖𑐵𑐫𑐵𑐟𑐰𑐸𑐟𑐫𑐵𑐎𑐬𑑂𑐲𑑒𑐡𑑀𑐎𑑀𑐰𑐸𑐎
cdcd579c,𑐧𑐾𑐏𑐵𑐮𑐎𑑂𑐲𑑂𑐩𑐷𑑋𑑋𑐖𑑀𑐐𑐢𑐬𑑋𑑋𑐐𑐖𑐮𑐎𑑂𑐲𑑂𑐩𑐷𑑋𑑋𑐩𑐸𑐣𑐶𑐢𑐬𑑋𑑋
9518d84a,𑐟𑑂𑐬𑐱𑑂𑐬𑐷𑐬𑐟𑑂‍𑐣𑑅𑐡𑑂𑐧𑐶𑐟𑐶𑐫𑐥𑐸𑐟𑑂𑐬𑐢𑐣𑐬𑐟𑑂‍𑐣𑐟𑐺𑐟𑐶𑐫𑐥𑐸
bc76b480,𑐬𑐵𑐖𑐬𑐵𑐖𑐬𑐵𑐖𑐬𑐵𑐖𑐾𑐣𑑂𑐡𑑂𑐬𑐰𑐶𑐎𑑂𑐬𑐩𑐱𑐵𑐴𑐡𑐾𑐰𑐰𑐶𑐖𑐫𑐬𑐵𑐖𑑂𑐫𑑌
dfa533z2,𑐢𑐵𑐣𑑂𑐫𑑍𑐁𑐬𑑂𑐫𑑂𑐫𑐵𑐰𑐬𑑂𑐟𑑂𑐟𑐡𑐾𑐱𑐾𑑍𑐱𑑂𑐬𑐷𑑒𑐩𑐢𑑂𑐫𑐾𑐥𑐸𑐬𑐷𑐠𑐵𑐣𑐾𑑍𑐱𑑂𑐬𑐷𑑓𑐧𑐵𑐮𑐎𑑀𑐩𑐵𑐮𑐷𑑍𑐣𑑄𑐮𑐲𑐎
d77898a3,𑐖𑐔𑐎𑑂𑐬𑐵𑐢𑐶𑐱𑑂𑐰𑐬𑐳𑑂𑐰𑐰𑐶𑐎𑑂𑐬𑐩𑑀𑐥𑐵𑐬𑑂𑐖𑑂𑐖𑐶𑐟𑐐𑐖𑐥𑐟𑐶𑐥𑐡𑐾𑐧𑐶𑐬𑐵𑐖𑐩𑐵𑐣𑐱𑑂𑐬𑐷𑐱𑑂𑐬𑐷𑐖𑐫𑐩𑐴𑐶𑑄𑐡𑑂𑐬𑐳𑐶𑑄𑐴𑐡𑐾𑐰𑐥𑐮𑐩𑐨𑐚𑑂𑐚𑐵𑐬𑐎𑐡𑐾𑐰𑐵𑐣𑐵𑑄𑐳𑐡𑐵𑐳𑐩𑐬
c59a44c9,𑑉𑐣𑐩𑑅𑐱𑑂𑐬𑐷𑐐𑑀𑐰𑐶𑐣𑑂𑐡𑐵𑐫𑑌𑐐𑑀𑐰𑐶𑐣𑑂𑐡𑐦𑐵𑐮𑑂𑐐𑐸𑐎𑑂𑐬𑐶𑐫𑐵𑐡𑐾𑐰𑐷
52cb26c2,𑐕𑐷𑐡𑐵𑐖𑐸𑐐𑑄𑐐𑐵𑐬𑐵𑐩𑐥𑐷𑐟𑐷𑐣𑐩𑐠𑐾
a526fb39,𑐬𑐵𑐩𑑍𑐩𑐵𑐢𑐰𑐬𑐵𑐩𑑍𑐢𑑄𑐖𑐹𑐬𑐵𑐩𑐨𑐵𑐮𑑀𑐠𑑂𑐰𑐟𑐾𑐳𑐩𑐸𑐔𑑂𑐔𑐫𑐣𑐟
37878bc0,𑐫𑐡𑑂𑐡𑐢𑐵𑐟𑐶𑑋𑐣𑐔𑐶𑐟𑑂𑐬𑑄𑐥𑐰𑐶𑐟𑑂𑐬𑐵𑐎𑐺𑐟𑐾𑐟𑐳𑑂𑐫𑐩𑐵𑐟𑑍𑐬𑑂𑐫𑑂𑐫𑐟𑐵𑐡𑐾𑐰𑐬𑐵𑐖𑐵𑐡𑑂𑐑𑐶𑐥𑐳𑑂𑐫𑐡𑐶𑐬𑐹𑐥𑑄𑑌
73d8f56z,𑐣𑑂𑐢𑐫𑑀𑐐𑐾𑑍𑐖𑐠𑐵𑐎𑐬𑑂𑐞𑑂𑐞𑐩𑐸𑐴𑐸𑐟𑑂𑐬𑐾𑑍𑐰𑐺𑐴𑐳𑑂𑐥𑐟𑐶𑐰𑐵𑐳𑐬𑐾𑑍𑐎𑐣𑑂𑐫𑐬𑐵𑐱𑐶𑐐𑐟𑐾𑐳𑐰𑐶𑐟
a8b5a550,𑐰𑑒𑐲𑑀𑐣𑐵𑐠𑐬𑐶𑐰𑐸𑑍𑐬𑑀𑐰𑑔𑐳𑐟𑐸𑐒𑑂𑐐𑐮𑐰𑐸𑐬𑑀𑐰𑑑𑐰𑐬𑐰𑐸𑐐𑐮𑐳𑐶𑑍𑐬𑑀𑐰𑑔𑐳𑑀𑐩𑐲𑑂𑐰𑐵𑐟𑐰𑐸𑑍𑐠𑑂𑐰𑐟𑐾𑐧𑐸𑐫𑐵𑐰𑐬𑑂𑐲
74a7ad6a,𑐠𑑂𑐰𑐟𑐾𑐧𑐸𑐫𑐵𑐰𑐬𑑂𑐲𑐥𑑂𑐬𑐟𑐶𑑄𑐰𑐬𑐳𑐵𑐣𑐣𑑄𑐣𑐶𑐟𑑂𑐫𑐥𑐹𑐖𑐵𑐫𑐵𑐟𑐥𑐹𑐖𑐵𑐎𑑂𑐫𑐾𑐀𑐲𑑂𑐚𑐵𑑒𑐰𑐖𑐶𑐎𑐸𑐜𑑑𑐢𑐮𑐶𑐥𑐵𑐟𑑒𑐡𑑄𑑔𑐟𑐸𑐟𑐎𑑄𑐩𑐢𑐶𑐟𑐵𑑒𑐡𑑄𑐱𑑂𑐑𑐮
bd3687z8,𑐎𑐵𑐰𑑂𑐫𑐎𑐵𑐲𑐵𑐮𑐒𑑂𑐎𑑂𑐫𑐬𑐵𑐡𑐶𑐳𑐎𑐮𑐱𑐵𑐩𑑂𑐟𑑂𑐬𑐵𑐣𑐸𑐱𑐬𑐞𑐳𑐸𑐐𑐟𑐩𑐟𑐰𑐶𑐣𑐵𑐡𑐶𑐟𑐵𑐣𑑂𑐟𑐲𑑂𑐎𑐬𑐞𑐱𑐶𑐟𑐶𑐎𑑂𑐟𑐞𑑂𑐛
1a6z41d5,𑐧𑐬𑑂𑐞𑑂𑐞𑐥𑐩𑐴𑐵𑐣𑐐𑐬𑐾𑐢𑑂𑐰𑐵𑐎𑐵𑐧𑐵𑐴𑐵𑐡𑐵𑐟𑐏𑐵𑐬𑑄𑐰𑐣𑑂𑐟𑐵𑐕𑐾𑑍𑐐𑐺𑐴𑐵𑐢𑐶𑐧𑐵
b5aabf69,𑐖𑐩𑐟𑐳𑐶𑑄𑐴𑐖𑐸𑑄𑐐𑐸𑐬𑐵𑐩𑐖𑐫𑐔𑐣𑑂𑐡𑑂𑐬𑐖𑐶𑐰𑐾𑐬𑐵𑐩𑐀𑐩𑐶𑐳𑐶𑑄𑐴𑐳𑑂𑐰𑐦𑐸𑐜𑑍𑐐𑑀𑐥𑐶𑐬𑐵𑐩
701z7272,𑐣𑑍𑐠𑐵𑐥𑐶𑐟𑐢𑐬𑑂𑐩𑑂𑐩𑐬𑐵𑐖𑐳𑑄𑐏𑑂𑐬𑐡𑐾𑐌𑐠𑑂𑐰𑐟𑐾𑐳𑐾𑐣𑑍𑐐𑐸𑐬𑐵𑐠𑑂𑐰𑐥𑑄𑐘𑑂𑐔𑐩𑐶𑐎𑐸𑐣𑑂𑐴𑐸𑐟𑐸𑑄𑐥𑐸𑐫𑐩𑐵𑐬𑐖𑐸𑐬𑑀𑑌𑐨𑐵𑐏𑐵𑐬𑑂𑐫𑐸𑐟𑐵
7zz21baf,𑐟𑐡𑐸𑐣𑑂𑐟𑐵𑐰𑑍𑐩𑐸𑐎𑐳𑐶𑐬𑐡𑐳𑑂𑐥𑐟𑐶𑐡𑐸𑑄𑐟𑐵𑐰𑐩𑐴𑐵𑐬𑐵𑐖𑐵𑐰𑐷𑐬𑐱𑑂𑐬𑐷𑐱𑑂𑐬𑐷𑐖𑐫𑐖𑑀𑐐𑐣𑐬𑐾𑐣𑑂𑐡𑑂𑐬𑐩𑐮𑑂𑐮𑐥𑑂𑐬𑐨𑐸𑐠𑐵
z7641c41,𑐡𑐎𑑀𑐫𑐵𑐟𑑄𑐡𑐎𑑂𑐲𑐶𑐞𑐵𑐰𑐶𑐳𑑂𑐫𑑄𑐫𑐵𑐒𑐵𑐠𑑂𑐰𑐟𑐾
68a7a191,𑐔𑐩𑐶𑐱𑐸𑐎𑑂𑐬𑐧𑐵𑐬𑐲𑐸𑐬𑐸𑐱𑑂𑐬𑐷𑑓𑐧𑐖𑑂𑐬𑐳𑐟𑑂‍𑐧𑐠𑐵𑐥𑐣𑐵
z3ddfdc1,𑐥𑐱𑐸𑐥𑐟𑐶𑐥𑐵𑐡𑐥𑐵𑐠𑑀𑐖𑐥𑐬𑐵𑐐𑐬𑐵𑐐𑐶𑐟𑐱𑑂𑐬𑐷𑐩𑐣𑑂𑐩𑐵𑐣𑐾𑐱𑑂𑐰𑐬𑐷𑐲𑑂𑐚𑐡𑐾𑐰𑐟𑐵𑐰𑐬𑐮𑐎𑑂𑐲𑐥𑑂𑐬𑐳𑐵𑐡𑐡𑐾
7c5ad549,𑐫𑐣𑑂𑑌𑐖𑑂𑐫𑐾𑐲𑑂𑐛𑐵𑐫𑑀𑐐𑐣𑐬𑐾𑐣𑑂𑐡𑑂𑐬𑐎𑐳𑑂𑐫𑐨𑐐𑐶𑐣𑐷𑐱𑑂𑐬𑐷𑐱𑑂𑐬𑐷𑐣𑐶𑐰𑐵𑐳𑐟𑑂𑐩𑐖𑐵𑑍𑐥𑐟𑑂𑐫𑑁𑐨𑐎𑑂𑐟𑐶𑐩𑐟𑐷𑐳𑐟𑐷𑐩𑐞𑐶𑐩𑐟𑐷𑐣𑐵𑐩𑐣𑑂𑐣𑐷𑐴𑑂𑐫𑐩𑐸𑐔𑑂𑐕𑐷𑐩𑐟𑐷𑑋𑐫𑐳𑑂𑐫𑐵
ccb13c10,𑑊𑑉𑐣𑐩𑑀𑐮𑐎𑑂𑐲𑑂𑐩𑐷𑐣𑐵𑐬𑐵𑐫𑐞𑐵𑐫𑑌𑐳𑑂𑐰𑐵𑐩𑐶𑐣𑑂𑐰𑐎𑑂𑐲𑐳𑐶𑐎𑐶𑑄𑐩𑐞𑐶𑐬𑑂𑐩𑐩𑐬𑐩𑐾𑐟𑐣𑑂𑐩𑐞𑑂𑐜𑐮𑐾𑐎𑐵𑐳𑑂𑐠𑐶𑐟𑐵𑐟𑑂𑐰𑐡𑑂𑐰𑐎𑑂𑐟𑑂𑐬𑐥𑑂𑐬𑐟𑐶𑐰𑐶𑐩𑑂𑐰𑐩𑐶𑐣𑑂𑐡𑐸𑐰𑐡𑐣𑐾𑐰𑐎𑑂𑐲𑐳𑑂𑐠𑐶𑐟𑐵𑐟𑐾
8b34637a,𑐎𑐸𑐮𑐩𑐵𑐣𑐨𑑀𑐕𑐶𑐫𑐵𑐢𑐬𑑂𑐩𑑂𑐩𑐔𑐶𑐟𑑂𑐟𑐖𑐸𑐫𑐵
7486511f,𑐟𑑂𑐫𑐰𑐵𑐬𑐠𑑂𑐰𑐎𑐸𑐣𑑂𑐴𑐸𑐎𑐶𑐟𑑂𑐟𑐶𑐥𑐸𑐬𑐶𑐫𑐵𑐱𑑂𑐬𑐷𑐖𑐵𑐖𑐸𑐰𑑂𑐫𑐵𑐢𑐾𑐱𑑂𑐰𑐬𑐫𑐵𑐥𑑂𑐬𑐳𑐵𑐡𑐣𑑍𑐐𑐸𑑄𑐡𑐾𑐱
50d2302d,𑐩𑐏𑐣𑐩𑐱𑐥𑐡𑐵𑐣𑐰𑐣𑐸𑐩𑐳𑐕𑐾𑐫𑐵𑐠𑐵𑐥𑐶𑐟𑐢𑐬𑑂𑐩𑑂‍𑐩𑐵𑐟𑐳𑑂𑐫𑐢𑐣𑐳𑐶𑑄𑐴𑐨𑐵𑐬𑑀
7bd92529,𑐑𑐾𑐮𑐎𑐳𑑂𑐟𑐶𑐕𑐥𑐵𑐟𑐡𑐸𑐡𑐸𑑍𑐣𑐵𑐐𑐬𑐵𑐖𑐵𑐫𑐵𑐣𑐵𑐩𑐣𑑄𑑍𑐥𑑂𑐬𑑑𑐖𑐵𑐎𑐶𑐥𑑂𑐬𑑑𑐡𑐸𑐡𑐸𑐂𑐟𑐶
72360686,𑐖𑐫𑐟𑐳𑐶𑑄𑐴𑐐𑐰𑐬𑐶
bca80199,𑐥𑑄𑐔𑐩𑐵𑐴𑐥𑐵𑐟𑐎𑐮𑐵𑐎𑐖𑐸𑐮𑑀𑑌𑐱𑑂𑐬𑐷𑐱𑑂𑐬𑐷𑐖𑐫𑐨𑐹𑐥𑐷𑐣𑑂𑐡𑑂𑐬𑐩
39aa1872,𑐥𑐵𑐬𑑂𑐰𑑂𑐰𑐟𑐷𑐱𑐎𑑂𑐟𑐶𑐳𑑄𑐳𑑂𑐠𑐶𑐟𑑄𑐩𑐺𑐟𑑂𑐫𑐸𑐣𑑂𑐖𑐫𑐱𑐶𑐰𑑄𑐧𑐣𑑂𑐡𑐾𑐱𑐒𑑂𑐎𑐬𑑄𑐖𑐐𑐡𑐷𑐱𑑂𑐰𑐬𑑄𑑌𑑉𑐣𑐩𑑀𑐬𑐟𑑂𑐣𑑄𑐟𑑂𑐬
d287ca56,𑐖𑐫𑐳𑐩𑐫𑐧𑐵𑐴𑐵𑐬𑐫𑐵𑐧
b7zaa034,𑐖𑐐𑐟𑑂𑐎𑐵𑐬𑐶𑐞𑐷𑑋𑐳𑑄𑐳𑐵𑐬𑐵𑐩𑑂𑐧𑐸𑐢𑐶𑐟𑐵𑐬𑐶𑐞𑐷𑐣𑐶𑐖𑐥𑐡𑐵𑐳𑐎𑑂𑐟𑐢𑐶𑐳𑑄𑐴𑐵𑐬𑐶𑐞𑐷𑐱𑐩𑑂𑐨𑐸𑐎𑑂𑐬𑑀𑐜
z803fa71,𑐬𑑂𑐞𑑂𑐞𑐩𑐸𑐴𑐸𑐟𑑂𑐟𑐬𑐱𑐣𑐶𑐱𑑂𑐔𑐬𑐧𑐵𑐬𑐩𑐾𑐲𑐬𑐵𑐳𑐶𑐐𑐟𑐾𑐳𑐧𑐶𑐟𑐬𑐶𑐩𑐶𑐠𑐸𑐣𑐬𑐵𑐳𑐶𑐔𑐣𑑂𑐡𑑂𑐬𑐩𑐳𑐶
4836b423,𑐥𑑂𑐬𑐶𑐫𑐵𑐡𑐾𑐰𑐷𑐮𑐎𑑂𑐲𑑂𑐩𑐷𑑅𑐥𑐸𑐣𑐬𑑂𑐮𑐎𑑂𑐲𑑂𑐩𑐷𑐞𑐵𑐨𑑂𑐫𑑅𑐟𑐶𑐳𑐟𑐳𑑂𑐳𑐟𑐷𑑌𑐖𑑂𑐫𑐾𑐲𑑂𑐛𑐳𑑂𑐫𑐥𑐸𑐟𑑂𑐬𑐳𑐸𑐐𑐸
f56c9d44,𑐡𑐎𑐣𑐶𑐬𑑂𑐩𑑂𑐩𑐶𑐟𑑄𑐳𑐸𑐰𑐶𑐢𑐶𑐧𑐟𑑂𑐕𑐟𑑂𑐰𑐵𑐥𑑂𑐬𑐟𑐶𑐲𑑂𑐛𑐵𑑄𑐥𑐬𑐵𑑄𑐳𑑂𑐰𑐾𑐲𑑂𑐛𑐱𑑂𑐬𑐷𑐥𑐳𑐶𑐟𑐸𑐲𑑂𑐛
9z4197c4,𑐡𑐾𑐐𑐸𑐠𑐶𑐳𑐡𑐸𑐣𑑂𑐟𑐵𑑍𑐳𑐫𑐰𑐧𑐵𑐴𑐵𑐬𑐌𑐣𑑂𑐟𑐵𑐕𑐾𑑍𑐖𑐵𑐌𑐏𑐵𑑒𑐎𑐸𑑑𑑔𑐂𑐳𑐵𑐣𑐎𑐸𑐣𑐥𑐵
aa47674a,𑐥𑐸𑐞𑑂𑐫𑐣𑐰𑐎𑐸𑐞𑑂𑐛𑐥𑑂𑐬𑐵𑐥𑑂𑐟𑐶𑐖𑐸𑐫𑐩𑐵𑐮𑑌
10z0784f,𑑊𑐳𑑂𑐣𑐵𑐟𑐸𑐬𑑂𑐖𑑂𑐖𑐣𑑂𑐩𑐣𑐶𑐰𑐵𑐬𑐶𑐞𑐷𑐖𑐜𑐢𑐶𑐫𑐵𑑄𑐖𑐵𑐜𑐔𑑁𑐢𑐰𑐶𑐢𑑂𑐰𑑄𑐳𑐶𑐣𑐷𑑍𑐩𑐺𑐟𑑂𑐎𑐣𑑂𑐡𑐬𑐡𑐵𑐬𑐶𑐞𑐷𑐴𑐬𑐩𑐸𑐏𑐵𑐖𑑂𑐖𑐵𑐟𑐵𑐖𑐐𑐟𑑂𑐥𑐵𑐰𑐣𑐷𑑋
3141z8z8,𑐥𑐎𑑂𑐲𑐾𑐥𑐣𑑂𑐔𑐩𑑂𑐫𑐵𑐫𑐵𑐣𑑂𑐟𑐶𑐠𑑁𑐩𑐺𑐐𑐱𑐶𑐬𑐣𑐎𑑂𑐲𑐟𑑂𑐬𑐾𑐳𑑀𑐨𑐣𑐫𑑀𑐐𑐾𑑍𑐫𑐠𑐵𑐎𑐬𑑂𑐞𑑂𑐞𑐩𑐸𑐴𑐸𑐬𑑂𑐟𑐾𑐰𑐺𑐴𑐳𑑂𑐥
229za832,𑐥𑐸𑐞𑑂𑐫𑐣𑐰𑐎𑐸𑐞𑑂𑐛𑐥𑑂𑐬𑐵𑐥𑑂𑐟𑐶𑐖𑐸𑐫𑐩𑐵𑐮𑑌
39182576,𑐑𑐵𑐟𑐳𑐡𑐾𑐰𑐥𑐹𑐖𑐵𑐫𑐵𑐎𑐧𑑂𑐬𑐵𑐴𑑂𑐩𑐞𑑍𑐩𑑂𑐴𑑄𑑑𑐱𑑂𑐬𑐷𑐐𑑁𑐬𑐷𑐱𑑄𑐎𑐬𑑍𑐩𑑂𑐴𑑄𑑑𑐱𑑂𑐬𑐷𑐩𑐸𑐣𑐶𑐨𑐵𑐖𑐸𑑍𑐩𑑂𑐴𑑓𑐖𑑀𑐳𑐶𑐩𑑂𑐴𑑑𑐁𑐔𑐵𑐬𑑂𑐫𑑂𑐫𑑍𑐠𑑂𑐰𑐟𑐾𑐳𑑂𑐟𑑄𑐡𑐎𑑂𑐲𑐶𑐞𑐵𑐟𑐳
8acba6z0,𑑅𑐧𑐲𑑂𑐚𑐶𑐣𑐧𑐬𑐟𑑂𑐣𑑄𑐥𑐣𑐶𑐥𑐹𑐬𑑂𑐞𑑂𑐞𑐖𑐸𑐫𑐵𑐀𑐣𑑂𑐟𑐬𑐎𑐵𑐬𑐾𑐀𑐣𑐸𑐟𑑂𑐟𑐬𑐵𑐫𑐵
0z8f15cf,𑑊𑐳𑑂𑐰𑐳𑑂𑐟𑐶𑑋𑑋𑐱𑑂𑐬𑐷𑐱𑑂𑐬𑐷𑐱𑑂𑐬𑐷𑐐𑑀𑐮𑑀𑐎𑐣𑐵𑐠𑐡𑐾
5017479z,𑐎𑐺𑐟𑐳𑑂𑐩𑐿𑐳𑑂𑐟𑐸𑐧𑐵𑐫𑐵𑐧𑑂𑐫𑐰𑐾𑐣𑐩𑑅𑑌𑐱𑐸𑐨𑐳𑑄𑐰𑐟𑑘𑑙𑑙𑐩𑐵𑐬𑑂𑐐𑐱𑐶
948a9z51,𑐠𑐸𑐥𑐸𑐲𑐸𑐬𑐦𑐬𑐾𑐩𑑄𑐡𑐥𑐡𑐫𑐎𑐵𑐰𑐥𑐟𑐶𑐳𑑂𑐠𑐵𑐫𑐵𑐒𑐵𑐡𑐶𑐣𑐳𑐩𑑂𑐰
3fd88d0a,𑐱𑑂𑐬𑐷𑐩𑐮𑑂𑐮𑑀𑐎𑐾𑐱𑐡𑐿𑐰𑐳𑐬𑐞𑐩𑐥𑐶
zc013ac2,𑐔𑑄𑑍𑐳𑐵𑐣𑐣𑑂𑐡𑑄𑐎𑐶𑐮𑐳𑐹𑐬𑑂𑐫𑑂𑐫𑐬𑐵𑐩𑐎𑐂𑐟𑐶𑐥𑑂𑐬𑐏𑑂𑐫𑐵𑐟𑐣𑐵𑐩𑐵𑐳𑐸𑐢𑐷𑑅𑑋
bcc5f4c9,𑐫𑑍𑐫𑐡𑑂𑐡𑐟𑑂𑐟𑑄𑐡𑐾𑐰𑐩𑐣𑑂𑐡𑐶𑐬𑑄𑑋𑐐𑑀𑐥𑐵𑐮𑐬𑐵𑐩𑐔𑐵𑐕𑐵𑐫𑐥𑐸𑐟𑑂𑐬𑐾𑐞𑐳𑑂𑐠𑐵
384f5252,𑐫𑐞𑐳𑐴𑐶𑐟𑑄𑐱𑑂𑐬𑐷𑐐𑑀𑐥𑐵𑐮𑐾𑐱𑑂𑐰𑐬𑐳𑑂𑐠𑐵𑐥𑐣𑐵𑐫𑐵
2cafc055,𑐎𑐸𑐬𑐫𑐵𑐔𑐬𑐞𑐬𑐰𑐶𑐣𑑂𑐡𑐥𑐹𑐖𑐵𑐫𑐵𑐎𑑌𑑌𑐨𑐵𑐲𑐵𑐧𑐸𑐬𑑀𑐰𑑙𑐟𑐾𑐐𑐵𑑄𑐰𑐸𑐬𑑀𑐏𑑀𑑄𑐣𑐵𑐐𑐬𑐶𑐠𑑂𑐰𑑀
z1ddb6z1,𑐟𑑍𑐳𑐶𑐰𑐣𑐵𑐮𑐵𑐫𑐣𑑌𑐢𑐬𑑂𑐩𑑂𑐩𑐢𑐮𑐔𑐶𑐎𑐶𑐟𑐶𑑍𑐀𑐳𑑄𑐟𑑀𑐮𑐎𑑀𑐠𑐸𑐥
234f33cc,𑐖𑐵𑐬𑐵𑐴𑐣𑐫𑐵𑐒𑐵𑑍𑐳𑐹𑐬𑑂𑐫𑑂𑐫𑐬𑐵𑐩𑑍𑐥𑐬𑑂𑐱𑐸𑐬𑐵𑐩𑐨𑐵𑐮𑑀𑐣𑐾𑐩𑑂𑐴𑑄𑐦𑐸𑐎𑐶𑐖𑐣
4az3dd90,𑐧𑐿𑐬𑑀𑐔𑐣𑐡𑐫𑐎𑐵𑐳𑑂𑐰𑐥𑐶𑐟𑐵𑐡𑐶𑐧𑑄𑐐𑐟𑐢𑐣𑐡𑐟𑑂𑐟𑐳𑐶𑑄𑐳𑑂𑐰𑐩𑐵𑐟𑐵𑐡𑐶𑐧𑑄𑐐𑐟𑐖𑑀𑐐
3bd5858b,𑐱𑑂𑐬𑐷𑑓
f9091d0d,𑐬𑐫𑑄𑐣𑐵𑐬𑐵𑐫𑐞𑐥𑑂𑐬𑐷𑐟𑐫𑐾𑐣𑐾𑐎𑐳𑑂𑐰𑐬𑑂𑐞𑐑𑐚𑐬𑑂𑐰𑑂𑐰𑐶𑐨𑐹𑐲𑐶𑐟𑐱𑐶𑐏𑑀𑐴𑐺𑐡𑑂𑐫𑑀𑐫𑐫𑐵𑐎𑐵𑐬𑐶𑐟𑑅𑑌𑐫𑐳𑑂𑐫𑐵𑐱𑑂𑐔𑐵
366a7723,𑐠𑐎𑐸𑐠𑑂𑐰𑐟𑐾𑐳𑐾𑐣𑐂𑐣𑐵𑐫𑐎𑑀𑐥𑐸𑐬𑐵𑐨𑐵𑐬𑐶𑑄𑐥𑐱𑑂𑐔𑐶𑐩
acz336d9,𑐮𑐵𑐫𑐸𑑍𑐖𑐶𑐬𑑂𑐞𑑂𑐞𑐄𑐡𑑂𑐢𑐵𑐬𑐫𑐵𑐳𑐵𑐳𑐸𑐏𑐵𑐰
c87b900b,𑐨𑐷𑐩𑐳𑐾𑐣𑐥𑑂𑐬𑐵𑐳𑐵𑐡𑐩𑐾𑐣𑑄𑐣𑐫𑐣𑐵𑐨𑐶𑐬𑐵𑐩𑑄𑑌𑐣𑐾𑐥𑐵𑐮𑐵𑐰𑑂𑐡𑐾𑐱𑐱𑐢𑐬𑐣𑐩𑑅𑐎𑐸𑐘𑑂𑐖𑐬𑐾𑐨𑐵𑐳𑐶𑐨𑐵𑐬𑑂𑐐𑑂𑐐𑐾𑑍𑐱𑐸𑐎𑑂𑐮𑐾𑐥𑐎𑑂𑐲𑐾𑐐𑐸𑐴𑐟𑐶𑐠𑐶𑐫𑐸𑐟𑐾𑐰𑐵𑐳𑐬𑐾𑐔𑐣𑑂𑐡𑑂𑐬𑐥𑐸
3c0a9b3d,𑐥𑐎𑑂𑐲𑐾𑐥𑐣𑑂𑐔𑐩𑑂𑐫𑐵𑐫𑐵𑐣𑑂𑐟𑐶𑐠𑑁𑐩𑐺𑐐𑐱𑐶𑐬𑐣𑐎𑑂𑐲𑐟𑑂𑐬𑐾𑐳𑑀𑐨𑐣𑐫𑑀𑐐𑐾𑑍𑐫𑐠𑐵𑐎𑐬𑑂𑐞𑑂𑐞𑐩𑐸𑐴𑐸𑐬𑑂𑐟𑐾𑐰𑐺𑐴𑐳𑑂𑐥
74z39zcb,𑐀𑐳𑑂𑐫𑐨𑐱𑑂𑐬𑐷𑐢𑐧𑐟𑑍𑐡𑑂𑐢𑐶𑐱𑑂𑐬𑐷𑐱𑐶𑐟𑐰𑐟𑐷𑑌𑐠𑑂𑐰𑐟𑐾𑐥𑑂𑐬𑐩𑐸𑐏
0c5bc7bb,𑐫𑐖𑐩𑐵𑐣𑐦𑐕𑐶𑐬𑐵𑐩𑐨𑐵𑐬𑑀𑑍𑐴𑐬𑐶𑐣𑐵𑐬𑐵𑐫𑐞𑐨𑐵𑐬𑑀𑑍𑐱𑐶𑐰𑐎𑐺𑐲𑑂𑐞𑐨𑐵𑐬𑑀𑑍𑐳𑑂𑐰𑐩𑑂𑐴𑐳
f9321fc3,𑐟𑑂𑑘𑑓𑑒𑐰𑐱𑐵𑐲𑐱𑐸𑐡𑐶𑑙𑐏𑑄𑐠𑐸𑐟𑐶𑐥𑐵𑐎𑑀𑐰𑐸𑐬𑑀𑑕𑐠𑑂𑐰𑐟𑐾𑐫𑐵𑐰𑐬
43401f5c,𑐬𑑀𑑍𑐖𑐫𑐟𑐬𑐵𑐖𑐨𑐵𑐬𑑀𑑍𑐰𑐶𑐎𑐸𑐨𑐵𑐬𑑀𑑍𑐎𑐸𑐳𑐸𑐩𑐬𑐵𑐖𑐨𑐵𑐬𑑀𑑍𑐖𑐫𑐟𑑂𑐬𑐵𑐖𑐾
b596z389,𑐟𑑂𑐬𑑀𑐫𑑄𑐥𑐸𑐬𑐸𑐲𑑀𑐟𑑂𑐟𑐩𑑀𑐰𑐶𑐖𑐫𑐟𑐾𑐥𑐹𑐬𑑂𑐞𑐾𑐣𑑂𑐡𑐸𑐩𑐸𑐐𑑂𑐢𑐵𑐣𑐣𑑀𑐫𑐳𑑂𑐟𑐵𑐟𑐳𑑂𑐫𑐩𑐸𑐡𑑄𑐟𑐣𑑀𑐟𑐶𑐐𑐶𑐬𑐶𑐖𑐾𑐱𑐳𑑂𑐫𑐾𑐰𑐮𑑄𑐧𑑀𑐡𑐬𑑅𑑌𑐎𑐶𑑄𑐧𑑂𑐬𑐸𑐩𑑀𑐩𑐢𑐸
a1zdzf8c,𑐠𑑂𑐰𑐡𑐾𑐰𑐮𑐳𑐮𑑂𑐴𑑀𑐣𑐾𑐩𑐵𑐮𑐎𑐵𑐮𑐾𑐩𑐾𑐰𑐣𑐮𑑂𑐴𑑀𑐒𑐩𑐡𑐟𑐳𑐵𑐰𑑂𑐫𑐳𑐟𑐥𑐣𑐶𑐳𑑂𑐫𑐔𑐶𑐣𑑂𑐟𑐵𑐫𑐵𑐒𑐣𑐡𑐾𑐰𑐫𑐵𑐰𑐳𑑂𑐟𑐸𑐣𑐮𑑂𑐴𑑀𑐣𑐾𑐩𑐵𑐮𑐖𑐸𑐬𑑀𑑌𑐠𑑂𑐰𑐡𑐾
78ac97cc,𑐫𑐵𑐫𑑌𑐩𑐴𑐧𑐮𑑀𑐖𑑂𑐘𑐵𑐣𑐳𑐩𑐵𑐢𑐶𑐡𑐣𑑂𑐟𑑀𑐫𑑅𑐥𑐣𑑂𑐖𑐬𑑄𑐖𑐣𑑂𑐩𑐩𑐫𑑄𑐰𑐶𑐡𑐵𑐬𑑂𑐫𑐰𑐶𑐰𑐾𑐱𑐣𑐶
50930da9,𑐐𑐣𑐾𑐳𑐎𑐾𑐡𑐸𑐣𑑂𑐟𑐵𑐖𑐸𑐬𑑀𑑌𑐱𑐸𑐨𑑌
0zf2c987,𑐫𑑀𑐐𑐥𑑂𑐬𑐷𑐟𑐶𑐳𑐣𑐵𑐏𑑂𑐫𑐎𑐾𑐳𑐩𑐎𑐬𑑀𑐡𑑂𑐫𑐵𑐐𑐾𑐱𑑂𑐰𑐬𑐳𑑂𑐫𑐵𑐮
104f3d37,𑐔𑐩𑐶𑐱𑐸𑐎𑑂𑐬𑐧𑐵𑐬𑐲𑐸𑐬𑐸𑐱𑑂𑐬𑐷𑑓𑐧𑐖𑑂𑐬𑐳𑐟𑑂‍𑐧𑐠𑐵𑐥𑐣𑐵
0zbb5a3d,𑐟𑐵𑐬𑐎𑐸𑑖𑐥𑐹𑐬𑑂𑐰𑑂𑐰𑐥𑐵𑐏𑐵𑐨𑐹𑐩𑐎𑐵𑐰𑐐𑐸𑐠𑐶𑐳𑐡𑐵𑐣𑐖𑐸𑐳𑐬𑐵𑐫𑐖𑐸𑐬𑐬𑐵𑐐𑐖𑐸𑐬
b2b6013f,𑐥𑐱𑑂𑐰𑑍𑐳𑑄𑐑𑑂𑐮𑐥𑑂𑐬𑐰𑐟𑐳𑑂𑐫𑑍𑐳𑐣𑐶𑐡𑑂𑐫𑐾𑑍𑐳𑐩𑐸𑐬𑐵𑐎𑐵𑐬𑑂𑐫𑐩𑐣𑐞𑑂𑐜𑐬𑑂𑐫𑑍𑐄𑐥𑐕𑐡𑑀𑐴
f0489106,𑐥𑐶𑐞𑑄𑑋𑐥𑑄𑐔𑐟𑐟𑑂𑐟𑑂𑐰𑐵𑐟𑑂𑐩𑐎𑑄𑐡𑐾𑐰𑑄𑐥𑑂𑐬𑐵𑐳𑐵𑐡𑐾𑐳𑑂𑐠𑐵𑐥𑐶𑐟𑑀𑐣𑐺𑐥𑑌𑑋𑐥𑑂𑐬𑐵𑐳𑐵𑐡𑐩𑐾𑐣𑐩𑐟𑐶𑐨𑐎𑑂𑐟𑐶𑐩𑐟𑐵𑐰𑐶𑐟𑐷𑐫𑑂‌𑐬𑑂𑐫𑑍𑐣𑐵𑐬𑐵𑐫𑐞𑐵𑐫
38bd66cc,𑐧𑐖𑑂𑐬𑐵𑐔𑐵𑐬𑑂𑐫𑐱𑑂𑐬𑐷𑐱𑑂𑐬𑐷𑐢𑐬𑐟𑐰𑐥𑐸𑐲𑐸𑐬𑐶𑐫𑑁𑐟𑐵𑐕𑐾𑑄𑐧𑐖𑐵𑐔𑐵𑐬𑑂𑐫𑐱𑑂𑐬𑐷𑐖𑐶𑐟𑐳𑐶𑑄𑐴
1d73328a,𑐟𑐬𑐵𑐳𑐶𑐐𑐟𑐾𑐳𑐰𑐶𑐟𑐬𑐾𑐳𑐶𑑄𑐴𑐬𑐵𑐳𑐶𑐐𑐟𑐾𑐔𑑄𑐡𑑂𑐬𑐩𑐳𑐶𑑌𑐟𑐳𑑂𑐩𑐶𑐡𑐶𑐣𑐾𑑌𑐂𑐟𑐸𑑄𑐧𑐵𑐴𑐵𑐬𑐁
ac02f6z8,𑐳𑑄𑐐𑐕𑐶𑐫𑐵𑐟𑐡𑑄𑑑𑐡𑐎𑑂𑐲𑐩𑐵𑐠𑐶𑐖𑐣𑐥𑐣𑐶𑐳𑐾𑐣𑐁𑐳𑐟𑐥𑑂𑐫𑐩
fdfc25z9,𑐰𑐷𑐣𑑂𑐡𑑂𑐬𑐥𑑂𑐬𑐟𑐵𑐥𑐎𑑂𑐲𑐶𑐟𑐶𑐣𑑂𑐡𑑂𑐬𑑅𑐩𑑂𑐟𑐸𑐟𑐶𑑄𑐣𑐶𑐬𑑂𑐩𑑂𑐩𑐩𑐡𑐾𑐰𑐡𑐾𑐰𑑂𑐫𑐵𑐨𑐰𑐵𑐣𑑂𑐫𑐵𑑅𑑋𑐂𑐩𑐵𑐩𑐩𑑂𑐰𑐶𑐎𑐵𑐥𑑂𑐬𑐷𑐟𑐶𑐴𑐾𑐟𑑀𑐲𑑂𑐫𑐛𑐾𑐟𑑍𑐱𑑂𑐬𑐶
c319a312,𑐦𑑄𑑓𑑐𑐠𑐸𑐟𑐶𑐴𑐵𑐣𑐾𑑋𑑋𑐠𑑂𑐰𑐎𑐵𑐬𑑂𑐖𑐟𑑂𑐰𑐵𑐮𑐥𑐘𑑂𑐔𑐳𑐩𑐸𑐔𑐫𑐣𑐠𑑂𑐰𑐥𑐸𑐏𑐸𑐬
29f9z0c7,𑐎𑐸𑐣𑐵𑐠𑐣𑐬𑐵𑐬𑑂𑐖𑑂𑐫𑐾𑐐𑐵𑐩𑐥𑐵𑐟𑐡𑐎𑑀𑐫𑐵
99220748,𑐎𑐵𑑄𑐟𑐶𑐥𑐹𑐬𑐩𑐵𑐴𑐵𑐣𑐐𑐬𑐾𑐀𑐳𑑂𑐰𑐎𑐩𑑄𑐡𑐥𑐠𑐵𑐣𑑂𑐫𑑅𑐎𑐶𑐳𑐶𑐢𑑂𑐰𑐵
ccb7b680,𑐱𑐶𑐧𑐮𑐶𑑄𑐐𑐳𑐧𑐺𑐲𑐨𑐳𑑂𑐠𑐵𑐥𑐣𑐥𑑂𑐬𑐟𑐶𑐲𑑂𑐚𑐵𑐫𑐣𑑂𑐫𑐔𑐟𑑂𑐟𑐸𑐬𑑂𑐧𑑂𑐧𑐡𑑀𑐎𑑂𑐟𑐦𑐮𑐥𑑂𑐬𑐵𑐥𑑂𑐟𑐶𑐎𑐵𑐩𑐣
569fc2b7,𑐳𑐴𑑍𑐨𑐵𑐬𑑂𑐫𑑂𑐫𑐵𑐩𑐣𑑀𑐳𑑂𑐫𑐵𑐟𑑂𑐩𑐖𑐰𑐖𑑂𑐬𑐵𑐔𑐵𑐫𑐶𑐏
4fc668c7,𑐧𑐨𑐹𑐟𑐳𑑂𑐰𑐖𑐣𑐳𑐴𑐶𑐟𑐵𑐣𑑂𑐳𑐬𑑂𑐰𑐳𑐟𑑂𑐰𑐵
924cc0b5,𑐎𑐸𑐬𑐫𑐵𑐔𑐬𑐞𑐬𑐰𑐶𑐣𑑂𑐡𑐥𑐹𑐖𑐵𑐫𑐵𑐎𑑌𑑌𑐨𑐵𑐲𑐵𑐧𑐸𑐬𑑀𑐰𑑙𑐟𑐾𑐐𑐵𑑄𑐰𑐸𑐬𑑀𑐏𑑀𑑄𑐣𑐵𑐐𑐬𑐶𑐠𑑂𑐰𑑀
8d111821,𑐥𑐹𑐬𑑂𑐞𑑂𑐞𑐩𑐵𑐳𑑂𑐫𑐵𑑄𑐟𑐶𑐠𑑁𑑍𑐥𑑀𑐲𑑂𑐫𑐣𑐎𑑂𑐲𑐟𑑂𑐬𑐁𑐫𑐸𑐲𑑂𑐩𑐵𑐞𑐫𑑀𑐐𑐾𑐱
578fz4c2,𑐱𑐸𑐨𑐱𑐣𑑂𑐟𑐸𑐳𑐬𑑂𑐰𑑂𑐰𑐡𑐵𑐎𑐵𑐮𑑄𑑋𑑋
67839zb9,𑐟𑐶𑐔𑐰𑐶𑐏𑑂𑐫𑐵𑐟𑐵𑐟𑐳𑑂𑐫𑐨𑐵𑐬𑑂𑐫𑑂𑐫𑐵𑐥𑐟𑐶𑐰𑑂𑐬𑐟𑐵𑑌𑐟𑐫𑑀𑑅𑐥𑐸𑐟𑑂𑐬𑐳𑐸𑐢𑐷𑐳𑐷𑐳𑑂𑐎𑐷𑐬𑑂𑐟𑐶𑐳𑐶𑑄𑐴𑐂
cb24af2z,𑐐𑑂𑐬𑐞𑐷𑑅𑐳𑑁𑐣𑑂𑐡𑐬𑑂𑐫𑐬𑑂𑐖𑑂𑐖𑐶𑐟𑐩𑐷𑐣𑐎𑐾𑐟𑐸𑐬𑐖𑐶𑐟𑑀𑐰𑐶𑐡𑑂𑐫𑐵𑐥𑐬𑐷𑐟𑐵𑐱𑐰𑑀𑐡𑐶𑐎𑑂𑐳𑑂𑐟𑑂𑐬𑐷𑐎𑐬𑑂𑐞𑐰𑐶𑐨𑐹𑐲𑐞𑐷𑐎𑐺𑐟𑐫𑐱𑑀
39aa86f8,𑐧𑐖𑑂𑐬𑐵𑐔𑐵𑐬𑑂𑐫𑐱𑑂𑐬𑐷𑐱𑑂𑐬𑐷𑐢𑐬𑐟𑐰𑐥𑐸𑐲𑐸𑐬𑐶𑐫𑑁𑐟𑐵𑐕𑐾𑑄𑐧𑐖𑐵𑐔𑐵𑐬𑑂𑐫𑐱𑑂𑐬𑐷𑐖𑐶𑐟𑐳𑐶𑑄𑐴
5f8db26z,𑐳𑐴𑐳𑑂𑐬𑐴𑑀𑐩𑐰𑐶𑐢𑐶𑐣𑐵𑐰𑐷𑐬𑐾𑐱𑑂𑐰𑐬𑑀𑐨𑐹𑐳𑐸𑐬𑑅𑑋𑐴𑑀𑐟𑐵𑐰𑐶𑐲𑑂𑐞𑐸𑐩𑐏𑑄𑐰𑐶𑐢𑐵𑐫𑐴𑐰𑐶𑐲𑐵𑐳𑑄𑐟𑐬𑑂𑐥𑑂𑐫𑐰𑐴𑑂𑐣𑐶𑑄𑐳𑐸𑐢𑐷𑑅𑐎𑐾𑐳𑐵𑐬𑐾𑑅𑐥𑑂𑐬𑐟𑐶
25bazz74,𑐣𑐢𑐬𑑂‍𑐩𑐥𑑂𑐬𑐟𑐶𑐲𑑂𑐛𑐵𑐳𑐡𑐾𑐧𑐳𑐡𑑂𑐰𑐫𑐎𑐵𑑌𑐱𑑂𑐬𑐷𑐱𑑂𑐬𑐷𑐥𑐱𑐹𑐥𑐟𑐶𑐥𑐵𑐡𑐵𑐬𑐧𑐶𑐣𑑂𑐡
108b7084,𑐟𑐳𑐵𑐩𑐴𑐵𑐬𑐵𑐖𑐵𑐫𑐵𑐐𑐸𑐞𑐵𑐴𑐵𑐐𑐵𑐬𑐖𑐸𑐬𑑀𑑌𑐠𑑂𑐰𑐟𑐶𑐮𑑂𑐴𑐵𑐳𑐾𑐟𑐎𑑀𑐩𑐫𑐵𑐟𑐳𑐵𑐥𑑄𑐔𑐩𑐴𑐵𑐥𑐵𑐥𑐮𑐵
0c5cf3d7,𑐩𑐣𑐬𑐶𑐳𑐟𑐶𑐮𑐨𑐣𑑂𑐟𑐾𑐳𑑂𑐩𑐬𑐣𑑂𑐟𑑅𑑌𑑒𑑌𑐬𑐞𑐾𑐔𑐞𑑂𑐜𑐩𑐸𑐞𑑂𑐜𑐵𑐡𑑂𑐬𑐶𑐣𑐸𑐞𑑂𑐜𑑄𑐣𑐶𑐎𑐺𑐳𑑂𑐫𑐵𑑍𑐡𑑂𑐨𑐚𑐵𑑄𑐣𑐶𑐬𑑂𑐩𑑂𑐩𑐟
f3d35c0d,𑐧𑐬𑑂𑐲𑐧𑑄𑐢𑐵𑐡𑐶𑐎𑐬𑑂𑐩𑑂𑐩𑐞𑐶𑐱𑑂𑐬𑐷𑐣𑐵𑐬𑐵𑐫𑐞𑐡𑐵𑐳𑐾𑐣𑐳𑑀𑐬𑐴𑐡𑑂𑐬𑑀𑐥𑑄𑐣𑐶𑐎𑑄𑐎𑑂𑐲𑐾𑐟𑑂𑐬𑐳𑑄𑐥𑐡𑐟𑑂𑐟𑑄
fbf7aaf9,𑐩𑐮𑐵𑐳𑑂𑐰𑐴𑑂𑐩𑑄𑐳𑐾𑐣𑑄𑐳𑐩𑐸𑐔𑑂𑐔𑐫𑐣𑐟𑐸𑐬𑐳
da3f700f,𑐬𑐵𑐖𑐵𑐢𑐶𑐬𑐵𑐖𑑍𑐬𑐵𑐖𑐬𑐵𑐖𑐾𑐣𑑂𑐡𑑂𑐬𑑍𑐎𑐰𑐷𑐣𑑂𑐡𑑂𑐬𑐱𑑂𑐬𑐷𑐱𑑂𑐬𑐷𑐖𑐫𑐥𑑂𑐬𑐟𑐵𑐥𑐩𑐮𑑂𑐮𑐡𑐾𑐰𑐥𑑂𑐬𑐨𑐸𑐠𑐵𑐎𑐸𑐮𑐳𑑂𑐫
dff8f648,𑐥𑐬𑐵𑐖𑐨𑐵𑐬𑑀𑑍𑐩𑐴𑐶𑐬𑐵𑐨𑐵𑐬𑑀𑑍𑐖𑑀𑐟𑐶𑐨𑐵𑐬𑑀𑑍𑐖𑐫𑐟𑐳𑐶𑑄𑐴𑐨𑐵𑐬𑑀𑑍𑐖𑑂𑐘𑐵𑑄𑐨𑐵
0d9c228d,𑐳𑐶𑐡𑑂𑐢𑐶𑐫𑑀𑐐𑐾𑑌𑐱𑐸𑐎𑑂𑐬𑐰𑐵𑐬𑑌𑐠𑑂𑐰𑐎𑐸𑐣𑑂𑐴𑐸𑐱𑑂𑐬𑐷𑐩𑐟𑑂𑐱𑑂𑐬𑐷𑐱𑑂𑐬𑐷𑐎𑑂𑐰𑐵𑐠𑐨𑑀𑑄𑐟𑐎𑑂𑐰𑐵𑐔𑐥𑐵𑐬𑐨𑐚𑑂𑐚𑐵𑐬
168c43d6,𑐎𑑂𑐲𑐟𑐵𑐲𑑂𑐥𑐚𑐔𑐫𑐵𑐴𑐩𑐵𑐱𑑂𑐔𑐳𑐥𑑂𑐟𑐵𑐰𑑂𑐢𑐫𑑅𑑌𑐟𑐵𑐬𑐵𑐣𑐵𑐠𑐥𑐡𑐵𑐬𑑂𑐠𑐳𑐥𑑂𑐟𑐰𑐮𑐶𑐟𑐾𑐣𑐾𑐥𑐵𑐮𑐳𑐩𑑂𑐰
f5f9bf53,𑐎𑐣𑑂𑐫𑐵𑐔𑐮𑐡𑑂𑐰𑐷𑐔𑐷𑐬𑐩𑑂𑐫𑐵𑑄𑑍𑐖𑐚𑐵𑐩𑐸𑐟𑑂𑐎𑐚𑐵𑑄𑐩𑑁𑐮𑐶𑐣𑐵𑐳𑐣𑑂𑐡𑐢𑐵𑐣𑑄𑑋𑐎𑑂𑐲𑐞𑑄𑐳𑐖𑑂𑐟𑑂𑐬𑐣𑐵𑐲𑑂𑐚𑐸𑐞𑑂𑐫𑐖𑐣𑑂𑐩𑐵𑐣𑐊𑐣𑐵
fdac4fd2,𑐟𑑂𑐫𑐥𑐸𑐖𑐵𑐫𑐵𑐟𑐰𑐸𑐟𑐫𑐵𑐎𑐬𑑂𑐲𑑒𑐡𑑀𑐎𑑀𑐰𑐸𑐎
z12ba51b,𑐣𑐾𑐲𑑂𑐛𑑍𑐨𑐵𑐳𑑂𑐫𑐮𑐳𑐶𑑍𑐟𑐳𑑂𑐫𑐳𑑂𑐟𑑂𑐬𑐷𑐐𑑂𑐫𑐵𑐣𑐖𑑀𑐟𑐶𑑌𑐥𑐸𑐟𑑂𑐬𑐠𑐵𑐎𑐸𑐳𑐶𑑄𑐥𑑂𑐟
2dc032a8,𑐛𑐣𑑂𑐟𑐷𑐴𑐶𑐟𑑄𑐳𑐾𑐫𑐎𑐵𑐣𑐵𑑄𑐳𑑂𑐩𑐬𑐣𑑂𑐟𑐷𑑋𑐖𑐐𑐖𑑂𑐖𑐵𑐜𑑂𑐫𑐩𑐵𑐣𑐷𑐫𑐢𑐺𑐟𑑂𑐰𑐵𑐎𑐥𑐵𑐮𑐾𑑍𑐩𑐸𑐡𑐟𑑂𑐫𑐸𑐐𑑂𑐬𑐟𑐵𑐬𑐵𑐨𑐸𑐖𑐳𑑂𑐟𑐟𑑂𑐫𑐳𑑄𑐏𑑂𑐫
823ca6a6,𑐟𑑂𑐬𑑀𑐫𑑄𑐥𑐸𑐬𑐸𑐲𑑀𑐟𑑂𑐟𑐩𑑀𑐰𑐶𑐖𑐫𑐟𑐾𑐥𑐹𑐬𑑂𑐞𑐾𑐣𑑂𑐡𑐸𑐩𑐸𑐐𑑂𑐢𑐵𑐣𑐣𑑀𑐫𑐳𑑂𑐟𑐵𑐟𑐳𑑂𑐫𑐩𑐸𑐡𑑄𑐟𑐣𑑀𑐟𑐶𑐐𑐶𑐬𑐶𑐖𑐾𑐱𑐳𑑂𑐫𑐾𑐰𑐮𑑄𑐧𑑀𑐡𑐬𑑅𑑌𑐎𑐶𑑄𑐧𑑂𑐬𑐸𑐩𑑀𑐩𑐢𑐸
5260cc71,𑐱𑐶𑐬𑑀𑐬𑐸𑐴𑐱𑑂𑐬𑐷𑐩𑐣𑑂𑐩𑐵𑐣𑐾𑐳𑑂𑐰𑐬𑐷𑐲𑑂𑐛𑐡𑐾𑐰𑐟𑐵𑐰𑐬𑐔𑑂𑐔𑐥𑑂𑐬𑐳𑐵
cfca485d,𑐒𑐣𑐟𑐫𑐵𑐳𑑍𑐳𑐸𑐣𑐵𑐣𑑄𑑍𑐔𑐵𑐳𑐣𑐫𑐵𑐫𑐩𑐡𑐸𑑍𑐡𑐾𑐰𑐫𑐵𑐨𑐸𑐖𑐸𑐬𑑀𑑋𑑋𑑐𑑋𑑋
55576abd,𑐨𑐵𑐣𑐸𑐥𑑂𑐬𑐟𑐶𑐩𑐥𑑂𑐬𑐟𑐵𑐥𑑀𑐰𑐶𑐬𑐵𑐖𑐟𑐾𑐩𑐵𑐬𑐳𑐩𑐵𑐣𑐬𑐹𑐥𑑅𑑌𑐳𑐱𑑂𑐬𑐷𑐣𑐶𑐰𑐵𑐳𑑀𑐣𑐺𑐥𑐰𑐵𑐳𑐬𑐾𑐱𑑀𑐨𑐐𑐷𑐬𑐠𑐳𑑂𑐫𑐵𑐣𑐸𑐩𑐟𑑄𑐐𑐺𑐴𑐷𑐟𑑂𑐰𑐵𑑍𑐀𑐎𑐵𑐬𑐫𑐡𑑂𑐨𑐷𑐲𑐞
9c549af6,𑐡𑐾𑐐𑐸𑐠𑐶𑐳𑐡𑐸𑐣𑑂𑐟𑐵𑐳𑐫𑐰𑐧𑐵𑐴𑐵𑐬𑐌𑐣𑑂𑐟𑐵𑐕𑐾𑐖𑐵𑐌𑐏𑐵𑐠𑑂𑐰𑐎𑐸𑑑𑑔𑐂𑐳𑐵𑐣𑐎𑐸𑐣𑐥𑐵
c27z0d00,𑐟𑐶𑐳𑐸𑐧𑐬𑑂𑐞𑑂𑐞𑐥𑐣𑐵𑐬𑐶𑐩𑐴𑐵𑐣𑐐𑐬𑐾𑑍𑐟𑑄𑐧𑐮𑐵𑐕𑐶𑐟𑑂‍𑐰𑐵𑐮𑐫𑐵𑑍𑐟𑐸𑐮𑐵𑐢𑐬𑑍𑐢𑐬𑑂𑐩𑑂𑐩𑐞𑐵𑐬𑐵𑐫𑐞
402a4519,𑐒𑐵𑐖𑐸𑐮𑑀𑑍𑐊𑐟𑐾𑐲𑐵𑐖𑐖𑐩𑐵𑐣𑐳𑑂𑐫𑑋𑑋𑐁𑐫𑐸𑐬𑐵𑐮𑑀𑐐𑑂𑐫𑐖𑐣𑐢𑐣
fb7f614b,𑐧𑐶𑐟𑐿𑑅𑐨𑐹𑐐𑐞𑐷𑐫𑑅𑑌𑑉𑐀𑐡𑑂𑐫𑐧𑑂𑐬𑐩𑑂𑐴𑐞𑑀𑐡𑑂𑐰𑐶𑐟𑐷𑐫𑐥𑐬𑐵𑐡𑑂𑐫𑐾𑐱𑐾𑐨𑐧𑐵𑐣𑐵𑐴𑐵𑐎𑐮𑑂𑐥𑐾𑐧𑑂𑐬𑐿
86bz13fc,𑐔𑐎𑑂𑐬𑐱𑐎𑑂𑐬𑑅𑑋𑐀𑐩𑐬𑐟𑐬𑐸𑐳𑐩𑐵𑐣𑑀𑐰𑐶𑐱𑑂𑐰𑐰𑐶𑐏𑑂𑐫𑐵𑐟𑐎𑐷𑐬𑑂𑐟𑐶𑑅𑐳𑐎𑐮𑐧𑐸𑐢𑐖𑐣𑐵𑐣𑐵𑐩𑐵𑐱𑑂𑐬𑐫𑑀𑐨𑐹𑐩𑐶𑐥𑐵𑐮𑑅𑑌𑐊𑐟𑐳𑑂𑐩𑐵𑐡𑑂𑐢𑐵𑐬𑐞𑐷
6fa8708z,𑐳𑐵𑐴𑐵𑐳𑐣𑐬𑑀𑐴𑑀𑐳𑐔𑑀𑐳𑑂𑐎𑐵𑐰𑐟𑐫𑐵𑐖𑐸𑐬𑑀𑑌𑐱𑐸𑐨𑑌𑑌𑐣𑐶𑐖𑐥𑑂𑐬𑐔𑐞𑑂𑐜𑐨𑐸𑐖𑐡𑐞𑑂𑐜𑐰𑐶
3b930z5a,𑐳𑐶𑑄𑐴𑐨𑐵𑐬𑑀𑐳𑐬𑑂𑐰𑐰𑐸𑐩𑐣𑐴𑑀𑐬𑐳𑐶𑑄𑐴𑐫𑑀𑐣𑐵𑐩𑐣𑐦𑐮𑐾𑐡𑐫𑐎𑐡𑐸
09f7316c,𑐱𑑂𑐬𑐷𑑕𑐩𑐴𑐵𑐬𑐵𑐖𑐵𑐬𑐵𑐖𑐬𑐵𑐖𑐾𑐣𑑂𑐡𑑂𑐬𑐧𑐶𑐎𑑂𑐬𑐩𑐳𑐵𑐴𑐡𑐾𑐰𑐳𑑂𑐫𑐧𑐶𑐖𑐫𑐾𑐬𑐵𑐖𑑂𑐫𑑌
689z1741,𑐫𑐵𑐟𑐱𑑂𑐬𑐷𑑓𑐣𑐵𑐬𑐵𑐫𑐞𑐱𑑂𑐬𑐷𑐮𑐎𑑂𑐲𑑂𑐩𑐷𑑌𑐠𑐰𑐟𑐣𑐵𑐩𑐣𑐱𑑂𑐬𑐷𑑓𑐣𑐵𑐬𑐵𑐫𑐞𑐟𑑂𑐬𑐷𑐡𑐶
5bc7d308,𑑊𑐳𑑂𑐰𑐳𑑂𑐟𑐶𑑌𑐏𑑂𑐫𑐵𑐟𑐎𑐸𑑄𑐖𑐣𑐾𑐟𑑂𑐬
bcb8z7zf,𑐳𑑂𑐟𑑂𑐬𑐵𑐬𑑂𑐠𑐰𑐶𑐟𑑂𑐟𑐟𑐸𑐮𑑂𑐫𑑀𑐣𑐢𑐬𑐵𑐥𑐟𑐶𑐬𑑂𑐨𑐸𑐰𑐶𑐟𑐡𑐵𑐰𑐎𑐞𑑂𑐛𑐣𑐵𑐠𑑀𑐥𑐩𑑅𑑌𑐁𑐳𑐷𑐡𑑂𑐫𑑀𑐐𑐣𑐬𑐾𑐣𑑂𑐡𑑂𑐬𑐩𑐮𑑂𑐮𑐣𑐺𑐥𑐟𑐶𑑅𑐱𑑂𑐬𑐷𑐱𑑂𑐬𑐷𑐣𑐶𑐰𑐵𑐳𑐵𑐟𑑂𑐩𑐖𑑀𑐫𑐟𑑂𑐟𑐸𑐮𑑂𑐫𑑀𑐨𑐸
d850d16c,𑑘𑑓𑑐𑐔𑐟𑑂𑐬𑐎𑐺𑐲𑑂𑐞𑑍𑐀𑐩𑐵𑐰𑐵𑐱𑑂𑐫𑐵𑑍𑐳𑑀𑐩𑐧𑐵
6z54z25a,𑐥𑑄𑐔𑐩𑐶𑐎𑐸𑐣𑑂𑐴𑐸𑐰𑐣𑐶𑐎𑐐𑑂𑐰
zd6db45f,𑐥𑐟𑐾𑑅𑑋𑐥𑐡𑑂𑐩𑐮𑐎𑑂𑐲𑑂𑐩𑐷𑐩𑐴𑐵𑐬𑐵𑐣𑐷𑐳𑐡𑐵𑐨𑐬𑑂𑐟𑐺𑐥𑐬𑐵𑐫𑐞𑐵𑑌𑐬𑐵𑐖𑐵𑐳𑑄𑐥𑑂𑐬𑐟𑐶𑐰𑐶𑐲𑑂𑐞𑐸𑐳𑐶𑑄𑐴𑐣𑐺𑐥𑐟𑐶𑐎𑑂𑐲𑐷𑐬𑑀𑐡𑐢𑐾𑐬𑐸𑐴𑑂𑐫𑐟𑑀
1bc3dd94,𑐳𑐰𑐶𑐔𑐵𑐮𑐫𑐵𑐫𑐟𑐵𑑍𑐩𑐢𑑄𑐡𑐵𑐣𑐵𑐫𑐎𑑍𑐠𑐎𑐸𑑄𑐩𑐫𑐷𑑍𑐢𑐣𑐩𑐫𑐷𑑍𑐡𑐾𑐰𑐮𑐎𑑂𑐲𑑂𑐩𑐷
a4c39a20,𑐳𑐡𑐵𑐨𑐎𑑂𑐟𑐶𑐣𑑁𑐣𑐶𑐥𑑂𑐬𑐥𑐺𑐖𑑂𑐫𑑄𑑌𑐩𑐞𑐷𑐳𑐶𑑄
636fza12,𑐎𑐺𑐲𑑂𑐞𑑍𑐥𑐸𑐟𑑂𑐬𑐖𑐐𑑂𑐟𑐣𑐵𑐬𑐵𑑄𑐥𑐸𑐟𑑂𑐬𑐬𑐵𑐩𑐣𑐵𑐬𑐵𑑄𑐥𑐸𑐟𑑂𑐬𑐬𑐵
94f43743,𑐬𑑂𑐞𑑂𑐞𑐩𑐸𑐴𑐸𑐟𑑂𑐟𑐬𑐱𑐣𑐶𑐱𑑂𑐔𑐬𑐧𑐵𑐬𑐩𑐾𑐲𑐬𑐵𑐳𑐶𑐐𑐟𑐾𑐳𑐧𑐶𑐟𑐬𑐶𑐩𑐶𑐠𑐸𑐣𑐬𑐵𑐳𑐶𑐔𑐣𑑂𑐡𑑂𑐬𑐩𑐳𑐶
d463df6a,𑐖𑐾𑑍𑐳𑐬𑑂𑐰𑑂𑐰𑐵𑐟𑑂𑐩𑐵𑐣𑐩𑐐𑐩𑑂𑐫𑐩𑐶𑐣𑑂𑐡𑑂𑐬𑐶𑐫𑐐𑐞𑑅𑐳𑐬𑑂𑐰𑑂𑐰𑐖𑑂𑐘𑐩𑐵𑐡𑑂𑐫𑑄𑐰𑐶𑐨𑐸𑑄𑑋𑐣𑐶𑐟𑑂𑐫𑐵𑐣𑐣𑑂𑐡𑐶𑐩𑐫𑑄𑐥𑐬𑐵𑐟𑑂𑐥𑐬𑐟𑐬𑑄𑐳𑑄𑐳𑐵𑐬
983adcza,𑐩𑐣𑑄𑑍𑐂𑐟𑐶𑐩𑑄𑐐𑐮𑐳𑑄𑑍𑐮𑐸𑐫𑐟𑐵𑑍𑐥𑑂𑐬𑑑𑐡𑐸𑐡𑐸𑑍𑐥𑑂𑐬𑑑𑐖𑐵𑐎𑐶𑑍𑐠𑑂𑐰𑐟𑐾𑐢𑐸𑐣𑐎𑐵𑐰𑐦𑐮𑐾𑐳𑐡𑐵𑐣
20cbdbc9,𑐡𑐾𑐰𑐳𑐎𑐾𑐮𑐸𑐫𑐵𑐩𑐸𑐡𑐫𑐡𑐫𑐎𑑄𑐡𑑀𑐴𑑀𑐬𑐰𑐵𑐖𑐸𑐬𑑀𑑌𑐳𑐸𑐨𑐩𑐳𑑂𑐟𑐸𑐳𑐬𑑂𑐰𑑂𑐰𑐡𑐵𑑌
c877248c,𑐴𑑂𑐒𑐰𑑍𑐰𑐮𑑍𑐎𑐲𑑑𑐐𑑁𑐐𑑂𑐬𑐵𑐳𑐫𑐵𑐟𑐡𑐸𑐣𑑂𑐟𑐵𑐖𑐸𑐬𑑀𑑌
z46d07cd,𑐐𑑂𑐬𑐞𑐷𑑅𑐳𑑁𑐣𑑂𑐡𑐬𑑂𑐫𑐬𑑂𑐖𑑂𑐖𑐶𑐟𑐩𑐷𑐣𑐎𑐾𑐟𑐸𑐬𑐖𑐶𑐟𑑀𑐰𑐶𑐡𑑂𑐫𑐵𑐥𑐬𑐷𑐟𑐵𑐱𑐰𑑀𑐡𑐶𑐎𑑂𑐳𑑂𑐟𑑂𑐬𑐷𑐎𑐬𑑂𑐞𑐰𑐶𑐨𑐹𑐲𑐞𑐷𑐎𑐺𑐟𑐫𑐱𑑀
a87f923c,𑐨𑐶𑐟𑐵𑐥𑐶𑐱𑐵𑐴𑐵𑑅𑑋𑐟𑐿𑐬𑑂𑐧𑑂𑐧𑐶𑐡𑑂𑐫𑐟𑐵𑐡𑐱𑐧𑐮𑐾𑐣𑐫𑐡𑐵𑐴𑐶𑐥𑑂𑐬𑐵𑐥𑑂𑐟𑐵𑑅𑑍𑐳𑑄𑐎𑐳𑑂𑐫𑐶𑐟𑐵𑑅𑐡𑐱𑐡𑐶
04185dfz,𑐎𑐸𑐬𑐖𑐸𑐢𑑂𑐰𑐣𑐾𑐴𑑂𑐩𑐳𑐾𑐣𑐔𑐶𑐣𑑂𑐟𑐵𑐫𑐵𑐒𑐵
2b9403f6,𑐎𑐹𑐬𑑂𑐩𑑂𑐩𑐔𑐵𑐳𑐣𑑋𑑋𑐟𑐳𑑂𑐠𑐵𑐐𑐸𑐥𑐴𑑂𑐩𑑀𑐥𑐬𑐶𑐴𑐾
70716409,𑐐𑐱𑐶𑐬𑐣𑐎𑑂𑐲𑐟𑑂𑐬𑐥𑑂𑐬𑐷𑐟𑐶𑐫𑑀𑐐𑐾𑐫𑐠𑐵𑐎𑐬𑑂𑐞𑑂𑐞𑐩𑐹𑐴𑐸𑐬𑑂𑐟𑑂𑐟𑐾𑐧𑐸𑐢𑐧𑐵𑐳
63f3a6af,𑐥𑐱𑑂𑐰𑑍𑐳𑑄𑐑𑑂𑐮𑐥𑑂𑐬𑐰𑐟𑐳𑑂𑐫𑑍𑐳𑐣𑐶𑐡𑑂𑐫𑐾𑑍𑐳𑐩𑐸𑐬𑐵𑐎𑐵𑐬𑑂𑐫𑐩𑐣𑐞𑑂𑐜𑐬𑑂𑐫𑑍𑐄𑐥𑐕𑐡𑑀𑐴
cbd987c9,𑐱𑑂𑐬𑐵𑐰𑐞𑐱𑐸𑐡𑑂𑐢𑐷𑑑𑑔𑐱𑐸𑐨𑑋𑑋
a631a078,𑐨𑐵𑐬𑑂𑐫𑑂𑐫𑐵𑐖𑐐𑐮𑐎𑑂𑐲𑑂𑐩𑐷𑐥𑐸𑐟𑑂𑐬𑐎𑐸𑐮𑐧𑐣𑑂𑐟𑑚𑐠𑑂𑐰𑐟𑐾𑐫𑐵𑐢𑐬𑑂𑐩𑑂𑐩𑐔𑐶𑐟𑑂𑐟𑐄𑐟𑑂‍𑐥𑐟𑑂𑐟𑐶𑐖𑐸𑐫𑐵𑐌𑐱𑑂𑐬𑐷𑑓𑐐𑑀𑐥𑐸
z653z09f,𑐟𑑂𑐫𑐴𑐵𑑍𑐥𑐵𑐥𑐵𑐣𑐶𑐫𑐵𑐣𑑂𑐟𑐶𑐰𑐶𑐮𑐫𑑄𑐥𑐹𑐞𑑂𑐫𑑄𑐨𑐰𑐣𑐶𑐔𑐵𑐳𑐵𑐎𑐠𑑄𑐟𑐸𑐮𑐳𑐷𑐮𑑀𑐎𑐾
6954z0b8,𑐩𑐸𑐬𑐵𑐳𑐾𑐎𑐬𑐾𑐒𑐕𑐔𑐵𑐏𑐶𑐮𑐶𑐖𑐸𑐬𑑀𑐠𑑂𑐰𑐧𑐾𑐬𑐳𑐠𑐬𑐥𑐵𑐨𑐶𑐎𑑂𑐲𑐸𑐱𑑂𑐬𑐷𑐧𑐾𑐏𑐵𑐳𑐶𑑄𑐴𑐡𑐾𑐰𑐰𑐵𑐴𑐵𑐮𑐫𑐵𑐰𑐾𑐳𑐟𑐰𑐶𑐕𑐾𑐰𑐵𑐴𑐵𑐬𑐫𑐵𑐰𑐶𑐱𑑂𑐰𑐬𑐵𑐩𑐨𑐵
d3032169,𑐖𑐶𑐟𑐵𑐩𑐶𑐟𑑂𑐬𑐩𑐮𑑂𑐮𑐡𑐾𑐰𑐳𑑂𑐫𑐰𑐶𑐖𑐫𑐳𑐩𑐫
dfc0db0c,𑐳𑐶𑐡𑑂𑐢𑐶𑐫𑑀𑐐𑐾𑑌𑐱𑐸𑐎𑑂𑐬𑐰𑐵𑐬𑑌𑐠𑑂𑐰𑐎𑐸𑐣𑑂𑐴𑐸𑐱𑑂𑐬𑐷𑐩𑐟𑑂𑐱𑑂𑐬𑐷𑐱𑑂𑐬𑐷𑐎𑑂𑐰𑐵𑐠𑐨𑑀𑑄𑐟𑐎𑑂𑐰𑐵𑐔𑐥𑐵𑐬𑐨𑐚𑑂𑐚𑐵𑐬
772506c3,𑑘𑑓𑑐𑐔𑐟𑑂𑐬𑐎𑐺𑐲𑑂𑐞𑑍𑐀𑐩𑐵𑐰𑐵𑐱𑑂𑐫𑐵𑑍𑐳𑑀𑐩𑐧𑐵
2ab608bd,𑐎𑐸𑐬𑐳𑐰𑐶𑐖𑐫𑐬𑐵𑐖𑑂𑐫𑐾𑐱𑐎𑑂𑐰𑐵𑐛𑑂𑐫𑐵𑐠𑐎𑐸𑐬
3a526z8z,𑐱𑐸𑐨𑑄
39d6b1f6,𑐩𑐳𑐵𑐴𑐡𑐾𑐧𑐳𑑂𑐫𑐧𑐶𑐖𑐫𑐬𑐵𑐖𑑂𑐫𑐾𑑌𑑌𑐡𑐵𑐣𑐥𑐟𑐾𑐣𑐾𑐥𑐵
58cbf7a8,𑐬𑐵𑐴𑐎𑐵𑐮𑑂𑐫𑐾𑐟𑑂𑐫𑐵𑐡𑐶𑐩𑐢𑑂𑐫𑐵𑐥𑐸𑐬𑐶𑐳𑑂𑐠𑐵𑐣𑐾𑐱𑑂𑐬𑐷𑐧𑐵𑐮𑐎𑑁𑐩𑐵𑐬𑐷𑐣𑐶𑐰𑐵
dbc1df45,𑐩𑐵𑐫𑑀𑐴𑐣𑑂𑐟𑐶𑐳𑑂𑐩𑐣𑐶𑐱𑐶𑐥𑑂𑐬𑐔𑐞𑑂𑐜𑐰𑐮𑐶𑐣𑑄𑐎𑐵𑐩𑐵𑐟𑐸𑐬𑑄𑐎𑐷𑐔𑐎𑑄𑑍𑐱𑐟𑑂𑐬𑐹𑐞𑐵𑑄𑐩𑐰𑐡𑑄𑐨𑐫𑐒𑐎𑐬𑐣𑐶𑐩𑑄𑐟𑑄𑐨𑐷𑐩𑐳𑐾𑐣𑑄𑐨𑐖𑐾𑑋𑐣𑐵𑐣𑐵𑐣𑐺𑐟𑑂𑐫𑐎𑐮𑐵𑐰𑐶𑐮𑐵𑐳𑐬
5123bb1a,𑐐𑑂𑐬𑐞𑐥𑐟𑐶𑑌𑐱𑑂𑐬𑐷𑐳𑐹𑐬𑑂𑐫𑑂𑐫𑑌𑐱𑑂𑐬𑐷𑐣𑐵𑐬𑐵𑐫𑐞𑑌𑐱𑑂𑐬𑐷𑐡𑐸𑐬𑑂𑐐𑑂𑐐𑐵𑐳𑐴𑐶𑐟𑑌𑐱𑑂𑐬𑐷𑑓𑐣𑐵𑐬𑐵𑐫𑐞𑐾𑐱𑑂𑐰𑐬
5301ddb1,𑐩𑐵𑐣𑐰𑐵𑐣𑐬𑐢𑑂𑐰𑐖𑐱𑑂𑐬𑐷𑐳𑐟𑐹𑐰𑐶𑐴𑐵𑐬𑐩𑐴𑐵𑐣𑐐𑐬𑐣𑐵𑐫𑐎𑐣𑐬𑐥𑐟𑐶𑐩𑐴𑐵𑐬𑐵𑐖𑐵𑐢𑐶𑐬𑐵𑐖𑐱𑑂𑐬𑐷
bfac0998,𑐖𑐶𑐟𑐵𑐩𑐶𑐟𑑂𑐬𑐩𑐮𑑂𑐮𑐡𑐾𑐰𑐳𑑂𑐫𑐰𑐶𑐖𑐫𑐳𑐩𑐫
743a702d,𑐟𑐶𑐠𑑁𑐳𑑀𑐩𑐡𑐶𑐣𑐥𑑂𑐬𑐟𑐶𑐳𑑂𑐛𑐵𑑄𑐳𑐰𑐎𑐵𑐬𑐴𑑌𑑌𑐀𑐠𑐣𑐾𑐥𑐵𑐮𑐨𑐵𑐏𑐵𑑌
4z465d2a,𑐟𑑄𑐥𑑂𑐬𑐵𑐥𑑂𑐟𑑄𑐦𑐮𑑄𑐔𑐵𑐎𑑂𑐲𑐥𑐾𑐟𑐡𑑂𑐰𑐡𑑂𑐫𑐵𑐱𑑂𑐔𑐬𑐞𑐵𑐬𑐰𑐶𑐣𑑂𑐡𑐫𑐸𑐐𑐮𑑄𑐰𑐣𑑂𑐡𑐵𑐩𑑀
f84dcdc1,𑐣𑐢𑐵𑐬𑐶𑐴𑐵𑐎𑐸𑐣𑐵𑐠𑐳𑑂𑐟𑑂𑐬𑐷𑐐𑑄𑐐𑐵𑐬𑐵𑐩𑐫𑐷𑐥𑐸𑐟𑑂𑐬
b73az110,𑐱𑑂𑐬𑐷𑐥𑐺𑐠𑐶𑐰𑐷𑐰𑐷𑐬𑐰𑐶𑐎𑑂𑐬𑐩
0b4c7df5,𑐎𑑂𑐰𑐵𑐔𑐥𑐵𑐡𑐾𑐰𑐳𑑂𑐎𑐾𑐕𑑀𑐫𑐎𑐾𑐩𑐵𑐬𑐠𑑂𑐰𑐣𑐳𑐟𑐶𑐎𑐸𑐣𑑂𑐴𑐸𑐳𑐐𑐫𑐵𑐟𑐳𑐩𑑂𑐴𑐔𑐧𑐶𑐫𑐾𑐩𑐵𑐬𑐰
2c8583f0,𑑊𑐱𑑂𑐬𑐷𑑓𑐮𑐎𑑂𑐲𑑂𑐩𑐷𑐣𑐵𑐬𑐵𑐫𑐞𑐵𑐫𑐣𑐩𑑅𑑌𑐱𑑂𑐬𑐷𑑓𑐄𑐩𑐵𑐩𑐴𑐾𑐱𑑂𑐰𑐬𑐵𑐫𑐣𑐩𑑅𑑌𑑌𑐮𑐎𑑂𑐲𑑂𑐩𑐷𑐣𑐵𑐬𑐵𑐫𑐞𑐵𑑄𑐢𑑂𑐫𑐵𑐫𑐾
79c09czd,𑐟𑑂𑐬𑐶𑐨𑐸𑐰𑐣𑐳𑐰𑐵𑐳𑐮𑐫𑐸𑐖𑐸𑐮𑐱𑐸𑐨𑑌
5bz4d726,𑐧𑑄𑐮𑐵𑐣𑐶𑐩𑑂𑐴𑐫𑐵𑐰𑐶𑐥𑑂𑐬𑐱𑑂𑐬𑐷𑐥𑐬𑐱𑐸𑐬𑐵𑐩𑐣𑐱𑑂𑐬𑐷𑐱𑑂𑐬𑐷𑐰𑐷𑐬𑐖𑐫𑐖𑑀𑐐𑐣𑐬𑐾𑐣𑑂𑐡𑑂𑐬𑐩𑐮𑑂𑐮𑐡𑐾𑐰𑐥𑑂𑐬𑐨𑐸𑐠𑐵𑐎𑐸𑐮𑐫𑐵
z4df0894,𑐟𑑂𑐬𑐥𑑂𑐬𑐵𑐳𑐵𑐡𑐾𑑇𑐳𑑂𑐩𑐶𑐣𑑂𑐎𑐣𑐎𑐎𑐮𑐱𑑁𑐳𑑂𑐠𑐵𑐥𑐶𑐟𑑁𑐨𑐷𑐩𑐨𑐎𑑂𑐟𑑂𑐫𑐵𑑋𑐴𑑀𑐩𑑄𑐎𑐺𑐟𑑂𑐰𑐵𑑇𑐣𑐸𑐥𑐩𑐫𑐱𑐳𑐵𑐱𑑂𑐬𑐷𑐣𑐶𑐰𑐵𑐳𑐾𑐣𑐬𑐵𑐖𑑂𑐘𑐵𑑌𑑌𑐴𑐬𑐶𑐰𑑄𑐱𑐾𑐣𑐎𑐺𑐟𑐵
ca03b566,𑐨𑐵𑐖𑐹𑑌𑐠𑑂𑐰𑐧𑐾𑐮𑐳𑑍𑐱𑑂𑐬𑐷𑐧𑐣𑐶𑐎𑐵𑐥𑐹𑐬𑐶𑐳𑐠𑑂𑐰𑐡𑐾𑐰𑐮𑐥𑑂𑐬𑐟𑐶𑐲𑑂𑐛𑐵
24aa1144,𑐳𑑂𑐫𑐔𑐬𑐣𑐥𑐵𑐡𑐸𑐎𑐵𑐳𑐾𑐧𑐶𑐟𑐱𑑂𑐬𑐷𑐱𑑂𑐬𑐷𑐳𑐶𑐡𑑂𑐢𑐶𑐣𑐬𑐳𑐶𑑄𑐴𑐩𑐮𑑂𑐮𑐡𑐾𑐰𑐳𑑂𑐫𑐰𑐶𑐖𑐫𑐬𑐵𑐖𑑂𑐫𑐾𑐮𑐮𑐶𑐟𑐣𑐐𑐬𑐾𑐥𑐹𑐬𑑂𑐰𑑂𑐰𑐡𑐶𑐱𑐶𑐣𑑀𑐐𑑂𑐮𑐨𑑀𑐣𑑂𑐟𑐳𑑂𑐫𑐄𑐟𑑂𑐟𑐬𑐥𑐵
b0148343,𑐞𑐴𑑀𑐟𑑁𑑋𑐖𑐐𑐣𑑂𑐩𑐵𑐟𑐬𑐸𑐡𑑂𑐣𑐵𑐬𑐖𑐟𑑂𑐟𑑂𑐬𑐷𑐟𑑂𑐰𑐩𑐾𑐎𑐵𑑍𑐱𑐶𑐱𑑀𑐬𑑂𑐩𑑂𑐩𑐥𑐬𑐵𑐢𑐵𑐣𑐰𑐵𑐨𑐵𑐰𑐣𑐷𑐫𑐵𑑅𑑌𑑙𑑌𑐡𑐶𑐣𑐾𑐐𑑀𑐢𑐣𑐾𑐱𑑀𑐖
b68507d2,𑐬𑑂𑐱𑑂𑐬𑐳𑑂𑐟𑐸𑑋𑑋𑐳𑐩𑑂𑐰𑐟𑑗𑑖𑑒𑐁𑐏𑐵𑐢𑐩𑐵𑐳𑐾𑐱𑐸𑐎𑑂𑐮𑐥𑐎𑑂𑐲
db588035,𑐣𑐢𑐬𑑂‍𑐩𑐥𑑂𑐬𑐟𑐶𑐲𑑂𑐛𑐵𑐳𑐡𑐾𑐧𑐳𑐡𑑂𑐰𑐫𑐎𑐵𑑌𑐱𑑂𑐬𑐷𑐱𑑂𑐬𑐷𑐥𑐱𑐹𑐥𑐟𑐶𑐥𑐵𑐡𑐵𑐬𑐧𑐶𑐣𑑂𑐡
14z1d787,𑐎𑑄𑐣𑐶𑐧𑐾𑐡𑐣𑐫𑐵𑐒𑐵𑐖𑐸𑐬
4a4afa69,𑐨𑐵𑐬𑑂𑐫𑑂𑐫𑐵𑐧𑐾𑐏𑐵𑐮𑐎𑑂𑐲𑑂𑐩𑐷𑐟𑐺𑐟𑐷𑐫𑐥𑐸𑐟𑑂𑐬𑐖𑑀𑐐𑐢𑐬𑑍𑐎𑐵𑐣𑑂𑐟𑐐𑐖𑑍𑐮
7d3cff9f,𑐨𑐵𑐬𑑂𑐫𑑂𑐫𑐵𑐳𑐨𑐡𑑂𑐬𑐵𑐳𑐵𑐎𑑄𑐣𑐶𑐲𑑂𑐛𑐳𑑂𑐫𑐥𑑂𑐬𑐶𑐫𑐵𑐳𑐟𑐷𑑌𑐰𑐵𑐳𑐶𑑄𑐴𑐂𑐟𑐶𑐰𑐶𑐏𑑂𑐫𑐵𑐟𑑀𑐩𑐢𑑂𑐫𑐩𑐞𑐵𑐟𑑂𑐩𑐖𑑅
39959b59,𑐖𑐐𑐟𑑂𑐎𑐵𑐬𑐶𑐞𑐷𑑋𑐳𑑄𑐳𑐵𑐬𑐵𑐩𑑂𑐧𑐸𑐢𑐶𑐟𑐵𑐬𑐶𑐞𑐷𑐣𑐶𑐖𑐥𑐡𑐵𑐳𑐎𑑂𑐟𑐢𑐶𑐳𑑄𑐴𑐵𑐬𑐶𑐞𑐷𑐱𑐩𑑂𑐨𑐸𑐎𑑂𑐬𑑀𑐜
a7770383,𑐢𑐵𑐟𑐸𑐔𑐿𑐟𑑂𑐫𑐡𑐫𑐎𑐵𑐌𑐥𑑂𑐬𑐟𑐶𑐲𑑂𑐛𑐵𑐳𑑄𑐥𑐸𑐬𑑂𑐞𑑂𑐞𑐫𑐵𑐣𑐵𑐖𑐸𑐮𑑀𑑋𑑋
azd8216z,𑐧𑐖𑑂𑐬𑐳𑐟𑑂‍𑐧𑐵𑐨𑐸𑐧𑐣𑐧𑐬𑐐𑐸𑐬𑐹𑑄𑐳𑐬𑑂𑐧𑑂𑐧𑐧𑐹𑐡𑑂𑐢𑐨𑐧𑐣𑑂𑐟𑑄𑑅
df640d1a,𑐎𑐾𑐌𑐣𑐾𑐐𑐸𑐮𑑚𑐂𑐮𑐵𑐕𑐶𑐣𑐶𑐳𑑂𑐫𑑚𑐨𑐶𑑄𑐡𑐾𑐌𑐫𑐵𑐠𑐵𑐳𑐮𑑀𑐴𑐮𑑄𑐳𑐶𑐫𑐵
15829387,𑐳𑐵𑐥𑑄𑐔𑐩𑐵𑐴𑐵𑐥𑐵𑐟𑐎𑐬𑐵𑐎𑐖𑐸𑐬𑑀𑑌𑐳𑑄𑐩𑑂𑐰𑐟
49739a27,𑐖𑐶𑐩𑐕𑐩𑑂𑐴𑐣𑐵𑐫𑐎𑐖𑐸𑐥𑐶𑑄𑐧𑐶𑐖𑑂𑐫𑐵𑐟𑐎𑐾𑐩𑐵𑐬𑐖𑐸𑐬𑑀
3fdz5c8a,𑐡𑑂𑐢𑐶𑐎𑐵𑐮𑐶𑐖𑐠𑑀𑐎𑐠𑐾𑐥𑐸𑐖𑐵𑐫𑐵𑐫𑐩𑐵𑐮𑐰𑐬𑑂𑐲𑐥𑑂𑐬𑐟𑐶𑑄
1cddc949,𑐩𑑂𑐧𑐟𑑗𑑙𑑖𑐖𑐾𑐲𑑂𑐛𑐱𑐸𑐎𑑂𑐬𑐡𑑂𑐰𑐶𑐟𑐷𑐫𑐵𑑄𑐟𑐶𑐠𑑁𑐩𑐺𑐐𑐱𑐶𑐬𑐣𑐎𑑂𑐲𑐟𑑂𑐬𑐱𑐹𑐮𑐫𑑀𑐐𑐾𑐁𑐡𑐶
96zbcf91,𑐥𑐡𑐵𑐬𑐰𑐶𑐣𑑂𑐡𑐫𑐸𑐐𑐮𑐾𑐨𑐺𑐒𑑂𑐐𑐵𑐫𑐟𑐾𑐫𑐣𑑂𑐩𑐣𑑅𑑋𑐰𑐵𑐐𑑂𑐩𑐟𑑂𑐫𑐵𑐳𑑂𑐟𑑂𑐬𑐶𑐥𑐸𑐬𑐵𑐣𑑂𑐟𑐎𑐳𑑂𑐫𑐔𑐴𑐬𑐾𑐬𑑂𑐢𑑂𑐫𑐵𑐣𑐵𑐣𑐸𑐬𑐎𑑂𑐟𑑅𑐳𑐡𑐵𑑍𑐳𑑀𑐫𑐱𑑂𑐬𑐷𑐮𑐮𑐶𑐟𑐵𑐥𑐸𑐬𑐾𑐣𑐺𑐥𑐩𑐞𑐶𑑅
305c6fff,𑐳𑐵𑐣𑐣𑑄𑐴𑐵𑐣𑐾𑐖𑑂𑐫𑐵𑐩𑐶𑐴𑑂𑐩𑑖𑐡𑐫𑐎𑐵𑐰𑐣𑐾𑐐𑐸𑐬𑐥𑐸𑐏𑐸𑐬𑐳𑑄𑐑𑐵𑐳𑐥𑐸𑐫
z4a0b49z,𑐎𑑂𑐲𑐐𑐟𑐶𑐥𑑂𑐬𑐵𑐦𑐖𑐸𑐥𑐵𑐫𑐐𑐸𑐨𑐳𑐬𑑂𑐰𑐖𑐐𑐟𑐷𑐐𑐸𑐨𑑄
249d3bfb,𑐥𑐟𑐵𑑍𑐎𑐸𑑑𑐩𑐟𑐵𑐎𑐶𑐖𑐵𑐎𑐶𑑍𑐖𑐸𑑑𑐣𑐶𑐱𑐮𑐵𑐮𑑍𑐩𑑂𑐴𑑄𑑑𑐴𑐵𑐳𑐧𑐵𑐴𑐵𑑄𑐡𑐫𑐎𑐾𑐩𑐵𑐮
5d8a5029,𑐴𑐬𑐶𑐧𑐵𑐴𑐵𑐬𑐡𑑀𑐬𑐧𑐸𑐬𑑀𑑔𑐠𑐳𑐶𑐡𑑀𑐧𑐸𑐬𑑀𑑔𑐱𑐸𑐣𑐥𑐵𑐧𑐸𑐬𑑀𑑓𑐳𑐸𑐣𑐥𑐵𑐧𑐸𑐬𑑀𑑓
bz6a82c0,𑑊𑑉𑐣𑐩𑑅𑐱𑑂𑐬𑐷𑑓𑐳𑑂𑐟𑑂𑐬𑐷𑐩𑐹𑐎𑑂𑐟𑐶𑐧𑐖𑑂𑐬𑐵𑐳𑐣𑐀𑐎𑑂𑐲𑑀𑐨𑑂𑐫𑐣𑐩𑑅𑑌𑐳𑑂𑐰𑐳𑑂𑐟𑐶𑐱𑑂𑐬𑐷𑐩𑑂𑐟𑐥𑐱𑐸𑐥𑐟𑐶𑐔𑐬𑐞𑐎𑐩𑐮𑐢𑐸𑐮𑐶𑐢𑐹𑐳𑐬𑐶𑐟𑐱𑑂𑐬𑐷𑐬𑑀𑐮𑐸𑐴𑐱𑑂𑐬𑐷𑐩𑐣𑑂𑐩𑐵𑐣𑐾𑐱𑑂𑐰𑐬𑐷𑐳𑑂𑐟
z0045c96,𑐡𑐾𑐰𑐟𑐵𑐰𑐬𑐮𑐖𑑂𑐫𑐥𑑂𑐬𑐳𑐵𑐡𑐡𑐾𑐡𑐶𑐥𑑂𑐫𑐩𑐵𑐣𑑀𑐣𑐟𑐬𑐑𑐸𑐰𑑄𑐱𑐵𑐰𑐟𑐵𑐬𑐬𑐰𑐶𑐎𑐸𑐮𑐟𑐶𑐬𑐎𑐴𑐣𑐸𑐩𑐣𑑂𑐢𑑂𑐰𑐖𑐣𑐾𑐥𑐵𑐮𑐾𑐱𑑂𑐰𑐬𑐩𑐴𑐵𑐬𑐵𑐖𑐵𑐢𑐶𑐬𑐵𑐖𑐳𑐎𑐬𑐮𑐵
9418089c,𑐟𑐶𑐩𑐣𑑂𑐫𑐾𑑋𑐩𑐸𑐡𑐵𑐣𑐣𑑂𑐡𑐳𑐣𑑂𑐡𑑀𑐴𑐩𑐐𑑂𑐬𑑄𑐰𑐫𑐸𑐬𑑂𑐩𑑂𑐩𑑍𑐰𑐶𑐢𑐾𑐴𑐶𑐎𑑂𑐰𑐞𑐟𑑂𑐎𑐶𑑄𑐎𑐶𑐞𑐷𑐎𑐾𑐎𑐬𑐵𑐮𑐾𑑌𑑑𑑔𑑌𑐂𑐟𑐶𑐱𑑂𑐬𑐷𑐎
4daac3ca,𑐳𑑄𑐒𑐨𑐵𑐬𑑀𑑍𑐮𑐐𑐸𑐬𑐵𑐩𑐨𑐵𑐬𑑀𑑍𑐳𑐸𑐏𑐸𑐣𑐨𑐵𑐬
39a2c175,𑐠𑐸𑐐𑐸𑐥𑐸𑐞𑑂𑐫𑐣𑐥𑐸𑐐𑐸𑐐𑐟𑐶𑐥𑐾𑐐𑐸𑐖𑑀𑐣𑐶𑐣𑑄𑐄𑐟𑑂𑐥𑐟𑑂𑐟𑐶𑐖𑐸𑐫𑐵𑐌𑐔𑑀𑐰𑐥𑐶𑑄𑐳𑐎
44aa62z4,𑐫𑐵𑐧𑐵𑐴𑐵𑐬𑐫𑐵𑐧𑐵𑐳𑐡𑐾
77178075,𑐥𑐶𑐰𑐣𑐳𑐶𑐑𑐾𑐣𑐶𑐰𑑂𑐫𑐵𑐑𑐾𑐣𑐶𑐡𑐾𑐰𑐡𑐫𑐎𑐵𑐳𑐶𑐟𑑀𑐮𑐣
5z1c0532,𑐢𑑂𑐬𑐶𑐫𑐸𑐐𑑄𑐳𑑂𑐩𑐬𑐣𑑂𑐟𑐶𑐩𑐸𑐣𑐫𑑀𑐑𑐵𑐫𑐣𑑂𑐟𑐶𑐫𑐡𑑂𑐫𑑀𑐐𑐶𑐣𑑅𑐳𑑄𑐥𑐸𑐖𑑂𑐫𑐣𑑂𑐟𑐶𑐳𑐸𑐣𑐵𑑓𑐳𑐸𑐬𑐵𑑅𑐏
88fb4383,𑑊𑐳𑑂𑐰𑐳𑑂𑐟𑐶𑐱𑑂𑐬𑐶𑐫𑑀𑐳𑑂𑐟𑐸𑑋𑑋𑐥𑐎𑑂𑐲𑐵𑐡𑑂𑐬𑐶
06f2a207,𑐡𑐖𑐔𑐣𑑂𑐡𑑂𑐬𑐬𑐳𑑂𑐩𑐷𑑌𑐖𑑂𑐘𑐵𑐣𑑄𑐥𑑂𑐬𑐎𑐵𑐱𑑂𑐫𑐥𑐬𑐶𑐥𑐸𑐬𑐖𑐧𑐺𑐡𑑂𑐢𑐶𑐢𑑂𑐫𑐵
98z4c01f,𑑓𑐧𑑂𑐬𑐵𑐩𑑂𑐴𑐞𑐷𑐩𑑂𑐴𑑄𑑒𑐁𑐔𑐵𑐬𑑂𑐫𑐩𑑂𑐴𑑄𑑒𑐫𑐵𑐳𑐶𑐩𑑂𑐴𑑄𑑑𑐐𑐸𑐠𑐶𑐨𑐵𑐬𑑀𑐩𑑂𑐴𑑄𑑔𑐠𑑂𑐰𑐟𑐾𑐧𑑂𑐬𑐩𑑂𑐴𑐨𑑀𑐖𑐥
51766147,𑐥𑑂𑐬𑐠𑐩𑐥𑐸𑐟𑑂𑐬𑐖𑑀𑐐𑐬𑐟𑑂𑐣𑐟𑐳𑑂𑐫𑐨𑐵𑐬𑑂𑐫𑑂𑐫𑐵𑐮𑐎𑑂𑐲𑑂𑐩𑐷𑐩𑐵𑐫𑐵𑐡𑑂𑐰𑐶𑐟𑐶𑐫𑐥𑐸𑐟𑑂𑐬𑐡𑐵𑐣𑐰𑐬𑑂𑐳𑐶𑑄𑐟𑐳𑑂𑐫𑐨𑐵𑐬𑑂𑐫𑑂𑐫𑐵𑐔𑐶𑐎𑐶𑐩𑐵𑐫𑐵𑐟𑐺𑐟𑐷𑐫𑐥𑐸𑐟𑑂𑐬𑐖𑐸𑐖𑐸𑐩𑐵𑐣𑐟𑐳𑑂𑐫𑐨𑐵𑐬𑑂𑐫𑑂𑐫𑐵𑐖𑑂𑐘𑐵𑐣𑐥𑑂𑐬𑐨𑐵𑐔𑐟𑐸𑐬𑑂𑐠𑐥𑐸𑐟𑑂𑐬𑐟𑐸𑐫𑐸𑐎𑐵𑐖𑐶𑐟𑐳𑑂𑐫𑐨𑐵𑐬𑑂𑐫𑑂𑐫𑐵
82a4f28c,𑐬𑑂𑐰𑑂𑐰𑐟𑑂𑐫𑐴𑐰𑐷𑑄𑐥𑑂𑐬𑐱𑐵𑐣𑑂𑐟𑐵𑑄𑐟𑐩𑑂𑐧𑑁𑐡𑑂𑐢𑐣𑐵𑐐𑑄𑐱𑐶𑐬𑐳𑐵𑐣𑐩𑐵𑐩𑐶𑑌𑐳𑐵𑐎𑐵𑐬𑐵𑐔𑐣𑐶𑐬𑐵𑐎𑐺𑐟𑐶𑐬𑑂𑐨𑐐𑐰𑐟𑐷𑐥𑑂𑐬𑐵
535317f3,𑐎𑐩𑐵𑐣𑑅𑐎𑐣𑐾𑐳𑑂𑐟𑐥𑐸𑐟𑑂𑐬𑐩𑑀𑐟𑐶𑐩𑐵𑐣𑑅𑐩𑐣𑐶𑐎𑐩𑐵𑐣𑑂𑐟𑐳𑑂𑐫𑑅𑐨𑐵
bb21aadd,𑐖𑐸𑐮𑑌𑐱𑐸𑐨𑑄𑑌
00bd05fa,𑐬𑐵𑐖𑐵𑐢𑐶𑐬𑐵𑐖𑑍𑐬𑐵𑐖𑐬𑐵𑐖𑐾𑐣𑑂𑐡𑑂𑐬𑑍𑐎𑐰𑐷𑐣𑑂𑐡𑑂𑐬𑐱𑑂𑐬𑐷𑐱𑑂𑐬𑐷𑐖𑐫𑐥𑑂𑐬𑐟𑐵𑐥𑐩𑐮𑑂𑐮𑐡𑐾𑐰𑐥𑑂𑐬𑐨𑐸𑐠𑐵𑐎𑐸𑐮𑐳𑑂𑐫
z10320f2,𑐨𑐵𑐐𑐸𑐞𑐩𑐵𑐳𑐶𑐬𑑂𑐎𑐬𑐟𑐶𑐠𑑁𑐟𑐾𑐔𑐣𑑂𑐡𑑂𑐬𑐥𑐿𑐧𑐾𑐡𑐸𑐢𑑀
19066c13,𑐳𑐵𑐴𑐵𑐳𑐣𑐬𑑀𑐴𑑀𑐳𑐔𑑀𑐳𑑂𑐎𑐵𑐰𑐟𑐫𑐵𑐖𑐸𑐬𑑀𑑌𑐱𑐸𑐨𑑌𑑌𑐣𑐶𑐖𑐥𑑂𑐬𑐔𑐞𑑂𑐜𑐨𑐸𑐖𑐡𑐞𑑂𑐜𑐰𑐶
1951469b,𑐴𑑍𑐡𑐠𑐸𑐮𑐵𑐕𑐾𑐥𑐵𑐟𑑂𑐬𑐰𑐱𑐬𑐵𑐰𑐟𑐎𑐵𑐱𑐶𑐬𑐵𑐖𑐨𑐵𑐬𑑀𑐡𑐢𑐰𑐵𑐴𑐵𑐬𑐥𑐵𑐟𑑂𑐬𑐰𑑄𑐱𑐬𑐵𑐰𑐸𑐟𑑂𑐟𑐩𑐫𑐵𑐳𑐶𑑄𑐴𑐨𑐵𑐬𑑀𑑍𑐣𑐎𑐧𑐵𑐴𑐬𑐰𑐶
15072z75,𑐔𑐎𑐾𑐩𑐵𑐬𑑌𑐠𑑂𑐰𑐡𑐟𑑂𑐟𑑄𑐬𑑀𑐥𑐫𑐵𑐟𑐳𑐵𑐡𑐾𑐔𑐵𑐮𑐫𑑄𑐧𑐶𑐢𑐩𑐫𑐵𑐟𑐳𑐵𑐐𑑀𑐴𑐟𑑂𑐫𑐵
85696d1d,𑑓𑐧𑑂𑐬𑐵𑐩𑑂𑐴𑐞𑐷𑐩𑑂𑐴𑑄𑑒𑐁𑐔𑐵𑐬𑑂𑐫𑐩𑑂𑐴𑑄𑑒𑐫𑐵𑐳𑐶𑐩𑑂𑐴𑑄𑑑𑐐𑐸𑐠𑐶𑐨𑐵𑐬𑑀𑐩𑑂𑐴𑑄𑑔𑐠𑑂𑐰𑐟𑐾𑐧𑑂𑐬𑐩𑑂𑐴𑐨𑑀𑐖𑐥
f16855b0,𑐎𑐳𑐎𑐾𑐳𑐸𑐰𑐬𑑂𑐞𑐩𑐸𑐏𑐡𑐫𑐎𑑄𑐥𑑂𑐬𑐟𑐶𑐳𑑂𑐠𑐵𑐫𑐵𑐒𑐵𑐡𑐶𑐣𑐖𑐸𑐬𑑀𑑌𑐡𑐵𑐣𑐥𑐕𑐶𑐱𑑂𑐬𑐷𑐡𑐾𑐰𑐬𑐵𑐖𑐥𑑂𑐬𑐩𑐸𑐏𑐣𑐱𑑂𑐬𑐷𑐥𑐸𑐬𑐸
f4511c58,𑐨𑐵𑐬𑑂𑐫𑑂𑐫𑐵𑐧𑐾𑐏𑐵𑐮𑐎𑑂𑐲𑑂𑐩𑐷𑐟𑐺𑐟𑐷𑐫𑐥𑐸𑐟𑑂𑐬𑐖𑑀𑐐𑐢𑐬𑑍𑐎𑐵𑐣𑑂𑐟𑐐𑐖𑑍𑐮
5815b7a8,𑐧𑐨𑐹𑐟𑐳𑑂𑐰𑐖𑐣𑐳𑐴𑐶𑐟𑐵𑐣𑑂𑐳𑐬𑑂𑐰𑐳𑐟𑑂𑐰𑐵
fd66f8b4,𑐎𑑂𑐰𑐔𑐥𑐵𑐡𑐰𑐳𑑂𑐎𑐾𑐕𑑀𑐫𑐎𑐾𑐩𑐵𑐬𑑍𑐠𑑂𑐰𑐣𑐳𑐟𑐶𑐎𑐸𑐣𑑂𑐴𑐸𑐳𑑄𑐐𑐫𑐵𑐟𑑍𑐳𑐩𑑂𑐴𑐔𑐧𑐶𑐫𑐩𑐵𑐬𑑍𑐰
14zd1215,𑐣𑐾𑐡𑐶𑐰𑐐𑐟𑐳𑑂𑐫𑐡𑐸𑐐𑐟𑐶𑐩𑑀𑐔𑐣𑑂𑐫𑐬𑑂𑐠𑐾𑐳𑐸𑐲𑐵𑐧𑐟𑐶𑐥𑑂𑐬𑐵𑐥𑑂𑐟𑐫𑐵𑐟𑐱𑐸𑐨𑑋𑑋
3213fa11,𑐩𑐴𑐵𑐬𑐵𑐖𑐵𑐢𑐶𑐬𑐵𑐖𑐱𑑂𑐬𑐷𑐱𑑂𑐬𑐷𑐖𑐫𑐥𑑂𑐬𑐟𑐵𑐥𑐩𑐮𑑂𑐮𑐡𑐾𑐰𑐥𑑂𑐬𑐨𑐸𑐠𑐵𑐎𑐸𑐬𑐳𑑂𑐫𑐰𑐶𑐖𑐫𑐬𑐵𑐖𑑂𑐫𑑅
afa9zda7,𑐰𑐮𑐖𑑂𑐫𑐵𑐳𑐔𑐶𑐣𑑂𑐟𑐵𑐫𑐵𑐎𑐥𑐵𑐟𑑂𑐬𑐰𑑄𑐱𑐬𑐵𑐰𑐸𑐟𑐟𑐰𑐨𑑂𑐫𑐵𑐮𑑄𑐨𑐵𑐎𑐟𑐸𑐎𑑀𑐠𑑂𑐫𑐟𑐰𑐨𑑂𑐫𑐵𑐮𑐥𑐵𑐟𑑂𑐬𑐰𑑄𑐱𑐬𑐵𑐰𑐸𑐟𑑂𑐟𑐬𑐟𑑂𑐣𑐬𑐵𑐖𑐨𑐵𑐬𑑀𑐨𑑂𑐬𑐵𑐟𑑂𑐟𑐾𑐳
abcf2c09,𑐥𑐰𑐣𑐵𑐥𑐣𑐵𑐫𑐵𑐒𑐵𑐡𑐶𑐣𑐖𑐸𑐬𑑀𑑌𑐀𑐠𑐱𑐸𑐨
2ab09az3,𑐨𑐵𑐬𑑂𑐫𑑂𑐫𑐵𑐳𑐨𑐡𑑂𑐬𑐵𑐳𑐵𑐎𑑄𑐣𑐶𑐲𑑂𑐛𑐳𑑂𑐫𑐥𑑂𑐬𑐶𑐫𑐵𑐳𑐟𑐷𑑌𑐰𑐵𑐳𑐶𑑄𑐴𑐂𑐟𑐶𑐰𑐶𑐏𑑂𑐫𑐵𑐟𑑀𑐩𑐢𑑂𑐫𑐩𑐞𑐵𑐟𑑂𑐩𑐖𑑅
3097755d,𑐖𑑀𑐐𑐖𑑀𑐐𑐬𑐴𑐶𑐟𑑂𑐬𑐶𑐥𑐸𑐟𑑂𑐬𑐶𑐥𑐟𑐵𑐬𑐟𑐶𑐬𑐶𑐫𑐾𑐥𑐸𑐟𑑂𑐬𑐶𑐧𑐶𑐳𑑂‍𑐣𑐸𑐩𑐵𑐫𑐵𑐥𑑁𑐟𑑂𑐬𑐢𑐬𑑂𑐩𑑂‍𑐩𑐵
9874697f,𑐖𑐊𑐣𑐶𑐖𑐊𑐬𑐵𑐖𑐎𑐳𑑂𑐫𑐡𑐵𑐬𑐵𑐖𑐊𑐩𑐐𑐬𑐵𑐩𑑄𑐖𑐸𑐬𑐵𑐖𑐎𑐳𑑂𑐫𑐡𑐵𑐬𑐵𑐳𑐸𑐩𑐢𑑄𑐬𑐶𑑍𑐠𑐸𑐟𑐶𑐳𑑂𑐫𑐣
d861092f,𑐔𑐵𑐟𑑂𑐣𑐩𑑀𑐎𑑂𑐲𑐐𑐟𑐶𑐥𑑂𑐬𑐵𑐦𑐖𑐸𑐥𑐵𑐫𑐐𑐸𑐨𑐳𑐬𑑂𑐰
f8d64b3b,𑐱𑑂𑐬𑐷𑑓
8d8z25d6,𑐳𑑂𑐠𑐵𑐣𑐳𑑂𑐫𑐂𑐴𑐾𑐰𑐥𑐹𑐞𑑂𑐫𑐨𑐹𑐩𑑁𑑌𑐀𑐡𑑂𑐫𑑅𑐱𑑂𑐬𑐵𑐰𑐞𑐩𑐵𑐳𑑂𑐫𑐱𑐎𑑂𑐬𑐥𑐎𑑂𑐲𑐟𑐺𑐟𑐶𑐫𑐵𑐟𑐶𑐠𑑁𑐥𑐹
ba66z159,𑐬𑐵𑐖𑐬𑐵𑐖𑐬𑐵𑐖𑐬𑐵𑐖𑐾𑐣𑑂𑐡𑑂𑐬𑐰𑐶𑐎𑑂𑐬𑐩𑐱𑐵𑐴𑐡𑐾𑐰𑐰𑐶𑐖𑐫𑐬𑐵𑐖𑑂𑐫𑑌
a95d14z5,𑐫𑐵𑐟𑐳𑑂𑐫𑐣𑐺𑐥𑐣𑐵𑐫𑐎𑑅𑐥𑑂𑐬𑐞𑐩𑐟𑐶𑐱𑑂𑐬𑐷𑐰𑐶𑐲𑑂𑐞𑐸𑐩𑐮𑑂𑐮𑐎𑐺𑐟𑐷𑑋𑐐𑑀𑐥𑐷𑐣𑐵𑐠𑐥𑐡𑐵𑐬𑐰𑐶𑐣𑑂𑐡𑐰𑐶𑐐𑐮𑐵𑐟𑑂𑐥𑐷𑐫𑐹𑐲𑐱𑐷𑐟𑐵𑐱𑐸𑐣𑐵𑐱𑐸𑐡𑑂𑐢𑑅𑐎𑑄𑐳𑐣𑐶𑐳𑐹𑐡𑐣𑐵
11zc5zfc,𑑌𑐱𑐸𑐨𑐩𑐒𑑂𑐐𑐮𑐨𑐰𑐟𑐸𑑌
39887ab8,𑐣𑐵𑐩𑐵𑐬𑐎𑑂𑐟𑐵𑐎𑐺𑐟𑐶𑐳𑐸𑑄𑐡𑐬𑑀𑐬𑐰𑐶𑐬𑐶𑐰𑐱𑑂𑐬𑐷𑐮𑑀𑐎𑐣𑐵𑐠𑑅𑐥𑑂𑐬𑐨𑐸𑑌𑐱𑑂𑐬𑐷𑐨𑐷𑐩𑐳𑑂𑐫𑐩𑐞𑐾𑑅𑐳𑐩𑐵𑐳𑑂𑐠𑐮𑐩𑐶
1640za15,𑐁𑐬𑑂𑐫𑑂𑐫𑐟𑐵𑐬𑐵
183b6d76,𑐣𑐾𑐬𑐹𑐱𑐵𑐳𑑂𑐟𑐵𑑌𑐢𑐬𑑂𑐩𑑂𑐩𑐢𑐵𑐬𑑄𑐩𑐸𑐣𑐷𑐣𑐵𑑄𑐖𑐶𑐣𑐐𑐸𑐬𑐸𑐱𑐸𑐨
84cc8c61,𑑉𑐣𑐩𑑅𑐱𑑂𑐬𑐷𑑓𑐴𑐬𑐵𑐴𑐬𑐮𑑀𑐎𑐾𑐱𑑂𑐰𑐬𑐵𑐫𑑋𑑋𑐮𑑀𑐎𑐾𑐱𑑂𑐰𑐬𑑄𑐱𑐶𑐬𑑄𑐳𑐵𑐣𑑂𑐟𑑄𑑍𑐀𑐩𑑀𑐑𑐐𑐸𑐞
43d89czf,𑐴𑐩𑐴𑐵𑐰𑐶𑐴𑐵𑐬𑐾𑐲𑑂𑐛𑐶𑐟𑐩𑐥𑐶𑐎𑐸𑐮𑐩𑐵𑐣
db202256,𑐥𑐵𑐡𑐸𑐎𑐵𑐠𑐵𑐥𑐣𑐵𑐫𑐵𑐒𑐵
00zz80c9,𑐰𑐱𑑂𑐬𑐷𑐨𑐹𑐥𑐟𑐷𑐣𑐵𑑄𑐳𑐨𑐵𑐳𑑂𑐠𑐵𑐣𑑄𑐳𑐣𑑂𑐩𑐞𑐶𑐩𑐞𑑂𑐜𑐥𑑄𑐳𑐸𑐮𑐮𑐶𑐟𑐖𑐷𑐬𑑂𑐞𑐟𑑂𑐰𑐥𑐵𑐳𑑂𑐫𑐡𑑂𑐬𑐸𑐟𑑄𑐳𑑄𑐐𑐷𑐟𑐵𑐬𑑂𑐞𑑂𑐞𑐰𑐥𑐵
f1fzf1fc,𑐖𑐵𑐬𑐵𑐴𑐣𑐫𑐵𑐒𑐵𑑍𑐳𑐹𑐬𑑂𑐫𑑂𑐫𑐬𑐵𑐩𑑍𑐥𑐬𑑂𑐱𑐸𑐬𑐵𑐩𑐨𑐵𑐮𑑀𑐣𑐾𑐩𑑂𑐴𑑄𑐦𑐸𑐎𑐶𑐖𑐣
99fc88b0,𑑊𑑉𑐀𑐡𑑂𑐫𑐱𑑂𑐰𑐫𑐟𑐧𑐵𑐮𑐵𑐖𑑂𑐘𑐵𑐎𑐮𑑂𑐥𑐾𑐧𑐰𑐱𑑂𑐰𑐟𑐩𑐣𑑀𑑄𑐟𑐬𑑍𑐎𑐮𑐶𑐐𑐸𑐖𑐸𑐐𑐨
77c23c28,𑐢𑐵𑐣𑑂𑐫𑑍𑐁𑐬𑑂𑐫𑑂𑐫𑐵𑐰𑐬𑑂𑐟𑑂𑐟𑐡𑐾𑐱𑐾𑑍𑐱𑑂𑐬𑐷𑑒𑐩𑐢𑑂𑐫𑐾𑐥𑐸𑐬𑐷𑐠𑐵𑐣𑐾𑑍𑐱𑑂𑐬𑐷𑑓𑐧𑐵𑐮𑐎𑑀𑐩𑐵𑐮𑐷𑑍𑐣𑑄𑐮𑐲𑐎
a26015a2,𑐱𑑂𑐰𑐳𑐶𑑄𑐴𑐨𑐵𑐬𑑀𑑌𑐰𑑂𑐫𑐳𑐟𑐩𑐣𑐶𑐐𑑂𑐮𑐎𑑀𑐰𑐶𑐕𑐾𑐩𑐣𑑀𑐴𑐬𑐶𑐳𑐶𑑄𑐴𑐨𑐵𑐬𑑀𑐨𑑂𑐬𑐵𑐟𑑂𑐟𑐾𑐨𑐵𑐐𑐳𑐶𑑄𑐴𑐨𑐵𑐬𑑀𑑄𑑍𑐩𑐣𑐶𑐎𑐬𑐵𑐖𑐨𑐵𑐬𑑀𑐨𑑂𑐬𑐵𑐟𑑂𑐟𑐾
a1c9b374,𑐥𑐱𑐸𑐥𑐟𑐶𑐥𑐵𑐡𑐥𑐵𑐠𑑀𑐖𑐥𑐬𑐵𑐐𑐬𑐵𑐐𑐶𑐟𑐱𑑂𑐬𑐷𑐩𑐣𑑂𑐩𑐵𑐣𑐾𑐱𑑂𑐰𑐬𑐷𑐲𑑂𑐚𑐡𑐾𑐰𑐟𑐵𑐰𑐬𑐮𑐎𑑂𑐲𑐥𑑂𑐬𑐳𑐵𑐡𑐡𑐾
1fb3f4b2,𑐫𑐞𑐠𑑂𑐰𑐫𑐵𑐣𑐎𑐾𑐴𑐾𑐬𑐵𑐖𑐎𑐸𑐩𑐵𑐬𑐱𑑂𑐬𑐷𑐱𑑂𑐬𑐷𑐬𑐸𑐥𑐩𑐟𑐶𑐡𑐾𑐰𑐷𑐠𑑂𑐰𑐫𑐵𑐣𑐎𑐾𑐴𑐾𑐬𑐵𑐖𑐎𑐸𑐩𑐵𑐬𑐷𑐱𑑂𑐬𑐷𑐱𑑂𑐬𑐷
871zf268,𑐩𑐸𑐬𑐵𑐳𑐾𑐎𑐬𑐾𑐒𑐕𑐔𑐵𑐏𑐶𑐮𑐶𑐖𑐸𑐬𑑀𑐠𑑂𑐰𑐧𑐾𑐬𑐳𑐠𑐬𑐥𑐵𑐨𑐶𑐎𑑂𑐲𑐸𑐱𑑂𑐬𑐷𑐧𑐾𑐏𑐵𑐳𑐶𑑄𑐴𑐡𑐾𑐰𑐰𑐵𑐴𑐵𑐮𑐫𑐵𑐰𑐾𑐳𑐟𑐰𑐶𑐕𑐾𑐰𑐵𑐴𑐵𑐬𑐫𑐵𑐰𑐶𑐱𑑂𑐰𑐬𑐵𑐩𑐨𑐵
52c2f1a7,𑐥𑐮𑐔𑐫𑐬𑑂𑐣𑐣𑑂𑐡𑐳𑐹𑐣𑑀𑐎𑐵𑐬𑐶𑑋𑐫𑐳𑑂𑐩𑐶𑐣𑑂𑐱𑑂𑐬𑐷𑐎𑐺𑐲𑑂𑐞𑐩𑐸𑐬𑑂𑐟𑐶𑑅𑐱𑐱𑐶𑐣𑐶𑐱𑐱𑐱𑑂𑐰𑐵𑐨𑐵𑐟𑐶𑐩𑐸𑐔𑐾𑐡𑐢𑑁𑐑𑑄𑐫𑐵𑑄𑐡𑐺𑐲𑑂𑐚𑑂𑐰𑐰𑐩𑐬𑑂𑐟𑑂𑐫𑑀
04bb7ba7,𑐰𑐷𑐣𑑂𑐡𑑂𑐬𑐥𑑂𑐬𑐟𑐵𑐥𑐎𑑂𑐲𑐶𑐟𑐶𑐣𑑂𑐡𑑂𑐬𑑅𑐩𑑂𑐟𑐸𑐟𑐶𑑄𑐣𑐶𑐬𑑂𑐩𑑂𑐩𑐩𑐡𑐾𑐰𑐡𑐾𑐰𑑂𑐫𑐵𑐨𑐰𑐵𑐣𑑂𑐫𑐵𑑅𑑋𑐂𑐩𑐵𑐩𑐩𑑂𑐰𑐶𑐎𑐵𑐥𑑂𑐬𑐷𑐟𑐶𑐴𑐾𑐟𑑀𑐲𑑂𑐫𑐛𑐾𑐟𑑍𑐱𑑂𑐬𑐶
851a6c4b,𑐳𑑂𑐫𑑍𑐰𑐶𑐔𑐬𑐳𑐵𑐠𑐾𑐔𑑀𑐒𑐁𑐥𑐬𑐳𑐸𑐣𑐵𑐣𑑄𑐳𑐾𑐣𑐎𑑂𑐬𑐳𑐵𑐧𑐸𑐡𑑂𑐢𑐑𑐵𑐟
z700dz7b,𑐣𑐵𑐔𑐵𑐬𑑂‍𑐫𑐱𑑂𑐬𑐷𑐖𑐷𑐰𑐱𑑂𑐬𑐩𑐖𑐹𑐳𑐨𑐵𑐬𑑂‍𑐫𑐵𑐱𑑂𑐬𑐷𑐥𑐞𑑂𑐞𑐸𑐣𑐶𑐮𑐎𑑂𑐲𑑂𑐩𑐷𑐳𑑌𑐥𑐡𑑂𑐩𑐮
09c79z85,𑐠𑑂𑐰𑐡𑐾𑐰𑐮𑐳𑐮𑑂𑐴𑑀𑐣𑐾𑐩𑐵𑐮𑐎𑐵𑐮𑐾𑐩𑐾𑐰𑐣𑐮𑑂𑐴𑑀𑐒𑐩𑐡𑐟𑐳𑐵𑐰𑑂𑐫𑐳𑐟𑐥𑐣𑐶𑐳𑑂𑐫𑐔𑐶𑐣𑑂𑐟𑐵𑐫𑐵𑐒𑐣𑐡𑐾𑐰𑐫𑐵𑐰𑐳𑑂𑐟𑐸𑐣𑐮𑑂𑐴𑑀𑐣𑐾𑐩𑐵𑐮𑐖𑐸𑐬𑑀𑑌𑐠𑑂𑐰𑐡𑐾
5d534bf9,𑐔𑐶𑐣𑑂𑐴𑐾𑐰𑐟𑑂𑐳𑐬𑐾𑐰𑐶𑐲𑑂𑐞𑐸𑐴𑐾𑐟𑑀𑑅𑐎𑐣𑐎𑐬𑐔𑐶𑐟𑐎𑐸𑐩𑑂𑐨𑑄𑐩𑐾𑐡𑐶𑐣𑐷𑐱𑑀𑐰𑑂𑐫𑐢𑐣𑑂𑐟𑑌𑐱𑐸𑐨𑐩𑐳𑑂𑐟𑐸𑐳𑐬𑑂𑐰𑑂𑐰𑐖𑐐𑐟𑐵𑑄𑐱𑐶𑐰𑑄𑑌
81f1fd02,𑐳𑑂𑐠𑐵𑐣𑐳𑑂𑐫𑐂𑐴𑐾𑐰𑐥𑐹𑐞𑑂𑐫𑐨𑐹𑐩𑑁𑑌𑐀𑐡𑑂𑐫𑑅𑐱𑑂𑐬𑐵𑐰𑐞𑐩𑐵𑐳𑑂𑐫𑐱𑐎𑑂𑐬𑐥𑐎𑑂𑐲𑐟𑐺𑐟𑐶𑐫𑐵𑐟𑐶𑐠𑑁𑐥𑐹
b862a302,𑑘𑑓𑑐𑐔𑐟𑑂𑐬𑐎𑐺𑐲𑑂𑐞𑑍𑐀𑐩𑐵𑐰𑐵𑐱𑑂𑐫𑐵𑑍𑐳𑑀𑐩𑐧𑐵
517c1877,𑐟𑐶𑐔𑐶𑐎𑑄𑐀𑐚𑐣𑐰𑐶𑐒𑐵𑐰𑐥𑑂𑐬𑐟𑐶𑐲𑑂𑐛𑐵𑐫𑐵𑐒𑐵𑐖𑐸𑐮𑑀𑑋𑑋𑐀𑐰𑑂𑐫𑐧𑑂𑐬𑐴𑑂𑐩
95z5a8b7,𑐖𑑀𑐟𑐶𑐧𑐸𑐬𑑀𑑑𑑋𑑋𑐮𑐵𑐐𑑄𑐧𑐸𑐬𑑀𑑑𑐳𑐩𑑂𑐧𑐸𑐟𑐶𑑄𑐧𑐸𑐎𑑂𑐬
adczf720,𑐳𑑂𑐠𑐵𑐥𑐣𑐵𑐫𑐵𑐒𑐵𑐖𑐸𑐬𑑀𑑋𑑋𑐨𑐵𑐏𑐵𑐠𑑂𑐰𑐒𑐸𑐬𑐾𑐳𑐸𑐣𑐵𑐣𑑄𑑍𑐳𑐾𑐣𑐎𑐰𑐳𑐵𑑍𑐳𑐶𑑄𑐕𑐾𑐟𑑂𑐰𑐵𑐎𑐱𑑂𑐰𑐟
474d895c,𑐟𑑀𑐮𑐐𑑂𑐰𑐵𑐥𑐳𑐮𑐟𑑀𑐮𑐫𑐵𑐡𑐎𑑂𑐲𑐳𑐵𑐮𑐳𑐔𑑀𑐣𑐩𑑂𑐴𑑚𑐩𑐵𑐣𑐢
zf495364,𑐫𑐵𑐒𑐣𑐱𑑂𑐬𑐷𑑓𑐧𑐖𑑂𑐬𑐵𑐳𑐣𑐀𑐎𑑂𑐲𑑀𑐨𑑂𑐫𑐳𑐎𑐾𑐱𑑂𑐬𑐷𑑓𑐔𑐎𑑂𑐬𑐳𑐩𑑂𑐧𑐬𑐴𑐾𑐬𑐸𑐎𑐳𑐎𑐾
4005caz2,𑑑𑑑𑐧𑐸𑐢𑐧𑐵𑐬𑐎𑐹𑐣𑑂𑐴𑐹𑑍𑐱𑑂𑐬𑐷𑑒𑐐𑐬𑐹𑐜
715cd3db,𑐠𑐰𑐰𑑀𑐡𑐖𑐣𑐡𑐎𑑀𑐰𑑀𑐒𑐵𑐰𑐫𑐵𑐒𑐵𑐠𑑂𑐰𑐟𑐾
c3f36763,𑐥𑑄𑐔𑐵𑐩𑐺𑐟𑑄𑐥𑑄𑐔𑑀𑐥𑐔𑐵𑐬𑐥𑐸𑐖𑐵𑐔𑐵𑐎𑑂𑐬𑐩𑐟𑐕𑑀𑐫𑐎𑐾𑐔𑐾𑐎𑑄𑐎𑐸𑑒𑐡𑐸𑐠𑐾𑑌𑐳𑑂𑐰𑐵𑐣𑐫𑐵𑐟𑐎𑐸
3b3750a1,𑐎𑐖𑐸𑐬𑑀𑑍𑐠𑑂𑐰𑐟𑐶𑐮𑑂𑐴𑐵𑐳𑐾𑐟𑐎𑑀𑐫𑐵𑐟𑐳𑐵𑐩𑐴𑐵𑐥𑐸𑐣𑑂𑐫𑐮𑐵𑐎𑐖𑐸𑐬𑑀𑑌𑐠𑑀𑐐𑐸𑐬𑐮𑑀𑐴𑑀𑐫𑐵𑐳𑐶𑑄𑐴𑐵
05f6c1za,𑐩𑐏𑐣𑐩𑐱𑐥𑐡𑐵𑐣𑐰𑐣𑐸𑐩𑐳𑐕𑐾𑐫𑐵𑐠𑐵𑐥𑐶𑐟𑐢𑐬𑑂𑐩𑑂‍𑐩𑐵𑐟𑐳𑑂𑐫𑐢𑐣𑐳𑐶𑑄𑐴𑐨𑐵𑐬𑑀
0520bcza,𑐱𑑂𑐬𑐷𑑕𑐩𑐴𑐵𑐬𑐵𑐖𑐢𑐶𑐬𑐵𑐖
f743234a,𑐣𑑂𑐴𑐶𑐟𑐵𑐬𑑂𑐠𑑌𑐣𑐾𑐥𑐵𑐮𑐳𑐩𑑂𑐰𑐟𑐿𑐳𑑂𑐩𑐶𑐣𑐥
zbz4f418,𑐨𑐵𑐬𑑂𑐫𑑂𑐫𑐵𑐧𑐾𑐏𑐵𑐮𑐎𑑂𑐲𑑂𑐩𑐷𑐟𑐺𑐟𑐷𑐫𑐥𑐸𑐟𑑂𑐬𑐖𑑀𑐐𑐢𑐬𑑍𑐎𑐵𑐣𑑂𑐟𑐐𑐖𑑍𑐮
95ca2f97,𑐣𑐾𑐐𑐸𑐬𑐶𑐡𑐫𑐎𑐵𑐥𑐘𑑂𑐔𑐣𑑄𑐳𑐾𑐮𑑂𑐴𑑀𑐰𑐶𑐔𑐵𑐬𑐫𑐵𑐎𑐾𑐩𑐵𑐮𑑋𑐏𑑄𑐴𑑂𑐩𑐵
18167cb9,𑐩𑐾𑐟𑐵𑐨𑐵𑐖𑐸𑐣𑐵𑐩𑑀𑐰𑐶𑐩𑐵𑐟𑐺𑐎𑐵𑑋𑑋𑐢
fc310d22,𑐔𑑄𑑍𑐳𑐵𑐣𑐣𑑂𑐡𑑄𑐎𑐶𑐮𑐳𑐹𑐬𑑂𑐫𑑂𑐫𑐬𑐵𑐩𑐎𑐂𑐟𑐶𑐥𑑂𑐬𑐏𑑂𑐫𑐵𑐟𑐣𑐵𑐩𑐵𑐳𑐸𑐢𑐷𑑅𑑋
80568da0,𑐎𑑄𑐰𑐸𑐎𑐬𑐷𑐰𑐖𑑍𑐩𑐵𑐢𑐰𑑄𑐬𑐹𑐐𑑂𑐩𑐳𑑄𑐎𑐵𑐱𑑄𑑍𑐥𑑂𑐬𑐨𑐸𑐡𑐾𑐰𑐣𑐩𑑀𑑇𑐳𑑂𑐟𑐸𑐟𑐾𑑋𑑋𑐱𑑂𑐬𑐷𑐱𑑂𑐬𑐷
33z46c5f,𑐳𑐣𑐩𑐴𑐵𑐬𑐵𑐖𑐵𑐢𑐶𑐬𑐵𑐖𑐰𑐷𑐬𑐱𑑂𑐬𑐷𑐱𑑂𑐬𑐷𑐖𑐫𑐖𑑀𑐐𑐣𑐬𑐾𑐣𑑂𑐡𑑂𑐬𑐩𑐮𑑂𑐮𑐥𑑂𑐬𑐨𑐸𑐠𑐵𑐎𑐸𑐬𑐫𑐵𑐖𑐸𑐬𑑀𑑌𑐠𑑂𑐰
d7039189,𑐲𑐵𑐐𑑂𑐰𑑒𑐡𑑂𑐫𑐵𑑄𑐣𑑂𑐚𑐀𑐳𑑂𑐟𑐵𑐩𑐳𑐶𑐴
fd8ca736,𑐧𑐵𑐣𑐣𑑂‍𑐡𑐎𑑀𑐴𑑀𑐡𑐔𑑂‍𑐟𑐔𑑀𑐣𑐵𑐰𑐾𑐬𑐳𑑅𑐢𑐬𑑂𑐩𑑂‍𑐩𑐔𑐶𑐟𑑂‍𑐟𑐄𑐟𑐥𑐟𑑂‍𑐟𑐶𑐖𑐸𑐫𑐵𑐜𑑀𑐠𑑂‍𑐰𑐎𑐸
a1b9b38f,𑐳𑐮𑐖𑑀𑐡𑐸𑐕𑐾𑐫𑐵𑐟𑐸𑐬𑐵𑐢𑐮𑐖𑐾𑐲𑑂𑐚𑐐𑑀𑐰𑐢𑑄𑐳𑐶𑐟𑐳𑑂𑐫𑐨𑐵𑐬𑑂𑐫𑑂𑐫𑐵𑐖𑐐
50zz7z5c,𑐞𑐴𑑀𑐟𑑁𑑋𑐖𑐐𑐣𑑂𑐩𑐵𑐟𑐬𑐸𑐡𑑂𑐣𑐵𑐬𑐖𑐟𑑂𑐟𑑂𑐬𑐷𑐟𑑂𑐰𑐩𑐾𑐎𑐵𑑍𑐱𑐶𑐱𑑀𑐬𑑂𑐩𑑂𑐩𑐥𑐬𑐵𑐢𑐵𑐣𑐰𑐵𑐨𑐵𑐰𑐣𑐷𑐫𑐵𑑅𑑌𑑙𑑌𑐡𑐶𑐣𑐾𑐐𑑀𑐢𑐣𑐾𑐱𑑀𑐖
f3b1f64c,𑐱𑑂𑐬𑐷𑑕𑐩𑐴𑐵𑐬𑐵𑐖𑐵𑐬𑐵𑐖𑐬𑐵𑐖𑐾𑐣𑑂𑐡𑑂𑐬𑐧𑐶𑐎𑑂𑐬𑐩𑐳𑐵𑐴𑐡𑐾𑐰𑐳𑑂𑐫𑐧𑐶𑐖𑐫𑐾𑐬𑐵𑐖𑑂𑐫𑑌
11114859,𑐢𑐌𑐟𑐶𑐫𑐵𑐟𑐣𑐵𑐩𑐣𑐠𑑂𑐰𑐳𑐵𑐬𑐶𑐎𑐡𑐫𑐎𑐵𑐖𑐸𑐬𑑀𑑌𑐱𑐸𑐨𑐩𑐩
a0ad5cc7,𑐎𑐸𑐬𑐫𑐵𑐔𑐬𑐞𑐬𑐰𑐶𑐣𑑂𑐡𑐥𑐹𑐖𑐵𑐫𑐵𑐎𑑌𑑌𑐨𑐵𑐲𑐵𑐧𑐸𑐬𑑀𑐰𑑙𑐟𑐾𑐐𑐵𑑄𑐰𑐸𑐬𑑀𑐏𑑀𑑄𑐣𑐵𑐐𑐬𑐶𑐠𑑂𑐰𑑀
5dz474z1,𑐨𑐺𑐔𑑂𑐕𑐒𑑂𑐐𑐵𑐚𑐰𑐷𑐩𑐞𑑂𑐜𑐶𑐣𑐷𑐩𑑀𑐴𑐢𑑂𑐰𑐵𑐣𑑂𑐟𑐰𑐶𑐣𑐵𑐱𑐶𑐣𑐷𑐳𑐸𑐬𑐨𑐫𑐔𑑂𑐕𑐾𑐡𑑀𑐟𑑂𑐳𑐰𑑀
d4c4a7a5,𑐡𑐾𑐳𑐾𑑋𑑋𑑉𑐀𑐡𑑂𑐫𑐱𑑂𑐬𑐵𑐰𑐞𑐩𑐵𑐳𑐾𑑍𑐱𑐸𑐎𑑂𑐮𑐥𑐎𑑂𑐲𑐡𑐳𑐩𑐺𑐐𑐱𑐶𑐮𑑍𑐧𑐶𑐳𑐎𑑄𑐩𑑂𑐨𑑍𑐖𑐠𑐵𑐎
b28813a1,𑐐𑑂𑐬𑐞𑐥𑐟𑐶𑑌𑐱𑑂𑐬𑐷𑐳𑐹𑐬𑑂𑐫𑑂𑐫𑑌𑐱𑑂𑐬𑐷𑐣𑐵𑐬𑐵𑐫𑐞𑑌𑐱𑑂𑐬𑐷𑐡𑐸𑐬𑑂𑐐𑑂𑐐𑐵𑐳𑐴𑐶𑐟𑑌𑐱𑑂𑐬𑐷𑑓𑐣𑐵𑐬𑐵𑐫𑐞𑐾𑐱𑑂𑐰𑐬
c2c19464,𑐡𑐾𑐰𑐟𑑂‍𑐥𑐟𑑂𑐣𑐷𑐮𑐎𑑂𑐲𑑂𑐩𑐷𑐡𑐾
f41023d8,𑑊𑐳𑐩𑑂𑐰𑐟𑑘𑑖𑑑𑐩𑐸𑑋𑐱𑐸𑐣𑐰𑐡𑐶𑑑𑑔𑐬𑐸𑐥𑑂𑐬𑐵𑐳𑐣𑐶𑐡𑐸𑐟𑐵𑑄𑑌𑐱𑐸𑐨𑑄𑑌
1798541c,𑐱𑑂𑐬𑐷𑐥𑐺𑐠𑐶𑐰𑐷𑐰𑐷𑐬𑐰𑐶𑐎𑑂𑐬𑐩
91b6119a,𑐬𑐶𑐟𑑍𑐱𑐟𑐱𑑂𑐬𑐷𑐎𑐾𑐱𑐔𑐣𑑂𑐡𑑂𑐬𑐎𑐺𑐟𑐥𑐵𑐬𑐵𑐰𑐬𑑂𑐟𑐩𑐴𑐵𑐰𑐶𑐴𑐵𑐬𑐢𑐶𑐲𑑂𑐛𑐶𑐟𑑍𑐧𑐖𑑂𑐬𑐵𑐔𑐵𑐬𑑂𑐫𑐱𑑂𑐬𑐷
d763af2c,𑐊𑐎𑐵𑐡𑐱𑐷𑐎𑐬𑑂𑐎𑑂𑐎𑐟𑐾𑑋𑐰𑐩𑐵𑐬𑑂𑐫𑐟𑐸𑐮𑐳𑐷
76cc8c31,𑐁𑐫𑐥𑑂𑐬𑐟𑑂𑐫𑐵𑐫𑐡𑐸𑐣𑑂𑐟𑐵𑑌𑐬𑑀𑑑𑑒𑐒𑐏𑑀𑐐𑐸𑐜𑑀𑐥𑐵𑐎𑑀𑐬𑑀𑑗𑐰𑑄𑐠𑐔𑑀𑐎𑑀𑐬𑑀𑑙𑐲𑐸𑐟𑐶𑑄𑐖𑑀𑐬𑐳𑐾𑑗𑐟𑐰𑐡𑐴𑐳𑐶𑐬𑑀𑑕𑐰𑐮𑐏𑑀
5400568z,𑐖𑐸𑐧𑐵𑐴𑐵𑐬𑐫𑐵𑐡𑐾𑐰𑐖𑐸𑐠𑑂𑐰𑐧𑐾𑐮𑐳𑑋𑑋𑐡𑐬𑑂𑐱
13a4d052,𑐫𑐵𑐟𑐑𑐾𑐮𑐀𑐲𑑂𑐚𑐵𑑒𑐐𑐸𑐐𑑂𑐐𑐸𑐬𑐸𑐖𑑒𑐩𑐢𑐸𑐥𑐬𑑂𑐎𑑂𑐎𑐡𑑄𑑑𑐩𑐵𑐑𑐾𑐫𑐵𑐟𑐑𑐾𑐮𑐎𑐸𑐜𑑒𑐳𑐵𑐏𑐎𑐸𑐜𑑒𑐩𑐬𑐔𑐡𑑄𑑖𑐠𑑂𑐰𑐟𑐾𑐩𑐵𑐑𑐾𑐕𑐵𑐫
010b246b,𑐱𑐸𑐨𑑌𑐳𑐩𑑂𑐰𑐟𑑂‌𑑙𑑘𑑑𑐩𑐵𑐑𑐎𑐺𑐲𑑂𑐞𑑌𑐡𑐱𑐩𑐷𑑌𑐥𑐸𑐬𑑂𑐑𑐵𑐲𑐵𑐝𑐵𑐣𑐎𑑂𑐲𑐟𑑂𑐬𑐾𑑌
f680dd5c,𑐫𑐵𑐟𑐳𑐵𑐣𑐬𑐔𑐮𑐎𑐫𑐵𑐟𑐳𑐾𑐣𑐎𑐬𑐳𑐵𑑍𑐥𑑄𑐔𑐩𑐴𑐵𑐥𑐵𑐟𑐎𑐬𑐵𑐎𑐱𑑂𑐬𑐷
6685bz35,𑐫𑐵𑐒𑐵𑐰𑐥𑑂𑐬𑐟𑐶𑐲𑑂𑐛𑐵𑐫𑐵𑐒𑐧𑐶𑐧𑐖𑑂𑐫𑐫𑐎𑑌𑐩𑐴𑐵𑐬𑐵𑐖𑐵𑐫𑐵𑐁𑐖𑑂𑐘𑐵𑐣𑐳𑑂𑐰𑐠𑐫𑐵𑐱𑐶𑐰𑐴𑐬𑐶𑐫𑐵𑐥𑐸𑐟𑑂𑐬𑐢𑑀
2cz1d36z,𑐀𑐩𑐵𑐟𑑂𑐫𑑍𑐮𑐎𑑂𑐲𑑂𑐩𑐷𑐣𑐵𑐬𑐵𑐫𑐞𑐨𑐵𑐬𑑀𑑍𑐮𑐾𑐰𑐵𑐨𑐵𑐬𑑀𑑍𑐮𑐎𑑂𑐲𑑂𑐩𑐷𑐢𑐬𑐨𑐵𑐬𑑀𑑍𑐠𑑂𑐰𑐟𑐾𑐳𑐾𑐣𑑍𑐠𑑂𑐰𑐔𑑀𑐳𑑂𑐫𑑄𑐟𑐎𑑀𑐰𑐬𑑂𑐲𑐥𑑂𑐬𑐟𑐶𑐀𑐰𑐶𑐕𑐶𑐣𑑂𑐣𑐫𑐵𑐒𑐔𑐶𑐣𑑂𑐟
d6aa09f5,𑐎𑐬𑐵𑐎𑐖𑐸𑐬𑑀𑑌𑐩𑐳𑐾𑐣𑐎𑑄𑐨𑐶𑐣𑐎𑑂𑐬𑐳𑐵𑑍𑐄𑐟𑑂𑐬𑑀𑐎𑑂𑐟𑐦𑐮𑐬𑐵𑐎𑐖𑐸𑐬𑑀𑑌
72a334z3,𑐩𑐶𑐟𑐶𑐧𑐿𑐱𑐵𑐲𑐱𑐸𑐎𑑂𑐮𑐥𑐘𑑂𑐔𑐩𑐶𑐩𑐺𑐐𑐱𑐶𑐬𑐵𑐣𑐎𑑂𑐲𑐟𑑂𑐬𑐀𑐟𑐶𑐐𑐣𑑂𑐢𑐖𑑀𑐐𑐫𑐠𑐵𑐎
1241a678,𑐥𑑄𑐔𑐬𑑀𑐥𑐞𑐶𑐎𑑄𑐬𑑀𑐰𑐒𑐵𑑕𑑍𑐀𑐦𑐮𑐰𑐸𑐎𑑂𑐲𑐾𑐟𑑂𑐬𑐟𑑂𑐬𑐫𑐬𑑀𑐥𑐞𑐶𑐎𑑄𑐬𑑀𑐰𑐳𑑂𑐰𑑓𑐕𑑀𑐀𑐦𑐮𑐎𑑂𑐲𑐾𑐟𑑂𑐬𑐥𑑄𑐔𑐬𑑀𑐥𑐞𑐶𑐎𑐬𑑀𑐰𑐒𑐵𑑕𑑍𑐂𑐡𑑀𑐮𑐎𑑂𑐲𑐾𑐟𑑂𑐬𑑄
358d47cf,𑐎𑑂𑐲𑐸𑐱𑑂𑐬𑐷𑐰𑐵𑐳𑐶𑑄𑐴𑑍𑐱𑐵𑐎𑑂𑐫𑐨𑐶𑐎𑑂𑐲𑐸𑐱𑑂𑐬𑐷𑐩𑑄𑐎𑐳𑐶𑑄𑐴𑐱𑐵𑐎𑑂𑐫𑐨𑐶𑐎𑑂𑐲𑐸𑐖𑐫𑐳𑐶𑑄𑐴𑐡𑐾𑐰𑑍
018cz615,𑑌𑐡𑑂𑐬𑑁𑐥𑐟𑐷𑐳𑐴𑐶𑐟𑑄𑐨𑐷𑐩𑑄𑑍𑐩𑑄𑐣𑑂𑐡𑐶𑐬𑐾𑐞𑐳𑐩𑐣𑑂𑐰𑐶𑐟𑑄𑑋𑐊𑐟𑐡𑑂𑐡𑐶
c377z11b,𑐟𑑂𑐬𑐥𑐶𑐔𑐱𑐶𑐧𑐧𑑂𑐬𑐩𑑂𑐴𑐳𑐸𑐟𑑂𑐬𑑄𑐔𑐣𑐶𑐟𑑂𑐫𑑄𑐣𑐿𑐧𑐾𑐡𑑂𑐫𑐵𑐣𑑂𑐟𑑄𑐩𑐡𑐵𑐟𑑄𑑅𑐱𑐶𑐧𑐥𑐡𑐎𑐩𑐮𑐍𑐨𑐵𑑍
9z9972c5,𑑉𑐣𑐩𑑅𑐱𑑂𑐬𑐷𑐐𑐞𑐾𑐱𑐵𑐫𑑋𑑋𑐱𑑂𑐬𑐷𑐔𑐞𑑂𑐜𑐾𑐱𑑂𑐰
za806541,𑑉𑐣𑐩𑑅𑐱𑑂𑐬𑐷𑐩𑐡𑑂𑐬𑐵𑐬𑑂𑐫𑑂𑐫𑐵𑐰𑐮𑑁𑐎𑐶𑐟𑐾
a5zbbaa7,𑐐𑐸𑐞𑐏𑐐𑐱𑐶𑐎𑐵𑐬𑑂𑐟𑐶𑐎𑐾𑐱𑐸𑐎𑑂𑐮𑐥𑐎𑑂𑐲𑐾
0z2cc06d,𑐨𑐫𑑀𑑅𑐳𑑂𑐠𑐵𑐥𑐫𑐵𑑌𑑓𑑌
z458b49z,𑐚𑐶𑐎𑑀𑐚𑐶𑐡𑐸𑐣𑑂𑐡𑐸𑐨𑐶𑐡𑑀𑐡𑐵𑐒𑑂𑐎𑐫𑐬𑐥𑑂𑐬𑐮𑐫𑐐𑐬𑑂𑐖𑑂𑐖𑐡𑑂𑐰𑐵𑐬𑐵𑐢𑐬𑐢𑐵𑐣𑐢𑑂𑐰𑐣𑐶𑐟𑐡𑐶𑐰𑑂𑐳𑑂𑐎𑐞𑑂𑐜𑐮𑐵𑐳𑑂𑐰𑐞𑑂𑐜𑐮𑐣𑐶𑐖𑐫𑐱𑐏𑐞𑑂𑐜𑐷
172zf83d,𑐰𑐵𑐳𑑁𑐨𑐰𑐵𑐧𑑂𑐢𑐾𑑅𑑌𑐣𑐾𑐥𑐵𑐮𑐾𑐰𑐟𑑂𑐳𑐸𑐬𑐾𑐳𑑂𑐩𑐶𑐣𑐣𑐫𑐣𑐱𑐬𑐐𑐖𑐬𑑄𑐎𑐶𑐟𑐾𑐖𑑂𑐫𑐾𑐲𑑂𑐛𑐩𑐵𑐳𑐾𑑍𑐥𑑄𑐔𑐩𑑂𑐫𑐵𑑄𑐱𑐸𑐎𑑂𑐮𑐥𑐎𑑂𑐲𑐾𑑍𑐳𑐸𑐬𑐐𑐞𑐐𑐸𑐬𑐸𑐨𑐾𑐰𑐺𑐡𑑂𑐢𑐶𑐫𑑀𑐐𑐾𑑇𑐣𑑂𑐴𑐶𑐳𑑁𑐩𑑂𑐫𑐾
b5090zc9,𑐨𑐵𑐬𑑀𑑍𑐖𑐶𑐟𑐬𑐵𑐖𑐨𑐵𑐬𑑀𑑍𑐖𑐐𑐟𑐬𑐵𑐖𑐨𑐵𑐬𑑀𑑍𑐟𑑀𑐫𑐨𑐵𑐬𑑀𑑍𑐣𑐵𑐠
c3zd3c7a,𑐠𑑂𑐰𑐟𑐾𑑍𑐬𑑀𑐰𑑔𑐲𑑀𑐣𑐵𑐠𑐬𑐶𑐰𑐸𑐬𑑀𑐰𑑔𑐀𑐦𑐮𑐰𑐸𑐬𑑀𑐰𑑕𑐡𑐸𑐰𑐡𑐸𑐰𑐸𑑍𑐬𑑀𑐰𑑑𑐫𑐵𑐐𑐰𑐸𑑍𑐬𑑀𑐰𑑕𑐖𑐶𑐰𑐶𑐮𑐰𑐸𑑍𑐬𑑀𑐰𑑒𑐦𑐵𑐡𑑀𑐬𑐰𑐸
fd90338c,𑐢𑐵𑐣𑑂𑐫𑑍𑐁𑐬𑑂𑐫𑑂𑐫𑐵𑐰𑐬𑑂𑐟𑑂𑐟𑐡𑐾𑐱𑐾𑑍𑐱𑑂𑐬𑐷𑑒𑐩𑐢𑑂𑐫𑐾𑐥𑐸𑐬𑐷𑐠𑐵𑐣𑐾𑑍𑐱𑑂𑐬𑐷𑑓𑐧𑐵𑐮𑐎𑑀𑐩𑐵𑐮𑐷𑑍𑐣𑑄𑐮𑐲𑐎
cd80df80,𑐮𑐵𑐣𑐶𑐩𑑂𑐟𑑂𑐬𑐷𑐥𑐸𑐬𑐸𑐲𑐫𑐵𑐣𑐵𑐩𑐣𑐡𑐫𑐎𑐵𑐟𑐐𑐸𑐥𑑄𑐔𑐵
8314bzc0,𑐰𑐳𑐟𑐶𑑄𑐎𑐸𑐬𑑂𑐰𑐣𑑂𑐴𑐶𑐎𑑀𑐚𑑂𑐫𑐵𑐴𑐸𑐟𑐶𑐔𑐎𑑂𑐬𑐾𑐎𑐮𑑂𑐥𑐟𑐬𑐸𑑄𑐢𑐬𑐵𑐡𑐶𑐰𑐶𑐲𑐡𑐾𑐡𑐟𑑂𑐰𑐵𑐔𑐟𑐥𑑂𑐟𑐸𑑄𑐐𑐟𑐁𑐳𑐷𑐟𑑂𑐳𑐶𑐡𑑂𑐢𑐶𑐟𑐺𑐳𑐶𑑄𑐴𑐩𑐮𑑂𑐮𑐣𑐺𑐥𑐟𑐶𑑅𑐥𑐸𑐟𑑂𑐬𑐵𑐫𑐬𑐵𑐖𑑂𑐫𑑄𑐡𑐡𑐣𑑂𑑋𑐟𑐳𑑂𑐫
af86d209,𑐫𑐵𑐫𑑍𑐦𑑄𑑕𑑐𑐳𑐨𑐸𑑄𑑍𑐥𑐵𑐣𑐧𑐶𑐫𑑍𑐨𑐹𑑄𑑑𑑐𑐳𑐧𑐸𑑄𑐮𑐵𑐴𑐵𑐟𑐶𑐣𑐧𑐶𑐫𑐎𑐸𑑓𑐩𑑂𑐰𑐵𑐟𑑍𑐎𑐸𑑒𑐮
z4adc0cd,𑐟𑐶𑐩𑐣𑑂𑐫𑐾𑑋𑐩𑐸𑐡𑐵𑐣𑐣𑑂𑐡𑐳𑐣𑑂𑐡𑑀𑐴𑐩𑐐𑑂𑐬𑑄𑐰𑐫𑐸𑐬𑑂𑐩𑑂𑐩𑑍𑐰𑐶𑐢𑐾𑐴𑐶𑐎𑑂𑐰𑐞𑐟𑑂𑐎𑐶𑑄𑐎𑐶𑐞𑐷𑐎𑐾𑐎𑐬𑐵𑐮𑐾𑑌𑑑𑑔𑑌𑐂𑐟𑐶𑐱𑑂𑐬𑐷𑐎
1f89f91d,𑐌𑑍𑐰𑐶𑐔𑐵𑐮𑐫𑐵𑐫𑑍𑐩𑐵𑐮𑐖𑐸𑐬𑑀𑑍𑐄𑐥𑐬𑐵𑑄𑐣𑑂𑐟𑐣𑐴𑐵𑐣𑐾𑑍𑐀𑐳𑑂𑐟𑐶𑐡𑐶𑐣𑐎𑐸𑐣𑑂𑐴𑐸𑑍𑐡𑐾𑐐𑐸𑐮𑐶
d1592zcz,𑐏𑐳𑐩𑐵𑐣𑐰𑐬𑑂𑐞𑑂𑐞𑑄𑑍𑐏𑐐𑐾𑐱𑐏𑐾𑐟𑑂𑐰𑑄𑐣𑐏𑐏𑐜𑑂𑐐𑐩𑐸𑐏𑑂𑐫𑑄𑑋𑐏𑐬𑑂𑐰𑐵𑐰𑐟𑐵𑐬𑑄𑐳𑐸𑐏𑐡𑐵𑐡𑐶𑐮𑐾𑐏𑑄𑑍𑐏𑐶𑐮𑐵𑐨𑐶𑐢𑐵𑐣𑑄𑐥𑑂𑐬𑐞𑐩𑐵𑐩𑐶𑐰𑐶𑐲𑑂𑐞𑐸𑑄𑑌𑐀𑐟𑑅𑐥𑐬𑑄𑐣
006861a8,𑐣𑑂𑐴𑐣𑑂𑐴𑑀𑐫𑐠𑑀𑐳𑑂𑐰𑐣𑐨𑑀𑐖𑐾𑐣𑐎𑐾𑐩𑐵𑐮𑑍𑐩𑑄𑐐𑐥𑐳𑐔𑐶𑑄𑐟𑐵𑐫𑐵𑐎𑐣𑑂𑐴𑐣𑑌𑐧𑐬𑐲𑐸𑐣𑐶𑐔𑐥𑐵𑐮𑐫𑐵𑐖𑑀
4105168f,𑐨𑐵𑐬𑑀𑑍𑐖𑐶𑐟𑐬𑐵𑐖𑐨𑐵𑐬𑑀𑑍𑐖𑐐𑐟𑐬𑐵𑐖𑐨𑐵𑐬𑑀𑑍𑐟𑑀𑐫𑐨𑐵𑐬𑑀𑑍𑐣𑐵𑐠
zbf14ffb,𑐡𑐶𑐣𑐾𑐮𑑀𑐎𑐣𑐵𑐠𑐾𑐏𑐬𑐵𑐐𑑂𑐬𑐿𑑌𑐫𑐵𑐱𑑂𑐬𑐷
3f8b2z00,𑑓𑐧𑑂𑐬𑐵𑐩𑑂𑐴𑐞𑐷𑐩𑑂𑐴𑑄𑑒𑐁𑐔𑐵𑐬𑑂𑐫𑐩𑑂𑐴𑑄𑑒𑐫𑐵𑐳𑐶𑐩𑑂𑐴𑑄𑑑𑐐𑐸𑐠𑐶𑐨𑐵𑐬𑑀𑐩𑑂𑐴𑑄𑑔𑐠𑑂𑐰𑐟𑐾𑐧𑑂𑐬𑐩𑑂𑐴𑐨𑑀𑐖𑐥
z24c3ca3,𑐱𑑂𑐬𑐷𑐩𑐔𑑂𑐕𑐷𑐮𑐥𑐸𑐬𑐣𑑂𑐡𑐬𑑀𑐰𑐶𑐖𑐫𑐟𑐾𑐮𑑀𑐎𑑀𑐟𑑂𑐟𑐬𑐱𑑂𑐰𑐣𑑂𑐡𑑂𑐬𑐰𑐟𑑂𑑌𑐀𑐴𑑄𑐎𑐺𑐟𑐰𑐳𑐸𑐣𑑂𑐢𑐬𑐵𑐢𑐶𑐥𑐩𑐴𑐾𑐨𑐩𑐹𑐬𑑂𑐢𑐵𑐎𑐸𑐱𑑀𑐩𑐴𑐵𑐎𑐸𑐮𑐶𑐳𑐥𑑄𑐘𑑂𑐖𑐬𑑅
d97012fb,𑐎𑐸𑐣𑐵𑐠𑐣𑐬𑐵𑐬𑑂𑐖𑑂𑐫𑐾𑐐𑐵𑐩𑐥𑐵𑐟𑐡𑐎𑑀𑐫𑐵
757z2z43,𑑊𑐳𑑄𑐧𑐟𑑗𑑙𑑗𑐧𑐿𑐱𑐵𑐏𑐱𑐸𑐎𑑂𑐮𑐥𑐸𑐬𑑂𑐞𑑂𑐞𑐩𑐵𑐳𑐷𑐱𑑂𑐬𑐷
aa9z7135,𑐒𑐵𑐡𑐶𑐣𑑋𑐰𑐬𑑂𑐲𑐥𑑂𑐬𑐟𑐶𑐠𑐰𑐦𑐸𑐎𑐶𑐖𑐖𑐸𑐎𑑀𑐳𑑂𑐫
2df18cf1,𑐮𑑀𑐒𑐵𑐌𑐦𑐹𑐟𑐶𑐳𑐮𑐵𑐔𑐎𑑄𑐧𑐶𑐫𑑍𑐎𑐸𑑓𑐋𑐮𑐵𑐠𑑂𑐰𑑍𑐣𑐾𑐧𑐫𑐣𑐶𑑄𑑒𑐀𑐖𑐶𑐠𑑂𑐰𑑍𑐎𑐸𑑑𑐡𑑂𑐫
a781244z,𑐩𑐵𑐮𑑌𑑌𑐨𑐹𑐫𑑀𑐳𑐾𑐮𑑂𑐴𑑀𑐫𑐵𑐟𑐡𑐸𑐣𑑂𑐟𑐵𑐠𑑂𑐰𑐟𑐾𑑍𑐬𑑀𑐰𑑕𑐟𑐩𑐵𑐬𑐵𑐖𑐵𑐰𑐸𑐬𑑀𑐰𑐳𑑂𑐰𑑓𑐧𑐾𑐲𑐵𑐴𑐶𑐟𑐶𑐰𑐸𑑍𑐬𑑀𑐰𑑕𑐳𑐬𑐵𑐰𑐎𑑂𑐲𑐾𑐮𑐰𑐸𑐣𑐾𑐔𑐵𑐟𑐬𑐞𑐠𑑂𑐰
7f7f06b6,𑐮𑐎𑑂𑐲𑑂𑐩𑐷𑐱𑑂𑐔𑐎𑐵𑐩𑐶𑐣𑐶𑐟𑐾𑐲𑐵𑑄𑐔𑐳𑑂𑐰𑐬𑑂𑐐𑐵𑐥𑑂𑐬𑐵
c5zb5a57,𑐣𑑄𑐡𑐸𑐠𑑂𑐫𑐾𑐧𑐬𑑂𑐲𑐥𑑂𑐬𑐟𑑂𑐟𑐶𑐥𑑄𑐔𑐵𑐩𑐺𑐟𑐡𑐫𑐎𑐵𑐌𑐥𑐸𑐖𑐵𑐫𑐵𑐫𑐫𑐵𑐫𑑌𑐱𑐶𑐰𑐬𑐵𑐟𑑂𑐬𑐷𑐎𑐸𑐣𑑂𑐴𑐸
31183df4,𑐳𑐵𑐴𑐵𑐳𑐣𑐬𑑀𑐴𑑀𑐳𑐔𑑀𑐳𑑂𑐎𑐵𑐰𑐟𑐫𑐵𑐖𑐸𑐬𑑀𑑌𑐱𑐸𑐨𑑌𑑌𑐣𑐶𑐖𑐥𑑂𑐬𑐔𑐞𑑂𑐜𑐨𑐸𑐖𑐡𑐞𑑂𑐜𑐰𑐶
c561b36b,𑑓𑐰𑐫𑐧𑐶𑐫𑐩𑐵𑐮𑑌𑐠𑑂𑐰𑐔𑑂𑐫𑐵𑐑𑐟𑐣𑑄𑐱𑑄𑐏𑐥𑐸𑐫𑐎𑐾𑐩𑐵𑐮𑐱𑑄𑐏𑐥𑐸𑐰𑐴𑑂𑐣𑐫𑐵𑐟𑐡𑑄𑑔
3za19473,𑐎𑐸𑐣𑑂𑐴𑐸𑐱𑑂𑐬𑐷𑑒𑐎𑐺𑐲𑑂𑐞𑐵𑐰𑐶𑐲𑑂𑐞𑐸
45608702,𑐟𑐫𑐵𑐟𑐳𑐵𑐥𑑄𑐔𑐩𑑋𑑋𑐔𑑄𑐡𑐵𑐎𑐩𑐾𑐠𑐶𑐬𑑋𑑋𑑐𑑋𑑋𑐱𑐸𑐨𑑋𑑋
644393dz,𑐱𑑂𑐬𑐷𑑓𑐔𑐎𑑂𑐬𑐳𑐰𑐮𑑍𑐡𑐾𑐰𑐥𑑂𑐬𑐷𑐟𑐶𑐣𑑍𑐏𑐳𑑂𑐟𑐶𑐱𑑂𑐬𑐷𑐱𑑂𑐬𑐷𑐖𑐫𑐫𑐟𑐵
1df74400,𑐖𑐸𑐬𑑀𑐟𑐟𑐵𑐖𑐰𑐚𑐫𑐵𑐥𑐵𑐎𑐧𑐹𑐮𑑀𑑔𑐧𑐵𑐴𑐵𑐬𑐖𑐸𑐮𑑀
06873403,𑐖𑐸𑐢𑐣𑐖𑐸𑐟𑐶𑐬𑐶𑐖𑐸𑐳𑐬𑐎𑑂𑐲𑑂𑐩𑐶𑐨𑑀𑐕𑐶𑐳𑐾𑐣𑐡𑐫𑐾𑐎𑐵𑐳𑐶𑐬𑐵𑐩𑐫𑐬𑑂𑐔𑐾𑐟𑑂𑐫𑐠𑑂𑐰𑐧𑐵𑐟𑐩
66087b6c,𑐣𑐠𑑀𑐩𑐞𑑂𑐜𑐥𑐡𑐫𑐎𑐵𑐫𑐵𑐳𑐩𑐳𑑂𑐟𑑄𑐔𑐶𑑄𑐟𑐵𑐫𑐵𑐒𑐵𑐰𑐩𑐴𑐵𑐎𑐲𑑂𑐚𑐫𑐵𑐒𑐵𑐰𑐩𑐴𑐵𑐬𑐵𑐖𑐵𑐫𑐵𑐳𑐾
c79541fb,𑑅𑑌𑑑𑑒𑑌𑐰𑐶𑐥𑐟𑑂𑐟𑐵𑐬𑐞𑐵𑐡𑐸𑐐𑑂𑐬𑐟𑐵𑐬𑐵𑐥𑑂𑐬𑐳𑐶𑐡𑑂𑐢𑐵𑑍𑐖𑐚𑐵𑐢𑐵𑐬𑐞𑐵𑐡𑐾𑐰𑐥𑐸𑐬𑑂𑐰𑑂𑐰𑐵𑐖𑐚𑐵𑐳𑐶𑑋𑐳𑐡𑐵𑐮𑐷𑐮𑐫𑐵𑐰𑐵𑐎𑐥𑑂𑐬𑐡𑐵𑐡𑐾𑐰𑐶
z3d5bb45,𑐡𑑂𑐰𑐶𑐟𑐶𑐫𑐨𑐵𑐬𑑂𑐫𑐵𑑍𑐧𑐕𑐬𑐵𑐮𑐎𑑂𑐲𑑂𑐩𑐷𑑓
1fa22830,𑐩𑑂𑐫𑐣𑑂𑐰𑐎𑐬𑐾𑑍𑐀𑐲𑑂𑐚𑐵𑐰𑐶𑐱𑐟𑐶𑐟𑐩𑐾𑐔𑐟𑐸𑐫𑐸𑐐𑐳𑑂𑐫𑐎𑐬𑐾𑐥𑑂𑐬𑐠𑐩𑐥𑐵𑐡𑐾𑑍𑐖𑐩𑑂𑐧𑐸𑐡𑑂𑐰𑐶
2095a855,𑐱𑑄𑐏𑐔𑐎𑑂𑐬𑐐𑐡𑐵𑐰𑑂𑐖𑐶𑐣𑑄𑐟𑐵𑐬𑑂𑐎𑑂𑐲𑑂𑐫𑐵𑐳𑐣𑐳𑑂𑐠𑑄𑐡𑐾𑐰𑐾𑐱𑑄𑐥𑐷𑐟𑐵𑐩𑑂𑐧𑐬𑐳𑐸𑐱𑑀𑐨𑐶𑐟𑑄𑑌𑐰𑐺𑐲𑐳𑑄𑐴𑐵𑐳𑑂𑐠𑐶𑐟𑑄𑐱𑐵𑑄𑐟
61bf9cf1,𑐥𑐮𑐔𑐫𑐬𑑂𑐣𑐣𑑂𑐡𑐳𑐹𑐣𑑀𑐎𑐵𑐬𑐶𑑋𑐫𑐳𑑂𑐩𑐶𑐣𑑂𑐱𑑂𑐬𑐷𑐎𑐺𑐲𑑂𑐞𑐩𑐸𑐬𑑂𑐟𑐶𑑅𑐱𑐱𑐶𑐣𑐶𑐱𑐱𑐱𑑂𑐰𑐵𑐨𑐵𑐟𑐶𑐩𑐸𑐔𑐾𑐡𑐢𑑁𑐑𑑄𑐫𑐵𑑄𑐡𑐺𑐲𑑂𑐚𑑂𑐰𑐰𑐩𑐬𑑂𑐟𑑂𑐫𑑀
fc2d844d,𑐖𑐫𑐳𑐩𑐫𑐧𑐵𑐴𑐵𑐬𑐫𑐵𑐧
72a63307,𑐜𑑑𑐬𑐵𑐎𑐸𑐜𑑑𑐧𑐖𑐶𑐡𑑄𑑔𑐢𑐬𑐶𑐎𑐸𑐜𑑑𑐎𑑂𑐬𑐩𑐸𑐦𑑀𑐫𑐵𑑍𑐠𑑂𑐰𑐟𑐶𑐡𑐵𑐣𑐧𑐶𑐫𑐩𑐵𑐮𑑌𑐐𑐸𑐬𑑂𑐰𑑂𑐰𑐵𑐴𑐵𑐬𑐩𑐟𑐕𑑀𑐫𑐎
z33zf30c,𑐟𑐶𑐧𑐵𑐳𑐬𑐾𑑍𑐩𑐾𑐲𑐬𑐵𑐳𑐶𑐐𑐟𑐾𑐳𑐰𑐶𑐟𑐮𑐶𑑍𑐰𑐺𑐲𑐬𑐵𑐳𑐶𑐐𑐟𑐾𑑍𑐔𑐣𑑂𑐡𑑂𑐬𑐩𑐳𑐶𑑌
ba792d11,𑐌𑐧𑐮𑐚𑑀𑐮𑐾𑐎𑐸𑐎𑑂𑐲𑐾𑐫𑐵𑐧𑑄𑐱𑐱𑐵𑐎𑑂𑐫𑐨𑐶𑐎𑑂𑐲𑐸𑑌𑐢
75f486ff,𑐥𑐫𑐟𑐾𑐣𑐬𑐵𑐣𑑂𑐣𑐶𑐖𑐠𑐾𑐳𑑄𑐬𑐎𑑂𑐲𑐟𑐾𑐳𑑄𑐳𑐺𑐟𑑅𑑌𑐎𑑂𑐲𑐷𑐬𑐵𑐖𑑂𑐢𑐵𑐬𑐸𑐨𑐸𑐖𑐐𑐾𑐱𑐨𑑀𑐐𑐱𑐫𑐣𑐾𑐳𑐵𑐡𑑂𑐢𑑄𑐱𑑂𑐬𑐶𑐫𑐵𑐱𑐵
f4b306f1,𑐳𑐸𑐣𑐵𑐣𑑄𑐠𑑂𑐰𑐳𑐵𑐴𑐵𑐳𑐣𑐫𑐶𑐔𑐾𑐬𑐾𑐠𑐶𑐔𑐾𑐬𑐫𑐵𑐟
2ab9z442,𑐫𑐰𑐵𑑄𑐕𑐶𑐟𑐵𑐬𑑂𑐠𑐥𑑂𑐬𑐡𑐵𑐣𑐳𑐩𑐬𑑂𑐠𑐵𑑄𑑌𑑑𑑕𑑌𑐂𑐟𑐶𑐱𑑂𑐬𑐷𑐬𑐵𑐖𑐬𑐵𑐖𑐾𑐱𑑂𑐰𑐬𑐱𑑂𑐬𑐷𑐱𑑂𑐬𑐷𑐎𑐰𑐵𑐣𑑂𑐡𑑂𑐬𑐖𑐫𑐥𑑂𑐬𑐟𑐵𑐥
zzb0b5c7,𑐠𑑄𑐫𑐠𑐵𑑒𑐱𑐵𑐩𑑂𑐟𑑂𑐬𑑀𑐎𑑂𑐟𑐱𑐸𑐨𑐦𑐮𑐥𑑂𑐬𑐵𑐥𑑂𑐟𑑂𑐫𑐠𑑄𑑋𑑋𑐐𑐸𑐠𑐶𑐡
392dccb0,𑐳𑐵𑐥𑑄𑐔𑐩𑐵𑐴𑐵𑐥𑐵𑐟𑐎𑐬𑐵𑐎𑐖𑐸𑐬𑑀𑑌𑐳𑑄𑐩𑑂𑐰𑐟
4984309z,𑐳𑐩𑑂𑐰𑐟𑑂𑑘𑑒𑑙𑐦𑐵𑐮𑑂𑐐𑐸𑐞𑐱𑐸𑐎𑑂𑐮𑐣𑐰𑐩𑐷𑐬𑑀𑐴𑐶𑐞𑐷𑐣𑐎𑑂𑐲𑐟𑑂𑐬𑐾𑐧𑐢𑐺𑐟𑐶𑐫𑐬𑐰𑐶𑐲𑑂𑐎𑑄𑐨
080fz87a,𑐠𑑂𑐰𑐟𑐾𑑍𑐬𑑀𑐰𑑔𑐲𑑀𑐣𑐵𑐠𑐬𑐶𑐰𑐸𑐬𑑀𑐰𑑔𑐀𑐦𑐮𑐰𑐸𑐬𑑀𑐰𑑕𑐡𑐸𑐰𑐡𑐸𑐰𑐸𑑍𑐬𑑀𑐰𑑑𑐫𑐵𑐐𑐰𑐸𑑍𑐬𑑀𑐰𑑕𑐖𑐶𑐰𑐶𑐮𑐰𑐸𑑍𑐬𑑀𑐰𑑒𑐦𑐵𑐡𑑀𑐬𑐰𑐸
82zf07b0,𑐬𑐰𑐶𑐎𑐸𑐮𑐟𑐶𑐮𑐎𑐴𑐣𑐸𑐩𑐡𑑂𑐢𑑂𑐰𑐖𑐩𑐵𑐞𑐶𑐐𑑂𑐮𑐵𑐢𑐶𑐥𑐟𑐶𑐩𑐴𑐵𑐬𑐵𑐖𑐢𑐶𑐬𑐵𑐖𑐰𑐷𑐬𑐱𑑂𑐬𑐷𑐱𑑂𑐬𑐷𑐖𑐫𑐖𑑀
72914dca,𑐩𑐸𑐖𑑂𑐖𑐺𑐩𑑂𑐨𑐟𑐾𑑌𑐫𑐾𑐣𑐵𑐡𑐵𑐫𑐶𑐩𑐸𑐬𑐵𑐬𑐫𑐾𑑄𑑇𑐱𑑂𑐩𑐳𑐡𑐣𑑄𑐳𑐬𑑂𑐰𑑂𑐰𑐵𑐫𑐰𑐵𑐥𑐷𑐡𑑂𑐰𑐫𑑄𑐥𑐸𑐟𑑂𑐬𑐵𑐫𑐵𑐰𑐣𑐶𑐥𑐵𑐮𑐟𑐵𑐴𑐸𑐟
6f88a0b3,𑐬𑑂𑐟𑑂𑐟𑐶𑐖𑐵𑐎𑑂𑐫𑐎𑐸𑐜𑑑𑐣𑐶𑐟𑑂𑐫𑑄𑐧𑐶𑐫𑐩𑐵𑐮𑑋𑐖𑑂𑐫𑐾𑐲𑑂𑐛𑐱𑐸𑐎𑑂𑐮𑐥𑐣𑐔𑐩𑐷𑐎𑐸𑐣𑑂𑐴𑐸𑐡𑐶𑐣𑐫𑐖𑑂𑐘𑐫𑐵𑐒𑐧𑑀𑐳𑐵𑐢𑐣𑐫𑐵𑐫𑐩𑐵𑐮𑑋𑐎𑐵𑐬𑑂𑐟𑑂𑐟𑐶𑐎𑐱𑐸𑐎𑑂𑐮𑐡𑑂𑐰𑐵𑐡𑐱𑐷𑐎𑐸
897z6a9a,𑐔𑐸𑑒𑐠𑐸𑐮𑐶𑐌𑐮𑐳𑐵𑐣𑐞𑐡𑐸𑐠𑐾𑑍𑐳𑐾𑐐𑐸𑐳𑐟𑐶𑐳𑐵𑐔𑐶𑐣𑑂𑐣𑐵𑐮𑐫𑐵𑐫𑐧𑐵𑐟𑐮𑐳𑐔𑐿𑐟𑑂𑐫𑐫𑐵𑐧𑐸𑐳𑐵𑐢
611c6756,𑐣𑐹𑐐𑐵𑐩𑐺𑐟𑑂𑐫𑐡𑐮𑐶𑐎𑐰𑐖𑐰𑐎𑑂𑐲𑐟𑑂𑐬𑐡𑐸𑐂𑐩𑐡𑐩𑐳𑑂𑐟𑐣𑐾𑐥𑐵𑐮𑐖𑐩𑐟𑐶𑐟𑐵𑐟𑐶𑐩𑐸𑐂𑐐𑐣𑐳𑐥𑐕𑐾
c481c806,𑐠𑐸𑐫𑐩𑐡𑐸𑑍𑐩𑐶𑐕𑑀𑐫𑐎𑐾𑐩𑐡𑐸𑐰𑐬𑐲𑐸𑐣𑐶𑐔𑐥𑐵𑐮𑐫𑐵𑐖𑑀𑐐𑐶𑐣𑐧𑐶𑐔𑐵𑐬𑐫𑐵𑐫𑐩𑐵𑐮𑐧𑐶𑐔𑐵𑐬𑐩𑐫𑐵
662555z7,𑐰𑐺𑐴𑐡𑑂𑐰𑐥𑐶𑐳𑐶𑑄𑐴𑐵𑐳𑐣𑐵𑐨𑑂𑐫𑐵𑑄𑐳𑑂𑐴𑐬𑐣𑑂𑐟𑐷𑑄𑑋𑐳𑐡𑐵𑐡𑐵𑐳𑐶𑐎𑐵𑐨𑑂𑐫𑐵𑐩𑑄𑐩𑐸𑐡𑐵𑐡𑐎𑑂𑐲𑐰𑐵𑐩𑐾𑑍𑐴𑐬𑐥𑑂𑐬𑐾𑐫𑐳𑐷𑑄𑐱𑑂𑐬𑐾𑐫𑐳𑐷𑑄𑐟𑑂𑐟𑑁𑐩𑐶𑐳𑑁
z49za846,𑐴𑐬𑐶𑐫𑐵𑐟𑐩𑐵𑐣𑑂𑐫𑐧𑐶𑐳𑐾𑐧𑐶𑐖𑑂𑐫𑐵𑐎𑑌𑐠𑑀𑐰𑐾𑐮𑐳𑐣𑐬𑐴𑐬𑐶𑐣𑐠𑐰𑐱𑐎𑑂𑐫𑐣𑐔𑐵𑐰𑐠𑐾𑑄𑑍𑐰𑐳𑑂𑐟𑐸𑐖𑐵
z2f38096,𑐣𑐳𑐬𑐳𑑂𑐰𑐟𑐶𑐫𑐵𑐟𑐥𑐵𑐔𑐵𑐩𑐵𑐟𑑋𑑋𑑋𑑋𑐱𑐶𑐰𑐬𑐵𑐟𑑂𑐬𑐶𑐣𑐣𑐾𑐴𑑂𑐩𑐵𑐳𑑂𑐟𑐵𑑄
d6d46694,𑐟𑐬𑐵𑐳𑐶𑐐𑐟𑐾𑐳𑐰𑐶𑐟𑐬𑐾𑑍𑐳𑐶𑑄𑐴𑐬𑐵𑐳𑐶𑐐𑐟𑐾𑐔𑑄𑐡𑑂𑐬𑐩𑐳𑐶𑑌𑐟𑐳𑑂𑐩𑐶𑐡𑐶𑐣𑐾𑑌𑐂𑐟𑐸𑑄𑐧𑐵𑐴𑐵𑐬𑐌
zf664dza,𑐥𑐩𑐮𑑂𑐮𑐡𑐾𑐰𑐥𑑂𑐬𑐨𑐸𑐛𑐵𑐎𑐸𑐬𑐳𑐰𑐶𑐖𑐫𑐬𑐵𑐖𑐳𑐠𑐎𑐵𑐜𑐶
d880c381,𑐧𑐬𑑂𑐲𑐧𑑄𑐢𑐵𑐡𑐶𑐎𑐬𑑂𑐩𑑂𑐩𑐞𑐶𑐱𑑂𑐬𑐷𑐣𑐵𑐬𑐵𑐫𑐞𑐡𑐵𑐳𑐾𑐣𑐳𑑀𑐬𑐴𑐡𑑂𑐬𑑀𑐥𑑄𑐣𑐶𑐎𑑄𑐎𑑂𑐲𑐾𑐟𑑂𑐬𑐳𑑄𑐥𑐡𑐟𑑂𑐟𑑄
c0421805,𑐩𑑂𑐫𑐣𑑂𑐰𑐎𑐬𑐾𑑍𑐀𑐲𑑂𑐚𑐵𑐰𑐶𑐱𑐟𑐶𑐟𑐩𑐾𑐔𑐟𑐸𑐫𑐸𑐐𑐳𑑂𑐫𑐎𑐬𑐾𑐥𑑂𑐬𑐠𑐩𑐥𑐵𑐡𑐾𑑍𑐖𑐩𑑂𑐧𑐸𑐡𑑂𑐰𑐶
7b656c56,𑐩𑐣𑑄𑑍𑐂𑐟𑐶𑐩𑑄𑐐𑐮𑐳𑑄𑑍𑐮𑐸𑐫𑐟𑐵𑑍𑐥𑑂𑐬𑑑𑐡𑐸𑐡𑐸𑑍𑐥𑑂𑐬𑑑𑐖𑐵𑐎𑐶𑑍𑐠𑑂𑐰𑐟𑐾𑐢𑐸𑐣𑐎𑐵𑐰𑐦𑐮𑐾𑐳𑐡𑐵𑐣
0c42zbd6,𑐟𑐫𑐾𑐰𑐵𑐡𑑂𑐫𑐫𑑄𑑌𑑌𑐎𑐵𑐫𑐲𑑂𑐛𑐎𑐸𑐮𑐳𑑄𑐖𑐵𑐟𑑀𑐰𑐶𑐲𑑂𑐞𑐸𑐳𑐶𑑄𑐴𑐱𑑂𑐰𑐢𑐵𑐬𑑂𑐩𑐶𑐎𑑅𑐩𑐱𑐶𑐎𑐞𑑂𑐜𑐷𑐟𑐶𑐣𑐵
37499717,𑑋𑑋𑐨𑐵𑐏𑐵𑐠𑑂𑐰𑐬𑐵𑐕𑐾𑐫𑐵𑐀𑐟𑐐𑐮𑐶𑐣𑐡𑐸𑑍𑐳𑐎𑐬𑑂𑐫𑑄𑑍𑐠𑑂𑐰𑐰𑐶𑐴𑐵𑐬𑐳𑐳𑑄𑐎𑐮𑑂𑐥𑐫𑐵
1463c209,𑐫𑐵𑐟𑐳𑑂𑐫𑐣𑐺𑐥𑐣𑐵𑐫𑐎𑑅𑐥𑑂𑐬𑐞𑐩𑐟𑐶𑐱𑑂𑐬𑐷𑐰𑐶𑐲𑑂𑐞𑐸𑐩𑐮𑑂𑐮𑐎𑐺𑐟𑐷𑑋𑐐𑑀𑐥𑐷𑐣𑐵𑐠𑐥𑐡𑐵𑐬𑐰𑐶𑐣𑑂𑐡𑐰𑐶𑐐𑐮𑐵𑐟𑑂𑐥𑐷𑐫𑐹𑐲𑐱𑐷𑐟𑐵𑐱𑐸𑐣𑐵𑐱𑐸𑐡𑑂𑐢𑑅𑐎𑑄𑐳𑐣𑐶𑐳𑐹𑐡𑐣𑐵
d9849da5,𑑊𑐳𑐩𑑂𑐰𑐟𑑘𑑑𑑐𑐁𑐱𑐶𑐸𑐣𑐷𑐱𑐸𑐎𑑂𑐮𑑌𑐡𑐱𑐩𑐷
55f96d1d,𑐬𑐩𑑂𑐴𑑄𑑌𑑖𑑌𑐳𑐩𑐸𑐴𑐖𑐸𑐫𑐵𑐌𑐔𑑀𑐣𑐵𑐧𑐾𑐮𑐳𑐢𑐬𑑂𑐩𑑂𑐩
cd55194c,𑐨𑐵𑐣𑐷𑐮𑐥𑐡𑑂𑐩𑐘𑐩𑐸𑐞𑑂𑐜𑑄𑑍𑐎𑐬𑐵𑐩𑑂𑐨𑑀𑐬𑐸𑐴𑐣𑐵𑐰𑐴𑐣𑑂𑐟𑐷𑑄𑐳𑑂𑐩𑐶𑐟𑐵𑐳𑑂𑐫𑐵𑑄𑑋𑐣𑐩𑐳𑑂𑐫𑐵𑑄𑐰𑐶𑐬𑑄𑐔𑐷𑐣𑑂𑐡𑑂𑐬𑐰𑐺𑐣𑑂𑐡𑐵𑐬𑐎𑑁𑐰𑑍𑐬
f24c6bb6,𑐣𑐺𑐥𑐟𑑁𑐱𑑂𑐬𑐷𑐨𑐸𑐥𑐟𑐷𑐣𑑂𑐡𑑂𑐬𑐾𑐩𑐸𑐡𑐵𑐫𑐵𑑍𑐡𑑂𑐫𑑄𑐱𑐵𑐳𑐟𑐶𑐡𑐶𑐰𑑂𑐫𑐰𑐿𑐨𑐰𑐫𑐸𑐟𑐾𑐣𑐾𑐥𑐵𑐮
zd5bbb66,𑐥𑐾𑑍𑐨𑐬𑐟𑐏𑐞𑑂𑐜𑐾𑑍𑐨𑐬𑐟𑐰𑐬𑑂𑐲𑑂𑐚𑐁𑐫𑑂𑐫𑐵𑐰𑐰𑐟𑑂𑐟𑐡𑐾𑐱𑐾𑑍𑐴𑐾𑐩𑐰𑑍𑐡𑑂𑐡𑐎𑑂𑐲𑐶𑐞𑐥𑐵𑐡𑐾𑑍𑐣𑐾𑐥𑐵𑐬𑐩
23449b29,𑑒
d59f671f,𑐳𑐶𑐫𑐵𑐖𑐸𑐬𑑀𑑍𑐠𑑂𑐰𑐔𑐾𑐎𑐣𑐀𑐟𑐩𑐎𑐶𑐮𑐶𑐟𑐵𑐟𑐳𑐵𑐳𑑀𑐣𑐎𑐾𑐔𑐮𑐎𑐳𑐵𑐬𑐟𑐬𑐳𑐵𑐔𑑂𑐰𑐵𑐦𑐶𑐣𑐧𑐥𑐸𑐟𑐳𑐵𑐧𑑂𑐬𑐩𑑂𑐴𑐴𑐠𑑂𑐫𑐵𑐰𑐵𑐬𑐴𑐠𑑂𑐫𑐵𑐐𑑂𑐰𑐴𑐴𑐠𑑂𑐫𑐵𑐳𑑂𑐟𑑂𑐬𑐷
b6b82920,𑐥𑑄𑐔𑐬𑑀𑐥𑐞𑐶𑐎𑑄𑐬𑑀𑐰𑐒𑐵𑑕𑑍𑐀𑐦𑐮𑐰𑐸𑐎𑑂𑐲𑐾𑐟𑑂𑐬𑐟𑑂𑐬𑐫𑐬𑑀𑐥𑐞𑐶𑐎𑑄𑐬𑑀𑐰𑐳𑑂𑐰𑑓𑐕𑑀𑐀𑐦𑐮𑐎𑑂𑐲𑐾𑐟𑑂𑐬𑐥𑑄𑐔𑐬𑑀𑐥𑐞𑐶𑐎𑐬𑑀𑐰𑐒𑐵𑑕𑑍𑐂𑐡𑑀𑐮𑐎𑑂𑐲𑐾𑐟𑑂𑐬𑑄
6z82bz23,𑐌𑑑𑐎𑐵𑐟𑐶𑐎𑐱𑐸𑐎𑑂𑐬𑐥𑐹𑐣𑐩𑐵𑐳𑐶𑐎𑐸𑐣𑑂𑐴𑐸𑐩𑐟𑐕𑑀𑐫𑐎𑐾𑐩𑐵𑐬𑐰𑐬𑑂𑐲𑐥𑐟𑐶𑐊𑐟𑐣𑐥
5b989f2b,𑐱𑐵𑐎𑑂𑐫𑐩𑐸𑐣𑐶𑐱𑑂𑐬𑐷𑐢𑐣𑐱𑑂𑐬𑐷𑐢𑐩𑑂𑐩𑐐𑐶𑐬𑐶𑑍𑐎𑐶𑐣𑑂𑐴𑐳𑐶𑑄𑐴𑐨𑐵𑐰𑑍𑐟𑐰𑐢𑐶𑐎𑐨𑐵𑐰𑑍𑐧𑐶𑐣𑑂𑐴𑐸𑐨𑐵𑐰𑑍𑐣𑑂𑐴𑐰𑐣𑐨𑐵
50a84414,𑐂𑐣𑐵𑐫𑐎𑑀𑐡𑐾𑐰𑐳𑑂𑐎𑑄𑐥𑐸𑐖𑐵𑐫𑐵𑐫𑑍𑐖𑐸𑑑𑐥𑐸𑐖𑐵𑑍𑐥𑐵𑑒𑐱𑑂𑐰𑐐𑑄𑐢𑑁𑑍𑐐𑑂𑐰𑑑𑐏𑐾𑐖𑐱𑑂𑐬𑐷
330caz82,𑐩𑐣𑑄𑑍𑐂𑐟𑐶𑐩𑑄𑐐𑐮𑐳𑑄𑑍𑐮𑐸𑐫𑐟𑐵𑑍𑐥𑑂𑐬𑑑𑐡𑐸𑐡𑐸𑑍𑐥𑑂𑐬𑑑𑐖𑐵𑐎𑐶𑑍𑐠𑑂𑐰𑐟𑐾𑐢𑐸𑐣𑐎𑐵𑐰𑐦𑐮𑐾𑐳𑐡𑐵𑐣
8fb4380z,𑐣𑑀𑐳𑑀𑐢𑐣𑐫𑐵𑐫𑐩𑐵𑐬𑑋𑑋𑐱𑑂𑐬𑐷𑐐𑑀𑐬𑑀𑐎𑐣𑐵𑐠
f5cb872c,𑐎𑐵𑐐𑑀𑐥𑐎𑐸𑐮𑐵𑐣𑑂𑐟𑐬𑐎𑑂𑐲𑑌𑐀𑐏𑐞𑑂𑐜𑐮𑑀𑐟𑑂𑐳𑐺𑐲𑑂𑐚𑐱𑐶𑐮𑐵𑐟𑐶𑐰𑐺𑐲𑑂𑐚𑐾𑑅𑐟𑐳𑑂𑐩𑐣𑐩𑑀𑐣𑐣𑑂𑐡𑐳𑐸𑐟𑐵𑐫𑐣𑐶𑐟𑑂𑐰𑑄𑑌𑐁𑐳𑐷𑐬𑐟𑑂𑐳𑐶𑐡𑑂𑐢𑐶
0ab0f2af,𑐣𑐶𑐔𑐫𑐬𑑂𑐐𑐷𑐬𑑂𑐰𑐵𑐞𑐐𑑀𑐲𑑂𑐛𑐷𑐐𑐸𑐬𑐸𑑅𑐱𑑂𑐬𑐷𑐩𑐟𑑂𑐳𑐶𑐡𑑂𑐢𑐶𑐣𑐺𑐳𑐶𑑄𑐴𑐩𑐮𑑂𑐮𑐖𑐐𑐟𑐷𑐖𑐵𑐣𑐶𑐳𑑂𑐳
7ada5467,𑐣𑐵𑐰𑐁𑐔𑐵𑐬𑐐𑐸𑐠𑐶𑐎𑐟𑐎𑐣𑐔𑐶𑐟𑐵𑐫𑐵𑐒𑐵
28czbac0,𑐫𑑀𑐐𑐾𑐫𑐠𑐵𑐎𑐬𑐞𑐩𑐺𑐴𑐹𑐬𑑂𑐟𑑂𑐟𑐎𑐾𑐁𑐡𑐶𑐟𑑂𑐫𑐰𑐵𑐳𑐬𑐾𑐰𑐺𑐲𑐬𑐵𑐱𑐶𑐐𑐟𑐾𑐳
fd850a10,𑑉𑐣𑐩𑑅𑐱𑑂𑐬𑐷𑐧𑐖𑑂𑐬𑐢𑐵𑐟𑐸𑐔𑐿𑐟𑑂𑐫𑐵𑐫𑑌𑑌𑐱𑑂𑐬𑑀𑐳𑑂𑐟𑐸𑐳𑐩𑑂𑐰𑐟𑑂𑑙𑑔𑑘
d0zacfc2,𑐳𑑂𑐠𑐵𑐥𑐣𑐵𑐫𑐵𑐒𑐵𑐖𑐸𑐬𑑀𑑋𑑋𑐨𑐵𑐏𑐵𑐠𑑂𑐰𑐒𑐸𑐬𑐾𑐳𑐸𑐣𑐵𑐣𑑄𑑍𑐳𑐾𑐣𑐎𑐰𑐳𑐵𑑍𑐳𑐶𑑄𑐕𑐾𑐟𑑂𑐰𑐵𑐎𑐱𑑂𑐰𑐟
b0068592,𑐎𑑂𑐟𑐶𑐦𑐮𑐮𑐵𑐫𑐣𑐡𑐕𑐸𑐚𑑀𑐮𑐫𑐵𑐢𑑄𑐖𑐸𑐨𑐵𑐬𑑀𑐚𑑁𑐚𑐶𑐎𑐨𑐵𑐬𑑀𑐀
064ff422,𑐴𑐵𑐞𑑂𑐜𑐳𑐎𑐾𑐟𑑀𑐬𑐞𑐟𑐫𑐵𑐧𑐶𑐫𑐸𑐱𑑂𑐬𑐷𑐐𑑀𑐥𑐶𑐣𑐳𑐶𑑄𑐴𑐖𑐶𑐰𑐣
55468cf5,𑐟𑐶𑐧𑐵𑐳𑐬𑐾𑑍𑐩𑐾𑐲𑐬𑐵𑐳𑐶𑐐𑐟𑐾𑐳𑐰𑐶𑐟𑐮𑐶𑑍𑐰𑐺𑐲𑐬𑐵𑐳𑐶𑐐𑐟𑐾𑑍𑐔𑐣𑑂𑐡𑑂𑐬𑐩𑐳𑐶𑑌
a729zbc0,𑐕𑐥𑐬𑑂𑐧𑑂𑐧𑐟𑐫𑐵𑐧𑐵𑐮𑐳𑑚𑐔𑐿𑐟𑑂𑐫𑐡𑐫𑐎𑐵𑐟𑐫𑐵𑐖𑐸𑐮𑑌𑐠𑐸𑐐𑐸𑐥𑐸𑐞𑐾𑐣𑐡𑐶𑐧𑑄𑐐𑐟𑐥𑐶𑐟𑐵
7c8896fz,𑐰𑐮𑑂𑐮𑐶𑑅𑐥𑑂𑐬𑐟𑐵𑐥𑑀𑐖𑑂𑐰𑐮𑑅𑑌𑐟𑐳𑑂𑐫𑐵𑐟𑑂𑐩𑐖𑑀𑐨𑐹𑐩𑐶𑐢𑐬𑐾𑐱𑐎𑐣𑑂𑐫𑐵𑐥𑐵𑐡𑐵𑐩𑑂𑐰𑐸𑐖𑐵𑐱𑐎𑑂𑐟𑐰𑐶𑐱𑐸𑐡𑑂𑐢𑐔𑐾𑐟𑐵𑑅𑑋𑐮𑐎𑑂𑐲𑑂𑐩𑐷
fdd692cf,𑐩𑐴𑐬𑐶𑑍𑐥𑐸𑐣𑐨𑐵𑐲𑐵𑐖𑐶𑐎𑐵𑐫𑐡𑐫𑐵𑐌𑐣𑐳𑐵𑐠𑑂𑐰𑐐𑐸
a2d12z5a,𑐖𑑂𑐰𑐵𑐮𑐵𑐫𑐎𑑀𑐚𑑂𑐫𑐵𑐴𑐸𑐟𑐶𑑅𑑋𑐰𑐶𑐥𑑂𑐬𑐵𑐫𑐵𑐠𑐢𑐬𑐵𑐐𑐖𑐵𑐱𑑂𑐔𑐳𑐡𑐣𑐳𑑂𑐰𑐬𑑂𑐞𑐵𑐣𑑂𑐣𑐎𑐮𑑂𑐥𑐡𑑂𑐬𑐸𑐩𑐵𑐮𑐎𑑂𑐲𑐥𑑂𑐬𑐳𑑂𑐠
90448517,𑐖𑐨𑐵𑐰𑑀𑐕𑐾𑐩𑑂𑐴𑑀𑐫𑐬𑐸𑐎𑐾𑐱𑐐𑐸𑐞𑐄𑐮𑑂𑐴𑐵𑐳𑐶𑑄𑐴𑐐𑑂𑐫𑐵𑐣𑐔𑐣𑑂𑐡𑑂𑐬𑐀𑐩𑐺𑐟𑐬𑐵𑐖𑐥𑐵
58231250,𑐱𑑂𑐬𑐾𑐫𑑀𑐳𑑂𑐟𑐸𑐳𑐩𑑂𑐰𑐟𑑂𑑗𑑖𑑘𑐦𑐵𑐮𑑂𑐐𑐸𑐞𑐱𑐸𑐎𑑂𑐮𑑌𑐬𑑀𑐴𑐶𑐞𑐷𑐣𑐎𑑂𑐲𑐟𑑂𑐬𑐾𑐰𑐶𑐲𑑂𑐎𑐩𑑂𑐨𑐫𑑀𑐐𑐾𑐱𑐸𑐎
6b9z5bfb,𑐰𑐱𑐵𑐱𑐸𑐡𑐶𑑓𑐥𑑂𑐬𑐟𑐶𑐲𑑂𑐛𑐵𑐫𑐵𑐒𑐵𑐡𑐶𑐣
34zff9b4,𑐟𑐬𑑍𑐧‍𑐺𑐲𑐮𑐵𑐳𑐶𑐐𑐟𑐾𑐔𑑄𑐡𑑂𑐬‌𑐩𑐳𑐶𑐊𑐟𑐟𑐡𑐶𑐣𑐎‌𑐩𑐖𑐾𑐲𑑂𑐛𑐐𑐸𑐠𑐶𑐎
5056a3f2,𑑌𑐎𑐵𑐱𑑂𑐫𑐥𑐐𑑀𑐟𑑂𑐬𑐳𑑂𑐫𑐠𑐶𑐬𑐖𑐟𑑂𑐫𑐬𑑀𑐩𑑂𑐟𑑂𑐬𑐷𑐂𑐣𑑂𑐡𑐮𑐎𑑂𑐲𑑂𑐩𑐷
671aab13,𑐠𑐸𑐥𑐸𑐲𑐸𑐬𑐦𑐬𑐾𑐩𑑄𑐡𑐥𑐡𑐫𑐎𑐵𑐰𑐥𑐟𑐶𑐳𑑂𑐠𑐵𑐫𑐵𑐒𑐵𑐡𑐶𑐣𑐳𑐩𑑂𑐰
1c6f69c6,𑐕𑐾𑐨𑐶𑐎𑑂𑐲𑐸𑐱𑑂𑐬𑐷𑐖𑐫𑐬𑐵𑐫𑐖𑐸𑐥𑐸𑐟𑑂𑐬𑐖𑐐𑐟𑐩𑐸𑐣𑐶𑑍𑐟𑑂𑐬𑐶𑐢𑐣𑐰𑐟𑐶𑐥𑐸𑐟𑑂𑐬𑐶𑐁𑐡𑐬𑐎𑑂𑐲𑑂𑐩𑐶𑐖𑐐
767d295d,𑑑𑑑𑐧𑐸𑐢𑐧𑐵𑐬𑐎𑐹𑐣𑑂𑐴𑐹𑑍𑐱𑑂𑐬𑐷𑑒𑐐𑐬𑐹𑐜
d4zdaab7,𑐥𑐾𑑍𑐨𑐬𑐟𑐏𑐞𑑂𑐜𑐾𑑍𑐨𑐬𑐟𑐰𑐬𑑂𑐲𑑂𑐚𑐁𑐫𑑂𑐫𑐵𑐰𑐰𑐟𑑂𑐟𑐡𑐾𑐱𑐾𑑍𑐴𑐾𑐩𑐰𑑍𑐡𑑂𑐡𑐎𑑂𑐲𑐶𑐞𑐥𑐵𑐡𑐾𑑍𑐣𑐾𑐥𑐵𑐬𑐩
70d09z11,𑐣𑐵𑐰𑐁𑐔𑐵𑐬𑐐𑐸𑐠𑐶𑐎𑐟𑐎𑐣𑐔𑐶𑐟𑐵𑐫𑐵𑐒𑐵
f753683z,𑐖𑐫𑐟𑐳𑐶𑑄𑐴𑐐𑐰𑐬𑐶
b39d3195,𑐬𑑂𑐩𑑂𑐩𑐖𑐐𑐟𑐳𑑄𑐳𑐵𑐬𑐳𑐮𑐥𑑂𑐬𑐵𑐞𑐶𑐄𑐢𑐵
z4989zdz,𑐊𑐰𑑄𑐧𑐶𑐱𑐾𑐧𑐶𑐳𑐶𑐳𑑂𑐟𑐬𑐵𑐫𑐵𑑄𑐩𑐵𑐴𑐵𑐥𑐸𑐞𑑂𑐫𑑍𑐐𑐵𑐩𑐔𑐵𑐣𑐣𑐶𑐫𑐵𑑍𑐮𑐴𑑂𑐣𑐩𑐵𑐣𑐳𑐶𑑄𑐡𑐵𑐣𑐵𑐫
f6cd33f3,𑐥𑐹𑐬𑑂𑐞𑐩𑐵𑐱𑐶𑐩𑐑𑐣𑐎𑑂𑐲𑐟𑑂𑐬𑐀𑐟𑐶
88254503,𑐬𑑂𑐠𑑄𑐳𑐡𑐵𑐥𑑂𑐬𑐵𑐬𑑂𑐠𑐣𑐷𑐫𑑅𑑌𑑑𑑐𑑌𑐟𑑂𑐰𑐡𑐬𑑂𑐔𑑂𑐔𑐵𑐢𑐶𑐬𑑂𑐡𑑂𑐡𑐸𑐲𑑂𑐎𑐬𑐵𑐩𑐡𑑂𑐰𑐶𑐢𑐵𑐩𑐵𑑄𑑍𑐎𑐺𑐥𑐵𑐰𑐵𑐬𑐶𑐢𑐾𑐥𑐵𑐴𑐶𑐡𑐸𑐲𑐸𑐬𑐩𑑂𑐰𑐶𑐬𑐵𑐱𑐾𑑅𑑋𑐣𑐳𑐾
8z36z541,𑐩𑑄𑐖𑑀𑐱𑑂𑐬𑐷𑐮𑐣𑑂𑐴𑐾𑐳𑐵𑐎𑑂𑐫𑐰𑑄𑐱𑐱𑑂𑐬𑐷𑐎𑐮𑑂𑐫𑐵𑐣𑐳𑐶𑑄𑐒𑐖𑐸𑐨𑐵𑐟𑐺𑐥𑐸𑐟𑑂𑐬𑐱𑑂𑐬𑐷𑐖𑐫𑐬𑐟𑑂𑐣𑐖𑐸𑐊𑐣𑐰𑐰𑐎𑑀𑐩𑐟𑐶𑐟𑑀𑐕𑐾𑐥𑐸𑐣𑐳𑐶𑑄𑐴
96z84b1b,𑐠𑐶𑐳𑐎𑐷𑐬𑑂𑐟𑐶𑐳𑑍𑐐𑑀𑐩𑑂𑐴𑐳𑐾𑐣𑑍𑐎𑐔𑐶𑑄𑐐𑑂𑐮𑐠𑐣𑐳𑐵𑑍𑐮𑑀𑐨𑐫𑐵𑐟𑐳𑐵𑑍𑐌𑐩𑑂𑐴𑐫𑐵𑐟𑐥𑑄𑐔𑐩𑐴𑐵𑐥𑐵𑐟𑐎𑐬𑐵𑐎𑐖𑐸𑐬𑑀𑑌
b82czbf2,𑐟𑐳𑑄𑑍𑐩𑐵𑐢𑐶𑐕𑐵𑐫𑐩𑐵𑐮𑐩𑑂𑐴𑑑𑐱𑑂𑐬𑐷𑐰𑐶𑐱𑑂𑐰𑐵𑐣𑐣𑑂𑐡𑐨𑐵𑐖𑐸𑑍𑐄𑐥𑐵𑐢𑑂𑐫𑐵𑑍𑐩𑑂𑐴𑑄𑑑𑐱𑑂𑐬𑐷𑐣𑐷𑐮𑐎𑐞𑑂𑐛𑐵𑐣𑐣𑑂𑐡𑐨𑐵𑐖𑐸𑑍𑐄𑐥𑐵𑐢𑑂𑐫𑐵𑑍𑐩𑑂𑐴𑑄𑑑𑐥𑐸𑐛𑐷𑐳𑑀𑐎𑐩𑑂𑐴𑐧𑑂𑐬𑐵𑐴𑑂𑐩
d02d2zbc,𑐱𑑂𑐔𑐬𑑂𑐫𑐵𑐢𑐬𑑂𑐩𑑂𑐩𑐱𑐵𑐮𑐵𑐰𑑂𑐫𑐬𑐔𑐶𑐳𑐸𑐰𑐶𑐨𑐮𑐵𑑄𑐰𑐶𑐲𑑂𑐞𑐸𑐩𑐮𑑂𑐮𑑀𑐣𑐬𑐾𑐣𑑂𑐡𑑂𑐬𑑍𑐳𑑂𑐟𑐳𑑂𑐫𑐵𑑄𑐳𑑄𑐳𑑂𑐠𑐵𑐥𑑂𑐫𑐰𑐶𑐲𑑂𑐞𑐸𑑄𑐳𑐸𑐬𑐩𑐸𑐣𑐶𑐣𑐩𑐶𑐟𑑐𑐨𑑀𑐐𑐨𑑀𑐎𑑂𑐲𑐎𑐴𑐾𑐟𑐸𑑄𑑌𑑌
2zzc0a82,𑐫𑑀𑐐𑐳𑑀𑐩𑐧𑐵𑐬𑐠𑑂𑐰𑐎𑐸𑐣𑑂𑐴𑐸𑐥𑑂𑐰𑐵𑐠𑐮𑑄𑐏𑐸𑐰𑐶𑐖𑐫𑐴𑐬𑐶𑐎𑑀𑐕𑐎𑑀𑐡𑐺𑐲𑑂𑐛𑐎𑐷𑐬𑑂𑐟𑑂𑐬𑐶
23a109fb,𑐣𑐵𑐰𑐁𑐔𑐵𑐬𑐐𑐸𑐠𑐶𑐎𑐟𑐎𑐣𑐔𑐶𑐟𑐵𑐫𑐵𑐒𑐵
5c4a4bb6,𑐰𑐶𑐟𑐬𑐶𑐩𑐷𑐣𑐬𑐵𑐱𑐶𑐐𑐟𑐾𑐔𑐣𑑂𑐡𑑂𑐬𑐩𑐳𑐶𑑋𑑋𑑋𑑋𑐳𑐩𑑂𑐧𑐟𑑂𑑙𑑐𑑗𑐖𑑂𑐫𑐾𑐲𑑂𑐛𑐎𑐺𑐲𑑂𑐞
z9cbc223,𑐟𑐫𑐵𑐟𑐳𑐵𑐥𑑄𑐔𑐩𑑋𑑋𑐔𑑄𑐡𑐵𑐎𑐩𑐾𑐠𑐶𑐬𑑋𑑋𑑐𑑋𑑋𑐱𑐸𑐨𑑋𑑋
d3a529z5,𑐥𑑂𑐬𑐶𑐫𑐵𑑋𑐥𑐱𑑂𑐫𑐟𑑂𑐰𑑄𑐩𑐎𑐸𑐬𑐾𑐥𑑂𑐬𑐶𑐫𑐾𑐳𑑂𑐰𑐰𑐡𑐣𑑄𑐟𑐟𑑂𑐳𑐣𑑂𑐣𑐶𑐩𑑄𑐎𑐶𑑄𑐣𑐩𑑀𑐂𑐟𑑂𑐠𑑄𑐔𑐵𑐚𑐸𑐰𑐔𑐥𑑂𑐬𑐧𑑀𑐢𑐶𑐟𑐬𑐩𑑅𑐥𑐵𑐫𑐵𑐟𑑂𑐳𑐡𑐵𑐩𑑀𑐡𑐬𑑌𑐟𑑂𑐬𑐮𑑀𑐎𑑂𑐫𑐾𑐰𑐶𑐡𑐶𑐟𑐵𑐳𑐸𑐥𑐸
b475d674,𑐖𑑂𑐰𑐵𑐮𑐵𑐫𑐎𑑀𑐚𑑂𑐫𑐵𑐴𑐸𑐟𑐶𑑅𑑋𑐰𑐶𑐥𑑂𑐬𑐵𑐫𑐵𑐠𑐢𑐬𑐵𑐐𑐖𑐵𑐱𑑂𑐔𑐳𑐡𑐣𑐳𑑂𑐰𑐬𑑂𑐞𑐵𑐣𑑂𑐣𑐎𑐮𑑂𑐥𑐡𑑂𑐬𑐸𑐩𑐵𑐮𑐎𑑂𑐲𑐥𑑂𑐬𑐳𑑂𑐠
040538f9,𑐣𑐐𑑂𑐰𑐮𑐖𑐸𑐎𑑂𑐰𑐄𑐠𑐵𑐫𑐳𑑄𑐟𑐫𑐩𑐵𑐬𑑍𑐎𑐬𑐵𑐔𑐶𑐟𑑀𑐥𑐶𑐄𑐠𑐵𑐫𑐳𑐩𑐟
046zbc7d,𑐥𑑄𑐔𑐵𑐩𑐺𑐟𑑄𑐥𑑄𑐔𑑀𑐥𑐔𑐵𑐬𑐥𑐸𑐖𑐵𑐔𑐵𑐎𑑂𑐬𑐩𑐟𑐕𑑀𑐫𑐎𑐾𑐔𑐾𑐎𑑄𑐎𑐸𑑒𑐡𑐸𑐠𑐾𑑌𑐳𑑂𑐰𑐵𑐣𑐫𑐵𑐟𑐎𑐸
df2fb872,𑐢𑐣𑑍𑐮𑐎𑑂𑐲𑑂𑐩𑐷𑐁𑐫𑐸𑐁𑐬𑑀𑐖𑑂𑐘𑐾𑐰𑐺𑐡𑑂𑐢𑐶𑐬𑐳𑑂𑐟𑐸𑑋𑑋𑐂𑐴𑐾𑐟𑑂𑐬𑐳𑐸𑐏
79zz1d0z,𑐮𑑂𑐫𑑄𑐄𑐢𑐵𑐬𑐖𑐸𑐫𑐩𑐵𑐬𑑍𑐖𑐖𑐩𑐵𑐣𑐫𑐵𑑄𑐠𑐸𑐐𑐸𑐖𑐣𑑂𑐩𑐳𑐖𑐣𑐢𑐣𑐳𑐣𑑂𑐟𑐵𑐣𑐔𑐟𑐸
z40z3aa2,𑐖𑐸𑐬𑑀𑐠𑑂𑐰𑐟𑐾𑐡𑐾𑐐𑑀𑐮𑐣𑐾𑐐𑑀𑐮𑐳𑐔𑐶𑑄𑐟𑐵𑐫𑐵
6cb7d632,𑐐𑐣𑐾𑐳𑐎𑐾𑐡𑐸𑐣𑑂𑐟𑐵𑐖𑐸𑐬𑑀𑑌𑐱𑐸𑐨𑑌
4873a803,𑐧𑐳𑐎𑐾𑐡𑐸𑐰𑐣𑐾𑐮𑑀𑐴𑑀𑐡𑐾𑐰𑐮𑐡𑐫𑐎𑐵𑐱𑑂𑐬
8f06b80d,𑐦𑑄𑑓𑑐𑐠𑐸𑐟𑐶𑐴𑐵𑐣𑐾𑑋𑑋𑐠𑑂𑐰𑐎𑐵𑐬𑑂𑐖𑐟𑑂𑐰𑐵𑐮𑐥𑐘𑑂𑐔𑐳𑐩𑐸𑐔𑐫𑐣𑐠𑑂𑐰𑐥𑐸𑐏𑐸𑐬
819b422z,𑐰𑐵𑐥𑐸𑐫𑐩𑐵𑐮𑐨𑑀𑐕𑐶𑐩𑐸𑐒𑐵𑐰𑐰𑐶𑐔𑑂𑐕𑑂𑐫𑐵𑐨𑑀𑐖𑐣𑐫𑐵𑐫𑐩𑐵𑐬𑑋𑑋𑑋𑑋𑑊𑐳𑐩𑑂𑐰𑐟𑑂
89c00742,𑐫𑐩𑐵𑐮𑐳𑑄𑐟𑐵𑐣𑐣𑐠𑑂𑐰𑐡𑐾𑐰𑐟𑐵𑐣𑐶𑐟𑑂𑐫𑐥𑐸
95c0240d,𑐥𑑄𑐔𑐩𑐶𑐥𑐸𑐲𑐾𑐣𑐎𑑂𑐲𑐟𑑂𑐬𑐳𑐸𑐎𑑂𑐮𑐧𑐵𑐬𑐎𑐸𑐣𑑂𑐴𑐸𑐱𑑂𑐬𑐷𑑓𑐨𑐶𑐩𑐳𑐾𑐣𑐫𑐵
05742c16,𑐬𑐵𑐖𑐥𑑂𑐬𑐶𑐟𑐠𑐜𑐵𑐠𑐷𑐠𑐵𑐂𑐂𑐳𑑂‍𑐟𑐩𑐶𑐳𑑂‍𑐟𑑅𑐡𑐬𑐣𑐵𑐮𑐄𑐡𑐵𑐬𑐖𑐸𑐫𑐾𑐩𑐵𑐣𑐢𑐎𑐠𑐵𑐥𑐣
5a11zz36,𑐧𑐵𑐳𑐡𑐾𑐰𑐣𑐖𑐬𑐢𑐵
b22cfb58,𑑊𑑉𑐣𑐩𑐨𑐐𑐰𑐟𑐾𑐰𑐵𑐳𑐸𑐡𑐾𑐰𑐵𑐫𑑋𑑋𑐳𑐹𑐡𑑂𑐬𑐱𑐣𑐐𑐜𑐵𑐔𑑀𑐬𑑂𑐢𑐡𑑂𑐰𑑄𑑍𑐰𑐵𑐩𑐾
391fc644,𑐮𑐮𑐶𑐟𑑄𑐎𑐺𑐟𑑄𑑋𑐔𑐵𑐟𑐸𑐬𑑂𑐰𑐬𑑂𑐐𑐦𑐮𑐵𑐥𑑂𑐬𑐵𑐥𑑂𑐟𑐶𑑍𑐢𑐬𑑂𑐩𑐱𑐵𑐮𑐵𑐩𑐶𑐩𑐵𑑄𑐱𑐸𑐨𑑄𑑋𑑋
27f4zcd5,𑐎𑐬𑐩𑐴𑐵𑐰𑐶𑐴𑐵𑐬𑐥𑑂𑐬𑐟𑐶𑐲𑑂𑐛𑐵𑐳𑑄𑐥𑐸𑐬𑑂𑐞𑑂𑐞𑐫𑐵𑐒𑐣𑑍𑐠𑑂𑐰𑐢𑐬𑑂𑐩𑑂𑐩𑐳𑐵𑐬𑐵𑐮𑑀𑐎𑐵𑐣𑐵𑑄𑐳𑐸𑐏𑐩𑐳𑑂𑐠𑐵𑐟𑐸𑐎𑐵
666254c7,𑐮𑑂𑐫𑑄𑐄𑐢𑐵𑐬𑐖𑐸𑐫𑐩𑐵𑐬𑑍𑐖𑐖𑐩𑐵𑐣𑐫𑐵𑑄𑐠𑐸𑐐𑐸𑐖𑐣𑑂𑐩𑐳𑐖𑐣𑐢𑐣𑐳𑐣𑑂𑐟𑐵𑐣𑐔𑐟𑐸
6c4013fz,𑑊𑐳𑑄𑐩𑑂𑐧𑐟𑑗𑑙𑑖𑐔𑐿𑐟𑐎𑐺𑐲𑑂𑐞
7674zc8a,𑐮𑑂𑐮𑐡𑐾𑐰𑐥𑑂𑐬𑐨𑐸𑐠𑐵𑐎𑐹𑐬𑐳𑐄𑐨𑐫𑐬𑐵𑐖𑑂𑐫𑐳𑐥𑑂𑐬𑐵𑐢𑐵𑐣𑐵𑐒𑑂𑐐𑐴𑐵𑐎𑐹
68551dfc,𑐥𑑄𑐔𑐬𑑀𑐥𑐞𑐶𑐎𑑄𑐬𑑀𑐰𑐒𑐵𑑕𑑍𑐀𑐦𑐮𑐰𑐸𑐎𑑂𑐲𑐾𑐟𑑂𑐬𑐟𑑂𑐬𑐫𑐬𑑀𑐥𑐞𑐶𑐎𑑄𑐬𑑀𑐰𑐳𑑂𑐰𑑓𑐕𑑀𑐀𑐦𑐮𑐎𑑂𑐲𑐾𑐟𑑂𑐬𑐥𑑄𑐔𑐬𑑀𑐥𑐞𑐶𑐎𑐬𑑀𑐰𑐒𑐵𑑕𑑍𑐂𑐡𑑀𑐮𑐎𑑂𑐲𑐾𑐟𑑂𑐬𑑄
152a5z9z,𑐐𑑂𑐰𑐣𑐶𑐡𑐵𑐣𑐫𑐵𑐟𑐳𑐵𑐳𑑂𑐫𑐴𑐵𑐫𑐸𑐣𑐵𑐥𑐵𑐎𑐟𑐟𑐢𑐖𑐖𑐸𑐫𑐵𑐴𑐵𑐫𑐳𑐬𑐵𑐎𑐴𑐵𑐮𑑀𑑌𑐱𑐸𑐨
8z438904,𑐨𑐺𑐔𑑂𑐕𑐒𑑂𑐐𑐵𑐚𑐰𑐷𑐩𑐞𑑂𑐜𑐶𑐣𑐷𑐩𑑀𑐴𑐢𑑂𑐰𑐵𑐣𑑂𑐟𑐰𑐶𑐣𑐵𑐱𑐶𑐣𑐷𑐳𑐸𑐬𑐨𑐫𑐔𑑂𑐕𑐾𑐡𑑀𑐟𑑂𑐳𑐰𑑀
06021452,𑐰𑐵𑐫𑐵𑐎𑑌𑐠𑑀𑐐𑐸𑐬𑐳𑐾𑐰𑐵𑐣𑑍𑐩𑐴𑐵𑐬𑐵𑐖𑐵𑐥𑑂𑐬𑐳𑐣𑑂𑐣𑐖𑐸𑐫𑐵𑐰𑐠𑑀𑐩𑐞𑐶𑐩𑐞𑑂𑐜𑐥𑐳𑐧𑐶𑐖𑑂𑐫𑐵𑐒𑐵𑐰𑐣𑐬
4b0306az,𑐄𑐟𑑂𑐬𑐨𑐡𑑂𑐬𑐱𑐸𑐨𑐖𑑀𑐐𑐧𑐸𑐢𑐰𑐵𑐬
19622d78,𑐰𑐶𑐡𑑂𑐫𑐵𑐢𑐬𑐶𑐫𑐵𑐣𑐎𑐖𑐸𑐬𑑀𑐱𑐸𑐨
3130a5b4,𑐫𑐵𑐒𑐣𑐱𑑂𑐬𑐷𑑓𑐧𑐖𑑂𑐬𑐵𑐳𑐣𑐀𑐎𑑂𑐲𑑀𑐨𑑂𑐫𑐳𑐎𑐾𑐱𑑂𑐬𑐷𑑓𑐔𑐎𑑂𑐬𑐳𑐩𑑂𑐧𑐬𑐴𑐾𑐬𑐸𑐎𑐳𑐎𑐾
a924d595,𑐣𑑂𑐴𑐶𑐟𑐵𑐬𑑂𑐠𑑌𑐣𑐾𑐥𑐵𑐮𑐳𑐩𑑂𑐰𑐟𑐿𑐳𑑂𑐩𑐶𑐣𑐥
9ab0z06z,𑐩𑐾𑐟𑐵𑐨𑐵𑐖𑐸𑐣𑐵𑐩𑑀𑐰𑐶𑐩𑐵𑐟𑐺𑐎𑐵𑑋𑑋𑐢
f2340585,𑐫𑐵𑑌𑐱𑑂𑐬𑐷𑑓𑐥𑑄𑐔𑐵𑐫𑐟𑐣𑐱𑐶𑐧𑐮𑐶𑑄𑐐𑐣𑐶𑐟𑑂𑐫𑐥𑑄𑐔𑑀𑐥𑐔𑐵𑐬𑐥𑐸𑐖𑐵𑑌𑐣𑐿𑐩𑐶𑐳𑑂𑐟𑐶𑐎𑐥𑐸𑐖
87335490,𑐩𑑄𑐖𑑀𑐱𑑂𑐬𑐷𑐮𑐣𑑂𑐴𑐾𑐳𑐵𑐎𑑂𑐫𑐰𑑄𑐱𑐱𑑂𑐬𑐷𑐎𑐮𑑂𑐫𑐵𑐣𑐳𑐶𑑄𑐒𑐖𑐸𑐨𑐵𑐟𑐺𑐥𑐸𑐟𑑂𑐬𑐱𑑂𑐬𑐷𑐖𑐫𑐬𑐟𑑂𑐣𑐖𑐸𑐊𑐣𑐰𑐰𑐎𑑀𑐩𑐟𑐶𑐟𑑀𑐕𑐾𑐥𑐸𑐣𑐳𑐶𑑄𑐴
b864d767,𑐱𑑂𑐬𑐵𑐰𑐞𑐱𑐸𑐡𑑂𑐢𑐷𑑑𑑔𑐱𑐸𑐨𑑋𑑋
9ff7d972,𑐱𑑂𑐰𑐬𑐵𑐫𑑅𑑌
229zc568,𑐩𑐣𑑂𑐰𑐎𑐬𑐾𑐀𑐲𑑂𑐚𑐵𑐰𑐶𑐱𑐟𑐶𑐟𑐩𑐾𑐔𑐟𑐸𑐫𑐸𑐐𑐳𑑂𑐫𑐎𑐬𑐾𑐥𑑂𑐬𑐠𑐩𑐥𑐵𑐡𑐾𑐖𑐩𑑂𑐧𑐸𑐡𑑂𑐢𑐶
133164df,𑐮𑐕𑐶𑐩𑐶𑐨𑑂𑐬𑐵𑐟𑐵𑐥𑐸𑐟𑑂𑐬𑐨𑐵𑐖𑐸𑐡𑐾𑐌𑐎𑐳𑑂𑐫𑐨𑐵𑐬𑑂𑐫𑑂𑐫𑐵𑐐𑐸𑐣𑐮𑐕𑐶𑐩𑐷𑑌𑐎
c65a81za,𑐴𑐵𑐡𑐾𑐰𑐳𑑂𑐎𑐾𑑍𑐱𑑂𑐬𑐷𑑓𑐣𑐵𑐬𑐵𑐫𑐣𑐳𑑂𑐎𑑄𑑍𑐣𑐾𑐩𑑂𑐴𑑄𑐳𑑂𑐟𑐵𑑍𑐖𑐸𑑑𑐥𑐸𑐖𑐵𑑍𑐡𑑄𑑒𑐡𑐎𑑂𑐲𑐶𑐣𑐵𑐡𑑄𑑒
518ff7b3,𑐬𑑀𑑌𑐱𑐸𑐨𑑄𑑌𑑅𑑌𑑛𑑌𑑐𑑌
9c4199ad,𑐣𑑂𑐟𑐵𑐫𑐵𑐒𑐵𑐰𑐡𑐫𑐎𑐵𑑋𑑋𑐳𑑂𑐠𑐵𑐥𑐣𑐵𑐡𑐶𑐣𑑋𑑋𑐳𑐩𑑂𑐧𑐟𑑂
zf507c20,𑑊𑐩𑐏𑐣𑐟𑑀𑐬𑐫𑐵𑑍𑐱𑐶𑐰𑐮𑐎𑐨𑐵𑐬𑑀𑐣𑐳𑐾𑐐𑐸
75dd529d,𑐳𑐵𑐴𑐵𑐳𑐣𑐬𑑀𑐴𑑀𑐳𑐔𑑀𑐳𑑂𑐎𑐵𑐰𑐟𑐫𑐵𑐖𑐸𑐬𑑀𑑌𑐱𑐸𑐨𑑌𑑌𑐣𑐶𑐖𑐥𑑂𑐬𑐔𑐞𑑂𑐜𑐨𑐸𑐖𑐡𑐞𑑂𑐜𑐰𑐶
c0d41b27,𑐫𑐎𑑄𑐧𑑀𑐳𑐵𑐢𑐣𑐫𑐵𑐫𑐩𑐵𑐮𑑌𑑌𑐡𑐾𑐱𑐰𑐮𑐶𑐖𑑂𑐰𑐎𑑀𑐰𑐵𑐴𑐶𑐎𑐣𑐠𑑂𑐰𑐟𑐾𑐄𑐥𑐔𑐵𑐬𑐡𑐫𑐎𑑄𑐱𑑂𑐬𑐵𑐰𑐞𑐱𑐸𑐎𑑂𑐮𑐡𑑂𑐰𑐵𑐡𑐱𑐷𑐎𑐸𑐣𑑂𑐴𑐸𑐥𑐰𑐶
c0c9d09z,𑐳𑐩𑑂𑐫𑐎𑑂𑐳𑑄𑐧𑐸𑐡𑑂𑐢𑐫𑐵𑐥𑐡𑐮𑐵𑐎𑐖𑐸𑐥𑐵𑐫𑐱𑐸𑐨𑑄𑑋𑑋
8z5bb556,𑐎𑑄𑐟𑐡𑐸𑐥𑐬𑐶𑐳𑑂𑐰𑐬𑑂𑐞𑐎𑐮𑐱𑐕𑐵𑐫𑐵𑐰𑐱𑑂𑐬𑐷𑑓𑐐𑑀𑐥𑐷𑐣𑐵𑐠𑐩𑐹𑐬𑑂𑐟𑐶𑐥𑑂𑐬𑐟𑐶𑐲𑑂𑐛𑐵𑑌𑐟𑐟𑑅𑐥𑐷𑐬𑐥𑐵𑐟𑐶𑑌𑐳𑐊𑐰𑐳𑑂𑐰𑐾𑐲𑑂𑐚𑐡𑐾𑐰𑐟𑐵𑐥𑑂𑐬𑐶𑐟𑐶𑐣
654cd32a,𑑊𑐳𑑄𑐰𑐟𑑘𑑗𑑑𑐁𑐳𑐸𑐶𑐣𑐶𑑅𑐎𑐺𑐲𑑂𑐞𑑅𑐡𑐳𑐩𑑂𑐫𑐵𑑄𑐣𑑂𑐟𑐶𑐠𑑂𑐰𑑁
8z0a169c,𑐳𑐟𑐸𑐖𑐷𑐧𑐮𑐵𑐣𑐶𑐠𑐎𑐹𑐥𑐹𑐟𑑂𑐬𑐡𑐾𑐧𑐷𑐢𑑄𑐫𑑀𑐐𑐬𑐵𑐖𑐩𑑀
34f14d83,𑐣𑐩𑑅𑐱𑑂𑐬𑐷𑐟𑑂𑐬𑐶𑐬𑐟𑑂𑐣𑐩𑐹𑐬𑑂𑐟𑑂𑐟𑐨𑑂𑐫𑑅𑑌𑐩𑐵𑐬𑐰𑐶𑐖𑐶𑐨𑑂𑐫𑐳𑐧𑐮𑑄𑐳𑐴𑐶𑐥𑐸𑐬𑐸𑐏𑐳𑐶𑑄𑐴𑐵𑑍𑐢𑑂𑐫𑐵𑐣𑐳𑐸𑐏𑐣𑐨𑐶𑐩𑐸𑐏
5c88z178,𑐔𑑄𑐡𑑂𑐬𑐮𑐎𑑂𑐲𑑂𑐩𑐷𑑋𑑋𑐟𑐾𑐖𑐮𑐎𑑂𑐲𑑂𑐩𑐷𑑋𑐬𑐵𑐖𑐧𑐶𑐬𑐳𑐶𑑄𑑋𑑋𑐴𑐬𑑂𑐲𑐣𑐬𑐳𑐶𑑄𑑋𑑋𑐩𑐷𑐣𑐢𑑄𑑋
11af50bf,𑐱𑐵𑐎𑑂𑐫𑐨𑐶𑐎𑑂𑐲𑐸𑐱𑑂𑐬𑐷𑐖𑐶𑐣𑐶𑐱𑐵𑐎𑑂𑐫𑐨𑐶𑐎𑑂𑐲𑐸𑐱𑑂𑐬𑐷𑐬𑐟𑑂𑐣𑐔𑐣𑑂𑐡𑑂𑐬𑐱𑐵𑐎𑑂𑐫𑐨𑐶𑐎𑑂𑐲𑐸𑐰𑐾𑐏𑐵𑐳𑐶𑑄𑐴
0bd7ab89,𑐎𑐡𑐸𑐰𑐵𑐬𑐴𑐵𑐛𑑀𑑍𑐢𑐣𑐨𑐵𑐬𑑀𑑍𑐐𑑂𑐰𑐥𑐶𑐬𑐵𑐖𑐨𑐵𑐬𑑀𑑍𑐀𑐩𑐶𑐟𑐳𑐶𑑄𑐴𑐨𑐵𑐬𑑀𑑍𑐔𑑄
dd0b9817,𑐣𑐶𑐔𑐫𑐬𑑂𑐐𑐷𑐬𑑂𑐰𑐵𑐞𑐐𑑀𑐲𑑂𑐛𑐷𑐐𑐸𑐬𑐸𑑅𑐱𑑂𑐬𑐷𑐩𑐟𑑂𑐳𑐶𑐡𑑂𑐢𑐶𑐣𑐺𑐳𑐶𑑄𑐴𑐩𑐮𑑂𑐮𑐖𑐐𑐟𑐷𑐖𑐵𑐣𑐶𑐳𑑂𑐳
490d03c2,𑐎𑐵𑐳𑐎𑐾𑐣𑐎𑐰𑐶𑐴𑐵𑐬𑐶𑐮𑐶𑐰𑐶𑐕𑐾𑐫𑐵𑐥𑐸𑐬𑑂𑐞𑐶𑐩𑐵𑐳𑐾𑐰𑐵𑐐𑐸𑐠𑐶𑐫𑐵𑐫𑑀𑐐𑑂𑐰𑐵𑐬𑐨𑑀
d402f01f,𑐡𑐾𑐳𑐾𑑋𑑋𑑉𑐀𑐡𑑂𑐫𑐱𑑂𑐬𑐵𑐰𑐞𑐩𑐵𑐳𑐾𑑍𑐱𑐸𑐎𑑂𑐮𑐥𑐎𑑂𑐲𑐡𑐳𑐩𑐺𑐐𑐱𑐶𑐮𑑍𑐧𑐶𑐳𑐎𑑄𑐩𑑂𑐨𑑍𑐖𑐠𑐵𑐎
66c244dc,𑐎𑑂𑐲𑑂𑐩𑐷𑐔𑑌𑐟𑐡𑐣𑐸𑐖𑐱𑑂𑐬𑐷𑐖𑐷𑐟𑐱𑑂𑐬𑐩𑐳𑑂𑐫𑐨𑐵𑐬𑑂‍𑐫𑐵𑐱𑑂𑐬𑐷𑐰𑐶𑐖𑐣𑐮𑐎𑑂𑐲𑑂𑐩𑐷𑐳𑐵𑑌𑐎
9z5b2a92,𑑑𑑐𑐁𑐡𑐶𑐟𑑂𑐫𑐰𑐵𑐬𑐎𑐸𑐣𑑂𑐴𑐸𑐥𑑂𑐬𑐟𑐶𑐲𑑂𑐛𑐵𑐫𑐵𑐒𑐵𑐡𑐶𑐣𑐖𑐸𑐮𑑀𑑋𑑋𑑋𑑋𑐢𑑄𑐖𑑂𑐰𑐣𑑂𑐟𑐣𑐵
06af1272,𑐱𑐶𑐢𑑂𑐡𑐶𑐬𑐵𑐩𑐴𑐵𑐎𑐸𑐥𑐩𑑂𑐩𑐬𑐵𑐩𑐐𑐸𑐣𑐶𑐬𑐵𑐩𑐎𑐶𑐬𑑂𑐟𑑂𑐟𑐶𑐬𑐵𑐩
99978fa2,𑐬𑐟𑑂𑐣𑐟𑑂𑐬𑐫𑐵𑐫𑐣𑐩𑑌𑐣𑐩𑐱𑑂𑐬𑐷𑑓𑐢𑐬𑑂𑐩𑑂𑐩𑐢𑐵𑐟𑐸𑐧𑐾𑐣𑐩𑑌𑐁𑐎𑐵
9182866a,𑐩𑐣𑐵𑐣𑑍𑐠𑑂𑐰𑐦𑐬𑐾𑐨𑐸𑐰𑑀𑐫𑐵𑐰𑐡𑐫𑐎𑐵𑐖𑐸𑐬𑑀𑑋𑑋𑐳𑐩𑑂𑐰𑐟𑑗𑑙𑑘𑐖𑑂𑐫𑐲𑑂𑐛𑐩𑐵𑐳𑐾𑐎𑐺𑐲𑑂𑐞𑐥𑐎𑑂𑐲
809a5c43,𑑉𑐣𑐩𑑅𑐱𑑂𑐬𑐷𑐩𑐡𑑂𑐬𑐵𑐬𑑂𑐫𑑂𑐫𑐵𑐰𑐮𑑁𑐎𑐶𑐟𑐾
c47aa883,𑐮𑐕𑐶𑐩𑐶𑐨𑑂𑐬𑐵𑐟𑐵𑐥𑐸𑐟𑑂𑐬𑐨𑐵𑐖𑐸𑐡𑐾𑐌𑐎𑐳𑑂𑐫𑐨𑐵𑐬𑑂𑐫𑑂𑐫𑐵𑐐𑐸𑐣𑐮𑐕𑐶𑐩𑐷𑑌𑐎
f989za7c,𑑌𑑒𑑌𑐣𑐰𑐩𑑂𑐫𑐵𑑄𑐥𑐺𑐞𑑂𑐫𑐟𑐶𑐠𑑁𑐖𑑂𑐫𑐟𑐶𑐱𑐸𑐨𑐱𑐸
a07cf858,𑐎𑐰𑑄𑐟𑑀𑐎𑑀𑐮𑐶𑐰𑐶𑐕𑐾𑐰𑐖𑐵𑐜𑐔𑐵𑐖𑑂𑐫𑐱𑑂𑐬𑐷𑐬𑐵𑐩𑐖𑐸𑐳𑐱𑑂𑐬𑐷𑐮𑐾𑐕𑐩𑐣𑐖𑐸𑐳𑐠𑑂𑐰𑐥𑐣𑐶𑐳𑑂𑐫𑐣𑑅𑐮𑑄
4f3b8czb,𑐥𑑂𑐬𑐷𑐟𑐶𑐣𑐣𑐎𑐥𑐳𑐮𑐫𑐵𑐨𑐶𑐩𑐨𑐵𑐬𑑀𑐥𑐸𑐟𑑂𑐬𑐩𑐵𑐣𑐰𑐶𑐬𑐨𑐵𑐬𑑀𑐥𑐸𑐟𑑂𑐬𑐎𑐾𑐴𑐾𑐬𑐳𑐶𑐥𑐸𑐟𑑂𑐬
dc7fd268,𑐴𑐰𑐶𑐴𑐵𑐬𑐾𑐲𑑂𑐛𑐶𑐟𑐩𑐥𑐶𑐎𑐸𑐮𑐩𑐵𑐣
d16b7045,𑑉𑐱𑑂𑐬𑐷𑐐𑐞𑐾𑐱𑐵𑐫𑐣𑐩𑑅𑑋𑑋
7aa0b714,𑐱𑑂𑐬𑐷𑐩𑐮𑑂𑐮𑑀𑐎𑐾𑐱𑐡𑐿𑐰𑐳𑐬𑐞𑐩𑐥𑐶
708511f0,𑐬𑐫𑑄𑐣𑐵𑐬𑐵𑐫𑐞𑐥𑑂𑐬𑐷𑐟𑐫𑐾𑐣𑐾𑐎𑐳𑑂𑐰𑐬𑑂𑐞𑐑𑐚𑐬𑑂𑐰𑑂𑐰𑐶𑐨𑐹𑐲𑐶𑐟𑐱𑐶𑐏𑑀𑐴𑐺𑐡𑑂𑐫𑑀𑐫𑐫𑐵𑐎𑐵𑐬𑐶𑐟𑑅𑑌𑐫𑐳𑑂𑐫𑐵𑐱𑑂𑐔𑐵
90c5c183,𑐫𑐵𑐒𑐵𑐣
6ddc7zf9,𑐳𑐩𑑂𑐫𑐎𑑂𑐳𑑄𑐧𑐸𑐡𑑂𑐢𑐫𑐵𑐥𑐡𑐮𑐵𑐎𑐖𑐸𑐥𑐵𑐫𑐱𑐸𑐨𑑄𑑋𑑋
d34z7661,𑑉𑐣𑐩𑑅𑐱𑑂𑐬𑐷𑐐𑐞𑐾𑐱𑐵𑐫𑑋𑑋𑐱𑑂𑐬𑐷𑐔𑐞𑑂𑐜𑐾𑐱𑑂𑐰
270a1b14,𑐫𑐵𑐟𑐡𑑄𑑒𑐡𑐾𑐰𑐳𑑂𑐟𑑄𑐡𑐎𑑂𑐲𑐶𑐞𑐵𑐡𑑄𑑘𑐥𑐹𑐖𑐵𑐰𑐵𑐬𑐶𑐳𑑂𑐰𑐩𑐳𑑂𑐟𑑄𑐠𑑂𑐰𑐟𑐾𑐡𑐫𑐎𑑄𑐥𑐹𑐖𑐵𑐫𑐵𑐫𑐩𑐵𑐮𑑌𑑌𑐠𑑂𑐰𑐟𑐾𑐄
73832b35,𑑊𑑗𑑗𑑐𑐱𑐶𑐰𑑌
zb8b72z9,𑑌𑐱𑐸𑐨𑐩𑐒𑑂𑐐𑐮𑐨𑐰𑐟𑐸𑑌
36962db1,𑐟𑑄𑐥𑑂𑐬𑐵𑐥𑑂𑐟𑑄𑐦𑐮𑑄𑐔𑐵𑐎𑑂𑐲𑐥𑐾𑐟𑐡𑑂𑐰𑐡𑑂𑐫𑐵𑐱𑑂𑐔𑐬𑐞𑐵𑐬𑐰𑐶𑐣𑑂𑐡𑐫𑐸𑐐𑐮𑑄𑐰𑐣𑑂𑐡𑐵𑐩𑑀
b81c6b97,𑐠𑐸𑐐𑐸𑐥𑐸𑐞𑑂𑐫𑐣𑐥𑐸𑐐𑐸𑐐𑐟𑐶𑐥𑐾𑐐𑐸𑐖𑑀𑐣𑐶𑐣𑑄𑐄𑐟𑑂𑐥𑐟𑑂𑐟𑐶𑐖𑐸𑐫𑐵𑐌𑐔𑑀𑐰𑐥𑐶𑑄𑐳𑐎
4ba5042f,𑐠𑑂𑐰𑐟𑐾𑐔𑐿𑐟𑑂𑐫𑐫𑐵𑐨𑐐𑐰𑐵𑐣𑐫𑐵𑑍𑐰𑐬𑑂𑐲𑐧𑐣𑑂𑐢𑐣𑐫𑐵𑐫𑐟𑐐𑑂𑐮𑐵𑐳𑐳𑐮𑐐𑐵𑐧𑐸𑐬𑑀𑑒𑐮𑑂𑐴𑐸𑐟𑐶𑐎𑑂𑐰𑐧𑐸
af639a75,𑐳𑐰𑐶𑐔𑐵𑐮𑐫𑐵𑐫𑐟𑐵𑑍𑐩𑐢𑑄𑐡𑐵𑐣𑐵𑐫𑐎𑑍𑐠𑐎𑐸𑑄𑐩𑐫𑐷𑑍𑐢𑐣𑐩𑐫𑐷𑑍𑐡𑐾𑐰𑐮𑐎𑑂𑐲𑑂𑐩𑐷
cb601c1a,𑐱𑑂𑐬𑐷𑐣𑐬𑐣𑐵𑐬𑐵𑐫𑐞𑐠𑑂𑐰𑐫𑐵𑐣𑐥𑐸𑐟𑑂𑐬𑐩𑐴𑐵𑐬𑐵𑐖𑐵𑐢𑐶𑐬𑐵𑐖𑐱𑑂𑐬𑐷𑐱𑑂𑐬𑐷𑐮𑐎𑑂𑐲𑑂𑐩𑐷𑐣𑐵𑐬𑐵𑐫𑐞𑐠𑑂𑐰𑐫𑐵𑐣𑐥𑐸𑐟𑑂𑐬𑐩𑐴𑐵
54249a0b,𑐠𑑂𑐰𑐟𑐾𑑘𑐩𑑂𑐴𑐳𑐩𑐸𑐬𑑂𑐔𑐫𑐣𑐱𑑂𑐬𑐷𑑓𑐳𑐶𑐡𑑂𑐢𑐶
2ca7a42z,𑐰𑐶𑐴𑐵𑐬𑐶𑐞𑐷𑐰𑐶𑐖𑐫𑐟𑐾𑐱𑐮𑐵𑐢𑐶𑐬𑐵𑐖𑐵𑐟𑑂𑐩𑐖𑐵𑑌𑐟𑐟𑑂𑐥𑐵𑐡𑐵𑐩𑑂𑐧𑐸𑐖𑐣𑐶𑑅𑐳𑐺𑐣𑐵𑐩𑐺𑐟𑐬𑐳𑐥𑑂𑐬𑐵𑐫𑐥𑑂𑐬𑐨𑐵𑐎𑑂𑐲𑐵
04d0d49a,𑐊𑐎𑐵𑐡𑐱𑐷𑐎𑐬𑑂𑐎𑑂𑐎𑐟𑐾𑑋𑐰𑐩𑐵𑐬𑑂𑐫𑐟𑐸𑐮𑐳𑐷
dd06f444,𑐣𑐵𑐩𑐣𑐱𑑂𑐬𑐷𑐳𑐬𑐳𑑂𑐰𑐟𑐷𑑍𑐠𑑂𑐰𑐒𑐵𑐩𑑂𑐴𑐡𑐾𑐰𑐠𑑂𑐰𑐦𑐮𑑂𑐫𑐳𑐠𑐵𑐥𑐣𑐵𑐫𑐵𑐒𑐣
253740f8,𑐖𑐵𑐎𑑂𑐫𑐾𑐦𑑄𑑖𑑐𑐧𑐥𑐸𑐎𑐫𑐵𑐟𑐰𑐶𑐫𑐩𑐵𑐬𑑄𑐡𑑄𑐳𑑋𑐖𑐵𑐎𑑂𑐫𑐦𑑄𑑑𑑐𑐳𑐶𑐣𑐐𑐩𑐵𑐮𑐔𑑀𑐎𑐩𑑂𑐴𑐫𑐵
68c705f9,𑐖𑐐𑐟𑑂𑐎𑐵𑐬𑐶𑐞𑐷𑑋𑐳𑑄𑐳𑐵𑐬𑐵𑐩𑑂𑐧𑐸𑐢𑐶𑐟𑐵𑐬𑐶𑐞𑐷𑐣𑐶𑐖𑐥𑐡𑐵𑐳𑐎𑑂𑐟𑐢𑐶𑐳𑑄𑐴𑐵𑐬𑐶𑐞𑐷𑐱𑐩𑑂𑐨𑐸𑐎𑑂𑐬𑑀𑐜
z09683c1,𑐣𑐾𑐴𑑂𑐩𑐵𑐳𑑂𑐟𑐵𑐥𑐵𑐔𑐵𑐫𑐵𑐟𑐔𑐾𑐎𑐣𑐀𑐳𑑂𑐟𑐵𑑒𑐩𑐟𑐵𑐰𑑂𑐰𑐵𑐟𑑕𑑋𑑋𑐱𑑂𑐬𑐷𑐥𑐘𑑂𑐔𑐩𑐶
dcadc621,𑐎𑐺𑐟𑐳𑑂𑐩𑐿𑐳𑑂𑐟𑐸𑐧𑐵𑐫𑐵𑐧𑑂𑐫𑐰𑐾𑐣𑐩𑑅𑑌𑐱𑐸𑐨𑐳𑑄𑐰𑐟𑑘𑑙𑑙𑐩𑐵𑐬𑑂𑐐𑐱𑐶
1bc196da,𑐀𑐩𑐱𑑁𑑌𑐀𑐡𑑂𑐫𑐦𑐵𑐮𑑂𑐐𑐸𑐞𑐩𑐵𑐳𑐾𑐱𑐸𑐎𑑂𑐮𑐥𑐎𑑂𑐲𑐾𑐀𑐲𑑂𑐚𑐩𑑂𑐫𑐵𑐣𑑂𑐟𑐶𑐠𑑁𑐩𑐺
czc2b4ff,𑐳𑑂𑐠𑐵𑐣𑐳𑑂𑐫𑑍𑐂𑐴𑐾𑐰𑐥𑐹𑐞𑑂𑐫𑐨𑐹𑐩𑑌𑐀𑐡𑑂𑐫𑑅𑐱𑑂𑐬𑐵𑐰𑐞𑐩𑐵𑐳𑑂𑐫𑐱𑐎𑑂𑐬𑐥𑐎𑑂𑐲𑐟𑐺𑐟𑐶𑐫𑐵𑐟𑐶𑐠𑑁𑑍𑐥𑐹
4762zfcd,𑐥𑑂𑐬𑐔𑐫𑐥𑐸𑐞𑑂𑐜𑐬𑐷𑐎𑐣𑐫𑐣𑐱𑐫𑐣𑐳𑐥𑑂𑐬𑐔𑐞𑑂𑐜𑐨𑐵𑐣𑐸𑐡𑐫𑐴𑐶𑐩𑐨𑐵𑐣𑐸𑐩𑐞𑑂𑐜𑐮𑐴𑐳𑐴𑐶𑐩𑐴𑐶𑐩𑐐𑐶
d1fzdb79,𑐬𑑂𑐰𑑂𑐰𑐟𑑂𑐫𑐴𑐰𑐷𑑄𑐥𑑂𑐬𑐱𑐵𑐣𑑂𑐟𑐵𑑄𑐟𑐩𑑂𑐧𑑁𑐡𑑂𑐢𑐣𑐵𑐐𑑄𑐱𑐶𑐬𑐳𑐵𑐣𑐩𑐵𑐩𑐶𑑌𑐳𑐵𑐎𑐵𑐬𑐵𑐔𑐣𑐶𑐬𑐵𑐎𑐺𑐟𑐶𑐬𑑂𑐨𑐐𑐰𑐟𑐷𑐥𑑂𑐬𑐵
0zccab49,𑐱𑐸𑐨𑑌𑐳𑐩𑑂𑐰𑐟𑑘𑑑𑑙𑐰𑐿𑐱𑐵𑐏𑐎𑐺𑐲𑑂𑐞𑑑𑑑𑐱𑑂𑐬𑐞𑐵𑐎𑑂𑐬𑐰𑐶𑐴𑐵𑐬𑐳𑐰𑐖𑑂𑐬𑐵
zbdcaz6z,𑐎𑐣𑑂𑐫𑐵𑐔𑐮𑐡𑑂𑐰𑐷𑐔𑐷𑐬𑐩𑑂𑐫𑐵𑑄𑑍𑐖𑐚𑐵𑐩𑐸𑐟𑑂𑐎𑐚𑐵𑑄𑐩𑑁𑐮𑐶𑐣𑐵𑐳𑐣𑑂𑐡𑐢𑐵𑐣𑑄𑑋𑐎𑑂𑐲𑐞𑑄𑐳𑐖𑑂𑐟𑑂𑐬𑐣𑐵𑐲𑑂𑐚𑐸𑐞𑑂𑐫𑐖𑐣𑑂𑐩𑐵𑐣𑐊𑐣𑐵
b3dzzac6,𑐣𑐵𑐣𑐵𑐬𑐸𑐥𑐖𑐶𑐣𑐾𑐣𑑂𑐡𑑂𑐬𑑄𑐟𑐶𑐩𑐶𑐬𑐨𑐫𑐥𑐴𑐬𑐣𑐶𑐬𑑂𑐩𑐶𑐥𑑂𑐟𑑄
ca0db4z5,𑐲𑐸𑑋𑑋𑐟𑐶𑐲𑑂𑐫𑐎𑐸𑐖𑐔𑐵𑐬𑑂𑐫𑑂𑐫𑐩𑐾𑐳𑐖𑑂𑐘𑐆𑐎𑑂𑐲𑐾𑐐
a42b3cbc,𑐢𑐵𑐟𑐸𑐔𑐿𑐟𑑂𑐫𑐡𑐫𑐎𑐵𑐌𑐥𑑂𑐬𑐟𑐶𑐲𑑂𑐛𑐵𑐳𑑄𑐥𑐸𑐬𑑂𑐞𑑂𑐞𑐫𑐵𑐣𑐵𑐖𑐸𑐮𑑀𑑋𑑋
7a0b3c8a,𑐩𑐏𑐣𑐩𑐞𑑂𑐜𑐥𑐟𑑀𑐬𑐎𑐾𑑍𑐥𑐶𑐠𑐸𑐐𑑂𑐰𑐵𑐕𑐾𑐐𑐺𑐴𑐰𑐵𑐳𑐶𑐣
1b7115d1,𑐣𑐵𑐬𑐵𑑄𑐩𑐾𑐥𑐸𑐟𑑂𑐬𑐵𑐳𑑂𑐟𑐾𑐖
16165cf2,𑐣𑐖𑑀𑐐𑐾𑐳𑐣𑐶𑐔𑐬𑐧𑐵𑐳𑐬𑐾𑑋𑑋𑐧𑐶𑐥𑑂𑐬𑐱𑑂𑐬𑐷𑐧𑐶𑐩𑐮𑐵
86ba5z49,𑐔𑐸𑐬𑑒𑐠𑑂𑐰𑐟𑐾𑐧𑐸𑐫𑐵𑐌𑐬𑐳𑐵𑐣𑐣𑐡𑐸𑐠𑐾𑐴𑐣𑐾𑐩𑐵𑐬𑑍𑐡𑐶𑐬𑐵𑐥𑐸𑐣𑑂𑐴𑐶𑐳𑐶𑐎𑐸𑐣𑑂𑐴𑐸𑐩𑐵𑐴𑐵𑐡𑐶𑐥𑐥𑐸
0a5f62f2,𑐣𑑍𑐠𑐵𑐥𑐶𑐟𑐢𑐬𑑂𑐩𑑂𑐩𑐬𑐵𑐖𑐳𑑄𑐏𑑂𑐬𑐡𑐾𑐌𑐠𑑂𑐰𑐟𑐾𑐳𑐾𑐣𑑍𑐐𑐸𑐬𑐵𑐠𑑂𑐰𑐥𑑄𑐘𑑂𑐔𑐩𑐶𑐎𑐸𑐣𑑂𑐴𑐸𑐟𑐸𑑄𑐥𑐸𑐫𑐩𑐵𑐬𑐖𑐸𑐬𑑀𑑌𑐨𑐵𑐏𑐵𑐬𑑂𑐫𑐸𑐟𑐵
0d343b9z,𑑅𑐱𑑂𑐮𑑀𑐎𑐵𑑅𑑌𑐀𑐟𑑅𑐥𑐬𑑄𑐣𑐾𑐥𑐵𑐮𑐨𑐵𑐲𑐫𑐵𑐮𑐶𑐏𑑂𑐫𑐟𑐾𑑌𑑌𑐳𑑂𑐰𑐳𑑂𑐟𑐶𑑌𑐱𑑂𑐬𑐷𑐩𑐞𑐶𑐐𑑂𑐮𑐵𑐢𑐶𑐥𑐟𑐶𑐩𑐴𑐵𑐬𑐵𑐖𑐵𑐢𑐶𑐬𑐵𑐖𑐱𑑂𑐬𑐷𑐱𑑂𑐬𑐷𑐖𑐫𑐱𑑂𑐬𑐷𑐣𑐶𑐰𑐵𑐳𑐩𑐮𑑂𑐮
101f68cz,𑐨𑐵𑐣𑐷𑐮𑐥𑐡𑑂𑐩𑐘𑐩𑐸𑐞𑑂𑐜𑑄𑑍𑐎𑐬𑐵𑐩𑑂𑐨𑑀𑐬𑐸𑐴𑐣𑐵𑐰𑐴𑐣𑑂𑐟𑐷𑑄𑐳𑑂𑐩𑐶𑐟𑐵𑐳𑑂𑐫𑐵𑑄𑑋𑐣𑐩𑐳𑑂𑐫𑐵𑑄𑐰𑐶𑐬𑑄𑐔𑐷𑐣𑑂𑐡𑑂𑐬𑐰𑐺𑐣𑑂𑐡𑐵𑐬𑐎𑑁𑐰𑑍𑐬
4a3cc71b,𑐰𑐣𑐶𑐥𑐸𑐣𑐅𑐟𑑂𑐬𑑍𑐐𑑄𑐢𑐫𑑀𑐐𑑍𑐱𑐸𑐎𑑂𑐬𑐧𑐵
z99z566d,𑐱𑑂𑐰𑐬𑑍𑐖𑐐𑐟𑑂𑐩𑑀𑐴𑑀𑐣𑑍𑐱𑑂𑐰𑐩𑑂𑐴𑑄𑐳𑐵
7z08a0b1,𑐱𑑂𑐬𑐷𑐖𑐫𑐖𑐐𑑂𑐟𑐥𑑂𑐬𑐎𑐵𑐳𑐩𑐮𑑂𑐮𑐡𑐾𑐰𑐥𑑂𑐬𑐨𑐸𑐛𑐵
cz343c15,𑐬𑑂𑐱𑑂𑐬𑐳𑑂𑐟𑐸𑑋𑑋𑐳𑐩𑑂𑐰𑐟𑑗𑑖𑑒𑐁𑐏𑐵𑐢𑐩𑐵𑐳𑐾𑐱𑐸𑐎𑑂𑐮𑐥𑐎𑑂𑐲
7895f26a,𑑊𑐳𑐩𑑂𑐰𑐟𑑘𑑑𑑐𑐁𑐱𑐶𑐸𑐣𑐷𑐱𑐸𑐎𑑂𑐮𑑌𑐡𑐱𑐩𑐷
z2a22732,𑐕𑐾𑐱𑑂𑐬𑐷𑑓𑐁𑐐𑑂𑐩𑐖𑐸𑐫𑐵𑐕𑐾𑐣𑐄𑐟𑑂𑐟𑑂𑐬𑐟𑐩𑐸𑐐𑐬𑐣𑐥𑐸𑐬𑑂𑐰𑑂𑐰
552568bc,𑐎𑑂𑐲𑑂𑐩𑐷𑐔𑑌𑐟𑐡𑐣𑐸𑐖𑐱𑑂𑐬𑐷𑐖𑐷𑐟𑐱𑑂𑐬𑐩𑐳𑑂𑐫𑐨𑐵𑐬𑑂‍𑐫𑐵𑐱𑑂𑐬𑐷𑐰𑐶𑐖𑐣𑐮𑐎𑑂𑐲𑑂𑐩𑐷𑐳𑐵𑑌𑐎
94bz251a,𑐳𑐶𑐫𑐵𑐖𑐸𑐬𑑀𑑍𑐠𑑂𑐰𑐔𑐾𑐎𑐣𑐀𑐟𑐩𑐎𑐶𑐮𑐶𑐟𑐵𑐟𑐳𑐵𑐳𑑀𑐣𑐎𑐾𑐔𑐮𑐎𑐳𑐵𑐬𑐟𑐬𑐳𑐵𑐔𑑂𑐰𑐵𑐦𑐶𑐣𑐧𑐥𑐸𑐟𑐳𑐵𑐧𑑂𑐬𑐩𑑂𑐴𑐴𑐠𑑂𑐫𑐵𑐰𑐵𑐬𑐴𑐠𑑂𑐫𑐵𑐐𑑂𑐰𑐴𑐴𑐠𑑂𑐫𑐵𑐳𑑂𑐟𑑂𑐬𑐷
160a2c6a,𑑊𑐳𑐩𑑂𑐰𑐟𑑘𑑑𑑐𑐁𑐱𑐶𑐸𑐣𑐷𑐱𑐸𑐎𑑂𑐮𑑌𑐡𑐱𑐩𑐷
606f04bz,𑐥𑐶𑐳𑐶𑑄𑐴𑐨𑐵𑐰𑑍𑐩𑐵𑐢𑐰𑐬𑐵𑐩𑐨𑐵𑐰𑑌𑐠𑐸𑐟𑐶𑐢𑐬𑑂𑐩𑑂𑐩𑐐𑑀𑐲𑑂𑐚𑐶𑐳𑐩𑐹𑐴𑐣𑑍𑐥𑐹𑐬𑑂𑐞𑑂𑐞𑐩𑐵𑐳𑐶𑐳𑐾𑐰𑐵𑐡𑐫𑐎𑑄𑑍
2212d8ab,𑐱𑑂𑐬𑐷𑐩𑐮𑑂𑐮𑑀𑐎𑐾𑐱𑐡𑐿𑐰𑐳𑐬𑐞𑐩𑐥𑐶
bz2bb7zd,𑐱𑑂𑐬𑐷𑑓𑐰𑐵𑐐𑑂𑐩𑐟𑑂𑐫𑐣𑐩𑑅𑑌
8ac9z515,𑐲𑐵𑐐𑑂𑐰𑑒𑐡𑑂𑐫𑐵𑑄𑐣𑑂𑐚𑐀𑐳𑑂𑐟𑐵𑐩𑐳𑐶𑐴
zdd80za9,𑐳𑐣𑑂𑐣𑐶𑐢𑐵𑐣𑐾𑐱𑑂𑐬𑐷𑑓𑐧𑐵𑐳𑐸𑐎𑐷𑐎𑑂𑐲𑐾𑐟𑑂𑐬𑐾𑐱𑑂𑐬𑐷𑑓𑐧𑐵𑐐𑑂𑐩𑐟𑑂𑐫𑐵𑑅𑐥𑐱𑑂𑐔𑐶𑐩𑐎𑐸𑐮𑐾𑑌𑐱𑑂𑐬𑐷𑑓𑐧𑐶𑐲𑐸
cc62f594,𑐱𑑂𑐬𑐷𑐱𑑂𑐬𑐷𑐖𑐫𑐳𑐶𑐡𑑂𑐢𑐶𑐣𑐬𑐳𑐶𑑄𑐴𑐩𑐮𑑂𑐮𑐡𑐾𑐰𑐛𑐵𑐎𑐸𑐬𑐳𑐣𑐒𑐵𑐟𑑄𑐥𑑀𑐮𑐮𑐡𑐾𑐰𑐬𑐡𑑀𑐫𑐎𑑄𑐳𑐸𑐰𑐬𑑂𑐞𑑂𑐞
2z8z85bf,𑐣𑐖𑐬𑐢𑐵𑐮𑐵𑐳𑐶𑐢𑐎𑑄𑐣𑐶
487628b1,𑐱𑑂𑐬𑐷𑐩𑐔𑑂𑐕𑐷𑐮𑐥𑐸𑐬𑐣𑑂𑐡𑐬𑑀𑐰𑐶𑐖𑐫𑐟𑐾𑐮𑑀𑐎𑑀𑐟𑑂𑐟𑐬𑐱𑑂𑐰𑐣𑑂𑐡𑑂𑐬𑐰𑐟𑑂𑑌𑐀𑐴𑑄𑐎𑐺𑐟𑐰𑐳𑐸𑐣𑑂𑐢𑐬𑐵𑐢𑐶𑐥𑐩𑐴𑐾𑐨𑐩𑐹𑐬𑑂𑐢𑐵𑐎𑐸𑐱𑑀𑐩𑐴𑐵𑐎𑐸𑐮𑐶𑐳𑐥𑑄𑐘𑑂𑐖𑐬𑑅
1b351ba6,𑑊𑑉𑐱𑑂𑐬𑐷𑐐𑑀𑐥𑐵𑐮𑐾𑐱𑑂𑐰𑐬𑐵𑐫𑑌𑐐𑑀𑐥𑐵𑐮𑐾𑐱𑑂𑐰𑐬𑐡𑐾𑐰𑑋
999cz271,𑐥𑐹𑐬𑑂𑐞𑐶𑐩𑐵𑐎𑐸𑐣𑑂𑐴𑐸𑐥𑐹𑐖𑐵𑐨𑑄𑐜𑐶𑐖𑑀𑑑𑐳𑐵𑐢𑐬𑐶𑐥𑐵𑑔𑐡𑐸𑐡𑐸𑐥𑐵𑑔𑐑𑐾𑐮𑐀𑐲𑑂𑐚𑐵𑑑𑐎𑐳𑑂𑐟𑐶𑐀𑑑𑐳𑐵𑐏𑐀𑑑𑐣𑐶𑐱𑑂𑐬𑐵𑐰𑐖𑑀𑑓𑐡𑑄𑑘𑐳𑐾𑐳𑐡𑐰𑐵
b665a24d,𑐄𑐟𑑂𑐟𑐨𑐡𑑂𑐬𑐣𑐎𑑂𑐲𑐟𑑂𑐬𑐾𑐥𑑂𑐬𑐷𑐟𑐶𑐖𑑀𑐐𑐾𑐳𑑂𑐰𑐩𑐰𑐵𑐳𑐬𑐾𑐠𑑂𑐰𑐎𑐸𑐣𑑂𑐴𑐸𑐳𑑄𑐥𑐹𑐬𑑂𑐞𑐥𑑂𑐬𑐟𑐶𑐲𑑂𑐛𑐵𑐫𑐵𑐒𑐵𑐡𑐶𑐣𑐖𑐸𑐬𑑀𑐱𑐸𑐨
ffb41322,𑐳𑐡𑐵𑐨𑐎𑑂𑐟𑐶𑐣𑑁𑐣𑐶𑐥𑑂𑐬𑐥𑐺𑐖𑑂𑐫𑑄𑑌𑐩𑐞𑐷𑐳𑐶𑑄
8a8fbfd1,𑐳𑑂𑐟𑑂𑐬𑐵𑐬𑑂𑐠𑐰𑐶𑐟𑑂𑐟𑐟𑐸𑐮𑑂𑐫𑑀𑐣𑐢𑐬𑐵𑐥𑐟𑐶𑐬𑑂𑐨𑐸𑐰𑐶𑐟𑐡𑐵𑐰𑐎𑐞𑑂𑐛𑐣𑐵𑐠𑑀𑐥𑐩𑑅𑑌𑐁𑐳𑐷𑐡𑑂𑐫𑑀𑐐𑐣𑐬𑐾𑐣𑑂𑐡𑑂𑐬𑐩𑐮𑑂𑐮𑐣𑐺𑐥𑐟𑐶𑑅𑐱𑑂𑐬𑐷𑐱𑑂𑐬𑐷𑐣𑐶𑐰𑐵𑐳𑐵𑐟𑑂𑐩𑐖𑑀𑐫𑐟𑑂𑐟𑐸𑐮𑑂𑐫𑑀𑐨𑐸
678f7a5d,𑐱𑑂𑐬𑐷𑑓𑐰𑐵𑐐𑑂𑐩𑐟𑑂𑐫𑐣𑐩𑑅𑑌
f97819a8,𑐢𑐌𑐟𑐶𑐫𑐵𑐟𑐣𑐵𑐩𑐣𑐠𑑂𑐰𑐳𑐵𑐬𑐶𑐎𑐡𑐫𑐎𑐵𑐖𑐸𑐬𑑀𑑌𑐱𑐸𑐨𑐩𑐩
6d102d56,𑐟𑐶𑐦𑐮𑐾𑐡𑐫𑐎𑐵𑐰𑐸𑐥𑐟𑐶𑐳𑑂𑐠𑐵𑐫𑐵𑐒𑐵𑐡𑐶𑐣𑐖𑐸𑐬𑑀𑑋𑐬𑑂𑐰𑐏𑐬𑑂𑐰𑐏𑐞𑐰𑐸𑐱𑐵
f5c30560,𑐬𑑀𑐎𑑂𑐫𑐾𑐰𑐬𑐡𑐵𑐫𑐎𑑍𑐰𑐣𑑂𑐡𑐾𑐟𑑂𑐰𑑄𑐖𑐐𑐟𑐣𑐵𑐠𑑄𑐱𑐟𑐐𑐸𑐬𑐸𑐣
47547dz1,𑑌𑐡𑐵𑐣𑐥𑐟𑐶𑐖𑐖𑐩𑐵𑐣𑐎𑐵𑐲𑑂𑐛𑐩𑐞𑑂𑐜𑐥𑐩𑐴𑐵𑐣𑐐𑐬𑐾𑐩𑐶𑐔𑑂𑐫𑐵𑐎𑐩𑐸𑐐𑐬𑐟𑑀𑐬
48538f6c,𑐳𑑄𑐩𑑂𑐢𑐰𑑂𑐬𑐶𑑑𑐔𑐶𑐬𑐶𑐠𑐎𑐸𑑃𑑑𑐎𑐾𑐔𑐩𑐵𑑑𑐣𑐖𑐬𑐎𑐸𑐩𑐵𑐬𑐷𑐳𑑄𑐑𑐬𑐟𑑂‍𑐣𑑑𑐴𑐬𑐶𑐎𑐸𑐮𑐶𑑑𑐮𑐟𑑂‍𑐣𑐧𑐵𑐴
cfz4d62a,𑐩𑐟𑑂𑐫𑐵𑐥𑐹𑐬𑑂𑐰𑑂𑐰𑐎𑐸𑐬𑐾𑐱𑑂𑐬𑐷𑐩𑐎𑐵𑐣𑑂𑐟𑐶𑐥𑐸𑐮𑐶𑐩𑐵𑐴𑐵𑐣𑐐𑐬𑐾𑐱𑑂𑐬𑐷𑑒𑐫𑐩𑐩𑐬𑐾𑐱𑑂𑐰𑐬𑐨𑐚𑑂𑐚𑐵𑐬𑐎
91dff307,𑐬𑐶𑐏𑐡𑐾𑐰𑑍𑐟𑐳𑑂𑐫𑐣𑐵𑐬𑐷𑐢𑐣𑐰𑐟𑐷𑑍𑐀𑐳𑑂𑐫𑐥𑐸𑐟𑑂𑐬𑐷𑐬𑐟𑑂𑐣𑐡𑐾𑐰𑐷𑑍𑐢𑐣𑐳𑐶𑑄𑐴𑐳𑑂𑐫𑐡𑑂𑐰𑐴𑐶𑐟𑑂𑐫𑐢𑐰𑐟𑐷𑑍
2db0bd4a,𑐣𑑂𑐜𑐮𑐎𑑂𑐲𑑂𑐩𑐶𑐩𑐸𑐣𑐶𑐢𑐬𑐎𑐳𑑂𑐫𑐥𑐸𑐟𑑂𑐬𑐬𑐵𑐖𑐧𑐶𑐬𑐳𑐶𑑄𑑍𑐀𑐩𑐸𑐢𑐬
65139z11,𑐬𑐶𑐴𑐬𑐴𑐬𑐴𑐬𑑂𑐩𑑂𑐫𑐴𑐬𑐰𑐵𑐴𑐣𑐨𑐬𑐴𑐬𑐶𑐞𑐵𑐎𑑂𑐲𑐷𑐴𑐵𑐳𑐴𑐷𑐬𑐎𑐴𑐶𑐞𑑂𑐜𑐷𑐬𑐥𑐶𑐞𑑂𑐜𑐴𑐮𑐢𑐬𑐢𑐰𑐮
834f1f58,𑐀𑐖𑑂𑐘𑐵𑐣𑐔𑑀𑐫𑐵𑐖𑐸𑐬𑑀𑑌𑐱𑐸𑐨𑐩𑐳𑑂𑐟𑐟𑑂𑐬𑐶𑐖𑐐𑐟𑐵𑐩𑑂𑑌
cbf393z3,𑐮𑐵𑐣𑐶𑐩𑑂𑐟𑑂𑐬𑐷𑐥𑐸𑐬𑐸𑐲𑐫𑐵𑐣𑐵𑐩𑐣𑐡𑐫𑐎𑐵𑐟𑐐𑐸𑐥𑑄𑐔𑐵
0cbc1178,𑐫𑐠𑐵𑐎𑐬𑑂𑐞𑐩𑐸𑐴𑐸𑐟𑑂𑐬𑐾𑐱𑐸𑐎𑑂𑐬𑐧𑐵𑐮𑐳𑐮𑐾𑑌𑐧𑐶𑐕𑐸𑐮𑐵𑐳𑐶𑐐𑐟𑐾𑐳𑐧𑐶
6119dd59,𑐱𑑂𑐬𑐷𑐱𑑂𑐬𑐷𑐱𑑂𑐬𑐷𑐢𑐩𑐢𑐵𑐟𑐸𑐔𑐿𑐟𑑂𑐫𑐖𑐶𑐬𑑂𑐞𑐄𑐢𑐵𑐬𑐫𑐵𑐒𑐵𑐳𑑂𑐬𑑀𑐳𑑂𑐟𑐸𑑌𑐳𑑄𑐩𑑂𑐧𑐟𑑂𑑘𑑑𑑒𑐧𑐿𑐳𑐵𑐲𑐎𑐺𑐲𑑂𑐞𑐊𑐎𑐵𑐡
c01faz7c,𑐥𑐡𑐵𑐥𑐹𑐬𑑂𑐞𑐩𑐵𑐳𑐷𑐱𑑂𑐬𑐵𑐰𑐞𑐎𑐺𑐲𑑂𑐞𑐀𑐲𑑂𑐚𑐩𑐷𑐠𑑂𑐰𑐥𑑂𑐫𑑄𑐑𑐵𑐟𑐣𑑄𑐣𑑂𑐴𑐶𑐣𑐔𑐾𑐎𑐣𑐦𑑄𑑑𑐔𑐵𑐎𑑂𑐬𑐩𑐟𑐕𑑀𑐫
55173cdc,𑐨𑐵𑐬𑑂𑐫𑑂𑐫𑐵𑐳𑐨𑐡𑑂𑐬𑐵𑐳𑐵𑐎𑑄𑐣𑐶𑐲𑑂𑐛𑐳𑑂𑐫𑐥𑑂𑐬𑐶𑐫𑐵𑐳𑐟𑐷𑑌𑐰𑐵𑐳𑐶𑑄𑐴𑐂𑐟𑐶𑐰𑐶𑐏𑑂𑐫𑐵𑐟𑑀𑐩𑐢𑑂𑐫𑐩𑐞𑐵𑐟𑑂𑐩𑐖𑑅
ffd78152,𑐠𑐶𑐳𑐎𑐷𑐬𑑂𑐟𑐶𑐳𑑍𑐐𑑀𑐩𑑂𑐴𑐳𑐾𑐣𑑍𑐎𑐔𑐶𑑄𑐐𑑂𑐮𑐠𑐣𑐳𑐵𑑍𑐮𑑀𑐨𑐫𑐵𑐟𑐳𑐵𑑍𑐌𑐩𑑂𑐴𑐫𑐵𑐟𑐥𑑄𑐔𑐩𑐴𑐵𑐥𑐵𑐟𑐎𑐬𑐵𑐎𑐖𑐸𑐬𑑀𑑌
c16fa926,𑐣𑐶𑐱𑑂𑐔𑐬𑐰𑐵𑐳𑐬𑐾𑑍𑐎𑐸𑐩𑑂𑐨𑐬𑐵𑐱𑐶𑐐𑐟𑐾𑐳𑐰𑐷𑐟𑐬𑐷𑐎𑐬𑑂𑐎𑑂𑐎𑐚𑐬𑐵
c092d5f9,𑐴𑐾𑐩𑐵𑐬𑑂𑐫𑐟𑐵𑐬𑐵𑐳𑐴𑐶𑐟𑐡𑑂𑐰𑐫𑐱𑐶𑐮𑐵𑐳𑑂𑐟𑑄
168z3396,𑐥𑐱𑐸𑐥𑐟𑐶𑐥𑐵𑐡𑐥𑐵𑐠𑑀𑐖𑐥𑐬𑐵𑐐𑐬𑐵𑐐𑐶𑐟𑐱𑑂𑐬𑐷𑐩𑐣𑑂𑐩𑐵𑐣𑐾𑐱𑑂𑐰𑐬𑐷𑐲𑑂𑐚𑐡𑐾𑐰𑐟𑐵𑐰𑐬𑐮𑐎𑑂𑐲𑐥𑑂𑐬𑐳𑐵𑐡𑐡𑐾
408b6475,𑐖𑐸𑐬𑑀𑑌𑐠𑑂𑐰𑐣𑐿𑐬𑐎𑑀𑐠𑑄𑐎𑐵𑐖𑐵
5z5ca931,𑐨𑐸𑐖𑐡𑐞𑑂𑐜𑐡𑐵𑐣𑐳𑐣𑑂𑐟𑐵𑐣𑐳𑐩𑑂𑐩𑐵𑐣𑐶𑐟𑐐𑐸𑐞𑐶𑐐𑐞𑐩𑐷𑐫𑐩𑐵𑐣𑐵𑐣𑐰𑐡𑑂𑐫𑐐𑐡𑑂𑐫𑐥𑐡𑑂𑐫𑐵𑐡𑐶𑐰𑐶𑐰𑐶𑐢𑐎𑐵𑐰𑑂𑐫𑐵
bd9b8f96,𑐳𑐖𑐵𑐎𑑂𑐫𑐾𑐦𑑄𑑙𑑐𑐧𑐶𑐫𑐩𑐵𑐮𑑌𑑌𑐖𑑂𑐫𑐾𑐲𑑂𑐛𑐱𑐸𑐎𑑂𑐮𑐡𑑂𑐰𑐵𑐡𑐱𑐷𑐠𑑂𑐰𑐎𑐸𑐣𑑂𑐴𑐸𑐴𑑀𑐩𑐖𑑀𑐮𑐣𑐩𑐵𑐮𑐎𑑀𑐴𑑂𑐩𑑄𑑑𑐡𑐸𑐐𑐸𑐠𑑂𑐰𑐟𑐾𑐡𑐫𑐎𑑄𑐴𑑀𑐩𑐫𑐵𑐫𑐖𑐸
64f6d1c7,𑐡𑐸𑐡𑐵𑐟𑐵𑐫𑐵𑐧𑑄𑐳𑐡𑐟𑐫𑐵𑐒𑐵𑐌𑐟𑐫𑐩𑐵𑐬𑑌
7za34015,𑐬𑐶𑐏𑐡𑐾𑐰𑑍𑐟𑐳𑑂𑐫𑐣𑐵𑐬𑐷𑐢𑐣𑐰𑐟𑐷𑑍𑐀𑐳𑑂𑐫𑐥𑐸𑐟𑑂𑐬𑐷𑐬𑐟𑑂𑐣𑐡𑐾𑐰𑐷𑑍𑐢𑐣𑐳𑐶𑑄𑐴𑐳𑑂𑐫𑐡𑑂𑐰𑐴𑐶𑐟𑑂𑐫𑐢𑐰𑐟𑐷𑑍
82868b48,𑐰𑐶𑐩𑐵𑐣𑐱𑑂𑐬𑐷𑑓𑐖𑐐𑐣𑑂𑐣𑐵𑐠𑐥𑑂𑐬𑐟𑐶𑐩𑐵𑐳𑐴𑐶
daabb300,𑐟𑐳𑑂𑐫𑐟𑐱𑑂𑐬𑐷𑑍𑐱𑑂𑐬𑐷𑐟𑐰𑐟𑐷𑑍𑐱𑑂𑐬𑐷𑐐𑐸𑐞𑐖𑑀𑐟𑐶𑐎𑐳𑑂𑐫𑑍𑐎𑐣𑐾𑐲𑑂𑐚𑐵𑐩𑐵𑐟𑐵𑐴𑐾𑐬𑐸𑑋𑑋𑐠𑑂𑐰𑐟𑐾𑐥𑐸𑐩𑐸𑐏𑐣𑑍𑐠𑑂𑐰𑐐𑐸𑐞𑐵
c0d6a259,𑐱𑑂𑐬𑐵𑐰𑐞𑐱𑐸𑐡𑑂𑐢𑐷𑑑𑑔𑐱𑐸𑐨𑑋𑑋
2z814cfc,𑐡𑑂𑐫𑐕𑐵𑐫𑐩𑐵𑐮𑐥𑑄𑐔𑑀𑐥𑐔𑐵𑐬𑐥𑐸𑐖𑐵𑑌𑐥𑐸𑐖𑐵𑐫𑐵𑐎𑐧𑑂𑐬𑐵𑐩𑑂𑐴𑐞𑐫𑐵𑐟𑐎𑐾𑐦𑑄𑑔𑑕𑐧𑑂𑐬𑐵𑐩𑑂𑐴𑐞
78c9c606,𑐞𑑂𑐜𑐮𑐬𑐶𑐬𑐸𑐥𑐩𑐡𑐵𑐣𑐢𑐵𑐬𑑀𑐥𑐵𑐬𑑂𑐖𑑂𑐖𑐶𑐟𑐫𑐱𑑂𑐬𑑅𑐥𑐹𑐬𑐎𑐫𑐸𑐬𑐰𑐶𑐦𑐮𑐷𑐎𑐺𑐟𑐱𑑂𑐬𑐷𑐏𑐞𑑂𑐜𑐏𑐞𑑂𑐜𑐬𑐸𑐞𑑂𑐜𑐬𑐷𑐎
bbb191fz,𑐥𑑀𑐐𑐵𑐬𑐰𑐴𑐶𑐮𑐶𑐥𑐕𑐾𑑄𑐣𑐬𑐴𑐬𑐶𑑍𑐩𑑂𑐴𑐫𑐵𑐔𑐩𑐣𑑀𑐴𑐬𑐷𑑍𑐩𑐵𑐣𑑂𑐫𑐾𑐱𑑂𑐰𑐬𑐷𑑍𑐥𑑂𑐬𑐩𑐸𑐏𑐫𑑀𑐳𑑂𑐰𑐩𑑂𑐴𑐳𑐾
03bc192b,𑑊𑑉𑐣𑐩𑑀𑐩𑐣𑐰𑐶𑐞𑐵𑐫𑐎𑐵𑐫𑑌𑐲𑐣𑑂𑐩𑐹𑐏𑐵𑐫𑐣𑐩𑐳𑑂𑐟𑐸𑐨𑐵𑑄𑐲𑐚𑑂𑐨𑐸𑐖𑐵𑐫
710627ab,𑐬𑑂𑐞𑑂𑐞𑐩𑐸𑐴𑐸𑐟𑑂𑐟𑐬𑐱𑐣𑐶𑐱𑑂𑐔𑐬𑐧𑐵𑐬𑐩𑐾𑐲𑐬𑐵𑐳𑐶𑐐𑐟𑐾𑐳𑐧𑐶𑐟𑐬𑐶𑐩𑐶𑐠𑐸𑐣𑐬𑐵𑐳𑐶𑐔𑐣𑑂𑐡𑑂𑐬𑐩𑐳𑐶
742d09df,𑐖𑑀𑐟𑐶𑐟𑐳𑑂𑐫𑐨𑐵𑐬𑑂𑐫𑑂𑐫𑐵𑑍𑐥𑐡𑐸𑐩𑐣𑐷𑐮𑐎𑑂𑐲𑑂𑐩𑐷𑐟𑐡𑐣𑐸𑐨𑐵𑐬𑑂𑐫𑑂𑐫𑐵𑐴𑐾𑐬𑐩𑐣𑐷𑑍𑐥𑐸𑐣𑐱𑑂𑐔𑐨𑐵𑐬𑑂𑐫𑑂𑐫𑐵𑑍𑐥𑐡𑐸𑐩𑐣𑐷𑐥𑑂𑐬𑐠
c7fd9c65,𑐧𑐵𑐬𑐾𑑋𑑋𑐱𑐸𑐨𑐣𑑂𑐴𑐶𑐮𑐐𑑂𑐣𑐾𑐥𑐶𑐔𑐳𑑁𑐬𑐩𑐣𑐵𑐣
8c652560,𑐡𑐡𑐶𑐧𑐾𑐩𑐵𑐣𑑀𑐬𑐰𑐷𑐎𑐸𑐬𑐟𑐶𑐮𑐎𑐴𑐣𑐸𑐩𑐢𑑂𑐰𑐖𑐣𑐾𑐥𑐵𑐬𑐱𑑂𑐰𑐬𑐩𑐴𑐵𑐬𑐵𑐖𑐵
ac37z7za,𑐩𑐣𑐨𑐫𑐳𑐎𑐮𑐎𑐮𑐵𑐰𑐶𑐮𑐵𑐳𑐩𑐫𑐎𑐩𑐣𑑂𑐣𑐵𑐢𑐬𑐵𑐢𑐶𑐥𑐳𑐩𑐳𑑂𑐟𑐥𑑂𑐬𑐎𑑂𑐬𑐶𑐫𑐵𑐰𑐶𑐬𑐵𑐖
d0dc35c3,𑐠𑐶𑐳𑐎𑐷𑐬𑑂𑐟𑐶𑐳𑑍𑐐𑑀𑐩𑑂𑐴𑐳𑐾𑐣𑑍𑐎𑐔𑐶𑑄𑐐𑑂𑐮𑐠𑐣𑐳𑐵𑑍𑐮𑑀𑐨𑐫𑐵𑐟𑐳𑐵𑑍𑐌𑐩𑑂𑐴𑐫𑐵𑐟𑐥𑑄𑐔𑐩𑐴𑐵𑐥𑐵𑐟𑐎𑐬𑐵𑐎𑐖𑐸𑐬𑑀𑑌
889f9594,𑑉𑐀𑐡𑑂𑐫𑑅𑐧𑑂𑐬𑐩𑑂𑐴𑐞𑑀𑐡𑑂𑐢𑐶𑐟𑐷𑐫𑐥𑐬𑐵𑐡𑑂𑐢𑐾𑑍𑐱𑐷𑐫𑐟𑐧𑐬𑐵𑐴𑐵𑐎𑐬𑐥𑐾𑐰𑐿𑐰𑐰𑐱𑑂𑐰𑐟𑐩𑐣𑑂𑐰𑐎𑐬𑐾𑐀𑐲𑑂𑐚𑐵𑐰𑐶𑐱
6d111d38,𑐫𑐞𑐠𑑂𑐰𑐫𑐵𑐣𑐎𑐾𑐴𑐾𑐬𑐵𑐖𑐎𑐸𑐩𑐵𑐬𑐱𑑂𑐬𑐷𑐱𑑂𑐬𑐷𑐬𑐸𑐥𑐩𑐟𑐶𑐡𑐾𑐰𑐷𑐠𑑂𑐰𑐫𑐵𑐣𑐎𑐾𑐴𑐾𑐬𑐵𑐖𑐎𑐸𑐩𑐵𑐬𑐷𑐱𑑂𑐬𑐷𑐱𑑂𑐬𑐷
9c0b024f,𑐮𑐎𑑂𑐲𑑂𑐩𑐷𑐱𑑂𑐔𑐎𑐵𑐩𑐶𑐣𑐶𑐟𑐾𑐲𑐵𑑄𑐔𑐳𑑂𑐰𑐬𑑂𑐐𑐵𑐥𑑂𑐬𑐵
f4cd212c,𑐢𑐩𑑂𑐩𑐡𑐾𑐰𑐨𑐵𑐬𑑀𑑌𑐥𑐬𑐨𑐵
98zba360,𑐧𑑂𑐬𑐟𑐶𑐮𑑀𑐎𑐳𑐩𑐳𑑂𑐟𑐳𑑂𑐫𑐩𑐵𑐑𑐧𑑂𑐬𑐟𑑂𑐟𑐫𑐵𑐱𑑂𑐬𑐷𑐱𑑂𑐬𑐷𑐩𑐵𑐢𑐧𑐨𑐵𑐜
3bca9656,𑐫𑐶𑐣𑐾𑐬𑐟𑑂𑐟𑐸𑐟𑑂𑐫𑐵𑐰𑐶𑐱𑑂𑐰𑐳𑐺𑐖𑐵𑑄𑐳𑑂𑐰𑐫𑑄𑐰𑐟𑐬𑐟𑐾𑐎𑐺𑐲𑑂𑐞𑐵𑐫𑐨𑐹𑐫𑑀𑐣𑐩𑑅𑑌𑐫𑑀𑐫𑑀𑐮𑐷𑐮𑐫𑑀𑐡𑐢𑐸𑐟𑑂𑐫𑐐𑐶𑐬𑐶𑑄𑐩𑐴𑐵𑐣𑑂𑐟𑑄𑐐𑑀𑐐𑑀𑐥𑐶
2bzd6a24,𑐳𑐹𑐬𑑂𑐫𑑂𑐫𑐵𑐫𑐠𑐵𑐬𑐵𑐖𑐟𑐾𑑌𑐟𑐳𑑂𑐫𑐥𑐟𑑂𑐣𑐷𑐟𑐸𑐰𑐶𑐏𑑂𑐫𑐵𑐟𑐵𑑍𑐔𑐣𑑂𑐡𑑂𑐬𑐮𑐎𑑂𑐲𑑂𑐩𑐷𑑅𑐳𑐸𑐮𑐎𑑂𑐲𑐞𑐵𑑋𑐔𑐵𑐬𑐸𑐔𑐶𑐟𑑂𑐬𑐵𑐥𑑂𑐬𑐨𑑀𑐎𑑂𑐟𑐵𑐔𑐣𑑂𑐡𑑂𑐬𑐳𑑂𑐫𑐾𑐰𑐔𑐬𑑀𑐴𑐶𑐞𑐷𑑌𑐨𑑀𑐐𑐶𑐞𑐷𑐰𑐶𑐲𑑂𑐞𑐸
9z66f777,𑐴𑐵𑐡𑐾𑐰𑐳𑑂𑐎𑐾𑑍𑐱𑑂𑐬𑐷𑑓𑐣𑐵𑐬𑐵𑐫𑐣𑐳𑑂𑐎𑑄𑑍𑐣𑐾𑐩𑑂𑐴𑑄𑐳𑑂𑐟𑐵𑑍𑐖𑐸𑑑𑐥𑐸𑐖𑐵𑑍𑐡𑑄𑑒𑐡𑐎𑑂𑐲𑐶𑐣𑐵𑐡𑑄𑑒
5d49c101,𑐎𑐰𑑄𑐟𑑀𑐎𑑀𑐮𑐶𑐰𑐶𑐕𑐾𑐰𑐖𑐵𑐜𑐔𑐵𑐖𑑂𑐫𑐱𑑂𑐬𑐷𑐬𑐵𑐩𑐖𑐸𑐳𑐱𑑂𑐬𑐷𑐮𑐾𑐕𑐩𑐣𑐖𑐸𑐳𑐠𑑂𑐰𑐥𑐣𑐶𑐳𑑂𑐫𑐣𑑅𑐮𑑄
67f8z69b,𑐢𑐣𑐥𑐟𑐶𑐡𑐾𑐌𑐩𑐵𑐟𑐵𑐩𑐴𑐷𑐖𑐫𑐮𑐎𑑂𑐲𑑂𑐩𑐷𑐢𑐣𑐶𑐩𑑂𑐴𑐫𑐵𑐟𑐩𑐴𑐵
a922bc65,𑑉𑐣𑐩𑑅𑐱𑑂𑐬𑐷𑐩𑐡𑑂𑐬𑐵𑐬𑑂𑐫𑑂𑐫𑐵𑐰𑐮𑑁𑐎𑐶𑐟𑐾
239f891d,𑐟𑐫𑐵𑐟𑐳𑐵𑐥𑑄𑐔𑐩𑑋𑑋𑐔𑑄𑐡𑐵𑐎𑐩𑐾𑐠𑐶𑐬𑑋𑑋𑑐𑑋𑑋𑐱𑐸𑐨𑑋𑑋
4f0fz8z9,𑐕𑐷𑐡𑐵𑐖𑐸𑐐𑑄𑐐𑐵𑐬𑐵𑐩𑐥𑐷𑐟𑐷𑐣𑐩𑐠𑐾
d63f9329,𑐱𑑂𑐔𑐬𑑂𑐫𑐵𑐢𑐬𑑂𑐩𑑂𑐩𑐱𑐵𑐮𑐵𑐰𑑂𑐫𑐬𑐔𑐶𑐳𑐸𑐰𑐶𑐨𑐮𑐵𑑄𑐰𑐶𑐲𑑂𑐞𑐸𑐩𑐮𑑂𑐮𑑀𑐣𑐬𑐾𑐣𑑂𑐡𑑂𑐬𑑍𑐳𑑂𑐟𑐳𑑂𑐫𑐵𑑄𑐳𑑄𑐳𑑂𑐠𑐵𑐥𑑂𑐫𑐰𑐶𑐲𑑂𑐞𑐸𑑄𑐳𑐸𑐬𑐩𑐸𑐣𑐶𑐣𑐩𑐶𑐟𑑐𑐨𑑀𑐐𑐨𑑀𑐎𑑂𑐲𑐎𑐴𑐾𑐟𑐸𑑄𑑌𑑌
afd97476,𑑊𑑉𑐣𑐩𑑅𑐱𑑂𑐬𑐷𑐧𑐖𑑂𑐬𑐢𑐵𑐟𑐰𑐾𑑌𑑌𑐣𑐩𑐳𑑂𑐟𑐸𑐔𑐿𑐟𑑂𑐫𑐵𑐫𑐳𑐐𑐟𑐵𑐮𑐫𑐵𑐫𑐰𑐶𑐱𑐸𑐡𑑂𑐢𑐬𑐸𑐥𑐵𑐫𑐡𑐸𑐬𑐶𑐟𑐵𑐥𑑂𑐬𑐴𑐵𑐫𑑌𑐔𑐶𑐟𑐿𑐧𑐬𑐸𑐥𑐵𑐫𑐎𑐸𑐱𑑂𑐰𑑀𑐟𑑂‌𑐨𑐰𑐵𑐫𑐟𑑄𑐔𑐿𑐟𑑂𑐫𑐬𑐸𑐥𑐵𑐫𑐥𑑂𑐬𑐣𑐩𑐵𑐩𑐶𑐨𑐸𑐫𑑌𑑌𑐀𑐡𑑂𑐫
4d3c5zc1,𑐔𑐎𑑂𑐬𑐱𑐎𑑂𑐬𑑅𑑋𑐀𑐩𑐬𑐟𑐬𑐸𑐳𑐩𑐵𑐣𑑀𑐰𑐶𑐱𑑂𑐰𑐰𑐶𑐏𑑂𑐫𑐵𑐟𑐎𑐷𑐬𑑂𑐟𑐶𑑅𑐳𑐎𑐮𑐧𑐸𑐢𑐖𑐣𑐵𑐣𑐵𑐩𑐵𑐱𑑂𑐬𑐫𑑀𑐨𑐹𑐩𑐶𑐥𑐵𑐮𑑅𑑌𑐊𑐟𑐳𑑂𑐩𑐵𑐡𑑂𑐢𑐵𑐬𑐞𑐷
31cczz82,𑐟𑐵𑐫𑐵𑑅𑐡𑐶𑐣𑐳𑑅𑐱𑑂𑐬𑐷𑑓𑐁𑐬𑑂𑐖𑑂𑐫𑐵𑐰𑐬𑑀𑐎𑐶𑐟𑐾𑐳𑑂𑐰𑐬𑐖𑐩𑐬𑐾𑐳𑑂𑐰𑐬𑐫𑐵𑐰𑐶
81804858,𑐡𑑂𑐫𑐕𑐵𑐫𑐩𑐵𑐮𑐥𑑄𑐔𑑀𑐥𑐔𑐵𑐬𑐥𑐸𑐖𑐵𑑌𑐥𑐸𑐖𑐵𑐫𑐵𑐎𑐧𑑂𑐬𑐵𑐩𑑂𑐴𑐞𑐫𑐵𑐟𑐎𑐾𑐦𑑄𑑔𑑕𑐧𑑂𑐬𑐵𑐩𑑂𑐴𑐞
6420dfb9,𑐳𑐰𑐶𑐔𑐵𑐮𑐫𑐵𑐫𑐟𑐵𑑍𑐩𑐢𑑄𑐡𑐵𑐣𑐵𑐫𑐎𑑍𑐠𑐎𑐸𑑄𑐩𑐫𑐷𑑍𑐢𑐣𑐩𑐫𑐷𑑍𑐡𑐾𑐰𑐮𑐎𑑂𑐲𑑂𑐩𑐷
530fd6a9,𑐱𑐶𑐬𑑀𑐬𑐸𑐴𑐱𑑂𑐬𑐷𑐩𑐣𑑂𑐩𑐵𑐣𑐾𑐳𑑂𑐰𑐬𑐷𑐲𑑂𑐛𑐡𑐾𑐰𑐟𑐵𑐰𑐬𑐔𑑂𑐔𑐥𑑂𑐬𑐳𑐵
fd581446,𑐎𑑂𑐲𑐸𑐱𑑂𑐬𑐷𑐰𑐵𑐳𑐶𑑄𑐴𑑍𑐱𑐵𑐎𑑂𑐫𑐨𑐶𑐎𑑂𑐲𑐸𑐱𑑂𑐬𑐷𑐩𑑄𑐎𑐳𑐶𑑄𑐴𑐱𑐵𑐎𑑂𑐫𑐨𑐶𑐎𑑂𑐲𑐸𑐖𑐫𑐳𑐶𑑄𑐴𑐡𑐾𑐰𑑍
5936bc00,𑐫𑐵𑐀𑐦𑐧𑐹𑐮𑑀𑑔𑐢𑐮𑐶𑐏𑐾𑐮𑐎𑑀𑐧𑐸𑐮𑑀𑑗𑐎𑐬𑑂𑐲𑑒𑐀𑐟𑐥𑐵𑐧𑐹𑐮𑑀𑑑
39d15dab,𑐟𑑌𑐳𑑂𑐰𑐫𑑄𑐨𑐹𑐳𑐩𑑂𑐧𑐟𑑙𑑓𑐁𑐏𑐵𑐡𑐱𑐎𑐡𑐩𑐳𑐶𑐎𑐸𑐴𑐥𑐢𑐶𑐡𑐶𑐣𑐖𑐸𑐬𑑀𑑌𑐩𑐴𑐵𑐬𑐵
28zb4b77,𑐣𑐐𑐬𑐾𑑍𑐟𑑄𑐰𑐬𑐵𑐕𑐾𑑍𑐟𑑀𑐬𑐢𑑂𑐰𑐵𑐎𑐵𑐰𑐵𑐴𑐵𑐬𑐡𑐵𑐟𑐾𑐏𑐵𑐬𑐰𑑄𑐟𑐵𑐕𑐾𑐫𑐵𑐰𑐖𑐵𑐔𑐵𑐬𑑂𑐫𑑂𑐫𑐢𑐬𑑂𑐩𑑂𑐩𑐳𑑂𑐠𑑅𑐱𑑂𑐬𑐷𑐱𑐸𑐞
2a3zf38d,𑐨𑐵𑐡𑑂𑐬𑐱𑐸𑐎𑑂𑐬𑐡𑐳𑐩𑐶𑐫𑑄𑐧𑐵𑐠𑐣𑐵𑐨𑐵𑐡𑑂𑐬𑐎𑐺𑐳𑑂𑐣𑐥𑑄
7cz8db01,𑐨𑐵𑐬𑑂𑐫𑑂𑐫𑐵𑐳𑐨𑐡𑑂𑐬𑐵𑐳𑐵𑐎𑑄𑐣𑐶𑐲𑑂𑐛𑐳𑑂𑐫𑐥𑑂𑐬𑐶𑐫𑐵𑐳𑐟𑐷𑑌𑐰𑐵𑐳𑐶𑑄𑐴𑐂𑐟𑐶𑐰𑐶𑐏𑑂𑐫𑐵𑐟𑑀𑐩𑐢𑑂𑐫𑐩𑐞𑐵𑐟𑑂𑐩𑐖𑑅
62z28z11,𑐱𑑂𑐬𑐵𑐟𑐟𑐳𑑀𑐨𑐸𑐥𑐵𑐟𑑂‍𑐩𑐳𑐾𑐣𑐩𑑅𑑌𑑌𑐳𑑂𑐰𑐳𑑂𑐟𑐶𑐱𑑂𑐬𑐷𑐐𑐶𑐬𑐶𑐬𑐵𑐖𑐾𑐣𑑂𑐡𑑂𑐬𑐔𑐎𑑂𑐬𑐔𑐸𑐜𑐵𑐩𑐣𑐾𑐟𑑂𑐫𑐵𑐡𑐶
a10211c9,𑐳𑐵𑐳𑐸𑐡𑐺𑐲𑑂𑐚𑐶𑐖𑐸𑐮𑐱𑐸𑐨𑑄𑐳𑑄𑐰𑐟𑑙𑑕𑑕
4z38529z,𑐡𑐸𑐡𑐵𑐟𑐵𑐫𑐵𑐧𑑄𑐳𑐡𑐟𑐾𑐔𑐶𑐟𑐵𑐫𑐵𑐒𑐵𑐌𑐟𑐫𑐩𑐵𑐬𑑌
d471ba03,𑐩𑑄𑐖𑐸𑐬𑐵𑐩𑐰𑑀𑐢𑐬𑐵𑐩𑐐𑐸𑐡𑑄𑐡𑐮𑐾𑐰𑐴𑐶𑐬𑐶𑐳𑐖𑑂𑐫𑐵𑐒𑐵𑐖𑐸𑐬
ac1zfz26,𑐴𑐬𑑂𑐲𑐳𑑀𑐨𑐵𑐥𑑁𑐟𑑂𑐬𑐴𑐶𑐬𑐵𑐎𑐺𑐲𑑂𑐞𑐴𑐶𑐬𑐵𑐬𑐟𑑂𑐣𑐠𑐸𑐟𑐶𑐥𑐬𑐶𑐰𑐵𑐬𑐳𑐩𑐸𑐔𑑂𑐔𑐖𑐸𑐫𑐵𑐌𑐔𑑀𑐣𑐵𑐰𑐾𑐮𑐳𑐢𑐬𑑂𑐩𑐔𑐶𑐟𑑂𑐟𑐄𑐟𑑂𑐥𑐟𑐶𑐖𑐸𑐫𑐵𑐌𑐱𑑂𑐬𑐷𑑓𑐳𑑂𑐰𑐫𑑄𑐨𑐸𑐔𑐿𑐟𑑂𑐫𑐫𑐵𑐔𑐟𑐸𑐬𑑂𑐡𑐷𑐐𑐳𑐣𑑂𑐴𑐵𑐥𑐵𑐫𑐵𑐳𑐶𑐡𑑂𑐢𑐵𑐥𑐣𑐶𑐳𑑂𑐫𑐣𑑄𑐥𑑂𑐫𑐐𑑂𑐰
az2zd652,𑐖𑐸𑐮𑑌𑐱𑐸𑐨𑑄𑑌
2743zc9a,𑐢𑐣𑐥𑐟𑐶𑐡𑐾𑐌𑐩𑐵𑐟𑐵𑐩𑐴𑐷𑐖𑐫𑐮𑐎𑑂𑐲𑑂𑐩𑐷𑐢𑐣𑐶𑐩𑑂𑐴𑐫𑐵𑐟𑐩𑐴𑐵
dz1c0c13,𑐟𑐬𑐵𑐳𑐶𑐐𑐟𑐾𑐳𑐰𑐶𑐟𑐬𑐾𑐳𑐶𑑄𑐴𑐬𑐵𑐳𑐶𑐐𑐟𑐾𑐔𑑄𑐡𑑂𑐬𑐩𑐳𑐶𑑌𑐟𑐳𑑂𑐩𑐶𑐡𑐶𑐣𑐾𑑌𑐂𑐟𑐸𑑄𑐧𑐵𑐴𑐵𑐬𑐁
25131106,𑐟𑑂𑐫𑐵𑐳𑐺𑐬𑐖𑐮𑐥𑐵𑐫𑐶𑐣𑐷𑐳𑑂𑐰𑐣𑐺𑐫𑐱𑑀𑐢𑐬𑐵𑐢𑐬𑐵𑐱𑑀𑐨𑐶𑐣𑐷𑑋𑐥𑐵𑐲𑐞𑑂𑐜𑐵𑐱𑐫
zc11adac,𑐧𑐖𑑂𑐬𑐵𑐔𑐵𑐬𑑂𑐫𑐱𑑂𑐬𑐷𑐱𑑂𑐬𑐷𑐢𑐬𑐟𑐰𑐥𑐸𑐲𑐸𑐬𑐶𑐫𑑁𑐟𑐵𑐕𑐾𑑄𑐧𑐖𑐵𑐔𑐵𑐬𑑂𑐫𑐱𑑂𑐬𑐷𑐖𑐶𑐟𑐳𑐶𑑄𑐴
26926f5a,𑐨𑐵𑐡𑑂𑐬𑐱𑐸𑐎𑑂𑐬𑐡𑐳𑐩𑐶𑐫𑑄𑐧𑐵𑐠𑐣𑐵𑐨𑐵𑐡𑑂𑐬𑐎𑐺𑐳𑑂𑐣𑐥𑑄
2440500a,𑐐𑐣𑐷𑐣𑑁𑐩𑐶𑐣𑐶𑐟𑑂𑐫𑑄𑑌𑑕𑑌𑐱𑐶𑐬𑑀𑐨𑐶𑐣𑑂𑐟𑑂𑐬𑐶𑐨𑐶𑐳𑑂𑐳𑑄𑐫𑐸𑐟𑐵𑐥𑐵𑐣𑐥𑐵𑐟𑐸𑑄𑑍𑐎𑐬𑐾𑐡𑐎𑑂𑐲𑐶𑐞𑐾𑑖𑐣𑐸𑐎𑑂𑐲𑐞𑑄𑐮𑐎𑑂𑐲𑐫𑐎𑐷𑑋
5f27d8b0,𑑉𑐱𑑂𑐬𑐷𑐐𑐞𑐾𑐱𑐵𑐫𑐣𑐩𑑅𑑋𑑋
c98a0db1,𑐳𑑂𑐫𑐊𑐬𑐵𑐖𑑂𑐫𑐾𑑌𑐡𑐵𑐣𑐥𑐟𑐶𑐟𑐩𑐎𑐵𑐬𑐐𑑂𑐰𑐩𑑂𑐧𑐸𑐨𑐵𑐬𑑀𑐥𑑂𑐬𑐩𑐸𑐲𑑄𑐣𑐣𑐬𑐳𑐶𑐡𑐾𑐰𑐨𑐵𑐬𑑀𑐥𑐡𑑂𑐩𑐨𑐵𑐬𑑀𑐖𑐳𑐶
dd7bd887,𑐟𑑂‍𑐥𑐟𑑂𑐣𑐷𑐮𑐎𑑂𑐲𑑂𑐩𑐷𑐡𑐾𑐰𑐷𑐣𑐡𑐫
4304zc04,𑑉𑐣𑐩𑑅𑐱𑑂𑐬𑐷𑐐𑑀𑐰𑐶𑐣𑑂𑐡𑐵𑐫𑑌𑐐𑑀𑐰𑐶𑐣𑑂𑐡𑐦𑐵𑐮𑑂𑐐𑐸𑐎𑑂𑐬𑐶𑐫𑐵𑐡𑐾𑐰𑐷
5a95f411,𑐎𑐸𑐣𑐵𑐠𑐣𑐬𑐵𑐬𑑂𑐖𑑂𑐫𑐾𑐐𑐵𑐩𑐥𑐵𑐟𑐡𑐎𑑀𑐫𑐵
a45903d6,𑑊𑑉𑐀𑐡𑑂𑐫𑐱𑑂𑐰𑐫𑐟𑐧𑐵𑐮𑐵𑐖𑑂𑐘𑐵𑐎𑐮𑑂𑐥𑐾𑐧𑐰𑐱𑑂𑐰𑐟𑐩𑐣𑑀𑑄𑐟𑐬𑑍𑐎𑐮𑐶𑐐𑐸𑐖𑐸𑐐𑐨
58zcdzcb,𑐌𑐟𑐶𑑍𑐟𑐳𑑂𑐫𑐨𑐵𑐬𑑂𑐫𑑂𑐫𑐵𑐥𑐡𑐸𑐎𑐣𑐾𑐲𑑂𑐚𑐨𑐵𑐬𑑂𑐫𑑂𑐫𑐵𑐩𑐞𑐷𑐮
a47416af,𑐳𑐵𑐥𑑄𑐔𑐩𑐵𑐴𑐵𑐥𑐵𑐟𑐎𑐬𑐵𑐎𑐖𑐸𑐬𑑀𑑌𑐳𑑄𑐩𑑂𑐰𑐟
72761c48,𑐡𑐾𑐰𑐳𑐎𑐾𑐮𑐸𑐫𑐵𑐩𑐸𑐡𑐫𑐡𑐫𑐎𑑄𑐡𑑀𑐴𑑀𑐬𑐰𑐵𑐖𑐸𑐬𑑀𑑌𑐳𑐸𑐨𑐩𑐳𑑂𑐟𑐸𑐳𑐬𑑂𑐰𑑂𑐰𑐡𑐵𑑌
7z7941zd,𑐕𑐷𑐡𑐵𑐖𑐸𑐐𑑄𑐐𑐵𑐬𑐵𑐩𑐥𑐷𑐟𑐷𑐣𑐩𑐠𑐾
bf639db8,𑐣𑐠𑑀𑐩𑐞𑑂𑐜𑐥𑐡𑐫𑐎𑐵𑐫𑐵𑐳𑐩𑐳𑑂𑐟𑑄𑐔𑐶𑑄𑐟𑐵𑐫𑐵𑐒𑐵𑐰𑐩𑐴𑐵𑐎𑐲𑑂𑐚𑐫𑐵𑐒𑐵𑐰𑐩𑐴𑐵𑐬𑐵𑐖𑐵𑐫𑐵𑐳𑐾
5zacaaf9,𑐲𑑒𑐎𑑀𑐠𑐸𑐡𑑀𑐎𑑀𑐔𑐸𑑍𑐠𑑂𑐰𑐟𑐾𑐔𑐸𑐫𑐵𑐌𑐮𑐳𑐵𑐣𑑍𑐱𑑂𑐬𑐷𑐳𑐶
9fa9730z,𑐄𑐟𑑂𑐬𑐨𑐡𑑂𑐬𑐱𑐸𑐨𑐖𑑀𑐐𑐧𑐸𑐢𑐰𑐵𑐬
fz8dz02d,𑐣𑑂𑐴𑐸𑐔𑐵𑐎𑑂𑐬𑐩𑐟𑐕𑑀𑐫𑐎𑐾𑐔𑐾𑐎𑑄𑑒𑐡𑐸𑐠𑐾𑐥𑑄𑐔𑑀𑐥𑐔𑐵𑐬𑐥𑐸𑐖𑑌𑐳𑑄𑐎𑑂𑐬𑐵𑐣𑑂𑐟𑐶𑐥𑐟𑐶𑐎𑑄𑐩𑐧𑐾
84a2azza,𑐬𑑂𑐞𑑂𑐞𑐩𑐸𑐴𑐸𑐟𑑂𑐟𑐬𑐱𑐣𑐶𑐱𑑂𑐔𑐬𑐧𑐵𑐬𑐩𑐾𑐲𑐬𑐵𑐳𑐶𑐐𑐟𑐾𑐳𑐧𑐶𑐟𑐬𑐶𑐩𑐶𑐠𑐸𑐣𑐬𑐵𑐳𑐶𑐔𑐣𑑂𑐡𑑂𑐬𑐩𑐳𑐶
d8d05z3a,𑐣𑑋𑑋𑐱𑑂𑐬𑐾𑐫𑑀𑑇𑐳𑑂𑐟𑐸𑑋𑑋𑐳𑐩𑑂𑐧𑐟𑑖𑑓𑑖𑐩𑐵𑐑𑐩𑐵𑐳𑐾𑐱𑐸𑐎𑑂𑐮𑐥𑐎𑑂𑐲𑑅
173cbz4b,𑑌𑐎𑐵𑐱𑑂𑐫𑐥𑐐𑑀𑐟𑑂𑐬𑐳𑑂𑐫𑐠𑐶𑐬𑐖𑐟𑑂𑐫𑐬𑑀𑐩𑑂𑐟𑑂𑐬𑐷𑐂𑐣𑑂𑐡𑐮𑐎𑑂𑐲𑑂𑐩𑐷
99945zb3,𑑊𑐱𑑂𑐬𑐷𑑓𑐮𑐎𑑂𑐲𑑂𑐩𑐷𑐣𑐵𑐬𑐵𑐫𑐞𑐵𑐫𑐣𑐩𑑅𑑌𑐱𑑂𑐬𑐷𑑓𑐄𑐩𑐵𑐩𑐴𑐾𑐱𑑂𑐰𑐬𑐵𑐫𑐣𑐩𑑅𑑌𑑌𑐮𑐎𑑂𑐲𑑂𑐩𑐷𑐣𑐵𑐬𑐵𑐫𑐞𑐵𑑄𑐢𑑂𑐫𑐵𑐫𑐾
5za0f645,𑑌𑑒𑑌𑐣𑐰𑐩𑑂𑐫𑐵𑑄𑐥𑐺𑐞𑑂𑐫𑐟𑐶𑐠𑑁𑐖𑑂𑐫𑐟𑐶𑐱𑐸𑐨𑐱𑐸
902ac733,𑐳𑐵𑐴𑐡𑐾𑐰𑐫𑐵𑐬𑐵𑐖𑑂𑐫𑐾𑑌𑑑𑑌
09982403,𑐡𑐸𑐠𑑂𑐰𑑍𑐦𑑄𑑑𑐎𑐐𑐸𑐦𑑀𑐫𑐵𑑋𑑋𑐄𑐥𑐬𑐵𑑄𑐣𑑂𑐟𑐬𑐣𑑄𑐴𑐵𑐣𑐾𑑍𑐐𑐸𑐣𑐶𑐮𑐵𑐫𑐵𑑍𑐳𑐵𑐥𑐵𑐡𑐸𑐎𑑀𑐣𑑂𑐴𑐸𑐱𑑂𑐬𑐷
8b03cc2z,𑐎𑐾𑐌𑐣𑐾𑐐𑐸𑐮𑑚𑐂𑐮𑐵𑐕𑐶𑐣𑐶𑐳𑑂𑐫𑑚𑐨𑐶𑑄𑐡𑐾𑐌𑐫𑐵𑐠𑐵𑐳𑐮𑑀𑐴𑐮𑑄𑐳𑐶𑐫𑐵
06388d11,𑐳𑐣𑐱𑑄𑐏𑐩𑐹𑐮𑐳𑐢𑐵𑐟𑐢𑐬𑑂𑐩𑑂𑐩𑐳𑐵𑐬𑐵𑐡𑐫𑐎𑑄𑑍𑐀𑐴𑑀𑐬𑐵𑐟𑑂𑐬𑐫𑐖𑑂𑐘𑐫𑐵𑐒𑑍𑐱𑑂𑐬𑐷𑑓𑐡𑐵𑐩𑑀𑐡𑐬𑐡𑐾𑐰𑐥𑑂𑐬𑐟𑐶𑐲𑑂𑐛𑐵𑐫𑐵𑐒𑐵𑐡𑐶𑐣𑐖𑐸𑐬𑑀𑑌𑐠𑑂𑐰𑐫𑐵𑐟𑐥𑑂𑐬𑐟𑑂𑐫𑐵𑐫𑐡𑐸𑐣𑑂𑐟𑐵
d9z7d079,𑐎𑐮𑑄𑐥𑐟𑐵𑐎𑐵𑐖𑐸𑑓𑐥𑑄𑐘𑑂𑐔𑐥𑐟𑐵𑐎𑐵𑐖𑐸𑑓𑐀𑐡𑐸𑐰𑐵𑐮𑑍𑐥𑑂𑐬𑑒𑐖𑐵𑐎𑐶𑐥𑐸𑐖𑐵𑐖𑐵𑐠𑐸
aa6bzd0a,𑐫𑐵𑐣𑐵𑑅𑐥𑑂𑐬𑐟𑐶𑐳𑑂𑐠𑐵𑐳𑑄𑐥𑐸𑐬𑑂𑐞𑑂𑐞𑐫𑐵𑐣𑐵𑐡𑐷𑐣𑐖𑐸𑐮𑑅𑐱𑐸𑐨𑑄𑑅𑑌
af8d8081,𑑑𑑐𑐁𑐡𑐶𑐟𑑂𑐫𑐰𑐵𑐬𑐎𑐸𑐣𑑂𑐴𑐸𑐥𑑂𑐬𑐟𑐶𑐲𑑂𑐛𑐵𑐫𑐵𑐒𑐵𑐡𑐶𑐣𑐖𑐸𑐮𑑀𑑋𑑋𑑋𑑋𑐢𑑄𑐖𑑂𑐰𑐣𑑂𑐟𑐣𑐵
5828a2b0,𑐫𑐖𑐩𑐵𑐣𑐦𑐕𑐶𑐬𑐵𑐩𑐨𑐵𑐬𑑀𑑍𑐴𑐬𑐶𑐣𑐵𑐬𑐵𑐫𑐞𑐨𑐵𑐬𑑀𑑍𑐱𑐶𑐰𑐎𑐺𑐲𑑂𑐞𑐨𑐵𑐬𑑀𑑍𑐳𑑂𑐰𑐩𑑂𑐴𑐳
329c2753,𑐩𑐵𑐩𑑂𑐫𑐴𑑄𑑋𑑋𑐱𑑂𑐬𑐷𑐴𑐾𑐬𑐸𑐎𑐥𑑂𑐬𑐷𑐟𑐶𑐣𑐎𑐵𑐣𑑂𑐟𑐶𑐥𑐸𑐬𑐶𑐩𑐴𑐵𑐣𑐐𑐬𑐾
7bz62za6,𑐫𑐐𑑂𑐧𑐵𑐳𑐥𑐸𑐬𑐌𑑒𑐡𑐵𑐬𑐲𑐵𑐧𑐸𑐨𑐹𑐫𑐩𑐵𑐬𑑂𑐐𑐡𑑀𑐬𑐧𑐸𑐬𑐌𑑑𑑌𑐨𑐸𑐫𑐩𑐵𑐐𑐡𑐵𑐬𑐧𑐸𑐟
cz3d60z1,𑐐𑐣𑐷𑐣𑑁𑐩𑐶𑐣𑐶𑐟𑑂𑐫𑑄𑑌𑑕𑑌𑐱𑐶𑐬𑑀𑐨𑐶𑐣𑑂𑐟𑑂𑐬𑐶𑐨𑐶𑐳𑑂𑐳𑑄𑐫𑐸𑐟𑐵𑐥𑐵𑐣𑐥𑐵𑐟𑐸𑑄𑑍𑐎𑐬𑐾𑐡𑐎𑑂𑐲𑐶𑐞𑐾𑑖𑐣𑐸𑐎𑑂𑐲𑐞𑑄𑐮𑐎𑑂𑐲𑐫𑐎𑐷𑑋
9b227d44,𑑘𑑓𑑕𑐦𑐵𑐐𑐸𑐣𑐱𑐸𑐡𑐶𑑑𑐱𑑂𑐬𑐷𑐳𑐡𑐵𑐱𑐶𑐰𑐱𑑂𑐬𑐷𑐣𑐵𑐬𑐵𑐫𑐣𑐱𑑂𑐬𑐷𑐳𑐬𑐱𑑂𑐰
f424zbfd,𑐀𑐳𑑂𑐫𑐨𑐱𑑂𑐬𑐷𑐢𑐧𑐟𑑍𑐡𑑂𑐢𑐶𑐱𑑂𑐬𑐷𑐱𑐶𑐟𑐰𑐟𑐷𑑌𑐠𑑂𑐰𑐟𑐾𑐥𑑂𑐬𑐩𑐸𑐏
1641bc62,𑐳𑐶𑐟𑑋𑑋𑐎𑐵𑐱𑑂𑐫𑐥𑑍𑐐𑑀𑐟𑑂𑐬𑐳𑑂𑐫𑑍𑐐𑑀𑐥𑐵𑐮𑐬𑐵𑐩𑐨𑐵𑐬𑑀𑐩𑑂𑐟𑑂𑐬𑐷𑐢𑑄𑐮𑐵
2a9cc1d6,𑐳𑑂𑐠𑐵𑐣𑐳𑑂𑐫𑐂𑐴𑐾𑐰𑐥𑐹𑐞𑑂𑐫𑐨𑐹𑐩𑑁𑑌𑐀𑐡𑑂𑐫𑑅𑐱𑑂𑐬𑐵𑐰𑐞𑐩𑐵𑐳𑑂𑐫𑐱𑐎𑑂𑐬𑐥𑐎𑑂𑐲𑐟𑐺𑐟𑐶𑐫𑐵𑐟𑐶𑐠𑑁𑐥𑐹
639zf493,𑐀𑐳𑑂𑐫𑐨𑐱𑑂𑐬𑐷𑐢𑐧𑐟𑑍𑐡𑑂𑐢𑐶𑐱𑑂𑐬𑐷𑐱𑐶𑐟𑐰𑐟𑐷𑑌𑐠𑑂𑐰𑐟𑐾𑐥𑑂𑐬𑐩𑐸𑐏
a96300a2,𑐨𑐵𑐐𑐸𑐞𑐩𑐵𑐳𑐶𑐬𑑂𑐎𑐬𑐟𑐶𑐠𑑁𑐟𑐾𑐔𑐣𑑂𑐡𑑂𑐬𑐥𑐿𑐧𑐾𑐡𑐸𑐢𑑀
50b94976,𑐳𑐢𑐬𑑂𑐩𑑂𑐩𑐳𑐵𑐮𑐵𑐔𑐥𑐵𑐮𑐡𑐫𑐎𑐵𑐱𑑂𑐬𑐷𑐳𑐶𑐡𑑂𑐢𑐶𑐎𑐵𑐮𑐶𑐎𑐵
c14zdz4b,𑐫𑐵𑐟𑑄𑐔𑐾𑐎𑐣𑐦𑑄𑑖𑐰𑐬𑑂𑐲𑐥𑑂𑐬𑐟𑐶𑐧𑐶𑐫𑐩𑐵𑐮𑑋𑐣𑐶𑐟𑑂𑐫𑐥𑐹𑐖𑐵𑐰𑐵𑐬𑐶𑐫𑐵𑐟𑑍𑐖𑐵𑐎𑑂𑐫𑐦𑑄𑑙𑑐𑐧𑐶𑐫𑐩𑐵𑐮𑑋𑐥𑐸𑐣𑐬𑑂𑐨𑐵𑐲𑐵𑐳𑐡𑐵𑐰
d5c07z9b,𑐬𑐷𑐩𑐫𑐶𑐣𑐾𑐴𑑂𑐩𑑄𑐟𑐶𑐬𑐷𑐥𑐸𑐬𑐸𑐏
72766d04,𑐱𑑂𑐬𑐷𑐱𑑂𑐬𑐷𑐖𑐫𑐳𑐶𑐡𑑂𑐢𑐶𑐣𑐬𑐳𑐶𑑄𑐴𑐩𑐮𑑂𑐮𑐡𑐾𑐰𑐛𑐵𑐎𑐸𑐬𑐳𑐣𑐒𑐵𑐟𑑄𑐥𑑀𑐮𑐮𑐡𑐾𑐰𑐬𑐡𑑀𑐫𑐎𑑄𑐳𑐸𑐰𑐬𑑂𑐞𑑂𑐞
7fdb8293,𑐳𑑂𑐥𑐟𑐶𑐧𑐵𑐳𑐬𑐾𑐎𑐸𑑄𑐨𑐬𑐵𑐳𑐶𑐐𑐟𑐾𑐱𑑂𑐬𑐷𑐳𑐸𑐬𑑂𑐫𑑂𑐫𑐩𑐷𑐣𑐾𑐐𑐟𑐾𑐔𑐣𑑂𑐡𑑂𑐬𑐩𑐟𑑂𑐫𑐾𑐫𑐾𑐟𑐟𑑂‌𑐡𑐶𑐣𑐾𑐱𑑂𑐬𑐷𑐰𑐖𑑂𑐬𑐢𑐵𑐟𑐸𑐔𑐿𑐟𑑂𑐫𑐖𑐶𑐬𑑂𑐞𑐄𑐡𑑂𑐢𑐵𑐬𑐫𑐵𑐣𑐵𑐌𑐥𑑂𑐬𑐟𑐶𑐳𑑂𑐠𑐵𑐫𑐵𑐣𑐵𑐡𑐷𑐣𑐖𑐸𑐮𑑅𑑌𑑌𑐱𑐸𑐨𑐳𑑌
b594z41z,𑐥𑑂𑐬𑐟𑐶𑐩𑐵𑐳𑐥𑑄𑐔𑐩𑐷𑐳𑐾𑐰𑐵𑐖𑑀𑐳𑑂𑐫𑑄𑑍𑐀𑐟𑐶𑐩𑐴𑐵𑐩𑐣𑑀𑐴𑐬𑑂𑐲𑐞𑑍𑐱𑑂𑐬𑐷𑑓𑐀𑐎𑑂𑐲𑑀
1835ba70,𑐠𑐳𑑂𑐫𑑄𑐮𑑀𑐨𑐩𑐫𑐵𑐎𑐵𑐮𑐾𑐄𑐟𑑂𑐟𑑀𑐟𑑂𑐟𑐬𑐖𑐸𑐬𑑀𑑌
5074df25,𑐴𑑂𑐒𑐰𑑍𑐰𑐮𑑍𑐎𑐲𑑑𑐐𑑁𑐐𑑂𑐬𑐵𑐳𑐫𑐵𑐟𑐡𑐸𑐣𑑂𑐟𑐵𑐖𑐸𑐬𑑀𑑌
dad83f87,𑐣𑐳𑐬𑐳𑑂𑐰𑐟𑐶𑐫𑐵𑐟𑐥𑐵𑐔𑐵𑐩𑐵𑐟𑑋𑑋𑑋𑑋𑐱𑐶𑐰𑐬𑐵𑐟𑑂𑐬𑐶𑐣𑐣𑐾𑐴𑑂𑐩𑐵𑐳𑑂𑐟𑐵𑑄
87a29bd8,𑐟𑐶𑐩𑐶𑐬𑐵𑐣𑐧𑐩𑐐𑑂𑐣𑐳𑐟𑑂𑐧𑐵𑑅𑐩𑑀𑐴𑐵𑐣𑑂𑐢𑐎𑐵𑐬𑐟𑐶𑐩𑐶𑐬𑐵
z5z53b1z,𑐣𑐐𑐬𑐾𑑍𑐟𑑄𑐰𑐬𑐵𑐕𑐾𑑍𑐟𑑀𑐬𑐢𑑂𑐰𑐵𑐎𑐵𑐰𑐵𑐴𑐵𑐬𑐡𑐵𑐟𑐾𑐏𑐵𑐬𑐰𑑄𑐟𑐵𑐕𑐾𑐫𑐵𑐰𑐖𑐵𑐔𑐵𑐬𑑂𑐫𑑂𑐫𑐢𑐬𑑂𑐩𑑂𑐩𑐳𑑂𑐠𑑅𑐱𑑂𑐬𑐷𑐱𑐸𑐞
72zd9f6a,𑐰𑐡𑐵𑐬𑐶𑐞𑐷𑐥𑐬𑐶𑐮𑐳𑐟𑑂𑐥𑐬𑐷𑐣𑑂𑐡𑑂𑐬𑐳𑐘𑑂𑐔𑐵𑐬𑐶𑐞𑐷𑐥𑑂𑐬𑑀𑐡𑑂𑐫𑐟𑑂𑐥𑐣𑑂𑐣𑐐𑐢𑐵𑐬𑐶𑐞𑐷𑐰𑐶𑐢𑐸𑐎𑐮𑐵
11f72z1d,𑐩𑐡𑐸𑐧𑐴𑐷𑐬𑐣𑐿𑐆𑐟𑑂𑐫𑐕𑐾𑐫𑐵𑐟𑐵𑐩𑑂𑐬𑐎𑐵𑐬𑐡𑐶𑐰𑑄𑐐𑐟𑐥𑐶𑐟𑐵𑐩𑐴
103b5109,𑐳𑑄𑐩𑑂𑐰𑐟𑑂𑐬𑑙𑑑𑑙𑐳𑐡𑐫𑐎𑐵𑐖𑐸𑐬𑑀𑑌𑐩𑑂𑐟𑐶𑐔𑐐𑐸𑐬𑐵𑐠𑑂𑐰𑑑𑑓𑐳𑐥𑐬𑐶𑐠𑐵𑐡𑐶𑑄
2535096a,𑐣𑐩𑐱𑑂𑐬𑐷𑐢𑐬𑑂𑐩𑐢𑐵𑐟𑐸𑐔𑐿𑐟𑑂𑐫𑐩𑐟𑐵𑐎𑐰𑐢𑐖𑐐𑐸𑐡𑐾𑐰𑐳𑑂𑐰𑐢𑐳𑐥𑑄𑐟𑐸𑐨𑐡𑐵𑐬𑐎𑐩𑐵𑐡𑐶𑐡𑐾𑐰𑑄𑐖𑐣𑐵
aac9za83,𑐫𑐵𑐒𑐵𑐖𑐸𑐬𑑀𑐢𑐶𑐖𑐶𑐠𑐶
z31542zb,𑐩𑑄𑐖𑑀𑐱𑑂𑐬𑐷𑐮𑐣𑑂𑐴𑐾𑐳𑐵𑐎𑑂𑐫𑐰𑑄𑐱𑐱𑑂𑐬𑐷𑐎𑐮𑑂𑐫𑐵𑐣𑐳𑐶𑑄𑐒𑐖𑐸𑐨𑐵𑐟𑐺𑐥𑐸𑐟𑑂𑐬𑐱𑑂𑐬𑐷𑐖𑐫𑐬𑐟𑑂𑐣𑐖𑐸𑐊𑐣𑐰𑐰𑐎𑑀𑐩𑐟𑐶𑐟𑑀𑐕𑐾𑐥𑐸𑐣𑐳𑐶𑑄𑐴
d9bb9a93,𑐥𑑂𑐬𑐶𑐫𑐵𑑋𑐥𑐱𑑂𑐫𑐟𑑂𑐰𑑄𑐩𑐎𑐸𑐬𑐾𑐥𑑂𑐬𑐶𑐫𑐾𑐳𑑂𑐰𑐰𑐡𑐣𑑄𑐟𑐟𑑂𑐳𑐣𑑂𑐣𑐶𑐩𑑄𑐎𑐶𑑄𑐣𑐩𑑀𑐂𑐟𑑂𑐠𑑄𑐔𑐵𑐚𑐸𑐰𑐔𑐥𑑂𑐬𑐧𑑀𑐢𑐶𑐟𑐬𑐩𑑅𑐥𑐵𑐫𑐵𑐟𑑂𑐳𑐡𑐵𑐩𑑀𑐡𑐬𑑌𑐟𑑂𑐬𑐮𑑀𑐎𑑂𑐫𑐾𑐰𑐶𑐡𑐶𑐟𑐵𑐳𑐸𑐥𑐸
367a131d,𑐳𑑂𑐠𑐵𑐥𑐣𑐵𑐫𑐵𑐒𑐵𑐖𑐸𑐬𑑀𑑋𑑋𑐨𑐵𑐏𑐵𑐠𑑂𑐰𑐒𑐸𑐬𑐾𑐳𑐸𑐣𑐵𑐣𑑄𑑍𑐳𑐾𑐣𑐎𑐰𑐳𑐵𑑍𑐳𑐶𑑄𑐕𑐾𑐟𑑂𑐰𑐵𑐎𑐱𑑂𑐰𑐟
c81afac7,𑐡𑐾𑐰𑐟𑑂‍𑐥𑐟𑑂𑐣𑐷𑐮𑐎𑑂𑐲𑑂𑐩𑐷𑐡𑐾
56dd0fd8,𑐌𑐱𑑂𑐬𑐷𑑓𑐨𑐶𑐩𑐳𑐾𑐣𑐡𑑂𑐐𑐾𑐌𑐣𑐾𑐥𑐵𑐔𑑀𑐟𑐳𑐶𑑄𑐫𑐵𑐌𑐡𑐵𑐣𑐥𑐟𑐶𑑚𑐩
ca775z08,𑐧𑐨𑐹𑐟𑐳𑑂𑐰𑐖𑐣𑐳𑐴𑐶𑐟𑐵𑐣𑑂𑐳𑐬𑑂𑐰𑐳𑐟𑑂𑐰𑐵
10f4f065,𑐠𑑄𑐫𑐠𑐵𑑒𑐱𑐵𑐩𑑂𑐟𑑂𑐬𑑀𑐎𑑂𑐟𑐱𑐸𑐨𑐦𑐮𑐥𑑂𑐬𑐵𑐥𑑂𑐟𑑂𑐫𑐠𑑄𑑋𑑋𑐐𑐸𑐠𑐶𑐡
bf1c4844,𑐫𑐵𑐒𑐵𑐖𑐸𑐮𑑀𑐱𑐸𑐨𑑌𑐳𑐩𑑂𑐰𑐟𑑘𑑒𑑘𑐦𑐵𑐮𑑂𑐐𑐸𑐞𑐱𑐸𑐡𑐶𑑘𑐩𑐺𑐐𑐱𑐶
90f48z30,𑐫𑐵𑐟𑐱𑑂𑐬𑐷𑑓𑐣𑐵𑐬𑐵𑐫𑐞𑐱𑑂𑐬𑐷𑐮𑐎𑑂𑐲𑑂𑐩𑐷𑑌𑐠𑐰𑐟𑐣𑐵𑐩𑐣𑐱𑑂𑐬𑐷𑑓𑐣𑐵𑐬𑐵𑐫𑐞𑐟𑑂𑐬𑐷𑐡𑐶
b6z5751b,𑐬𑑂𑐲𑑓𑐎𑐵𑐡𑑀𑐰𑐸𑐎𑐬𑑂𑐲𑑒𑐐𑐵𑑄𑐰𑐸𑐠𑑂𑐰𑐟𑐾𑐰𑐸𑐡𑐸𑐣𑑂𑐟𑐵
0d6z8z06,𑐔𑐸𑐬𑑒𑐠𑑂𑐰𑐟𑐾𑐧𑐸𑐫𑐵𑐌𑐬𑐳𑐵𑐣𑐣𑐡𑐸𑐠𑐾𑐴𑐣𑐾𑐩𑐵𑐬𑑍𑐡𑐶𑐬𑐵𑐥𑐸𑐣𑑂𑐴𑐶𑐳𑐶𑐎𑐸𑐣𑑂𑐴𑐸𑐩𑐵𑐴𑐵𑐡𑐶𑐥𑐥𑐸
b42a82zd,𑐒𑐵𑐰𑐥𑑂𑐬𑐟𑐶𑐲𑑂𑐛𑐵𑐫𑐵𑐒𑐣𑐳𑑄𑐥𑐹𑐬𑑂𑐞𑑂𑐞𑐵𑐬𑐵𑐔𑐎𑐵𑐖𑐸𑐬𑑀𑑌𑐊𑐟𑐟𑑂𑐥𑐸𑐞𑑂𑐫𑐵𑐣𑐨𑐵𑐰
07584c06,𑐩𑐣𑐬𑐶𑐳𑐟𑐶𑐮𑐨𑐣𑑂𑐟𑐾𑐳𑑂𑐩𑐬𑐣𑑂𑐟𑑅𑑌𑑒𑑌𑐬𑐞𑐾𑐔𑐞𑑂𑐜𑐩𑐸𑐞𑑂𑐜𑐵𑐡𑑂𑐬𑐶𑐣𑐸𑐞𑑂𑐜𑑄𑐣𑐶𑐎𑐺𑐳𑑂𑐫𑐵𑑍𑐡𑑂𑐨𑐚𑐵𑑄𑐣𑐶𑐬𑑂𑐩𑑂𑐩𑐟
5d7z3z8a,𑐣𑐢𑐬𑑂‍𑐩𑐥𑑂𑐬𑐟𑐶𑐲𑑂𑐛𑐵𑐳𑐡𑐾𑐧𑐳𑐡𑑂𑐰𑐫𑐎𑐵𑑌𑐱𑑂𑐬𑐷𑐱𑑂𑐬𑐷𑐥𑐱𑐹𑐥𑐟𑐶𑐥𑐵𑐡𑐵𑐬𑐧𑐶𑐣𑑂𑐡
ad358632,𑐖𑐵𑐎𑑂𑐫𑐾𑐦𑑄𑑖𑑐𑐧𑐥𑐸𑐎𑐫𑐵𑐟𑐰𑐶𑐫𑐩𑐵𑐬𑑄𑐡𑑄𑐳𑑋𑐖𑐵𑐎𑑂𑐫𑐦𑑄𑑑𑑐𑐳𑐶𑐣𑐐𑐩𑐵𑐮𑐔𑑀𑐎𑐩𑑂𑐴𑐫𑐵
3869zfa8,𑑊𑐳𑑂𑐰𑑄𑐟𑑘𑑕𑑑𑐎𑐵𑐬𑑂𑐟𑐶𑐎𑐱𑐸𑐡𑐶𑑑𑑕
51c589z9,𑐱𑑂𑐬𑐷𑐩𑐮𑑂𑐮𑑀𑐎𑐾𑐱𑐡𑐿𑐰𑐳𑐬𑐞𑐩𑐥𑐶
62954259,𑐬𑑀𑐎𑑂𑐫𑐾𑐰𑐬𑐡𑐵𑐫𑐎𑑍𑐰𑐣𑑂𑐡𑐾𑐟𑑂𑐰𑑄𑐖𑐐𑐟𑐣𑐵𑐠𑑄𑐱𑐟𑐐𑐸𑐬𑐸𑐣
c4da0cz2,𑐳𑐡𑐵𑐨𑐎𑑂𑐟𑐶𑐣𑑁𑐣𑐶𑐥𑑂𑐬𑐥𑐺𑐖𑑂𑐫𑑄𑑌𑐩𑐞𑐷𑐳𑐶𑑄
z998z958,𑐟𑐬𑐵𑐳𑐶𑐐𑐟𑐾𑐳𑐰𑐶𑐟𑐬𑐾𑑍𑐳𑐶𑑄𑐴𑐬𑐵𑐳𑐶𑐐𑐟𑐾𑐔𑑄𑐡𑑂𑐬𑐩𑐳𑐶𑑌𑐟𑐳𑑂𑐩𑐶𑐡𑐶𑐣𑐾𑑌𑐂𑐟𑐸𑑄𑐧𑐵𑐴𑐵𑐬𑐌
z6d99220,𑐐𑐣𑑂𑐢𑐫𑑀𑐐𑐀𑑄𑐐𑐵𑐬𑐰𑐵𑐮𑐠𑑂𑐰
a5ff5cb2,𑐥𑐸𑐟𑑂𑐬𑐧𑐵𑐬𑐎𑐸𑐩𑐵𑐬𑐳𑐴𑐡𑑂𑐬𑐾𑐟𑐶𑑍𑐠𑐸𑐬𑐶𑐥𑐬𑐶𑐧𑐵𑐬𑐕𑐶𑐫𑐵𑐢𑐬𑑂𑐩𑑂𑐩𑐔𑐶𑐟𑑂𑐟𑐄𑐟𑑂𑐥𑐟𑑂𑐟𑐶
d9a8f614,𑑋𑐫𑐡𑐷𑐫𑐳𑑄𑐦𑐸𑐮𑑂𑐮𑐫𑐱𑑅𑐳𑐬𑑀𑐖𑐾𑐰𑐶𑐫𑐡𑑂𑐰𑐩𑑁𑐨𑐸𑐒𑑂𑐐𑐂𑐰𑐵𑐧𑑂𑐖𑐩𑐢𑑂𑐫𑐾𑐣𑐷𑐟𑐶𑐖𑑂𑐘𑑀𑐡𑐬𑐳𑐶𑑄𑐴𑐩𑐮𑑂𑐮𑐟𑐣𑐫𑑅𑐱𑑂𑐬𑐷𑐰𑐶𑐲𑑂𑐞𑐸𑐩𑐮𑑂𑐮𑑅
5dd8f4dd,𑐰𑐷𑐣𑑂𑐡𑑂𑐬𑐥𑑂𑐬𑐟𑐵𑐥𑐎𑑂𑐲𑐶𑐟𑐶𑐣𑑂𑐡𑑂𑐬𑑅𑐩𑑂𑐟𑐸𑐟𑐶𑑄𑐣𑐶𑐬𑑂𑐩𑑂𑐩𑐩𑐡𑐾𑐰𑐡𑐾𑐰𑑂𑐫𑐵𑐨𑐰𑐵𑐣𑑂𑐫𑐵𑑅𑑋𑐂𑐩𑐵𑐩𑐩𑑂𑐰𑐶𑐎𑐵𑐥𑑂𑐬𑐷𑐟𑐶𑐴𑐾𑐟𑑀𑐲𑑂𑐫𑐛𑐾𑐟𑑍𑐱𑑂𑐬𑐶
8633d854,𑐒𑐵𑐰𑐥𑑂𑐬𑐟𑐶𑐲𑑂𑐛𑐵𑐫𑐵𑐒𑐣𑐳𑑄𑐥𑐹𑐬𑑂𑐞𑑂𑐞𑐵𑐬𑐵𑐔𑐎𑐵𑐖𑐸𑐬𑑀𑑌𑐊𑐟𑐟𑑂𑐥𑐸𑐞𑑂𑐫𑐵𑐣𑐨𑐵𑐰
f1a33b5f,𑐖𑐩𑐎𑐞𑑂𑐜𑐶𑐎𑐵𑐫𑐳𑐴𑐶𑐟𑑀𑐫𑑀𑐐𑐩𑑂𑐧𑐬𑑀𑐣𑐵𑐫𑐎𑑅𑐳𑐬𑑂𑐰𑑂𑐰𑐥𑐬𑑂𑐞𑑂𑐞𑑅𑐥𑐬𑐩𑐵𑐡𑐶𑐧𑐸𑐡𑐨𑐐𑐰𑐵𑐣𑐰𑐣𑑂𑐡𑐾
4z61b60z,𑐧𑑂𑐬𑐟𑐶𑐮𑑀𑐎𑐳𑐩𑐳𑑂𑐟𑐳𑑂𑐫𑐩𑐵𑐑𑐧𑑂𑐬𑐟𑑂𑐟𑐫𑐵𑐱𑑂𑐬𑐷𑐱𑑂𑐬𑐷𑐩𑐵𑐢𑐧𑐨𑐵𑐜
9z1bd37f,𑐰𑐷𑐥𑐡𑐥𑑂𑐬𑐷𑐟𑐫𑐾𑐟𑐾𑐣𑐳𑑂𑐰𑐬𑑂𑐞𑑂𑐞𑐰𑐶𑐨𑐹𑐲𑐶𑐟𑑄𑐐𑐺𑐴𑐩𑐶𑐡𑑄𑐨𑐰𑑂𑐫𑐵𑐳𑑂𑐥𑐡𑑄𑐎𑐵𑐬𑐶𑐟𑑄𑑌𑐳𑐩𑑂𑐰𑐟𑑂𑑗𑑖𑑑𑐦𑐵
z002646d,𑑊𑐳𑑂𑐰𑐳𑑂𑐟𑐶𑐱𑑂𑐬𑐷𑑓𑐔𑐞𑑂𑐜𑐾𑐱𑑂𑐰𑐬𑐷𑐨𑐰𑐵𑐣𑑂𑐫𑐣𑐩𑑅𑑋𑑋𑐐𑐞𑐾𑐱𑐵𑐫𑐩𑐴𑐾𑐱𑐵𑐫𑐣𑐵𑐛𑐾
78b48799,𑐢𑐬𑐩𑐡𑐵𑐳𑐡𑐾𑐰𑐶𑐡𑐵𑐳𑑋𑑋𑐠𑑂𑐰𑐟𑐾𑐳𑑂𑐫𑐣𑐔𑐶
0dadc6d6,𑐎𑐨𑐵𑐬𑑀𑑍𑐀𑐳𑐐𑐸𑐨𑐵𑐬𑑀𑑍𑐰𑐵𑐨𑐵𑐬𑑀𑑍𑐧𑐳𑐸𑐬𑐵𑐖𑐨𑐵𑐬𑑀𑑍𑐎𑐣𑐎𑐨𑐵𑐬𑑀𑐦𑑂𑐫𑐵
12f36b1d,𑐎𑐖𑐸𑐬𑑀𑑍𑐠𑑂𑐰𑐟𑐶𑐮𑑂𑐴𑐵𑐳𑐾𑐟𑐎𑑀𑐫𑐵𑐟𑐳𑐵𑐩𑐴𑐵𑐥𑐸𑐣𑑂𑐫𑐮𑐵𑐎𑐖𑐸𑐬𑑀𑑌𑐠𑑀𑐐𑐸𑐬𑐮𑑀𑐴𑑀𑐫𑐵𑐳𑐶𑑄𑐴𑐵
99f8f74d,𑐖𑐸𑐢𑐣𑐖𑐸𑐟𑐶𑐬𑐶𑐖𑐸𑐳𑐬𑐎𑑂𑐲𑑂𑐩𑐶𑐨𑑀𑐕𑐶𑐳𑐾𑐣𑐡𑐫𑐾𑐎𑐵𑐳𑐶𑐬𑐵𑐩𑐫𑐬𑑂𑐔𑐾𑐟𑑂𑐫𑐠𑑂𑐰𑐧𑐵𑐟𑐩
bd0b9z41,𑐰𑐺𑐴𑐡𑑂𑐰𑐥𑐶𑐳𑐶𑑄𑐴𑐵𑐳𑐣𑐵𑐨𑑂𑐫𑐵𑑄𑐳𑑂𑐴𑐬𑐣𑑂𑐟𑐷𑑄𑑋𑐳𑐡𑐵𑐡𑐵𑐳𑐶𑐎𑐵𑐨𑑂𑐫𑐵𑐩𑑄𑐩𑐸𑐡𑐵𑐡𑐎𑑂𑐲𑐰𑐵𑐩𑐾𑑍𑐴𑐬𑐥𑑂𑐬𑐾𑐫𑐳𑐷𑑄𑐱𑑂𑐬𑐾𑐫𑐳𑐷𑑄𑐟𑑂𑐟𑑁𑐩𑐶𑐳𑑁
d4c12f4b,𑐬𑑀𑑍𑐎𑑂𑐰𑐥𑐹𑐕𑐾𑐫𑐵𑐧𑐷𑐮𑐳𑐶𑑄𑐴𑐨𑐵𑐬𑑀𑐄𑐗𑐵𑐣𑐕𑐾𑐫𑐵𑐢𑑄𑐖𑐸𑐨𑐵𑐬𑑀𑐠𑑂𑐰𑐟𑐾𑐳𑑂𑐟𑐳𑐩𑐢𑐵𑐬𑐫𑐵𑐒𑐵𑐌𑐂𑐟𑐸𑑄𑐰𑐵𑐴𑐵𑐬𑐟𑑀𑐮𑐟𑑄𑐰𑐟𑐩𑐸𑐐𑐬𑐫𑐣𑑂𑐟𑐵𑐕𑐾𑐫𑐵𑐨𑐶𑐎𑑂𑐲𑐸
b68fb682,𑐖𑐶𑐟𑐵𑐩𑐶𑐟𑑂𑐬𑐩𑐮𑑂𑐮𑐡𑐾𑐰𑐳𑑂𑐫𑐰𑐶𑐖𑐫𑐳𑐩𑐫
1b2dd6b9,𑐠𑑂𑐰𑐔𑐿𑐟𑑂𑐫𑐳𑐵𑐬𑐐𑑂𑐰𑐴𑐳𑑂𑐰𑐮𑐳𑐣𑐎𑐬𑐳𑐵𑐐𑑂𑐰𑐳𑐰𑐵𑐮𑐵𑐡𑐠𑐵𑐟𑐔𑐰𑐩𑐳𑐵𑐫𑐵𑐫𑐬𑐵𑐎𑐡𑐵𑐣
1c72cz3f,𑐔𑐶𑐟𑑂𑐟𑐄𑐟𑑂‍𑐥𑐟𑑂𑐟𑐶𑐖𑐸𑐫𑐵𑐌𑑌𑐳𑑄𑐩𑑂𑐧𑐟𑑑𑑐𑑑𑑐𑐩𑑂𑐟𑐶
8d8c7353,𑐬𑑀𑐥𑐹𑐖𑐵𑐨𑐞𑑂𑐜𑐷𑐖𑑀𑑑𑐳𑐵𑐢𑐮𑐶𑐥𑐵𑐟𑑔𑐳𑐵𑐡𑐸𑐡𑐸𑐥𑐵𑐟𑑔𑐑𑐾𑐮𑐀𑐲𑑂𑐚𑐵𑑑𑐎𑐳𑑂𑐟𑐶𑐀𑐲𑑂𑐚𑐵𑑑𑐳𑐵𑐏𑐀𑐲𑑂𑐚𑐵𑐡𑐶𑐰𑐵𑐑𑐾𑐮𑐀𑐲𑑂𑐚𑐵𑑒𑐐𑐸𑐐𑑂𑐐𑐸𑐬𑐸𑐖
76f1bb00,𑐳𑐶𑐡𑑂𑐢𑐶𑐫𑑀𑐐𑐾𑑌𑐱𑐸𑐎𑑂𑐬𑐰𑐵𑐬𑑌𑐠𑑂𑐰𑐎𑐸𑐣𑑂𑐴𑐸𑐱𑑂𑐬𑐷𑐩𑐟𑑂𑐱𑑂𑐬𑐷𑐱𑑂𑐬𑐷𑐎𑑂𑐰𑐵𑐠𑐨𑑀𑑄𑐟𑐎𑑂𑐰𑐵𑐔𑐥𑐵𑐬𑐨𑐚𑑂𑐚𑐵𑐬
4b197349,𑐎𑐵𑐰𑑂𑐫𑐎𑐵𑐲𑐵𑐮𑐒𑑂𑐎𑑂𑐫𑐬𑐵𑐡𑐶𑐳𑐎𑐮𑐱𑐵𑐩𑑂𑐟𑑂𑐬𑐵𑐣𑐸𑐱𑐬𑐞𑐳𑐸𑐐𑐟𑐩𑐟𑐰𑐶𑐣𑐵𑐡𑐶𑐟𑐵𑐣𑑂𑐟𑐲𑑂𑐎𑐬𑐞𑐱𑐶𑐟𑐶𑐎𑑂𑐟𑐞𑑂𑐛
b9d84d40,𑐣𑐬𑐎𑐵𑐣𑐵𑑄𑐳𑐸𑐡𑐵𑐬𑐸𑐞𑐵𑑅𑑌𑐎𑑂𑐬𑐩𑐾𑐞𑐟𑐵𑐳𑐸𑐥𑐟𑑂𑐫𑐣𑑂𑐟𑐾𑑍𑐡𑐾𑐰𑐧𑑂𑐬𑐴𑑂𑐩𑐳𑑂𑐰𑐴𑐵𑐬𑐶𑐞𑑅𑑌𑐠𑑂𑐰𑐐𑐸
f01bzfzf,𑐣𑑂𑐡𑑂𑐬𑐩𑑁𑐮𑐶𑐩𑐸𑐎𑐸𑐚𑐵𑐟𑑂‌𑐳𑐬𑑂𑐰𑑂𑐰𑐵𑐬𑑂𑐠𑐔𑐶𑐣𑑂𑐟𑐵𑐩𑐞𑐾𑐳𑐵𑐎𑑂𑐲𑑂𑐫𑐵𑐔𑑂𑐕𑐷𑐖𑐐𑐡𑐷𑐱𑑂𑐰𑐬𑑀𑐣𑐺𑐥𑐰𑐥𑐸𑑅𑐱𑑂𑐬𑐷𑐰𑐶𑐲𑑂𑐞𑐸𑐳𑐴𑑀𑑇𑐖𑐣𑐶𑑋𑐡𑐺𑐲𑑂𑐚𑐵𑐣𑑂𑐡𑐞𑑂𑐜𑐫𑐶𑐟𑐸𑑄𑐡𑑂𑐰𑐶𑐲𑑀
1bd18z76,𑐡𑐶𑐣𑐖𑐸𑐬𑑀𑑍𑐬𑐟𑑂𑐣𑐾𑐱𑑂𑐧𑐬𑑍𑐨𑐧𑐣𑐾
9da00dza,𑐕𑐾𑐨𑐶𑐎𑑂𑐲𑐸𑐱𑑂𑐬𑐷𑐖𑐫𑐬𑐵𑐫𑐖𑐸𑐥𑐸𑐟𑑂𑐬𑐖𑐐𑐟𑐩𑐸𑐣𑐶𑑍𑐟𑑂𑐬𑐶𑐢𑐣𑐰𑐟𑐶𑐥𑐸𑐟𑑂𑐬𑐶𑐁𑐡𑐬𑐎𑑂𑐲𑑂𑐩𑐶𑐖𑐐
83d771c0,𑐳𑑂𑐦𑐸𑐬𑑂𑐖𑑂𑐖𑐟𑑂𑐦𑐵𑐮𑑂𑐐𑐸𑐣𑐎𑐺𑐲𑑂𑐞𑐥𑐎𑑂𑐲𑐰𑐶𑐲𑐫𑐾𑐴𑐺𑐡𑑂𑐫𑐡𑑂𑐰𑐶𑐟𑐷𑐫𑐵𑐟𑐶𑐠𑑁𑑋𑐴𑐳𑑂𑐟𑐾𑐔𑐣𑑂𑐡𑑂𑐬𑐳𑐸𑐟𑐾𑐱𑐸𑐨𑐾𑐱𑐸𑐨𑐥
7dc09bba,𑐳𑑄𑐣𑑂𑐟𑐵𑐣𑐣𑐰𑐬𑐟𑑂𑐣𑑋𑑋𑐔𑐟𑐸𑐲𑐲𑑂𑐛𑐶𑐰𑐶𑐴𑐶𑐥𑑂𑐬𑐵𑐥𑑂𑐟𑐫𑐳𑑂𑐟𑐸𑑍𑐥𑐾𑐊
8399zda0,𑐎𑐬𑐵𑐎𑐖𑐸𑐬𑑀𑑌𑐩𑐳𑐾𑐣𑐎𑑄𑐨𑐶𑐣𑐎𑑂𑐬𑐳𑐵𑑍𑐄𑐟𑑂𑐬𑑀𑐎𑑂𑐟𑐦𑐮𑐬𑐵𑐎𑐖𑐸𑐬𑑀𑑌
c8c7329d,𑐟𑑂𑑘𑑓𑑒𑐰𑐱𑐵𑐲𑐱𑐸𑐡𑐶𑑙𑐏𑑄𑐠𑐸𑐟𑐶𑐥𑐵𑐎𑑀𑐰𑐸𑐬𑑀𑑕𑐠𑑂𑐰𑐟𑐾𑐫𑐵𑐰𑐬
7a46a50f,𑑅𑐎𑐺𑐟𑑋𑑋𑐳𑑄𑐰𑐟𑑂𑑗𑑗𑑒𑐠𑑂𑐰𑐡𑑄𑐳𑐬𑐵
3c8f2f44,𑐡𑑂𑐢𑐶𑐎𑐵𑐮𑐶𑐖𑐠𑑀𑐎𑐠𑐾𑐥𑐸𑐖𑐵𑐫𑐵𑐫𑐩𑐵𑐮𑐰𑐬𑑂𑐲𑐥𑑂𑐬𑐟𑐶𑑄
f53fda20,𑑊𑐱𑑂𑐬𑐷𑑓𑐔𑐞𑑂𑐜𑐾𑐱𑑂𑐰𑐬𑐷𑐥𑑂𑐬𑐷𑐟𑐶𑐣
97520a8c,𑐖𑐸𑐬𑑀𑑌𑐠𑑂𑐰𑐣𑐿𑐬𑐎𑑀𑐠𑑄𑐎𑐵𑐖𑐵
z6f350zb,𑐥𑑁𑐬𑐾𑐫𑐔𑐹𑐜𑐵𑐩𑐞𑐷𑐬𑐵𑐢𑐵𑐎𑐵𑐣𑑂𑐟𑐣𑐶𑐟𑐵𑐣𑑂𑐟𑐔𑐶𑐣𑑂𑐟𑐣𑐔𑐩𑐟𑑂𑐎𑐵𑐬𑐷𑐰𑐶𑐔𑐵𑐬𑐷𑐳𑐟𑐵𑑄𑑋𑐡𑐵𑐣𑐎𑐬𑑂𑐞𑑂𑐞𑐳𑐩𑑀𑐐𑐸
812c851b,𑐥𑑂𑐬𑐠𑐩𑐥𑐸𑐟𑑂𑐬𑐖𑑀𑐐𑐬𑐟𑑂𑐣𑐟𑐳𑑂𑐫𑐨𑐵𑐬𑑂𑐫𑑂𑐫𑐵𑐮𑐎𑑂𑐲𑑂𑐩𑐷𑐩𑐵𑐫𑐵𑐡𑑂𑐰𑐶𑐟𑐶𑐫𑐥𑐸𑐟𑑂𑐬𑐡𑐵𑐣𑐰𑐬𑑂𑐳𑐶𑑄𑐟𑐳𑑂𑐫𑐨𑐵𑐬𑑂𑐫𑑂𑐫𑐵𑐔𑐶𑐎𑐶𑐩𑐵𑐫𑐵𑐟𑐺𑐟𑐷𑐫𑐥𑐸𑐟𑑂𑐬𑐖𑐸𑐖𑐸𑐩𑐵𑐣𑐟𑐳𑑂𑐫𑐨𑐵𑐬𑑂𑐫𑑂𑐫𑐵𑐖𑑂𑐘𑐵𑐣𑐥𑑂𑐬𑐨𑐵𑐔𑐟𑐸𑐬𑑂𑐠𑐥𑐸𑐟𑑂𑐬𑐟𑐸𑐫𑐸𑐎𑐵𑐖𑐶𑐟𑐳𑑂𑐫𑐨𑐵𑐬𑑂𑐫𑑂𑐫𑐵
a53f2czd,𑐣𑐱𑑂𑐬𑐷𑐩𑐟𑑂𑐱𑑂𑐬𑐷𑑓𑐎𑐵𑐲𑑂𑐛𑐨𑑀𑐟𑐣𑑂𑐴𑐰𑐣𑐾𑐖𑐮𑐢𑐵𑐮𑐶𑐡𑐫𑐎𑑄𑐥𑐟𑐶𑐳𑑂𑐠𑐵𑐫𑐵𑐒𑐵𑐡𑐶𑐣𑐖𑐸𑐬𑑀𑑌𑐠𑑂𑐰𑐖𑐮𑐢𑐸𑐣𑐷𑐳
a8f7fbaa,𑑊𑑗𑑗𑑐𑐱𑐶𑐰𑑌
b105cb2d,𑐱𑑂𑐬𑐷𑑓𑐔𑐎𑑂𑐬𑐳𑐰𑐮𑑍𑐡𑐾𑐰𑐥𑑂𑐬𑐷𑐟𑐶𑐣𑑍𑐏𑐳𑑂𑐟𑐶𑐱𑑂𑐬𑐷𑐱𑑂𑐬𑐷𑐖𑐫𑐫𑐟𑐵
f0547z93,𑐱𑑂𑐬𑐷𑐩𑐮𑑂𑐮𑑀𑐎𑐾𑐱𑐡𑐿𑐰𑐳𑐬𑐞𑐩𑐥𑐶
84ad7f60,𑐣𑐵𑑄𑐱𑑂𑐬𑐷𑐡𑐾𑐐𑑀𑐮𑐡𑐫𑐎𑑄𑐖𑐥𑐟𑐶𑐳𑐴𑐶𑐟𑑄𑐣𑐱𑑂𑐬𑐷𑐨𑐷
7367czzc,𑑗𑑖𑑙𑐦𑐵𑐮𑑂𑐐𑐸𑐞𑐎𑐺𑐲𑑂𑐞𑐀𑐲𑑂𑐚𑐩𑐷𑐩𑐹𑐮𑐣𑐎𑑂𑐲𑐾
956177c9,𑐱𑐷𑐖𑐶𑐎𑑀𑐥𑑂𑐬𑐖𑐵𑑍𑐰𑐵𑐳𑑂𑐟𑐸𑐣𑐵𑐐𑐥𑐹𑐖𑐵𑑍𑐥
d038a15c,𑑊𑑉𑐣𑐩𑑅𑐱𑑂𑐬𑐷𑐧𑐖𑑂𑐬𑐳𑐟𑑂‍𑐧𑐵𑐫𑑌𑐧𑐣𑑂𑐡𑐾𑐱𑑂𑐬𑐷
39308d7z,𑐎𑐖𑐸𑐬𑑀𑑍𑐠𑑂𑐰𑐟𑐶𑐮𑑂𑐴𑐵𑐳𑐾𑐟𑐎𑑀𑐫𑐵𑐟𑐳𑐵𑐩𑐴𑐵𑐥𑐸𑐣𑑂𑐫𑐮𑐵𑐎𑐖𑐸𑐬𑑀𑑌𑐠𑑀𑐐𑐸𑐬𑐮𑑀𑐴𑑀𑐫𑐵𑐳𑐶𑑄𑐴𑐵
6a4d337d,𑐫𑐵𑐒𑐵𑐖𑐸𑐬𑑀𑐡𑐶𑐣𑐳𑐩𑑂𑐧
cd028af8,𑐳𑑂𑐥𑐟𑐶𑐧𑐵𑐳𑐬𑐾𑐎𑐸𑑄𑐨𑐬𑐵𑐳𑐶𑐐𑐟𑐾𑐱𑑂𑐬𑐷𑐳𑐸𑐬𑑂𑐫𑑂𑐫𑐩𑐷𑐣𑐾𑐐𑐟𑐾𑐔𑐣𑑂𑐡𑑂𑐬𑐩𑐟𑑂𑐫𑐾𑐫𑐾𑐟𑐟𑑂‌𑐡𑐶𑐣𑐾𑐱𑑂𑐬𑐷𑐰𑐖𑑂𑐬𑐢𑐵𑐟𑐸𑐔𑐿𑐟𑑂𑐫𑐖𑐶𑐬𑑂𑐞𑐄𑐡𑑂𑐢𑐵𑐬𑐫𑐵𑐣𑐵𑐌𑐥𑑂𑐬𑐟𑐶𑐳𑑂𑐠𑐵𑐫𑐵𑐣𑐵𑐡𑐷𑐣𑐖𑐸𑐮𑑅𑑌𑑌𑐱𑐸𑐨𑐳𑑌
297caz63,𑐥𑐬𑐡𑐟𑑂𑐟𑐵𑐩𑑂𑐰𑐵𑑍𑐫𑑀𑐴𑐬𑐾𑐟𑑂𑐳𑐸𑐬𑐰𑐶𑐥𑑂𑐬𑐫𑑀𑑅𑑋𑐲𑐲𑑂𑐛𑐷𑐰𑐬𑑂𑐲𑐳𑐴𑐳𑑂𑐟𑑂𑐬𑐵𑐞𑐶𑐰𑐶𑐲𑑂𑐛𑐵𑐫𑐵𑑄𑐖𑐵
38301822,𑐨𑐎𑑂𑐟𑐶𑐐𑑂𑐰𑐥𑐵𑐮𑐡𑐵𑐳𑐟𑐳𑑂𑐫𑐰𑐶𑐩𑐮𑐵𑐳𑑂𑐟𑑂𑐬𑐷
745a8f1z,𑐎𑑂𑐟𑑍𑐧𑐞𑑂𑐜𑐾𑑍𑐖𑑄𑐩𑑂𑐧𑐸𑑍𑐡𑐷𑐥𑐾𑑍𑐴𑐾𑐩𑐸𑐥𑐵𑐡𑐾𑑍𑐧𑐵𑐳𑐸𑐎𑐶𑐎𑑂𑐲𑐟𑑂𑐬𑐾𑑍𑐴𑐾𑐩𑐵𑐮𑐫𑐵𑑍𑐡𑐎𑑂𑐲𑐶𑐣
f6z5d49z,𑐳𑐣𑐱𑑄𑐏𑐩𑐹𑐮𑐳𑐢𑐵𑐟𑐢𑐬𑑂𑐩𑑂𑐩𑐳𑐵𑐬𑐵𑐡𑐫𑐎𑑄𑑍𑐀𑐴𑑀𑐬𑐵𑐟𑑂𑐬𑐫𑐖𑑂𑐘𑐫𑐵𑐒𑑍𑐱𑑂𑐬𑐷𑑓𑐡𑐵𑐩𑑀𑐡𑐬𑐡𑐾𑐰𑐥𑑂𑐬𑐟𑐶𑐲𑑂𑐛𑐵𑐫𑐵𑐒𑐵𑐡𑐶𑐣𑐖𑐸𑐬𑑀𑑌𑐠𑑂𑐰𑐫𑐵𑐟𑐥𑑂𑐬𑐟𑑂𑐫𑐵𑐫𑐡𑐸𑐣𑑂𑐟𑐵
62c75696,𑐬𑐵𑐰𑐟𑐖𑐱𑐶𑐬𑐵𑐖𑐫𑐵𑐰𑐾𑐬𑐳𑑍𑐖𑑀𑐖𑐩𑐵𑐣𑐫𑐟𑐵𑐏𑐵
93az37d3,𑐎𑐡𑐸𑐰𑐵𑐬𑐴𑐵𑐛𑑀𑑍𑐢𑐣𑐨𑐵𑐬𑑀𑑍𑐐𑑂𑐰𑐥𑐶𑐬𑐵𑐖𑐨𑐵𑐬𑑀𑑍𑐀𑐩𑐶𑐟𑐳𑐶𑑄𑐴𑐨𑐵𑐬𑑀𑑍𑐔𑑄
7fa7f443,𑐠𑑂𑐰𑐟𑐾𑐔𑐿𑐟𑑂𑐫𑐫𑐵𑐨𑐐𑐰𑐵𑐣𑐫𑐵𑑍𑐰𑐬𑑂𑐲𑐧𑐣𑑂𑐢𑐣𑐫𑐵𑐫𑐟𑐐𑑂𑐮𑐵𑐳𑐳𑐮𑐐𑐵𑐧𑐸𑐬𑑀𑑒𑐮𑑂𑐴𑐸𑐟𑐶𑐎𑑂𑐰𑐧𑐸
6d2bf7a7,𑐣𑐾𑐥𑑂𑐬𑐟𑐶𑐲𑑂𑐛𑐵𑐥𑑂𑐫𑐣𑐶𑐟𑑂𑐫𑑄𑐰𑐣𑑂𑐡𑐾𑐣𑐩𑐵𑐩𑑂𑐫𑐴𑑄𑑌𑐀𑐑𑐟𑑂𑐫𑐵𑐡𑐶
abzzf36c,𑐥𑑄𑐔𑐵𑐩𑐺𑐟𑑄𑐥𑑄𑐔𑑀𑐥𑐔𑐵𑐬𑐥𑐸𑐖𑐵𑐔𑐵𑐎𑑂𑐬𑐩𑐟𑐕𑑀𑐫𑐎𑐾𑐔𑐾𑐎𑑄𑐎𑐸𑑒𑐡𑐸𑐠𑐾𑑌𑐳𑑂𑐰𑐵𑐣𑐫𑐵𑐟𑐎𑐸
z8d33315,𑐥𑐡𑐵𑐥𑐹𑐬𑑂𑐞𑐩𑐵𑐳𑐷𑐱𑑂𑐬𑐵𑐰𑐞𑐎𑐺𑐲𑑂𑐞𑐀𑐲𑑂𑐚𑐩𑐷𑐠𑑂𑐰𑐥𑑂𑐫𑑄𑐑𑐵𑐟𑐣𑑄𑐣𑑂𑐴𑐶𑐣𑐔𑐾𑐎𑐣𑐦𑑄𑑑𑐔𑐵𑐎𑑂𑐬𑐩𑐟𑐕𑑀𑐫
96b94ca3,𑐳𑑂𑐫𑑍𑐰𑐶𑐔𑐬𑐳𑐵𑐠𑐾𑐔𑑀𑐒𑐁𑐥𑐬𑐳𑐸𑐣𑐵𑐣𑑄𑐳𑐾𑐣𑐎𑑂𑐬𑐳𑐵𑐧𑐸𑐡𑑂𑐢𑐑𑐵𑐟
3c6cbc7c,𑐳𑐶𑐫𑐵𑐖𑐸𑐬𑑀𑑍𑐠𑑂𑐰𑐔𑐾𑐎𑐣𑐀𑐟𑐩𑐎𑐶𑐮𑐶𑐟𑐵𑐟𑐳𑐵𑐳𑑀𑐣𑐎𑐾𑐔𑐮𑐎𑐳𑐵𑐬𑐟𑐬𑐳𑐵𑐔𑑂𑐰𑐵𑐦𑐶𑐣𑐧𑐥𑐸𑐟𑐳𑐵𑐧𑑂𑐬𑐩𑑂𑐴𑐴𑐠𑑂𑐫𑐵𑐰𑐵𑐬𑐴𑐠𑑂𑐫𑐵𑐐𑑂𑐰𑐴𑐴𑐠𑑂𑐫𑐵𑐳𑑂𑐟𑑂𑐬𑐷
7a544974,𑐡𑐖𑐔𑐣𑑂𑐡𑑂𑐬𑐬𑐳𑑂𑐩𑐷𑑌𑐖𑑂𑐘𑐵𑐣𑑄𑐥𑑂𑐬𑐎𑐵𑐱𑑂𑐫𑐥𑐬𑐶𑐥𑐸𑐬𑐖𑐧𑐺𑐡𑑂𑐢𑐶𑐢𑑂𑐫𑐵
f72f12z6,𑐎𑑂𑐲𑐸𑐱𑑂𑐬𑐷𑐰𑐵𑐳𑐶𑑄𑐴𑑍𑐱𑐵𑐎𑑂𑐫𑐨𑐶𑐎𑑂𑐲𑐸𑐱𑑂𑐬𑐷𑐩𑑄𑐎𑐳𑐶𑑄𑐴𑐱𑐵𑐎𑑂𑐫𑐨𑐶𑐎𑑂𑐲𑐸𑐖𑐫𑐳𑐶𑑄𑐴𑐡𑐾𑐰𑑍
d8a64905,𑐄𑐟𑑂𑐫𑐖𑐸𑐫𑐵𑐌𑐳𑐶𑐬𑐵𑐢𑐬𑐐𑐸𑐠𑐶𑐳𑐡𑐸𑐣𑑂𑐟𑐵𑑍𑐢𑐵𑐬𑐏𑐵𑐧𑐸𑐬𑑀𑑑𑐔𑐸𑐬𑑓𑐎𑐶𑐡𑑀𑐬𑐶𑐌𑐧𑐸𑐬𑑀𑑒𑐴𑐵𑐎𑐸𑐟𑑂𑐰𑐵𑐦𑐟𑐌𑐬
5cdd8b38,𑐩𑐡𑐸𑐧𑐴𑐷𑐬𑐣𑐿𑐆𑐟𑑂𑐫𑐕𑐾𑐫𑐵𑐟𑐵𑐩𑑂𑐬𑐎𑐵𑐬𑐡𑐶𑐰𑑄𑐐𑐟𑐥𑐶𑐟𑐵𑐩𑐴
263cf2da,𑑊𑑉𑐱𑑂𑐬𑐷𑐐𑑀𑐥𑐵𑐮𑐾𑐱𑑂𑐰𑐬𑐵𑐫𑑌𑐐𑑀𑐥𑐵𑐮𑐾𑐱𑑂𑐰𑐬𑐡𑐾𑐰𑑋
dzf2dz8c,𑐬𑐷𑐩𑐫𑐶𑐣𑐾𑐴𑑂𑐩𑑄𑐟𑐶𑐬𑐷𑐥𑐸𑐬𑐸𑐏
27a63836,𑐫𑐩𑐵𑐮𑐳𑑄𑐟𑐵𑐣𑐣𑐠𑑂𑐰𑐡𑐾𑐰𑐟𑐵𑐣𑐶𑐟𑑂𑐫𑐥𑐸
aazbd182,𑐰𑐶𑐴𑐵𑐬𑐶𑐞𑐷𑐰𑐶𑐖𑐫𑐟𑐾𑐱𑐮𑐵𑐢𑐶𑐬𑐵𑐖𑐵𑐟𑑂𑐩𑐖𑐵𑑌𑐟𑐟𑑂𑐥𑐵𑐡𑐵𑐩𑑂𑐧𑐸𑐖𑐣𑐶𑑅𑐳𑐺𑐣𑐵𑐩𑐺𑐟𑐬𑐳𑐥𑑂𑐬𑐵𑐫𑐥𑑂𑐬𑐨𑐵𑐎𑑂𑐲𑐵
4644dc11,𑐰𑐵𑐫𑐵𑐎𑑌𑐠𑑀𑐐𑐸𑐬𑐳𑐾𑐰𑐵𑐣𑑍𑐩𑐴𑐵𑐬𑐵𑐖𑐵𑐥𑑂𑐬𑐳𑐣𑑂𑐣𑐖𑐸𑐫𑐵𑐰𑐠𑑀𑐩𑐞𑐶𑐩𑐞𑑂𑐜𑐥𑐳𑐧𑐶𑐖𑑂𑐫𑐵𑐒𑐵𑐰𑐣𑐬
579da321,𑐰𑐱𑐵𑐎𑑂𑐫𑐱𑐵𑐎𑑂𑐫𑐨𑐶𑐎𑑂𑐲𑐸𑐱𑑂𑐬𑐷𑐖𑐸𑐐𑐶𑐡𑐾𑐰𑐠𑐸𑐟𑐶𑐢𑐬𑑂𑐩𑐐𑑀𑐲𑑂𑐛𑐶𑐳𑐩𑐹𑐔𑐫𑐳𑑄𑐨𑐵𑐲𑐣
0d473353,𑐩𑐴𑐵𑐬𑐵𑐖𑐵𑐢𑐶𑐬𑐵𑐖𑐱𑑂𑐬𑐷𑐱𑑂𑐬𑐷𑐣𑐬𑐳𑐶𑑄𑐴𑐩𑐮𑑂𑐮𑐡𑐾𑐰𑐥𑑂𑐬𑐨𑐸𑐠𑐵𑐎𑐸𑐮𑐮𑑄𑐖𑐸𑐬𑑀𑑍𑐔
7a4z5d9z,𑐰𑐡𑐶𑑒𑐬𑑀𑐖𑑑𑐱𑐸𑐨𑑄𑑋𑑋𑐱𑐸𑐨𑐩𑑂𑑋
df42cf0d,𑐥𑑂𑐬𑐶𑐫𑐵𑐡𑐾𑐰𑐷𑐮𑐎𑑂𑐲𑑂𑐩𑐷𑑅𑐥𑐸𑐣𑐬𑑂𑐮𑐎𑑂𑐲𑑂𑐩𑐷𑐞𑐵𑐨𑑂𑐫𑑅𑐟𑐶𑐳𑐟𑐳𑑂𑐳𑐟𑐷𑑌𑐖𑑂𑐫𑐾𑐲𑑂𑐛𑐳𑑂𑐫𑐥𑐸𑐟𑑂𑐬𑐳𑐸𑐐𑐸
c986c887,𑐖𑐫𑐬𑐞𑐩𑐮𑑂𑐮𑐡𑐾𑐰𑐥𑑂𑐬𑐨𑐸𑐛𑐵𑐎𑐸𑐬𑐳𑑂𑐫𑑍𑐰𑐶𑐖𑐫𑐬𑐵𑐖𑑂𑐫𑐾𑑋𑑋𑐟𑐳𑑂𑐫𑐩𑐵𑐑𑐰𑑂𑐬𑐟
42c5cad3,𑐴𑐬𑐶𑐧𑐵𑐴𑐵𑐬𑐡𑑀𑐬𑐧𑐸𑐬𑑀𑑔𑐠𑐳𑐶𑐡𑑀𑐧𑐸𑐬𑑀𑑔𑐱𑐸𑐣𑐥𑐵𑐧𑐸𑐬𑑀𑑓𑐳𑐸𑐣𑐥𑐵𑐧𑐸𑐬𑑀𑑓
c5cf1z7c,𑐫𑐵𑐫𑑍𑐦𑑄𑑕𑑐𑐳𑐨𑐸𑑄𑑍𑐥𑐵𑐣𑐧𑐶𑐫𑑍𑐨𑐹𑑄𑑑𑑐𑐳𑐧𑐸𑑄𑐮𑐵𑐴𑐵𑐟𑐶𑐣𑐧𑐶𑐫𑐎𑐸𑑓𑐩𑑂𑐰𑐵𑐟𑑍𑐎𑐸𑑒𑐮
b0979834,𑐬𑐵𑐖𑐵𑐢𑐶𑐬𑐵𑐖𑐱𑑂𑐬𑐷𑐱𑑂𑐬𑐷𑐰𑐷𑐬𑐣𑐵𑐬𑐵𑐫𑐞𑐠𑑂𑐰𑐫𑐵𑐣𑐥𑐸𑐟𑑂𑐬𑐩𑐴𑐵𑐬𑐵𑐖𑐵𑐢𑐶𑐬𑐵𑐖𑐱𑑂𑐬𑐷𑐱𑑂𑐬𑐷𑐥𑑂𑐬𑐵𑐞𑐣𑐵𑐬𑐵
b79zc48c,𑐫𑐰𑐵𑑄𑐕𑐶𑐟𑐵𑐬𑑂𑐠𑐥𑑂𑐬𑐡𑐵𑐣𑐳𑐩𑐬𑑂𑐠𑐵𑑄𑑌𑑑𑑕𑑌𑐂𑐟𑐶𑐱𑑂𑐬𑐷𑐬𑐵𑐖𑐬𑐵𑐖𑐾𑐱𑑂𑐰𑐬𑐱𑑂𑐬𑐷𑐱𑑂𑐬𑐷𑐎𑐰𑐵𑐣𑑂𑐡𑑂𑐬𑐖𑐫𑐥𑑂𑐬𑐟𑐵𑐥
4cfzb1cd,𑐰𑐵𑐥𑐸𑐫𑐩𑐵𑐮𑐨𑑀𑐕𑐶𑐩𑐸𑐒𑐵𑐰𑐰𑐶𑐔𑑂𑐕𑑂𑐫𑐵𑐨𑑀𑐖𑐣𑐫𑐵𑐫𑐩𑐵𑐬𑑋𑑋𑑋𑑋𑑊𑐳𑐩𑑂𑐰𑐟𑑂
13az9f97,𑐣𑐾𑐐𑐸𑐬𑐶𑐡𑐫𑐎𑐵𑐥𑐘𑑂𑐔𑐣𑑄𑐳𑐾𑐮𑑂𑐴𑑀𑐰𑐶𑐔𑐵𑐬𑐫𑐵𑐎𑐾𑐩𑐵𑐮𑑋𑐏𑑄𑐴𑑂𑐩𑐵
9d23ca5d,𑐟𑑄𑐟𑐾𑐟𑑌𑐰𑐣𑑂𑐡𑐾𑐟𑐵𑐬𑑂𑐖𑑂𑐫𑐵𑐳𑐣𑑄𑐡𑐾𑐰𑑄𑑍𑐮𑐎𑑂𑐲𑑂𑐩𑐷𑐣𑐵𑐬𑐵𑐫𑐵𑐞𑑄𑐥𑐸𑐣𑐨𑐰𑐵𑐣𑐶𑐱𑑄𑐎𑐬𑑄𑐔𑐰𑐐𑑀
a126693d,𑐫𑐵𑐥𑐵𑐴𑐵𑐳𑐶𑑄𑐨𑐵𑐬𑑀𑐠𑑂𑐰𑐟𑐾𑐒𑐵𑐩𑑂𑐴𑐵𑑕𑐳𑐩𑐸𑐔𑐫𑐣𑐔𑐵𑐠𑑂𑐰𑐮𑐖𑐐
72f10b56,𑐳𑐡𑐵𑐨𑐎𑑂𑐟𑐶𑐣𑑁𑐣𑐶𑐥𑑂𑐬𑐥𑐺𑐖𑑂𑐫𑑄𑑌𑐩𑐞𑐷𑐳𑐶𑑄
083c7006,𑑌𑑒𑑌𑐣𑐰𑐩𑑂𑐫𑐵𑑄𑐥𑐺𑐞𑑂𑐫𑐟𑐶𑐠𑑁𑐖𑑂𑐫𑐟𑐶𑐱𑐸𑐨𑐱𑐸
24489845,𑐱𑑂𑐬𑐷𑐩𑐮𑑂𑐮𑑀𑐎𑐾𑐱𑐡𑐿𑐰𑐳𑐬𑐞𑐩𑐥𑐶
4acz7553,𑐥𑐵𑐡𑐸𑐎𑐵𑐠𑐵𑐥𑐣𑐵𑐫𑐵𑐒𑐵
3c9fbfz2,𑐐𑐣𑐾𑐳𑐎𑐾𑐡𑐸𑐣𑑂𑐟𑐵𑐖𑐸𑐬𑑀𑑌𑐱𑐸𑐨𑑌
bd42d929,𑐱𑑂𑐬𑐷𑐱𑑂𑐬𑐷𑐎𑐰𑐷𑐣𑑂𑐡𑑂𑐬𑐖𑐫𑐥𑑂𑐬𑐟𑐵𑐥𑐩𑐮𑑂𑐮𑐡𑐾𑐰𑐾𑐣𑑍𑐠𑐩𑐠𑑂𑐬𑐱𑑂𑐮𑑀𑐎𑐔𑐶𑐒𑐵𑐰𑑍𑐳𑑂𑐟𑑀𑐟𑑂𑐬𑐫𑐵𑐒𑐵𑐰
8a235b6b,𑐳𑐶𑑄𑐴𑑀𑐡𑐫𑐵𑐥𑐬𑑅𑑋𑐨𑐷𑐩𑐳𑐾𑐣𑐳𑐩𑑅𑐳𑐵𑐬𑐾𑐳𑐬𑑂𑐰𑐱𑐟𑑂𑐬𑐸𑐰𑐶𑐣𑐵𑐱𑐎𑑅𑑌𑐀𑐖𑐷𑐖𑐣𑐔𑑂𑐕𑐷𑐖𑐫𑐰𑐶𑐲𑑂𑐞𑐸𑐩𑐮𑑂𑐮𑐳𑑂𑐟𑐳𑑂𑐫𑐵𑑄
f9az3d24,𑐖𑐫𑐟𑐳𑐶𑑄𑐴𑐐𑐰𑐬𑐶
df222826,𑐫𑐡𑑂𑐡𑐢𑐵𑐟𑐶𑑋𑐣𑐔𑐶𑐟𑑂𑐬𑑄𑐥𑐰𑐶𑐟𑑂𑐬𑐵𑐎𑐺𑐟𑐾𑐟𑐳𑑂𑐫𑐩𑐵𑐟𑑍𑐬𑑂𑐫𑑂𑐫𑐟𑐵𑐡𑐾𑐰𑐬𑐵𑐖𑐵𑐡𑑂𑐑𑐶𑐥𑐳𑑂𑐫𑐡𑐶𑐬𑐹𑐥𑑄𑑌
6d7c6a93,𑐬𑐵𑐖𑐬𑐵𑐖𑐾𑐣𑑂𑐡𑑂𑐬𑐳𑐎𑐬𑐬𑐵𑐖𑐔𑐎𑑂𑐬𑐵𑐢𑐶𑐳𑑂𑐰𑐬𑑍𑐱𑑂𑐬𑐷𑐱𑑂𑐬𑐷𑐖𑐫𑐨𑐹𑐥𑐵𑐬𑐾𑐣𑑂𑐡𑑂𑐬𑐩𑐮𑑂𑐮𑐡𑐾𑐰
c016f429,𑐣𑑂𑐴𑐶𑐟𑐵𑐬𑑂𑐠𑑌𑐣𑐾𑐥𑐵𑐮𑐳𑐩𑑂𑐰𑐟𑐿𑐳𑑂𑐩𑐶𑐣𑐥
c40az204,𑐱𑑂𑐰𑐳𑐶𑑄𑐴𑐨𑐵𑐬𑑀𑑌𑐰𑑂𑐫𑐳𑐟𑐩𑐣𑐶𑐐𑑂𑐮𑐎𑑀𑐰𑐶𑐕𑐾𑐩𑐣𑑀𑐴𑐬𑐶𑐳𑐶𑑄𑐴𑐨𑐵𑐬𑑀𑐨𑑂𑐬𑐵𑐟𑑂𑐟𑐾𑐨𑐵𑐐𑐳𑐶𑑄𑐴𑐨𑐵𑐬𑑀𑑄𑑍𑐩𑐣𑐶𑐎𑐬𑐵𑐖𑐨𑐵𑐬𑑀𑐨𑑂𑐬𑐵𑐟𑑂𑐟𑐾
75342921,𑐣𑑂𑐴𑐶𑐟𑐵𑐬𑑂𑐠𑑌𑐣𑐾𑐥𑐵𑐮𑐳𑐩𑑂𑐰𑐟𑐿𑐳𑑂𑐩𑐶𑐣𑐥
18c8c923,𑐱𑐶𑐢𑑂𑐡𑐶𑐬𑐵𑐩𑐴𑐵𑐎𑐸𑐥𑐩𑑂𑐩𑐬𑐵𑐩𑐐𑐸𑐣𑐶𑐬𑐵𑐩𑐎𑐶𑐬𑑂𑐟𑑂𑐟𑐶𑐬𑐵𑐩
b1a75ca7,𑐳𑐣𑐶𑐬𑑂𑐩𑐮𑑀𑐨𑐸𑐧𑐷𑐣𑐶𑐥𑑂𑐬𑐧𑐔𑐐𑐸𑐣𑐵𑐱𑑂𑐬𑐫𑐥𑑄𑐔𑐧𑐸𑐢𑑂𑐫𑐟𑑂𑐩𑐎‌𑑄𑐳𑑂𑐫
z63827a4,𑐣𑑋𑑋𑐱𑑂𑐬𑐾𑐫𑑀𑑇𑐳𑑂𑐟𑐸𑑋𑑋𑐳𑐩𑑂𑐧𑐟𑑖𑑓𑑖𑐩𑐵𑐑𑐩𑐵𑐳𑐾𑐱𑐸𑐎𑑂𑐮𑐥𑐎𑑂𑐲𑑅
8a7a7f12,𑐞𑐴𑑄𑐟𑐰𑐾𑐳𑑄𑐰𑐾𑐳𑐩𑐵𑐬𑐵𑑄𑐎𑐺𑐟𑐰𑐵𑐣𑐟𑐳𑑂𑐩𑐶𑐩𑐺𑐳𑑂𑐛𑐵𑐰𑑂𑐫𑐱𑑂𑐬𑐷𑐴𑐬𑐶𑐄𑐩𑐵𑐩𑐴𑐾𑐱𑑂𑐰𑐬𑑄𑐟𑐟𑑂𑐬
a4a967ab,𑑊𑐳𑐩𑑂𑐧𑐟𑑂𑑘𑑕𑑖𑐁𑐏𑐵𑐝𑐱𑐸𑐡𑐶
d5fz4b8f,𑐨𑐫𑑀𑑅𑐳𑑂𑐠𑐵𑐥𑐫𑐵𑑌𑑓𑑌
bz02fd65,𑐫𑑀𑐐𑐳𑑀𑐩𑐧𑐵𑐬𑐠𑑂𑐰𑐎𑐸𑐣𑑂𑐴𑐸𑐥𑑂𑐰𑐵𑐠𑐮𑑄𑐏𑐸𑐰𑐶𑐖𑐫𑐴𑐬𑐶𑐎𑑀𑐕𑐎𑑀𑐡𑐺𑐲𑑂𑐛𑐎𑐷𑐬𑑂𑐟𑑂𑐬𑐶
f751f801,𑐢𑐬𑐵𑑄𑑋𑑋𑐲𑐲𑑂𑐚𑐷𑐰𑐬𑑂𑐲𑐳𑐴𑐩𑐵𑐞𑐶𑑍𑐰𑐶𑐲𑑂𑐚𑐵𑐫𑐵𑑄𑐖𑐵𑐫
98c170b0,𑐊𑐎𑐵𑐫𑑅𑑋𑐱𑐳𑑂𑐟𑑂𑐬𑐱𑐵𑐳𑑂𑐟𑑂𑐬𑐳𑑄𑐐𑐷𑐟𑐵𑐡𑐶𑐳𑐎𑐬𑐧𑐶𑐡𑑂𑐫𑐵𑐥𑐵𑐬𑐐𑑅𑐬𑐵𑐖𑐬𑐵𑐖𑐾𑐣𑑂𑐡𑑂𑐬𑐎𑐧𑐷𑐡𑑂𑐬𑐡𑐶𑐐𑑂𑐢
434981zz,𑐣𑐶𑐩𑑂𑐟𑑂𑐬𑐷𑐥𑐸𑐬𑐸𑐲𑐣𑑍𑐥𑐸𑐟𑑂𑐬𑐢𑐶𑐬𑐖𑐩𑑂𑐟𑑂𑐬𑐷𑐂𑐣𑑂𑐡𑐮𑐎𑑂𑐲𑑂𑐩𑐷𑐩𑑂𑐟𑑂𑐬𑐷𑐢𑑄𑐣
546c50b2,𑐩𑐣𑐬𑐶𑐳𑐟𑐶𑐮𑐨𑐣𑑂𑐟𑐾𑐳𑑂𑐩𑐬𑐣𑑂𑐟𑑅𑑌𑑒𑑌𑐬𑐞𑐾𑐔𑐞𑑂𑐜𑐩𑐸𑐞𑑂𑐜𑐵𑐡𑑂𑐬𑐶𑐣𑐸𑐞𑑂𑐜𑑄𑐣𑐶𑐎𑐺𑐳𑑂𑐫𑐵𑑍𑐡𑑂𑐨𑐚𑐵𑑄𑐣𑐶𑐬𑑂𑐩𑑂𑐩𑐟
b3112b45,𑐳𑐸𑐧𑐬𑑂𑐞𑑂𑐞𑐳𑑂𑐩𑐾𑐟𑐫𑐵𑐱𑑂𑐬𑐷
3a1ff4b9,𑐣𑑂𑐴𑐸𑐡𑐶𑐣𑐥𑐫𑐖𑑂𑐘𑐫𑐵𑐒𑑍𑐥𑐰𑐶𑐟𑑂𑐬𑐵𑐬𑑀𑐴𑐞𑐫𑐵𑐫𑐩𑐵𑐮𑑌𑐔𑐟𑑂𑐬𑐎𑐺𑐲𑑂𑐞𑐡𑑂𑐰𑐵𑐡𑐱𑐷𑐎𑐸𑐣𑑂𑐴𑐸𑑍𑐡𑐶𑐣𑐥𑐫𑐖𑑂𑐘𑐫𑐵𑐒𑑍𑐡𑐩𑐣𑐵𑐬𑑀𑐴𑐬𑐞𑐫𑐵𑐫𑐩𑐵𑐮𑑋
4a687fba,𑐣𑐶𑐩𑑂𑐟𑑂𑐬𑐷𑐥𑐸𑐬𑐸𑐲𑐣𑑍𑐥𑐸𑐟𑑂𑐬𑐢𑐶𑐬𑐖𑐩𑑂𑐟𑑂𑐬𑐷𑐂𑐣𑑂𑐡𑐮𑐎𑑂𑐲𑑂𑐩𑐷𑐩𑑂𑐟𑑂𑐬𑐷𑐢𑑄𑐣
236706bc,𑐳𑐴𑑍𑐨𑐵𑐬𑑂𑐫𑑂𑐫𑐵𑐩𑐣𑑀𑐳𑑂𑐫𑐵𑐟𑑂𑐩𑐖𑐰𑐖𑑂𑐬𑐵𑐔𑐵𑐫𑐶𑐏
b4c1f658,𑐩𑐶𑐖𑐾𑐰𑐞𑐳𑐶𑑄𑐴𑐱𑑂𑐬𑐷𑐥𑐸𑐬𑐸𑐲𑐣𑐎𑑂𑐰𑐵𑐨𑐡𑐷𑐟𑐰𑐳𑐵𑐴𑐵𑐳𑐣𑐟𑐵𑐜𑐵𑐖𑐳𑐎𑐮𑑂𑐫𑐵𑐞
09b07153,𑐣𑑀𑐳𑑀𑐢𑐣𑐫𑐵𑐫𑐩𑐵𑐬𑑋𑑋𑐱𑑂𑐬𑐷𑐐𑑀𑐬𑑀𑐎𑐣𑐵𑐠
f1573917,𑐣𑐵𑐣𑐵𑐬𑐸𑐥𑐖𑐶𑐣𑐾𑐣𑑂𑐡𑑂𑐬𑑄𑐟𑐶𑐩𑐶𑐬𑐨𑐫𑐥𑐴𑐬𑐣𑐶𑐬𑑂𑐩𑐶𑐥𑑂𑐟𑑄
5434d73b,𑐱𑑂𑐬𑐵𑐟𑐟𑐳𑑀𑐨𑐸𑐥𑐵𑐟𑑂‍𑐩𑐳𑐾𑐣𑐩𑑅𑑌𑑌𑐳𑑂𑐰𑐳𑑂𑐟𑐶𑐱𑑂𑐬𑐷𑐐𑐶𑐬𑐶𑐬𑐵𑐖𑐾𑐣𑑂𑐡𑑂𑐬𑐔𑐎𑑂𑐬𑐔𑐸𑐜𑐵𑐩𑐣𑐾𑐟𑑂𑐫𑐵𑐡𑐶
zc1ccf83,𑐖𑐸𑐬𑑀𑑍𑐳𑐵𑐮𑐚𑑀𑐮𑐫𑐵𑐩𑐵𑐣
2035f93d,𑐥𑑄𑐔𑐩𑐵𑐴𑐥𑐵𑐟𑐎𑐮𑐵𑐎𑐖𑐸𑐮𑑀𑑌𑐱𑑂𑐬𑐷𑐱𑑂𑐬𑐷𑐖𑐫𑐨𑐹𑐥𑐷𑐣𑑂𑐡𑑂𑐬𑐩
504fc653,𑐟𑐶𑐩𑐶𑐬𑐵𑐣𑐧𑐩𑐐𑑂𑐣𑐳𑐟𑑂𑐧𑐵𑑅𑐩𑑀𑐴𑐵𑐣𑑂𑐢𑐎𑐵𑐬𑐟𑐶𑐩𑐶𑐬𑐵
d1030cbf,𑐩𑐸𑐖𑑂𑐖𑐺𑐩𑑂𑐨𑐟𑐾𑑌𑐫𑐾𑐣𑐵𑐡𑐵𑐫𑐶𑐩𑐸𑐬𑐵𑐬𑐫𑐾𑑄𑑇𑐱𑑂𑐩𑐳𑐡𑐣𑑄𑐳𑐬𑑂𑐰𑑂𑐰𑐵𑐫𑐰𑐵𑐥𑐷𑐡𑑂𑐰𑐫𑑄𑐥𑐸𑐟𑑂𑐬𑐵𑐫𑐵𑐰𑐣𑐶𑐥𑐵𑐮𑐟𑐵𑐴𑐸𑐟
6z4af03f,𑐥𑐶𑐰𑐣𑐳𑐶𑐑𑐾𑐣𑐶𑐰𑑂𑐫𑐵𑐑𑐾𑐣𑐶𑐡𑐾𑐰𑐡𑐫𑐎𑐵𑐳𑐶𑐟𑑀𑐮𑐣
8d406b2d,𑐡𑐫𑐎𑐵𑐖𑐸𑐬𑑀𑑍𑐟𑐟𑐥𑐸𑐞𑑂𑐫𑐵𑐠𑐾𑐣𑐖𑑀𑐖𑐩𑐵𑐣𑐳𑑂𑐫𑐁𑐫𑐶
fa6762ff,𑐐𑐣𑐬𑐾𑐣𑑂𑐡𑑂𑐬𑐩𑐮𑑂𑐮𑐥𑑂𑐬𑐨𑐸𑐠𑐵𑐎𑐸𑐬𑐣𑑍𑐣𑑂𑐴𑐥𑐵𑐫𑐵𑐩𑐞𑐶𑐩𑐞𑑂𑐜𑐥𑐖𑐷𑐬𑑂𑐞𑐖𑐸𑐫𑐵𑐰𑐣𑑂𑐴𑐸𑐬𑐡𑐫𑐎𑑄𑐧𑐶𑐖𑑂𑐫𑐵𑐒𑐵𑐰
f33736z2,𑐳𑐡𑐵𑐨𑐎𑑂𑐟𑐶𑐣𑑁𑐣𑐶𑐥𑑂𑐬𑐥𑐺𑐖𑑂𑐫𑑄𑑌𑐩𑐞𑐷𑐳𑐶𑑄
000bf471,𑐣𑐖𑐸𑐬𑑀𑐱𑐸𑐨𑑌𑐩𑐟𑐕𑑀𑐫𑐎𑐾𑐫𑐵𑐟𑐎𑐸𑐬𑑑𑐔𑐶𑐎𑑄𑐕𑑀𑐫𑐾𑐎𑐾𑐩𑐵𑐬𑐱𑐸𑐨𑑋𑑋
1448ac67,𑐱𑑂𑐬𑐵𑐟𑐟𑐳𑑀𑐨𑐸𑐥𑐵𑐟𑑂‍𑐩𑐳𑐾𑐣𑐩𑑅𑑌𑑌𑐳𑑂𑐰𑐳𑑂𑐟𑐶𑐱𑑂𑐬𑐷𑐐𑐶𑐬𑐶𑐬𑐵𑐖𑐾𑐣𑑂𑐡𑑂𑐬𑐔𑐎𑑂𑐬𑐔𑐸𑐜𑐵𑐩𑐣𑐾𑐟𑑂𑐫𑐵𑐡𑐶
f9z04ac9,𑐨𑐎𑑂𑐟𑐶𑐖𑐣𑐰𑐶𑐥𑑂𑐬𑐱𑑂𑐬𑐷𑐰𑐶𑐩𑐬𑐵𑐖𑐡𑐾𑐰𑐫𑐖𑐩𑐵𑐣𑑍𑐖𑐏𑐬𑐵𑐖𑐨𑐵𑐬𑑀𑑍𑐳𑑂𑐰
7ad358d7,𑐔𑐶𑐟𑑂𑐟𑐄𑐟𑑂‍𑐥𑐟𑑂𑐟𑐶𑐖𑐸𑐫𑐵𑐌𑑌𑐳𑑄𑐩𑑂𑐧𑐟𑑑𑑐𑑑𑑐𑐩𑑂𑐟𑐶
f8c70473,𑑊𑐳𑐩𑑂𑐰𑐟𑑂𑑗𑑑𑑘𑐎𑐵𑐬𑑂𑐟𑑂𑐟𑐶𑐎𑐱𑐸𑐎𑑂𑐮𑐲𑐲𑑂𑐚𑐶𑐬𑐰𑐶𑐰𑐵𑐬𑐳𑐱𑑂𑐬𑐷𑑓𑐐𑑄𑐢𑐸𑐬
02b3zc49,𑐥𑐬𑑂𑐰𑐎𑐵𑐮𑐫𑐵𑐡𑐶𑐣𑐳𑑌𑐩𑐸𑐳𑐸𑑄𑐧𑐵𑐴𑐵
2b9541df,𑐬𑑀𑐥𑐩𑐎𑐺𑐟𑐾𑐡𑐵𑐩𑑀𑐡𑐬𑐾𑑅𑐳𑐬𑑂𑐰𑑂𑐰𑐡𑐵𑐥𑑂𑐬𑐷
726b39z2,𑐱𑑂𑐬𑐷𑑓𑐰𑐵𑐐𑑂𑐩𑐟𑑂𑐫𑐣𑐩𑑅𑑌
35c97bcz,𑑊𑐳𑐩𑑂𑐧𑐟𑑂𑑗𑑗𑑑𑐖𑑂𑐫𑐾𑐲𑑂𑐛𑐱𑐸𑐎𑑂𑐮
247b4bfz,𑐟𑑂𑐬𑐥𑑂𑐬𑐵𑐳𑐵𑐡𑐾𑑇𑐳𑑂𑐩𑐶𑐣𑑂𑐎𑐣𑐎𑐎𑐮𑐱𑑁𑐳𑑂𑐠𑐵𑐥𑐶𑐟𑑁𑐨𑐷𑐩𑐨𑐎𑑂𑐟𑑂𑐫𑐵𑑋𑐴𑑀𑐩𑑄𑐎𑐺𑐟𑑂𑐰𑐵𑑇𑐣𑐸𑐥𑐩𑐫𑐱𑐳𑐵𑐱𑑂𑐬𑐷𑐣𑐶𑐰𑐵𑐳𑐾𑐣𑐬𑐵𑐖𑑂𑐘𑐵𑑌𑑌𑐴𑐬𑐶𑐰𑑄𑐱𑐾𑐣𑐎𑐺𑐟𑐵
bcbb3556,𑐟𑑂𑐬𑐥𑑂𑐬𑐵𑐳𑐵𑐡𑐾𑑇𑐳𑑂𑐩𑐶𑐣𑑂𑐎𑐣𑐎𑐎𑐮𑐱𑑁𑐳𑑂𑐠𑐵𑐥𑐶𑐟𑑁𑐨𑐷𑐩𑐨𑐎𑑂𑐟𑑂𑐫𑐵𑑋𑐴𑑀𑐩𑑄𑐎𑐺𑐟𑑂𑐰𑐵𑑇𑐣𑐸𑐥𑐩𑐫𑐱𑐳𑐵𑐱𑑂𑐬𑐷𑐣𑐶𑐰𑐵𑐳𑐾𑐣𑐬𑐵𑐖𑑂𑐘𑐵𑑌𑑌𑐴𑐬𑐶𑐰𑑄𑐱𑐾𑐣𑐎𑐺𑐟𑐵
a6fcfbd3,𑐥𑐶𑐎𑐮𑑂𑐫𑐣𑐵𑐟𑑂𑐬𑐫𑑄𑑋𑐊𑐰𑑄𑐬𑐸𑐥𑑀𑐴𑐰𑑄𑐳𑐬𑑂𑐰𑑂𑐰𑑍𑐎𑐮𑑂𑐫𑐣𑐵𑐨𑐵𑐰𑐩𑐵𑐟𑑂𑐬𑐎𑑄𑑋𑑋𑐱𑐩𑑂𑐟𑑂𑐬𑐱𑐵𑐩𑑂𑐟𑑂𑐬𑐳𑑄𑐐𑐷𑐟𑐵
4844f495,𑐡𑐾𑐰𑐥𑑂𑐬𑐨𑐸𑐛𑐵𑐎𑐸𑐮𑐳𑐣𑐳𑑂𑐰𑐣𑐐𑐬𑑄𑐕𑐐𑐸𑐮𑐣𑐸𑐫𑐵𑐰𑐣𑐾𑐥𑐵𑐮𑐾𑐱𑑂𑐰𑐬𑐖𑐸𑐫𑐵𑐰𑐰𑐶𑐖𑐫𑐬𑐵𑐖𑑂𑐫𑐫𑐵𑐒𑐰𑐶𑐖𑑂𑐫𑐵𑐎𑑍𑐠𑐠𑐶𑑄𑐀𑐰𑐳𑐬𑐳𑐱𑑂𑐬𑐷𑑓𑐨𑐷𑐩𑐳𑐾
984b4f1a,𑐣𑑂𑐣𑐴𑐣𑑂𑐣𑐾𑐩𑐵𑐮𑐖𑐸𑐬𑑀𑐮𑑀𑐥𑐫𑐵𑐎𑐵𑐮𑐾𑐐𑑀𑐧𑑂𑐬𑐵𑐴𑑂𑐩𑐞𑐵𑐡𑐶𑐥𑑄𑐔𑐩𑐴𑐵𑐥𑐵𑐟𑐎𑐵𑐡𑐶𑐮𑐵𑐎𑐖𑐸𑐬𑑀𑐮𑑀𑐥𑐩𑐫𑐵
d9acaa0f,𑐰𑐮𑑂𑐮𑐶𑑅𑐥𑑂𑐬𑐟𑐵𑐥𑑀𑐖𑑂𑐰𑐮𑑅𑑌𑐟𑐳𑑂𑐫𑐵𑐟𑑂𑐩𑐖𑑀𑐨𑐹𑐩𑐶𑐢𑐬𑐾𑐱𑐎𑐣𑑂𑐫𑐵𑐥𑐵𑐡𑐵𑐩𑑂𑐰𑐸𑐖𑐵𑐱𑐎𑑂𑐟𑐰𑐶𑐱𑐸𑐡𑑂𑐢𑐔𑐾𑐟𑐵𑑅𑑋𑐮𑐎𑑂𑐲𑑂𑐩𑐷
zdf15d4f,𑐴𑐰𑐶𑐴𑐵𑐬𑐾𑐲𑑂𑐛𑐶𑐟𑐩𑐥𑐶𑐎𑐸𑐮𑐩𑐵𑐣
90c7a4a1,𑐳𑐶𑑄𑐴𑑍𑐱𑐵𑐎𑑂𑐫𑐨𑐶𑐎𑑂𑐲𑐸𑐱𑑂𑐬𑐷𑐥𑐩𑑍𑐳𑐶𑐎𑑂𑐰𑐩𑐐𑐸𑐜𑐶𑐰𑐶𑐴𑐵𑐬𑑍𑐧𑐖𑐵𑐔𑐵𑐬𑑂𑐫𑐱𑑂𑐬𑐷𑐬𑐣𑑂𑐴𑐡𑐾
fd2cc478,𑐬𑐟𑑂𑐣𑐟𑑂𑐬𑐫𑐵𑐫𑐣𑐩𑑌𑐣𑐩𑐱𑑂𑐬𑐷𑑓𑐢𑐬𑑂𑐩𑑂𑐩𑐢𑐵𑐟𑐸𑐧𑐾𑐣𑐩𑑌𑐁𑐎𑐵
145d2cbd,𑐨𑐵𑐬𑑂𑐫𑑂𑐫𑐵𑐖𑐐𑐮𑐎𑑂𑐲𑑂𑐩𑐷𑐥𑐸𑐟𑑂𑐬𑐎𑐸𑐮𑐧𑐣𑑂𑐟𑑚𑐠𑑂𑐰𑐟𑐾𑐫𑐵𑐢𑐬𑑂𑐩𑑂𑐩𑐔𑐶𑐟𑑂𑐟𑐄𑐟𑑂‍𑐥𑐟𑑂𑐟𑐶𑐖𑐸𑐫𑐵𑐌𑐱𑑂𑐬𑐷𑑓𑐐𑑀𑐥𑐸
af5f906z,𑐨𑐶𑐩𑐳𑐾𑐣𑑅𑐥𑑂𑐬𑐷𑐟𑐷𑐣𑑅𑐳𑐶𑑄𑐑𑐡𑐸𑐣𑑂𑐟𑐵𑐖𑐸𑐮𑑀𑑅𑐳𑐸𑐨𑑄𑑌
d04c6b98,𑐮𑐎𑑂𑐲𑑂𑐩𑐷𑐮𑐎𑑂𑐲𑐶𑐟𑐨𑐹𑐩𑐶𑐩𑑄𑐜𑐮𑐢𑐬𑑅𑐎𑐵𑐣𑑂𑐟𑑂𑐫𑐵𑐖𑐐𑐟𑑂𑐎𑐵𑐣𑑂𑐟𑐫𑐣𑑂𑑋𑐰𑐬𑐶𑐎𑑂𑐲𑑂𑐩𑐵𑐥𑐟𑐶𑐮𑑀𑐎𑐎𑑀𑐎𑐴𑐺𑐡𑐫𑐾𑐱𑑀𑐎𑑄𑐣𑐶𑐟𑐵𑐣𑑂𑐟𑑄𑐡𑐶𑐱𑐣𑑂
z7269670,𑐳𑐹𑐬𑑂𑐫𑑂𑐫𑐵𑐫𑐠𑐵𑐬𑐵𑐖𑐟𑐾𑑌𑐟𑐳𑑂𑐫𑐥𑐟𑑂𑐣𑐷𑐟𑐸𑐰𑐶𑐏𑑂𑐫𑐵𑐟𑐵𑑍𑐔𑐣𑑂𑐡𑑂𑐬𑐮𑐎𑑂𑐲𑑂𑐩𑐷𑑅𑐳𑐸𑐮𑐎𑑂𑐲𑐞𑐵𑑋𑐔𑐵𑐬𑐸𑐔𑐶𑐟𑑂𑐬𑐵𑐥𑑂𑐬𑐨𑑀𑐎𑑂𑐟𑐵𑐔𑐣𑑂𑐡𑑂𑐬𑐳𑑂𑐫𑐾𑐰𑐔𑐬𑑀𑐴𑐶𑐞𑐷𑑌𑐨𑑀𑐐𑐶𑐞𑐷𑐰𑐶𑐲𑑂𑐞𑐸
4359d370,𑐣𑐾𑐥𑐵𑐮𑐡𑐾𑐱𑐾𑑍𑐰𑐵𑐐𑐵𑐨𑑂𑐫𑐵𑐫𑐵𑐥𑐸𑐬𑑂𑐰𑑂𑐰𑐎𑐸𑐮𑐾𑑍𑐱𑑂𑐬𑐷𑐰𑐶𑐬𑐸𑐥𑐵𑐎𑑂𑐲𑐡𑐾𑐰𑐟𑐵𑑍𑐣𑐶𑐰𑐵𑐳𑐶𑐟𑐾
z6ac8daa,𑐳𑐥𑐸𑐬𑐵𑐨𑐵𑐬𑐶𑐳𑐰𑐰𑐵𑐐𑑀𑐥𑐵𑐮𑐬𑐵𑐩𑐩𑐵𑐩𑐢𑑄
3093256z,𑐥𑐹𑐬𑑂𑐞𑑂𑐞𑐩𑐵𑐳𑑂𑐫𑐵𑑄𑐟𑐶𑐠𑑁𑑍𑐥𑑀𑐲𑑂𑐫𑐣𑐎𑑂𑐲𑐟𑑂𑐬𑐁𑐫𑐸𑐲𑑂𑐩𑐵𑐞𑐫𑑀𑐐𑐾𑐱
0c204b16,𑐳𑑂‍𑐠𑐵𑐥𑐣𑐥𑐟𑐶𑐠𑐵𑐫𑐵𑐣𑐵𑐡𑐶𑐣𑐖𑐸𑐣𑐵𑑅𑐱𑑂𑐬𑐷𑑓𑐳𑐸𑐖𑐶𑐣𑑂‍𑐡𑑂𑐬𑐧𑐶𑐎𑑂𑐬𑐩𑐳𑐵𑐴𑐾𑐧𑐫𑐵𑐳
c4310f33,𑐎𑑂𑐬𑐩𑐵𑐟𑐵𑐖𑐣𑑂𑐟𑐮𑐎𑑂𑐲𑑂𑐩𑐷𑐢𑐷𑐬𑑂𑐖𑐮𑐎𑑂𑐲𑑂𑐩𑐷
6a43bbbf,𑐞𑑂𑐜𑐬𑐾𑐧𑐵𑐳𑐸𑐎𑐶𑐎𑑂𑐲𑐾𑐟𑑂𑐬𑐾𑐱𑑂𑐬𑐷𑑓𑐥𑐱𑐸𑐥𑐟𑐶𑐳𑐣𑐶𑐢𑐵𑐣𑐾𑐧𑐵𑐐𑑂𑐩𑐟𑑂𑐫𑐵𑑄𑐥𑐱𑑂𑐔𑐶𑐩𑐎𑐸𑐬𑐾𑐧𑐶𑐲𑑂
9d1bab4a,𑐩𑐶𑐞𑑂𑐜𑐬𑐵𑐖𑐣𑐂𑐟𑐸𑑄𑐧𑐵𑐴𑐵
2b67b734,𑐥𑑂𑐬𑐠𑐩𑐥𑐸𑐟𑑂𑐬𑐖𑑀𑐐𑐬𑐟𑑂𑐣𑐟𑐳𑑂𑐫𑐨𑐵𑐬𑑂𑐫𑑂𑐫𑐵𑐮𑐎𑑂𑐲𑑂𑐩𑐷𑐩𑐵𑐫𑐵𑐡𑑂𑐰𑐶𑐟𑐶𑐫𑐥𑐸𑐟𑑂𑐬𑐡𑐵𑐣𑐰𑐬𑑂𑐳𑐶𑑄𑐟𑐳𑑂𑐫𑐨𑐵𑐬𑑂𑐫𑑂𑐫𑐵𑐔𑐶𑐎𑐶𑐩𑐵𑐫𑐵𑐟𑐺𑐟𑐷𑐫𑐥𑐸𑐟𑑂𑐬𑐖𑐸𑐖𑐸𑐩𑐵𑐣𑐟𑐳𑑂𑐫𑐨𑐵𑐬𑑂𑐫𑑂𑐫𑐵𑐖𑑂𑐘𑐵𑐣𑐥𑑂𑐬𑐨𑐵𑐔𑐟𑐸𑐬𑑂𑐠𑐥𑐸𑐟𑑂𑐬𑐟𑐸𑐫𑐸𑐎𑐵𑐖𑐶𑐟𑐳𑑂𑐫𑐨𑐵𑐬𑑂𑐫𑑂𑐫𑐵
4f92z9z4,𑐟𑐥𑐵𑐰𑐟𑐩𑐴𑐵𑐰𑑂𑐫𑐰𑐴𑐵𑐮𑐶𑐎𑐾𑑍𑐫𑐾𑐟𑐸𑑄𑐰𑐵𑐴𑐵𑐬𑐫𑐾𑐠𑐮𑐡𑑂𑐒𑐾
z928a7fa,𑐎𑐨𑐵𑐬𑑀𑑍𑐀𑐳𑐐𑐸𑐨𑐵𑐬𑑀𑑍𑐰𑐵𑐨𑐵𑐬𑑀𑑍𑐧𑐳𑐸𑐬𑐵𑐖𑐨𑐵𑐬𑑀𑑍𑐎𑐣𑐎𑐨𑐵𑐬𑑀𑐦𑑂𑐫𑐵
50bzf156,𑐫𑐎𑑄𑐧𑑀𑐳𑐵𑐢𑐣𑐫𑐵𑐫𑐩𑐵𑐮𑑌𑑌𑐡𑐾𑐱𑐰𑐮𑐶𑐖𑑂𑐰𑐎𑑀𑐰𑐵𑐴𑐶𑐎𑐣𑐠𑑂𑐰𑐟𑐾𑐄𑐥𑐔𑐵𑐬𑐡𑐫𑐎𑑄𑐱𑑂𑐬𑐵𑐰𑐞𑐱𑐸𑐎𑑂𑐮𑐡𑑂𑐰𑐵𑐡𑐱𑐷𑐎𑐸𑐣𑑂𑐴𑐸𑐥𑐰𑐶
f9z64085,𑑊𑐳𑑄𑐰𑐟𑑘𑑗𑑑𑐁𑐳𑐸𑐶𑐣𑐶𑑅𑐎𑐺𑐲𑑂𑐞𑑅𑐡𑐳𑐩𑑂𑐫𑐵𑑄𑐣𑑂𑐟𑐶𑐠𑑂𑐰𑑁
ff8d3ccz,𑐎𑑍𑐠𑐰𑐥𑑂𑐬𑐩𑐸𑐏𑐣𑑍𑐠𑐰𑐟𑐵𑐣𑐶𑐩𑐶𑐬𑑂𑐟𑑂𑐟𑐶𑐣𑑍𑐦𑐮𑐾𑑍𑐂𑐟𑐶𑐡𑐫𑐎𑐵𑐰𑑍𑐐𑐸𑐠𑐔𑐶𑐣𑐎𑐵𑐖𑐸𑐬𑑀
9855z02d,𑐡𑐸𑐣𑑂𑐟𑐵𑐖𑐸𑐬𑑀𑑌𑑌𑐱𑐸𑐨
935b4396,𑐟𑐶𑐩𑐶𑐬𑐵𑐣𑐧𑐩𑐐𑑂𑐣𑐳𑐟𑑂𑐧𑐵𑑅𑐩𑑀𑐴𑐵𑐣𑑂𑐢𑐎𑐵𑐬𑐟𑐶𑐩𑐶𑐬𑐵
54cf53ac,𑐥𑐵𑐥𑐬𑐵𑐎𑐖𑐸𑐫𑐵𑐫𑑋𑑋𑐳𑐸𑐣𑐵𑐣𑑄𑑍𑐠𑑂𑐰𑐦𑐬𑐾𑐳𑐰𑑄𑐥𑐸𑐒𑐣𑑄𑑍𑐐𑐵𑐣𑐥𑐸𑐒𑐣𑐨𑐶𑐣𑐎𑑄𑐣𑐶𑐡𑐵𑐣
ba57604f,𑐟𑐵𑐫𑐵𑑅𑐡𑐶𑐣𑐳𑑅𑐱𑑂𑐬𑐷𑑓𑐁𑐬𑑂𑐖𑑂𑐫𑐵𑐰𑐬𑑀𑐎𑐶𑐟𑐾𑐳𑑂𑐰𑐬𑐖𑐩𑐬𑐾𑐳𑑂𑐰𑐬𑐫𑐵𑐰𑐶
0211dc06,𑐰𑑒𑐢𑐸𑐣𑐶𑐖𑐰𑑑𑐡𑑄𑑘𑐟𑐸𑐟𑐸𑐎𑑄𑐳𑐾𑐳𑐵𑐣𑐶𑐱𑑂𑐬𑐵𑐰𑐖𑑀𑑓𑐩𑐵𑐑𑐾𑐟𑑀𑐕𑐵𑐫𑐫𑐵𑐟𑐑𑐾𑐮𑐎𑐸𑐜𑑒𑐳𑐵𑐏𑐎𑐸𑐜𑑒𑐩𑐬𑐔𑐡𑑖𑐠𑑂𑐰𑐟𑐾𑐟𑐸𑐟𑐎𑑄𑐩𑐵
f85034dz,𑐩𑐳𑐵𑐴𑐡𑐾𑐧𑐳𑑂𑐫𑐧𑐶𑐖𑐫𑐬𑐵𑐖𑑂𑐫𑐾𑑌𑑌𑐡𑐵𑐣𑐥𑐟𑐾𑐣𑐾𑐥𑐵
9276d66z,𑐮𑐶𑐟𑐎𑐣𑑂𑐡𑐬𑑂𑐑𑐲𑐬𑑂𑐫𑑂𑐫𑐱𑐵𑐣𑑂𑐟𑐶𑐖𑑂𑐘𑐵𑐣𑐖𑐣𑐶𑐟𑐳𑐸𑐬𑐐𑐸𑐬𑐸𑐨𑑂𑐬𑐵𑐣𑑂𑐟𑐶𑑋𑐱𑑂𑐬𑐷𑐖𑐟𑑂𑐩𑐷𑐱𑐔𑐬𑐞𑐳𑑂𑐩𑐬𑐞𑐱𑐩𑐶𑐟𑐎𑐾
7ca262f2,𑐒𑐣𑐟𑐫𑐵𑐳𑑍𑐳𑐸𑐣𑐵𑐣𑑄𑑍𑐔𑐵𑐳𑐣𑐫𑐵𑐫𑐩𑐡𑐸𑑍𑐡𑐾𑐰𑐫𑐵𑐨𑐸𑐖𑐸𑐬𑑀𑑋𑑋𑑐𑑋𑑋
a80d5fa1,𑐰𑐡𑐶𑑒𑐬𑑀𑐖𑑑𑐱𑐸𑐨𑑄𑑋𑑋𑐱𑐸𑐨𑐩𑑂𑑋
f3fz65zc,𑐟𑐟𑐸𑐮𑐵𑐢𑐬𑐎𑐮𑑂𑐫𑐟𑐲𑐶𑐟𑐵𑐢𑐟𑐖𑐸𑐬𑐶𑐧𑐐𑐟𑐖𑐸𑐫𑐵𑐌𑐠𑑂𑐰𑐫𑐵𑐟𑐣𑐵𑐩𑐣𑐧𑐸𑐟𑐨𑐵
2378aa7d,𑑊𑐳𑐩𑑂𑐰𑐟𑑘𑑖𑑑𑐩𑐸𑑋𑐱𑐸𑐣𑐰𑐡𑐶𑑑𑑔𑐬𑐸𑐥𑑂𑐬𑐵𑐳𑐣𑐶𑐡𑐸𑐟𑐵𑑄𑑌𑐱𑐸𑐨𑑄𑑌
354bb5a1,𑐳𑐠𑐵𑐥𑐸𑐖𑐵𑐫𑐵𑐫𑐩𑐵𑐬𑐧𑐸𑐳𑐵𑐢𑐣𑐎𑐸𑐣𑑂𑐴𑐸𑐟𑐶𑐔𑑀𑐡𑑀𑐬𑐧𑐸𑐫𑐵𑐰𑐬𑐳𑐵𑐣𑐥𑐾𑐧𑑀𑐳𑐕𑐶𑐰𑑀𑐣𑐔𑐵𑐌𑐠
790f8d5b,𑐥𑐹𑐬𑑂𑐞𑑂𑐞𑐩𑐵𑐳𑑂𑐫𑐵𑑄𑐟𑐶𑐠𑑁𑑍𑐥𑑀𑐲𑑂𑐫𑐣𑐎𑑂𑐲𑐟𑑂𑐬𑐁𑐫𑐸𑐲𑑂𑐩𑐵𑐞𑐫𑑀𑐐𑐾𑐱
4cb1db21,𑐎𑐮𑑄𑐥𑐟𑐵𑐎𑐵𑐖𑐸𑑓𑐥𑑄𑐘𑑂𑐔𑐥𑐟𑐵𑐎𑐵𑐖𑐸𑑓𑐀𑐡𑐸𑐰𑐵𑐮𑑍𑐥𑑂𑐬𑑒𑐖𑐵𑐎𑐶𑐥𑐸𑐖𑐵𑐖𑐵𑐠𑐸
4c535zbb,𑐟𑐶𑐧𑐸𑐫𑐵𑐰𑐬𑐳𑐵𑐣𑐣𑑍𑐣𑐶𑐟𑑂𑐫𑐀𑐳𑑂𑐟𑐵𑑑𑐔𑐾𑐎𑐟𑐳𑑂𑐫𑑄𑐩𑐟𑐕𑑀𑐫𑐎𑐾𑐩𑐵𑐮𑑍𑐂𑐣𑑂𑐡𑑂𑐬𑐖𑐵𑐟𑑂𑐬𑐵𑐫𑐵𑐥𑐹𑐬𑑂𑐞𑑂𑐞𑐩𑐵
04072a29,𑐰𑐶𑐲𑐫𑐰𑐶𑐲𑐢𑐬𑐐𑑂𑐬𑐳𑑂𑐟𑐔𑐶𑐟𑑂𑐟𑑀𑐥𑐣𑐷𑐔𑑅𑑌𑐖𑑂𑐫𑐾𑐲𑑂𑐛𑐾𑐩𑐵𑐳𑐶𑐳𑐶𑐟𑐾𑐖𑐣𑐵𑐬𑑂𑐡𑑂𑐡𑐣𑐟𑐶𑐠𑑁𑐧𑐵𑐞𑐵𑐖𑐶𑐣𑐵𑐐𑐒𑑂𑐎𑐶𑐟𑐾𑐰𑐬𑑂𑐲𑐾𑐥𑑄𑐎𑑂𑐟𑐶
d77d2b81,𑐫𑐷𑐳𑐔𑐩𑐟𑐥𑑂𑐰𑐵𑐟𑑓𑐕𑑀𑐊𑐎𑐾𑐫
57c154dd,𑑊𑑉𑐱𑑂𑐬𑐷𑐐𑑀𑐥𑐵𑐮𑐾𑐱𑑂𑐰𑐬𑐵𑐫𑑌𑐐𑑀𑐥𑐵𑐮𑐾𑐱𑑂𑐰𑐬𑐡𑐾𑐰𑑋
bfa6b622,𑐬𑐫𑑄𑐣𑐵𑐬𑐵𑐫𑐞𑐥𑑂𑐬𑐷𑐟𑐫𑐾𑐣𑐾𑐎𑐳𑑂𑐰𑐬𑑂𑐞𑐑𑐚𑐬𑑂𑐰𑑂𑐰𑐶𑐨𑐹𑐲𑐶𑐟𑐱𑐶𑐏𑑀𑐴𑐺𑐡𑑂𑐫𑑀𑐫𑐫𑐵𑐎𑐵𑐬𑐶𑐟𑑅𑑌𑐫𑐳𑑂𑐫𑐵𑐱𑑂𑐔𑐵
221b5bd3,𑐣𑐶𑐔𑐫𑐬𑑂𑐐𑐷𑐬𑑂𑐰𑐵𑐞𑐐𑑀𑐲𑑂𑐛𑐷𑐐𑐸𑐬𑐸𑑅𑐱𑑂𑐬𑐷𑐩𑐟𑑂𑐳𑐶𑐡𑑂𑐢𑐶𑐣𑐺𑐳𑐶𑑄𑐴𑐩𑐮𑑂𑐮𑐖𑐐𑐟𑐷𑐖𑐵𑐣𑐶𑐳𑑂𑐳
a89z28d7,𑐱𑐸𑐎𑑂𑐮𑑑𑑐
2752279b,𑐱𑑂𑐬𑐷𑐱𑑂𑐬𑐷𑐖𑐫𑐥𑑂𑐬𑐟𑐵𑐥𑐩𑐮𑑂𑐮𑐡𑐾𑐰𑐥𑑂𑐬𑐨𑐸𑐠𑐵𑐎𑐸𑐬𑐳𑑂𑐫𑐰𑐶𑐖𑐫𑐬𑐵𑐖𑑂𑐫𑑅𑑋𑑋𑐱𑑂𑐬𑐷𑐳𑐸𑐰𑐬𑑂𑐞𑑂𑐞𑐥𑐞𑐵𑐮𑐶𑐩𑐴𑐵
c6bb4734,𑑌𑑒𑑌𑐣𑐰𑐩𑑂𑐫𑐵𑑄𑐥𑐺𑐞𑑂𑐫𑐟𑐶𑐠𑑁𑐖𑑂𑐫𑐟𑐶𑐱𑐸𑐨𑐱𑐸
c4d0fz78,𑐥𑑂𑐬𑑑𑐔𑐶𑐎𑐸𑐒𑑕𑐕𑑀𑐕𑑀𑐐𑐸𑐩𑐵𑐒𑐵𑐕𑑀𑐣𑐎𑐾𑑍𑐡𑑄𑑕𑐳𑐵𑐫𑐟𑐵𑐡𑐎𑑂𑐲𑐶𑐣𑐵𑐧𑐶𑐫𑑍
99d07367,𑐱𑑂𑐬𑐷𑐖𑐫𑐖𑐐𑑂𑐟𑐥𑑂𑐬𑐎𑐵𑐳𑐩𑐮𑑂𑐮𑐡𑐾𑐰𑐥𑑂𑐬𑐨𑐸𑐛𑐵
0d0af768,𑐳𑐶𑑄𑐴𑐣𑐎𑐀𑐥𑐸𑐞𑐵𑐎𑐵𑐊𑐳𑐩𑑄
39a9c7d7,𑐎𑑂𑐲𑑂𑐩𑐷𑐔𑑌𑐟𑐡𑐣𑐸𑐖𑐱𑑂𑐬𑐷𑐖𑐷𑐟𑐱𑑂𑐬𑐩𑐳𑑂𑐫𑐨𑐵𑐬𑑂‍𑐫𑐵𑐱𑑂𑐬𑐷𑐰𑐶𑐖𑐣𑐮𑐎𑑂𑐲𑑂𑐩𑐷𑐳𑐵𑑌𑐎
a80153f2,𑐟𑐵𑐬𑐎𑐸𑑖𑐥𑐹𑐬𑑂𑐰𑑂𑐰𑐥𑐵𑐏𑐵𑐨𑐹𑐩𑐎𑐵𑐰𑐐𑐸𑐠𑐶𑐳𑐡𑐵𑐣𑐖𑐸𑐳𑐬𑐵𑐫𑐖𑐸𑐬𑐬𑐵𑐐𑐖𑐸𑐬
0z1350cb,𑐎𑐨𑐵𑐬𑑀𑑍𑐀𑐳𑐐𑐸𑐨𑐵𑐬𑑀𑑍𑐰𑐵𑐨𑐵𑐬𑑀𑑍𑐧𑐳𑐸𑐬𑐵𑐖𑐨𑐵𑐬𑑀𑑍𑐎𑐣𑐎𑐨𑐵𑐬𑑀𑐦𑑂𑐫𑐵
46698347,𑐩𑑄𑐖𑑀𑐱𑑂𑐬𑐷𑐮𑐣𑑂𑐴𑐾𑐳𑐵𑐎𑑂𑐫𑐰𑑄𑐱𑐱𑑂𑐬𑐷𑐎𑐮𑑂𑐫𑐵𑐣𑐳𑐶𑑄𑐒𑐖𑐸𑐨𑐵𑐟𑐺𑐥𑐸𑐟𑑂𑐬𑐱𑑂𑐬𑐷𑐖𑐫𑐬𑐟𑑂𑐣𑐖𑐸𑐊𑐣𑐰𑐰𑐎𑑀𑐩𑐟𑐶𑐟𑑀𑐕𑐾𑐥𑐸𑐣𑐳𑐶𑑄𑐴
7984f434,𑐣𑐐𑐬𑐾𑑍𑐟𑑄𑐰𑐬𑐵𑐕𑐾𑑍𑐟𑑀𑐬𑐢𑑂𑐰𑐵𑐎𑐵𑐰𑐵𑐴𑐵𑐬𑐡𑐵𑐟𑐾𑐏𑐵𑐬𑐰𑑄𑐟𑐵𑐕𑐾𑐫𑐵𑐰𑐖𑐵𑐔𑐵𑐬𑑂𑐫𑑂𑐫𑐢𑐬𑑂𑐩𑑂𑐩𑐳𑑂𑐠𑑅𑐱𑑂𑐬𑐷𑐱𑐸𑐞
da3b97cb,𑐬𑐡𑐱𑐩𑑂𑐫𑐵𑑄𑐟𑐶𑐠𑑁𑐄𑐟𑑂𑐟𑐬𑐨𑐡𑑂𑐬𑐥𑐬𑐬𑐾𑐰𑐟𑐷𑐣𑐎𑑂𑐲𑐟𑑂𑐬𑐳𑑁𑐨𑐵𑐐𑑂𑐫
09353b35,𑐡𑐖𑐔𑐣𑑂𑐡𑑂𑐬𑐬𑐳𑑂𑐩𑐷𑑌𑐖𑑂𑐘𑐵𑐣𑑄𑐥𑑂𑐬𑐎𑐵𑐱𑑂𑐫𑐥𑐬𑐶𑐥𑐸𑐬𑐖𑐧𑐺𑐡𑑂𑐢𑐶𑐢𑑂𑐫𑐵
99aa7d91,𑐩𑑄𑐖𑐸𑐬𑐵𑐩𑐰𑑀𑐢𑐬𑐵𑐩𑐐𑐸𑐡𑑄𑐡𑐮𑐾𑐰𑐴𑐶𑐬𑐶𑐳𑐖𑑂𑐫𑐵𑐒𑐵𑐖𑐸𑐬
09cab719,𑐨𑐎𑑂𑐟𑑂𑐫𑐵𑐳𑑂𑐰𑐵𑐩𑐹𑐖𑐥𑐬𑑂𑐱𑐸𑐬𑐵𑐩𑐳𑐴𑐶𑐟𑑅𑐳𑑄𑐳𑑂𑐠𑐵𑐥𑑂𑐫𑐟𑐟𑑂𑐬𑐿𑐱𑑂𑐰𑐬𑑄𑑍𑐮𑐶𑑄𑐐𑑄𑐳𑑂𑐦
a78411a9,𑐏𑐬𑐡𑐾𑐰𑐟𑑂‍𑐥𑐟𑑂𑐣𑐷𑐮𑐎𑑂𑐲𑑂𑐩𑐷𑐡𑐾𑐰𑐷
043c7cc6,𑐱𑑂𑐔𑐬𑑂𑐫𑐵𑐢𑐬𑑂𑐩𑑂𑐩𑐱𑐵𑐮𑐵𑐰𑑂𑐫𑐬𑐔𑐶𑐳𑐸𑐰𑐶𑐨𑐮𑐵𑑄𑐰𑐶𑐲𑑂𑐞𑐸𑐩𑐮𑑂𑐮𑑀𑐣𑐬𑐾𑐣𑑂𑐡𑑂𑐬𑑍𑐳𑑂𑐟𑐳𑑂𑐫𑐵𑑄𑐳𑑄𑐳𑑂𑐠𑐵𑐥𑑂𑐫𑐰𑐶𑐲𑑂𑐞𑐸𑑄𑐳𑐸𑐬𑐩𑐸𑐣𑐶𑐣𑐩𑐶𑐟𑑐𑐨𑑀𑐐𑐨𑑀𑐎𑑂𑐲𑐎𑐴𑐾𑐟𑐸𑑄𑑌𑑌
6a9cb5f2,𑐳𑑂𑐟𑐡𑐎𑑂𑐲𑐶𑐞𑐵𑑍𑐡𑑄𑑒𑐥𑐸𑐖𑐵𑐧𑐵𑐮𑐶𑐫𑐟𑐵𑑍𑐡𑐎𑑂𑐲𑐶𑐞𑐵𑑍𑐧𑐶𑐫𑑍𑐠𑑂𑐰𑐟𑐾𑐔𑑀𑐳𑑂𑐫𑐟𑐎𑑀𑑍𑐐𑐸𑐠𑐶
db63z5d3,𑐱𑐸𑐨𑐱𑐣𑑂𑐟𑐸𑐳𑐬𑑂𑐰𑑂𑐰𑐡𑐵𑐎𑐵𑐮𑑄𑑋𑑋
a9295280,𑐫𑐩𑑂𑐩𑐵𑑍𑐡𑐟𑑀𑐮𑐷𑐮𑐥𑐸𑐬𑑂𑐰𑑂𑐰𑐵𑐳𑐬𑐳𑑂𑐰𑐟𑑂𑐫𑐳𑐶𑐟𑑂𑐰𑑄𑑌𑑑𑑓𑑌𑐂𑐟𑑂𑐠𑑄𑐳𑐡𑐵𑐳𑐵𑐢𑐎𑐵𑐳𑑂𑐰𑐵𑑄𑐩𑑂𑐟𑐸𑐰𑑂𑐬𑐣𑑂𑐟𑐶𑑍𑐟𑑂𑐰𑐩𑐎𑐵𑐖𑐐𑐟𑑂𑐬𑐵𑐞𑐎𑐬𑑂𑐟𑑂𑐟𑐷
z189fz65,𑐟𑑂𑐬𑐳𑐸𑐡𑑂𑐢𑐶𑐫𑑀𑐐𑐱𑐣𑐶𑐱𑑂𑐔𑐬𑐰𑐵𑐬𑑋𑑋𑐳𑑂𑐠𑐵𑐥𑐣𑐵𑐫𑐵
z36306b7,𑐟𑑂𑐬𑐺𑐥𑐶𑐟𑐺𑐥𑐶𑐟𑐺𑐰𑑂𑐫𑐵𑐣𑐵𑑄𑐥𑐶𑐟𑐵𑐩𑐴𑐵𑐡𑐶𑐎𑐳𑑂𑐫𑐥𑑌𑐖𑐵𑐫𑐵𑐳𑑂𑐰𑐵𑐠𑐺𑐡𑐺𑐴𑐶𑐟𑐺𑐱𑑂𑐩𑑄𑐎𑐸𑐮𑑀𑐡𑑂𑐰𑐵𑐬
23993909,𑐫𑐵𑐟𑐳𑑂𑐫𑐣𑐺𑐥𑐣𑐵𑐫𑐎𑑅𑐥𑑂𑐬𑐞𑐩𑐟𑐶𑐱𑑂𑐬𑐷𑐰𑐶𑐲𑑂𑐞𑐸𑐩𑐮𑑂𑐮𑐎𑐺𑐟𑐷𑑋𑐐𑑀𑐥𑐷𑐣𑐵𑐠𑐥𑐡𑐵𑐬𑐰𑐶𑐣𑑂𑐡𑐰𑐶𑐐𑐮𑐵𑐟𑑂𑐥𑐷𑐫𑐹𑐲𑐱𑐷𑐟𑐵𑐱𑐸𑐣𑐵𑐱𑐸𑐡𑑂𑐢𑑅𑐎𑑄𑐳𑐣𑐶𑐳𑐹𑐡𑐣𑐵
z8fadafz,𑐠𑑁𑐁𑐏𑐵𑐝𑐾𑐔𑐱𑐶𑐟𑐾𑑇𑐣𑐸𑐬𑐵𑐢𑐳
fdc6b049,𑐱𑐸𑐨𑑌𑐳𑐩𑑂𑐰𑐟𑑘𑑑𑑙𑐰𑐿𑐱𑐵𑐏𑐎𑐺𑐲𑑂𑐞𑑑𑑑𑐱𑑂𑐬𑐞𑐵𑐎𑑂𑐬𑐰𑐶𑐴𑐵𑐬𑐳𑐰𑐖𑑂𑐬𑐵
6597c500,𑐎𑐵𑐐𑑀𑐥𑐎𑐸𑐮𑐵𑐣𑑂𑐟𑐬𑐎𑑂𑐲𑑌𑐀𑐏𑐞𑑂𑐜𑐮𑑀𑐟𑑂𑐳𑐺𑐲𑑂𑐚𑐱𑐶𑐮𑐵𑐟𑐶𑐰𑐺𑐲𑑂𑐚𑐾𑑅𑐟𑐳𑑂𑐩𑐣𑐩𑑀𑐣𑐣𑑂𑐡𑐳𑐸𑐟𑐵𑐫𑐣𑐶𑐟𑑂𑐰𑑄𑑌𑐁𑐳𑐷𑐬𑐟𑑂𑐳𑐶𑐡𑑂𑐢𑐶
z701azf3,𑐱𑑂𑐰𑐬𑑍𑐖𑐐𑐟𑑂𑐩𑑀𑐴𑑀𑐣𑑍𑐱𑑂𑐰𑐩𑑂𑐴𑑄𑐳𑐵
5628bf94,𑑉𑐣𑐩𑑅𑐱𑑂𑐬𑐷𑑓𑐴𑐬𑐵𑐴𑐬𑐮𑑀𑐎𑐾𑐱𑑂𑐰𑐬𑐵𑐫𑑋𑑋𑐮𑑀𑐎𑐾𑐱𑑂𑐰𑐬𑑄𑐱𑐶𑐬𑑄𑐳𑐵𑐣𑑂𑐟𑑄𑑍𑐀𑐩𑑀𑐑𑐐𑐸𑐞
643z17a7,𑐱𑑂𑐔𑐬𑑂𑐫𑐵𑐢𑐬𑑂𑐩𑑂𑐩𑐱𑐵𑐮𑐵𑐰𑑂𑐫𑐬𑐔𑐶𑐳𑐸𑐰𑐶𑐨𑐮𑐵𑑄𑐰𑐶𑐲𑑂𑐞𑐸𑐩𑐮𑑂𑐮𑑀𑐣𑐬𑐾𑐣𑑂𑐡𑑂𑐬𑑍𑐳𑑂𑐟𑐳𑑂𑐫𑐵𑑄𑐳𑑄𑐳𑑂𑐠𑐵𑐥𑑂𑐫𑐰𑐶𑐲𑑂𑐞𑐸𑑄𑐳𑐸𑐬𑐩𑐸𑐣𑐶𑐣𑐩𑐶𑐟𑑐𑐨𑑀𑐐𑐨𑑀𑐎𑑂𑐲𑐎𑐴𑐾𑐟𑐸𑑄𑑌𑑌
1015d2z1,𑐟𑐶𑐔𑐰𑐶𑐏𑑂𑐫𑐵𑐟𑐵𑐟𑐳𑑂𑐫𑐨𑐵𑐬𑑂𑐫𑑂𑐫𑐵𑐥𑐟𑐶𑐰𑑂𑐬𑐟𑐵𑑌𑐟𑐫𑑀𑑅𑐥𑐸𑐟𑑂𑐬𑐳𑐸𑐢𑐷𑐳𑐷𑐳𑑂𑐎𑐷𑐬𑑂𑐟𑐶𑐳𑐶𑑄𑐴𑐂
c7915759,𑐣𑑂𑐩𑐹𑐬𑑂𑐟𑑂𑐟𑐫𑐾𑑋𑐦𑐞𑐵𑐳𑐥𑑂𑐟𑐧𑐶𑐨𑐹𑐲𑐵𑐫𑐮𑑀𑐎𑐵𑐬𑑂𑐟𑑂𑐟𑐶𑐨𑐫𑐴𑐵𑐬𑐶𑐞𑐾𑑌𑐫𑐖𑐩
z751cdd2,𑐠𑐵𑐥𑐶𑐟𑐢𑐬𑑂𑐩𑑂𑐩𑐬𑐵𑐖𑐥𑑂𑐬𑐩𑐸𑐏𑐣𑐥𑐸𑐟𑑂𑐬𑐳𑑄𑐑𑐬𑐵𑐖𑑍𑐠𑑂𑐰𑐥
522471c4,𑐧𑐸𑐢𑐰𑐶𑐬𑑀𑐖𑐬𑐵𑐖𑐳𑐶𑑄𑐴𑐳𑐩𑐸𑐬𑑂𑐔𑑂𑐔𑐫𑐣𑐡𑐫𑐎𑐵𑑋𑑋𑐱𑐶𑐮𑑂𑐥𑐷𑐴𑐵𑐫
12z403c2,𑐴𑐳𑐬𑑂𑐧𑑂𑐧𑐡𑐵𑑋𑑋𑑋𑑋𑐱𑑂𑐬𑐷𑑓𑐔𑐞𑑂𑐜𑐾𑐱𑑂𑐰𑐬𑐷𑐥𑑂𑐬𑐶𑐟𑐶𑐎𑐵𑐩𑐣𑐵𑐣𑐨𑐸𑐰𑐶𑐟𑐩𑐸
4f0a9724,𑐨𑐫𑑀𑑅𑐳𑑂𑐠𑐵𑐥𑐫𑐵𑑌𑑓𑑌
0fba7zfz,𑐱𑑂𑐬𑐷𑑓
50a3405b,𑐥𑐡𑐵𑐬𑐰𑐶𑐣𑑂𑐡𑐫𑐸𑐐𑐮𑐾𑐨𑐺𑐒𑑂𑐐𑐵𑐫𑐟𑐾𑐫𑐣𑑂𑐩𑐣𑑅𑑋𑐰𑐵𑐐𑑂𑐩𑐟𑑂𑐫𑐵𑐳𑑂𑐟𑑂𑐬𑐶𑐥𑐸𑐬𑐵𑐣𑑂𑐟𑐎𑐳𑑂𑐫𑐔𑐴𑐬𑐾𑐬𑑂𑐢𑑂𑐫𑐵𑐣𑐵𑐣𑐸𑐬𑐎𑑂𑐟𑑅𑐳𑐡𑐵𑑍𑐳𑑀𑐫𑐱𑑂𑐬𑐷𑐮𑐮𑐶𑐟𑐵𑐥𑐸𑐬𑐾𑐣𑐺𑐥𑐩𑐞𑐶𑑅
10d2b627,𑐠𑑂𑐰𑐟𑐾𑐫𑐵𑐐𑐸𑐠𑐶𑐖𑐣𑐫𑐥𑐟𑐶𑐎𑑂𑐬𑐖𑐸𑑌
fbc0f597,𑐰𑐶𑐖𑐫𑐬𑐵𑐬𑑂𑐖𑑂𑐫𑑌𑐱𑑂𑐬𑐷𑐎𑐵𑐲𑑂𑐛𑐩𑐞𑑂𑐜𑐥𑐥𑐹𑐬𑑂𑐰𑑂𑐰𑐥𑐵𑐏𑐾𑑍𑐟𑐮𑐸𑐩𑐸𑐮𑐩𑐴𑐵𑐰𑐶𑐴𑐵𑐬𑐵𑐢𑐶𑐲𑑂𑐛𑐶𑐟𑑍𑐧
052f4a18,𑐰𑑂𑐫𑐟𑐶𑐥𑐵𑐟𑐥𑐬𑐰𑐬𑐶𑐫𑐵𑐣𑐫𑑀𑐐𑑌𑐧𑐸𑐢𑐧𑐵𑐬𑑌𑐠𑑂𑐰𑐲𑐸𑐣𑑂𑐴𑐸𑐱𑑂𑐬𑐷𑑓𑐨𑐷𑐩𑐳𑐾𑐣𑐡𑐾𑐰𑐟𑐵
799001d5,𑑅𑐳𑐸𑐟𑑀𑐐𑐸𑐞𑐣𑐶𑐢𑐶𑐬𑑂𑐫𑑂𑐫𑐱𑑂𑐰𑐾𑐣𑑂𑐡𑑂𑐬𑐩𑐮𑑂𑐮𑐵𑐩𑐶𑐢𑑅𑐱𑐸𑐡𑑂𑐢𑐵𑐔𑐵𑐬𑐰𑐟𑐷𑐐𑐸𑐞𑐣𑐶𑐮𑐫𑐵𑐟𑐸𑐮𑑂𑐫𑐵𑐴𑐬𑐾𑑅𑐎𑐵𑐣𑑂𑐟𑐫𑐵𑑅𑑌𑐟𑐳𑑂𑐫𑐵𑑅𑐳𑐸𑐟𑐵𑐳𑐷𑐟𑑂𑐳𑐸𑐡𑐟𑐷𑐎𑐸
41f21fc4,𑐱𑑂𑐔𑐬𑑂𑐫𑐵𑐢𑐬𑑂𑐩𑑂𑐩𑐱𑐵𑐮𑐵𑐰𑑂𑐫𑐬𑐔𑐶𑐳𑐸𑐰𑐶𑐨𑐮𑐵𑑄𑐰𑐶𑐲𑑂𑐞𑐸𑐩𑐮𑑂𑐮𑑀𑐣𑐬𑐾𑐣𑑂𑐡𑑂𑐬𑑍𑐳𑑂𑐟𑐳𑑂𑐫𑐵𑑄𑐳𑑄𑐳𑑂𑐠𑐵𑐥𑑂𑐫𑐰𑐶𑐲𑑂𑐞𑐸𑑄𑐳𑐸𑐬𑐩𑐸𑐣𑐶𑐣𑐩𑐶𑐟𑑐𑐨𑑀𑐐𑐨𑑀𑐎𑑂𑐲𑐎𑐴𑐾𑐟𑐸𑑄𑑌𑑌
7713048b,𑐨𑐎𑑂𑐟𑑂𑐫𑐵𑐳𑑂𑐰𑐵𑐩𑐹𑐖𑐥𑐬𑑂𑐱𑐸𑐬𑐵𑐩𑐳𑐴𑐶𑐟𑑅𑐳𑑄𑐳𑑂𑐠𑐵𑐥𑑂𑐫𑐟𑐟𑑂𑐬𑐿𑐱𑑂𑐰𑐬𑑄𑑍𑐮𑐶𑑄𑐐𑑄𑐳𑑂𑐦
af566a58,𑐟𑐶𑐦𑐮𑐾𑐡𑐫𑐎𑐵𑐰𑐸𑐥𑐟𑐶𑐳𑑂𑐠𑐵𑐫𑐵𑐒𑐵𑐡𑐶𑐣𑐖𑐸𑐬𑑀𑑋𑐬𑑂𑐰𑐏𑐬𑑂𑐰𑐏𑐞𑐰𑐸𑐱𑐵
0z2c4400,𑐫𑐵𑐒𑐵𑐰𑐥𑑂𑐬𑐟𑐶𑐲𑑂𑐛𑐵𑐫𑐵𑐒𑐧𑐶𑐧𑐖𑑂𑐫𑐫𑐎𑑌𑐩𑐴𑐵𑐬𑐵𑐖𑐵𑐫𑐵𑐁𑐖𑑂𑐘𑐵𑐣𑐳𑑂𑐰𑐠𑐫𑐵𑐱𑐶𑐰𑐴𑐬𑐶𑐫𑐵𑐥𑐸𑐟𑑂𑐬𑐢𑑀
5b441fcz,𑐱𑑄𑐏𑐔𑐎𑑂𑐬𑐐𑐡𑐵𑐰𑑂𑐖𑐶𑐣𑑄𑐟𑐵𑐬𑑂𑐎𑑂𑐲𑑂𑐫𑐵𑐳𑐣𑐳𑑂𑐠𑑄𑐡𑐾𑐰𑐾𑐱𑑄𑐥𑐷𑐟𑐵𑐩𑑂𑐧𑐬𑐳𑐸𑐱𑑀𑐨𑐶𑐟𑑄𑑌𑐰𑐺𑐲𑐳𑑄𑐴𑐵𑐳𑑂𑐠𑐶𑐟𑑄𑐱𑐵𑑄𑐟
8dz58fd4,𑐳𑐶𑑄𑐴𑐨𑐵𑐬𑑀𑐳𑐬𑑂𑐰𑐰𑐸𑐩𑐣𑐴𑑀𑐬𑐳𑐶𑑄𑐴𑐫𑑀𑐣𑐵𑐩𑐣𑐦𑐮𑐾𑐡𑐫𑐎𑐡𑐸
68dfc5c6,𑐧𑐵𑐬𑐾𑑋𑑋𑐱𑐸𑐨𑐣𑑂𑐴𑐶𑐮𑐐𑑂𑐣𑐾𑐥𑐶𑐔𑐳𑑁𑐬𑐩𑐣𑐵𑐣
fc8z3895,𑐨𑐹𑐩𑐶𑐥𑐟𑐶𑑅𑐳𑐸𑐟𑑀𑐐𑐸𑐞𑐣𑐶𑐢𑐶𑐬𑑂𑐫𑑂𑐫𑐱𑑂𑐰𑐾𑐣𑑂𑐡𑑂𑐬𑐩𑐮𑑂𑐮𑐵𑐩𑐶𑐢𑑅𑐱𑐸𑐡𑑂𑐢𑐵𑐔𑐵𑐬𑐰𑐟𑐷𑐐𑐸𑐞𑐣𑐶𑐮𑐫𑐵𑐟𑐸𑐮𑑂𑐫𑐵𑐴𑐬𑐾𑑅𑐎𑐵𑐣𑑂𑐟𑐫𑐵𑑅𑑌𑐟
c23z5683,𑐊𑐎𑐵𑐫𑑅𑑋𑐱𑐳𑑂𑐟𑑂𑐬𑐱𑐵𑐳𑑂𑐟𑑂𑐬𑐳𑑄𑐐𑐷𑐟𑐵𑐡𑐶𑐳𑐎𑐬𑐧𑐶𑐡𑑂𑐫𑐵𑐥𑐵𑐬𑐐𑑅𑐬𑐵𑐖𑐬𑐵𑐖𑐾𑐣𑑂𑐡𑑂𑐬𑐎𑐧𑐷𑐡𑑂𑐬𑐡𑐶𑐐𑑂𑐢
88b16f6d,𑐦𑐮𑐡𑐵𑐱𑑂𑐬𑐷𑐰𑐵𑐐𑑂𑐩𑐟𑐷𑐟𑑂𑐫𑐡𑑂𑐨𑐸𑐟𑐵𑑍𑐳𑑂𑐣𑐵𑐣𑐵𑐡𑑂𑐡𑐵𑐣𑐎𑐺𑐟𑐵𑐟𑑂𑐳𑐡𑐵𑐩𑐟𑐶𑐩𑐟𑐵𑑄𑐥𑐵𑐥𑐵𑐣𑑂𑐢𑐰𑐶𑐢𑑂𑐰𑑄𑐱𑐶𑐣𑐷𑑋𑐳𑐬𑑂𑐰𑐖𑑂𑐘𑐳𑑂𑐫𑐩𑐸𑐏𑑀𑐨𑑂𑐡𑐰𑐵𑐥𑐱𑐸𑐥𑐟𑐾𑑅𑐳𑑂𑐠𑐵𑐣𑐾𑐳𑑂𑐟𑑂𑐬𑐰𑐣𑑂𑐟𑐷
0f682324,𑐣𑐵𑐬𑐵𑑄𑐩𑐾𑐥𑐸𑐟𑑂𑐬𑐵𑐳𑑂𑐟𑐾𑐖
8az9247f,𑐩𑐴𑐵𑐬𑐵𑐖𑐵𑐢𑐶𑐬𑐵𑐖𑐱𑑂𑐬𑐷𑐱𑑂𑐬𑐷𑐣𑐬𑐳𑐶𑑄𑐴𑐩𑐮𑑂𑐮𑐡𑐾𑐰𑐥𑑂𑐬𑐨𑐸𑐠𑐵𑐎𑐸𑐮𑐮𑑄𑐖𑐸𑐬𑑀𑑍𑐔
8fz75506,𑐎𑑄𑐣𑐶𑐧𑐾𑐡𑐣𑐫𑐵𑐒𑐵𑐖𑐸𑐬
4cd1b681,𑐫𑐣𑑂𑑌𑐖𑑂𑐫𑐾𑐲𑑂𑐛𑐵𑐫𑑀𑐐𑐣𑐬𑐾𑐣𑑂𑐡𑑂𑐬𑐎𑐳𑑂𑐫𑐨𑐐𑐶𑐣𑐷𑐱𑑂𑐬𑐷𑐱𑑂𑐬𑐷𑐣𑐶𑐰𑐵𑐳𑐟𑑂𑐩𑐖𑐵𑑍𑐥𑐟𑑂𑐫𑑁𑐨𑐎𑑂𑐟𑐶𑐩𑐟𑐷𑐳𑐟𑐷𑐩𑐞𑐶𑐩𑐟𑐷𑐣𑐵𑐩𑐣𑑂𑐣𑐷𑐴𑑂𑐫𑐩𑐸𑐔𑑂𑐕𑐷𑐩𑐟𑐷𑑋𑐫𑐳𑑂𑐫𑐵
202544a2,𑐳𑑄𑐰𑐟𑑂𑑘𑑒𑑑𑐔𑐟𑑂𑐬𑐩𑐵𑐳𑐱𑐸𑐎𑑂𑐮𑐥𑐎𑑂𑐲𑐲𑐲𑑂𑐛𑐷𑐧𑐺𑐴𑐳𑑂𑐥𑐟𑐶𑐧𑐵𑐬𑑍𑐠𑑂𑐰𑐎𑐸𑐣𑑂𑐴𑐸𑐳𑑄𑐐𑐷𑐟𑐵𑐬𑑂𑐞𑑂𑐞𑐰𑐥𑐵𑐬𑐐
1cc507d6,𑐡𑐖𑐔𑐣𑑂𑐡𑑂𑐬𑐬𑐳𑑂𑐩𑐷𑑌𑐖𑑂𑐘𑐵𑐣𑑄𑐥𑑂𑐬𑐎𑐵𑐱𑑂𑐫𑐥𑐬𑐶𑐥𑐸𑐬𑐖𑐧𑐺𑐡𑑂𑐢𑐶𑐢𑑂𑐫𑐵
zzz20fa1,𑐬𑐵𑐖𑐥𑑂𑐬𑐶𑐟𑐠𑐜𑐵𑐠𑐷𑐠𑐵𑐂𑐂𑐳𑑂‍𑐟𑐩𑐶𑐳𑑂‍𑐟𑑅𑐡𑐬𑐣𑐵𑐮𑐄𑐡𑐵𑐬𑐖𑐸𑐫𑐾𑐩𑐵𑐣𑐢𑐎𑐠𑐵𑐥𑐣
bzdz653d,𑑉𑐱𑑂𑐬𑐷𑐐𑐞𑐾𑐱𑐵𑐫𑐣𑐩𑑅𑑋𑑋
f459fa87,𑐌𑐟𑐫𑐩𑐵𑐬𑐖𑐸𑐬𑑀𑑋𑑋𑑐𑑋𑑋𑐳𑐩𑑂𑐰𑐟𑑘𑑓𑑗
3f92a3z5,𑐑𑐵𑐟𑐳𑐡𑐾𑐰𑐥𑐹𑐖𑐵𑐫𑐵𑐎𑐧𑑂𑐬𑐵𑐴𑑂𑐩𑐞𑑍𑐩𑑂𑐴𑑄𑑑𑐱𑑂𑐬𑐷𑐐𑑁𑐬𑐷𑐱𑑄𑐎𑐬𑑍𑐩𑑂𑐴𑑄𑑑𑐱𑑂𑐬𑐷𑐩𑐸𑐣𑐶𑐨𑐵𑐖𑐸𑑍𑐩𑑂𑐴𑑓𑐖𑑀𑐳𑐶𑐩𑑂𑐴𑑑𑐁𑐔𑐵𑐬𑑂𑐫𑑂𑐫𑑍𑐠𑑂𑐰𑐟𑐾𑐳𑑂𑐟𑑄𑐡𑐎𑑂𑐲𑐶𑐞𑐵𑐟𑐳
3d240df2,𑐮𑐶𑐟𑐎𑐣𑑂𑐡𑐬𑑂𑐑𑐲𑐬𑑂𑐫𑑂𑐫𑐱𑐵𑐣𑑂𑐟𑐶𑐖𑑂𑐘𑐵𑐣𑐖𑐣𑐶𑐟𑐳𑐸𑐬𑐐𑐸𑐬𑐸𑐨𑑂𑐬𑐵𑐣𑑂𑐟𑐶𑑋𑐱𑑂𑐬𑐷𑐖𑐟𑑂𑐩𑐷𑐱𑐔𑐬𑐞𑐳𑑂𑐩𑐬𑐞𑐱𑐩𑐶𑐟𑐎𑐾
d0003f3b,𑐥𑐸𑑑𑐩𑐵𑐴𑐵𑐡𑐶𑐥𑐕𑑀𑐔𑐎𑐾𑐩𑐵𑐮𑑍𑐁𑐲𑐵𑐕𑐶𑑑𑐑𑐾𑐮𑐦𑑄𑐕𑐶𑑑𑐔𑐾𑐎𑑄𑐡𑑄𑑒𑐡𑐾𑐰
44159779,𑐨𑐸𑐖𑐡𑐞𑑂𑐜𑐡𑐵𑐣𑐳𑐣𑑂𑐟𑐵𑐣𑐳𑐩𑑂𑐩𑐵𑐣𑐶𑐟𑐐𑐸𑐞𑐶𑐐𑐞𑐩𑐷𑐫𑐩𑐵𑐣𑐵𑐣𑐰𑐡𑑂𑐫𑐐𑐡𑑂𑐫𑐥𑐡𑑂𑐫𑐵𑐡𑐶𑐰𑐶𑐰𑐶𑐢𑐎𑐵𑐰𑑂𑐫𑐵
78470065,𑐎𑐶𑐟𑐾𑐖𑑂𑐰𑐬𑐫𑐵𑐠𑐵𑐣𑐾
54bb11d0,𑐢𑐵𑐫𑑅𑑍𑐱𑑂𑐬𑐾𑐫𑑀𑑇𑐳𑑂𑐟𑐸𑑌𑐳𑑂𑐰𑐟𑑗𑑗𑑗𑐖𑐾𑐲𑑂𑐚𑐎𑐺𑐲𑑂𑐞𑑌𑐥𑑄𑐔𑐩𑐷𑐱𑑂𑐬𑐰𑐣𑐣𑐎𑑂𑐲𑐾𑐟𑑂𑐬𑐾𑐂𑐣𑑂𑐡𑑂𑐬𑐫𑑀𑐐𑐾𑐱𑐸𑐎𑐰𑐵𑐳𑐬𑐾𑐠𑑂𑐰𑐎𑐸
4486z7ab,𑐥𑐎𑑂𑐲𑐾𑐥𑐣𑑂𑐔𑐩𑑂𑐫𑐵𑐫𑐵𑐣𑑂𑐟𑐶𑐠𑑁𑐩𑐺𑐐𑐱𑐶𑐬𑐣𑐎𑑂𑐲𑐟𑑂𑐬𑐾𑐳𑑀𑐨𑐣𑐫𑑀𑐐𑐾𑑍𑐫𑐠𑐵𑐎𑐬𑑂𑐞𑑂𑐞𑐩𑐸𑐴𑐸𑐬𑑂𑐟𑐾𑐰𑐺𑐴𑐳𑑂𑐥
3aa32747,𑐥𑑄𑐔𑐩𑐶𑐥𑐸𑐲𑐾𑐣𑐎𑑂𑐲𑐟𑑂𑐬𑐳𑐸𑐎𑑂𑐮𑐧𑐵𑐬𑐎𑐸𑐣𑑂𑐴𑐸𑐱𑑂𑐬𑐷𑑓𑐨𑐶𑐩𑐳𑐾𑐣𑐫𑐵
b5f5fdzf,𑐟𑑍𑐠𑑂𑐰𑐣𑐾𑐩𑑂𑐴𑑄𑐳𑑂𑐟𑐵𑐏𑐸𑐫𑐶𑐔𑐮𑐵𑐧𑐸𑐬𑑀𑑑𑐠𑐟𑐾𑐧𑐸𑐡𑐸𑐟𑐵𑐖𑐸𑐬𑑀𑑋𑑋𑐠𑑂𑐰𑐧𑐸𑐫𑐵𑐰𑐮𑐳𑐵𑐣𑑄𑐴𑐵𑐣𑐾𑐰𑐶𑐱𑑂𑐰𑐖𑐵
04d09379,𑐧𑑄𑐮𑐵𑐣𑐶𑐩𑑂𑐴𑐫𑐵𑐰𑐶𑐥𑑂𑐬𑐱𑑂𑐬𑐷𑐥𑐬𑐱𑐸𑐬𑐵𑐩𑐣𑐱𑑂𑐬𑐷𑐱𑑂𑐬𑐷𑐰𑐷𑐬𑐖𑐫𑐖𑑀𑐐𑐣𑐬𑐾𑐣𑑂𑐡𑑂𑐬𑐩𑐮𑑂𑐮𑐡𑐾𑐰𑐥𑑂𑐬𑐨𑐸𑐠𑐵𑐎𑐸𑐮𑐫𑐵
0cf19312,𑑊𑐳𑑂𑐰𑐳𑑂𑐟𑐶𑑋𑑋𑐳𑐩𑑂𑐧𑐟𑑂𑑘𑑓𑑘𑐩𑐵𑐑𑐱𑐸𑐡𑐶
b778zbda,𑐞𑐵𑐬𑐵𑐫𑐣𑐟𑐸𑐠𑐷𑐥𑑂𑐬𑐟𑐶𑐲𑑂𑐛𑐵𑐫𑐵𑐒𑐵
b835fd5a,𑐟𑑍𑐳𑐶𑐰𑐣𑐵𑐮𑐵𑐫𑐣𑑌𑐢𑐬𑑂𑐩𑑂𑐩𑐢𑐮𑐔𑐶𑐎𑐶𑐟𑐶𑑍𑐀𑐳𑑄𑐟𑑀𑐮𑐎𑑀𑐠𑐸𑐥
9c45zd06,𑐠𑑂𑐰𑐡𑐾𑐰𑐮𑐳𑐮𑑂𑐴𑑀𑐣𑐾𑐩𑐵𑐮𑐎𑐵𑐮𑐾𑐩𑐾𑐰𑐣𑐮𑑂𑐴𑑀𑐒𑐩𑐡𑐟𑐳𑐵𑐰𑑂𑐫𑐳𑐟𑐥𑐣𑐶𑐳𑑂𑐫𑐔𑐶𑐣𑑂𑐟𑐵𑐫𑐵𑐒𑐣𑐡𑐾𑐰𑐫𑐵𑐰𑐳𑑂𑐟𑐸𑐣𑐮𑑂𑐴𑑀𑐣𑐾𑐩𑐵𑐮𑐖𑐸𑐬𑑀𑑌𑐠𑑂𑐰𑐡𑐾
59a07a27,𑐬𑐳𑐱𑐸𑐎𑑂𑐬𑐥𑐎𑑂𑐲𑐥𑐹𑐬𑑂𑐞𑐩𑐵𑐳𑑂𑐫𑐟𑐶𑐠𑑀𑐮𑑀𑐴𑐶𑐣𑐶𑐣𑐎𑑂𑐲𑐟𑑂𑐬𑐾𑐳𑐶𑐡𑑂𑐢𑐶𑐖𑑀𑐐
1f012381,𑐖𑐫𑐬𑐞𑐩𑐮𑑂𑐮𑐡𑐾𑐰𑐥𑑂𑐬𑐨𑐸𑐛𑐵𑐎𑐸𑐬𑐳𑑂𑐫𑑍𑐰𑐶𑐖𑐫𑐬𑐵𑐖𑑂𑐫𑐾𑑋𑑋𑐟𑐳𑑂𑐫𑐩𑐵𑐑𑐰𑑂𑐬𑐟
bfc75bd6,𑐨𑐸𑐖𑐡𑐞𑑂𑐜𑐡𑐵𑐣𑐳𑐣𑑂𑐟𑐵𑐣𑐳𑐩𑑂𑐩𑐵𑐣𑐶𑐟𑐐𑐸𑐞𑐶𑐐𑐞𑐩𑐷𑐫𑐩𑐵𑐣𑐵𑐣𑐰𑐡𑑂𑐫𑐐𑐡𑑂𑐫𑐥𑐡𑑂𑐫𑐵𑐡𑐶𑐰𑐶𑐰𑐶𑐢𑐎𑐵𑐰𑑂𑐫𑐵
85f62caz,𑐎𑐳𑑂𑐫𑐥𑐸𑐟𑑂𑐬𑐴𑐬𑑂𑐲𑐣𑐬𑐳𑐶𑑄𑐣𑐷𑐩𑑂𑐴𑐢𑑄𑑍𑐩𑐸𑐣𑐶𑐢𑐣𑐎𑐳𑑂𑐫
7bc43zc4,𑐳𑑂𑐦𑐸𑐬𑑂𑐖𑑂𑐖𑐟𑑂𑐦𑐵𑐮𑑂𑐐𑐸𑐣𑐎𑐺𑐲𑑂𑐞𑐥𑐎𑑂𑐲𑐰𑐶𑐲𑐫𑐾𑐴𑐺𑐡𑑂𑐫𑐡𑑂𑐰𑐶𑐟𑐷𑐫𑐵𑐟𑐶𑐠𑑁𑑋𑐴𑐳𑑂𑐟𑐾𑐔𑐣𑑂𑐡𑑂𑐬𑐳𑐸𑐟𑐾𑐱𑐸𑐨𑐾𑐱𑐸𑐨𑐥
94b06cf6,𑐫𑐸𑐐𑐵𑐡𑐶𑐣𑑁𑐩𑐶𑐱𑐸𑐎𑑂𑐮𑐰𑐵𑐬𑐩𑐸𑐳𑑄𑐧𑐵𑐴𑐵
bc925f37,𑐎𑐩𑐵𑐣𑑅𑐎𑐣𑐾𑐳𑑂𑐟𑐥𑐸𑐟𑑂𑐬𑐩𑑀𑐟𑐶𑐩𑐵𑐣𑑅𑐩𑐣𑐶𑐎𑐩𑐵𑐣𑑂𑐟𑐳𑑂𑐫𑑅𑐨𑐵
fb090633,𑐫𑐎𑑄𑐡𑐸𑐣𑑂𑐟𑐵𑐬𑑀𑐧𑐸𑑓𑐔𑐲𑐸𑑄𑐟𑐶𑐧𑐸𑐬𑑀𑑑𑐳𑑂𑐰𑐟𑑂𑐰𑐧𑐸𑐬𑑀𑑑
4a17a4a9,𑐱𑐸𑐨𑑄
52fa32ba,𑐏𑐳𑐩𑐵𑐣𑐰𑐬𑑂𑐞𑑂𑐞𑑄𑑍𑐏𑐐𑐾𑐱𑐏𑐾𑐟𑑂𑐰𑑄𑐣𑐏𑐏𑐜𑑂𑐐𑐩𑐸𑐏𑑂𑐫𑑄𑑋𑐏𑐬𑑂𑐰𑐵𑐰𑐟𑐵𑐬𑑄𑐳𑐸𑐏𑐡𑐵𑐡𑐶𑐮𑐾𑐏𑑄𑑍𑐏𑐶𑐮𑐵𑐨𑐶𑐢𑐵𑐣𑑄𑐥𑑂𑐬𑐞𑐩𑐵𑐩𑐶𑐰𑐶𑐲𑑂𑐞𑐸𑑄𑑌𑐀𑐟𑑅𑐥𑐬𑑄𑐣
57216913,𑐩𑐡𑐸𑐥𑑄𑐔𑐥𑐵𑐟𑐎𑐬𑐵𑐎
z12484d6,𑑌𑑗𑑌𑐎𑐚𑑁𑑅𑑋𑐥𑐶𑐔𑐬𑑂𑐩𑑂𑐩𑐩𑑂𑐫𑐬𑑀𑐖𑑂𑐘𑐵𑐳𑐩𑐵𑐣𑐵𑑄𑑍𑐳𑐡𑐵𑐰𑐶𑐩𑑂𑐰𑐎𑐵𑐣𑑂𑐟𑐶𑑄𑐬𑐸𑐔𑐵𑐣𑐶𑐣𑑂𑐡𑐫𑐣𑑂𑐟𑐷𑑄𑑋𑐥𑑂𑐬𑐔𑐞𑑂𑐜𑐵𑐡𑑂𑐡𑐴𑐵𑐳𑐾𑐣𑐰𑐶𑐨𑑂𑐬𑐵𑐳
zd56z03z,𑐠𑑂𑐰𑐟𑐾𑐧𑐸𑐫𑐵𑐰𑐬𑑂𑐲𑐥𑑂𑐬𑐟𑐶𑑄𑐰𑐬𑐳𑐵𑐣𑐣𑑄𑐣𑐶𑐟𑑂𑐫𑐥𑐹𑐖𑐵𑐫𑐵𑐟𑐥𑐹𑐖𑐵𑐎𑑂𑐫𑐾𑐀𑐲𑑂𑐚𑐵𑑒𑐰𑐖𑐶𑐎𑐸𑐜𑑑𑐢𑐮𑐶𑐥𑐵𑐟𑑒𑐡𑑄𑑔𑐟𑐸𑐟𑐎𑑄𑐩𑐢𑐶𑐟𑐵𑑒𑐡𑑄𑐱𑑂𑐑𑐮
9a231f96,𑐴𑐩𑐴𑐵𑐰𑐶𑐴𑐵𑐬𑐾𑐲𑑂𑐛𑐶𑐟𑐩𑐥𑐶𑐎𑐸𑐮𑐩𑐵𑐣
081421df,𑑉𑐣𑐩𑑅𑐱𑑂𑐬𑐷𑑓𑐴𑐬𑐵𑐴𑐬𑐮𑑀𑐎𑐾𑐱𑑂𑐰𑐬𑐵𑐫𑑋𑑋𑐮𑑀𑐎𑐾𑐱𑑂𑐰𑐬𑑄𑐱𑐶𑐬𑑄𑐳𑐵𑐣𑑂𑐟𑑄𑑍𑐀𑐩𑑀𑐑𑐐𑐸𑐞
485386da,𑐟𑐶𑐔𑐶𑐎𑑄𑐀𑐚𑐣𑐰𑐶𑐒𑐵𑐰𑐥𑑂𑐬𑐟𑐶𑐲𑑂𑐛𑐵𑐫𑐵𑐒𑐵𑐖𑐸𑐮𑑀𑑋𑑋𑐀𑐰𑑂𑐫𑐧𑑂𑐬𑐴𑑂𑐩
bab6607c,𑐥𑑁𑐬𑐾𑐫𑐔𑐹𑐜𑐵𑐩𑐞𑐷𑐬𑐵𑐢𑐵𑐎𑐵𑐣𑑂𑐟𑐣𑐶𑐟𑐵𑐣𑑂𑐟𑐔𑐶𑐣𑑂𑐟𑐣𑐔𑐩𑐟𑑂𑐎𑐵𑐬𑐷𑐰𑐶𑐔𑐵𑐬𑐷𑐳𑐟𑐵𑑄𑑋𑐡𑐵𑐣𑐎𑐬𑑂𑐞𑑂𑐞𑐳𑐩𑑀𑐐𑐸
20c573fc,𑐎𑐸𑐣𑐵𑐠𑐣𑐬𑐵𑐬𑑂𑐖𑑂𑐫𑐾𑐐𑐵𑐩𑐥𑐵𑐟𑐡𑐎𑑀𑐫𑐵
846fbd93,𑐱𑑂𑐬𑐷𑐳𑐶𑐡𑑂𑐢𑐶𑐎𑐵𑐮𑐶𑐎𑐵𑐫𑑋𑑋𑐐𑑀𑐥𑐵𑐮𑐬𑐵𑐩𑐣𑐵𑐩𑐾𑐞𑐥𑑂𑐬𑐵𑐳𑐵𑐡𑑄
b9546dd1,𑐥𑐸𑐞𑑂𑐫𑐣𑐰𑐎𑐸𑐞𑑂𑐛𑐥𑑂𑐬𑐵𑐥𑑂𑐟𑐶𑐖𑐸𑐫𑐩𑐵𑐮𑑌
czfac426,𑐫𑐣𑑂𑑌𑐖𑑂𑐫𑐾𑐲𑑂𑐛𑐵𑐫𑑀𑐐𑐣𑐬𑐾𑐣𑑂𑐡𑑂𑐬𑐎𑐳𑑂𑐫𑐨𑐐𑐶𑐣𑐷𑐱𑑂𑐬𑐷𑐱𑑂𑐬𑐷𑐣𑐶𑐰𑐵𑐳𑐟𑑂𑐩𑐖𑐵𑑍𑐥𑐟𑑂𑐫𑑁𑐨𑐎𑑂𑐟𑐶𑐩𑐟𑐷𑐳𑐟𑐷𑐩𑐞𑐶𑐩𑐟𑐷𑐣𑐵𑐩𑐣𑑂𑐣𑐷𑐴𑑂𑐫𑐩𑐸𑐔𑑂𑐕𑐷𑐩𑐟𑐷𑑋𑐫𑐳𑑂𑐫𑐵
221339f8,𑐟𑐬𑑍𑐧‍𑐺𑐲𑐮𑐵𑐳𑐶𑐐𑐟𑐾𑐔𑑄𑐡𑑂𑐬‌𑐩𑐳𑐶𑐊𑐟𑐟𑐡𑐶𑐣𑐎‌𑐩𑐖𑐾𑐲𑑂𑐛𑐐𑐸𑐠𑐶𑐎
4c0z837a,𑐳𑑂𑐧𑑄𑐟𑑂𑑘𑑓𑑒𑐔𑐿𑐟𑑂𑐬𑐾𑐩𑐵𑐳𑐾𑐎𑐺𑐲𑑂𑐞𑐥𑐎𑑂𑐲𑑌𑐡𑑂𑐰𑐡𑐱𑑂𑐫𑐵𑑄𑐣𑑂𑐟𑐶𑐠𑑁𑑌𑐄𑐟𑑂𑐬𑐨𑐡𑑂𑐬𑐣𑐎𑑂𑐲𑐾𑐟𑑂𑐬𑐿𑑌𑐧𑐶𑐳
z191b4f8,𑐖𑑂𑐘𑐵𑐟𑐫𑐵𑐮𑐶𑐱𑐶𑐟𑑅𑐄𑐟𑑂𑐥𑐵𑐡𑐰𑑂𑐫𑐫𑐰𑐬𑑂𑐖𑐶𑐟𑑀𑐎𑑂𑐲𑐫𑐳𑐸𑐏𑑀𑐴𑐵𑐳𑑂𑐫𑑂‌𑐫𑐡𑐶𑐳𑑀𑐏𑑂𑐫𑐵𑐣𑑂𑐰𑐶𑐟𑑅𑐮𑑀𑐎𑐵𑐣𑐵𑑄
fz3d7390,𑐳𑑂𑐫𑐥𑐶𑐟𑐵𑑄𑐩𑐴𑐶𑐐𑑂𑐫𑐵𑐣𑐮𑐕𑐶𑐩𑐶𑐠𑐸𑐮𑐶𑐳𑐩𑐸𑐔𑐫𑐣𑐢𑐬𑑂𑐩𑑂𑐩𑐔𑐶𑐟
6741b2c3,𑐧𑑓𑐳𑑂𑐠𑐵𑐥𑐣𑐵𑐫𑐵𑐣𑐵𑐖𑐸𑐮𑐠𑐸𑐐𑐸𑐢
4z983ff2,𑑉𑐣𑐩𑑅𑐱𑑂𑐬𑐷𑐧𑐖𑑂𑐬𑐳𑐟𑑂𑐰𑐵𑐫𑑌𑑌𑐱𑑂𑐬𑐷𑐎𑐵𑐣𑑂𑐟𑐶𑐥𑐸𑐬𑐶𑐩𑐴𑐵𑐣𑐐𑐬𑐵𑐢𑐶𑐥𑐟𑐶𑑍𑐩𑐴𑐵
33zabd51,𑐎𑐮𑑄𑐥𑐟𑐵𑐎𑐵𑐖𑐸𑑓𑐥𑑄𑐘𑑂𑐔𑐥𑐟𑐵𑐎𑐵𑐖𑐸𑑓𑐀𑐡𑐸𑐰𑐵𑐮𑑍𑐥𑑂𑐬𑑒𑐖𑐵𑐎𑐶𑐥𑐸𑐖𑐵𑐖𑐵𑐠𑐸
8b858bz0,𑐬𑐐𑑂𑐰𑐟𑑂𑐬𑐫𑐵𑐟𑐕𑐶𑑍𑐡𑐫𑐎𑐵𑐟𑐵𑐬𑐖𑐸𑐕𑐶𑑍𑐡𑐟𑐵
z7d1f9d4,𑑌𑐱𑐸𑐨𑐩𑐒𑑂𑐐𑐮𑐨𑐰𑐟𑐸𑑌
f6b40c77,𑐱𑑂𑐬𑐷𑐱𑑂𑐬𑐷𑐳𑐸𑐩𑐟𑐶𑐖𑐫𑐖𑐶𑐟𑐵𑐩𑐶𑐟𑑂𑐬𑐩𑐮𑑂𑐮
5b6fad87,𑐫𑐵𑑌𑐱𑑂𑐬𑐷𑑓𑐥𑑄𑐔𑐵𑐫𑐟𑐣𑐱𑐶𑐧𑐮𑐶𑑄𑐐𑐣𑐶𑐟𑑂𑐫𑐥𑑄𑐔𑑀𑐥𑐔𑐵𑐬𑐥𑐸𑐖𑐵𑑌𑐣𑐿𑐩𑐶𑐳𑑂𑐟𑐶𑐎𑐥𑐸𑐖
f44f851d,𑐳𑐣𑑂𑐣𑐶𑐢𑐵𑐣𑐾𑐱𑑂𑐬𑐷𑑓𑐧𑐵𑐳𑐸𑐎𑐷𑐎𑑂𑐲𑐾𑐟𑑂𑐬𑐾𑐱𑑂𑐬𑐷𑑓𑐧𑐵𑐐𑑂𑐩𑐟𑑂𑐫𑐵𑑅𑐥𑐱𑑂𑐔𑐶𑐩𑐎𑐸𑐮𑐾𑑌𑐱𑑂𑐬𑐷𑑓𑐧𑐶𑐲𑐸
138zc293,𑐖𑐸𑐧𑐵𑐴𑐵𑐬𑐫𑐵𑐡𑐾𑐰𑐖𑐸𑐠𑑂𑐰𑐧𑐾𑐮𑐳𑑋𑑋𑐡𑐬𑑂𑐱
b1238cz2,𑐣𑐶𑐰𑐵𑐳𑐵𑐟𑑂𑐥𑑂𑐬𑐠𑐶𑐟𑐵𑐨𑐶𑐢𑐵𑐣𑑅𑐱𑑂𑐬𑐷𑐱𑑂𑐬𑐷𑐣𑐶𑐰𑐵𑐳𑐵𑐏𑑂𑐫𑐩𑐰𑐵𑐞𑐨𑐹𑐥𑑅𑑌𑐟𑐳𑑂𑐩𑐵𑐡𑑂𑐬𑐸𑐡𑑂𑐬𑐸𑐩𑐟𑐷𑐰𑐨𑐹𑐰𑐖𑐮
3620zd0c,𑐠𑑂𑐰𑐟𑐾𑑘𑐩𑑂𑐴𑐳𑐩𑐸𑐬𑑂𑐔𑐫𑐣𑐱𑑂𑐬𑐷𑑓𑐳𑐶𑐡𑑂𑐢𑐶
z9b3b165,𑐬𑐎𑐵𑐩𑐔𑐵𑐔𑐵𑐟𑑂𑐣𑐩𑑀𑐎𑑂𑐲𑐐𑐟𑐶𑐥𑑂𑐬𑐵𑐦𑐖𑐸
04za1bz1,𑐒𑐣𑐟𑐫𑐵𑐳𑑍𑐳𑐸𑐣𑐵𑐣𑑄𑑍𑐔𑐵𑐳𑐣𑐫𑐵𑐫𑐩𑐡𑐸𑑍𑐡𑐾𑐰𑐫𑐵𑐨𑐸𑐖𑐸𑐬𑑀𑑋𑑋𑑐𑑋𑑋
1bdzcazc,𑐠𑐵𑐥𑐶𑐟𑐢𑐬𑑂𑐩𑑂𑐩𑐬𑐵𑐖𑐥𑑂𑐬𑐩𑐸𑐏𑐣𑐥𑐸𑐟𑑂𑐬𑐳𑑄𑐑𑐬𑐵𑐖𑑍𑐠𑑂𑐰𑐥
7043cz7b,𑐠𑑂𑐰𑐟𑐾𑐧𑐸𑐫𑐵𑐰𑐬𑑂𑐲𑐥𑑂𑐬𑐟𑐶𑑄𑐰𑐬𑐳𑐵𑐣𑐣𑑄𑐣𑐶𑐟𑑂𑐫𑐥𑐹𑐖𑐵𑐫𑐵𑐟𑐥𑐹𑐖𑐵𑐎𑑂𑐫𑐾𑐀𑐲𑑂𑐚𑐵𑑒𑐰𑐖𑐶𑐎𑐸𑐜𑑑𑐢𑐮𑐶𑐥𑐵𑐟𑑒𑐡𑑄𑑔𑐟𑐸𑐟𑐎𑑄𑐩𑐢𑐶𑐟𑐵𑑒𑐡𑑄𑐱𑑂𑐑𑐮
a00zc4f0,𑐥𑑂𑐬𑐶𑐫𑐵𑐡𑐾𑐰𑐷𑐮𑐎𑑂𑐲𑑂𑐩𑐷𑑅𑐥𑐸𑐣𑐬𑑂𑐮𑐎𑑂𑐲𑑂𑐩𑐷𑐞𑐵𑐨𑑂𑐫𑑅𑐟𑐶𑐳𑐟𑐳𑑂𑐳𑐟𑐷𑑌𑐖𑑂𑐫𑐾𑐲𑑂𑐛𑐳𑑂𑐫𑐥𑐸𑐟𑑂𑐬𑐳𑐸𑐐𑐸
z6925781,𑐴𑐾𑐩𑐵𑐬𑑂𑐫𑐟𑐵𑐬𑐵𑐳𑐴𑐶𑐟𑐡𑑂𑐰𑐫𑐱𑐶𑐮𑐵𑐳𑑂𑐟𑑄
bb99d900,𑐱𑑂𑐬𑐷𑐱𑑂𑐬𑐷𑐖𑐫𑐥𑑂𑐬𑐟𑐵𑐥𑐩𑐮𑑂𑐮𑐡𑐾𑐰𑐥𑑂𑐬𑐨𑐸𑐠𑐵𑐎𑐸𑐬𑐳𑑂𑐫𑐰𑐶𑐖𑐫𑐬𑐵𑐖𑑂𑐫𑑅𑑋𑑋𑐱𑑂𑐬𑐷𑐳𑐸𑐰𑐬𑑂𑐞𑑂𑐞𑐥𑐞𑐵𑐮𑐶𑐩𑐴𑐵
7a10185b,𑐐𑐞𑐾𑐱𑐵𑐫𑑌𑐱𑑂𑐬𑐷𑐫𑑀𑑇𑐳𑑂𑐟𑐸𑐳𑐩𑑂𑐰𑐟𑑂𑑘𑑐𑑓𑐨𑐵𑐡𑑂𑐬𑐥𑐡𑐩𑐵𑐳𑐾𑐱𑐸𑐎𑑂𑐬𑐥𑐎𑑂𑐲𑐾𑐡𑑂𑐰𑐵𑐡𑐱𑑂𑐫𑐵𑑄𑐟𑐶𑐠𑑁
7z3615a6,𑐡𑑂𑐬𑐩𑐥𑐎𑑂𑐲𑐴𑐩𑐵𑐮𑐳𑐸𑐟𑐵𑐣𑐵𑑄𑑍𑐳𑐡𑐵𑐡𑑂𑐡𑐬𑑂𑐑𑐱𑐵𑐣𑐵𑑄𑐴𑐶𑐟𑑄𑐳𑐣𑑂𑐟𑐣𑑀𑐟𑐶𑑌𑑑𑑑𑑌𑐞𑐶𑐰𑐬𑑂𑐨𑐵𑐣𑐸𑐔𑐎𑑂𑐟𑑂𑐬𑐲𑑂𑐎𑐸𑐮𑐵𑐔𑐵𑐬𑐣𑑂𑐟𑑂𑐬𑑄𑐥
5z5ca910,𑑉𑐣𑐩𑑅𑐱𑑂𑐬𑐷𑐐𑐞𑐾𑐱𑐵𑐫𑑋𑑋𑐱𑑂𑐬𑐷𑐔𑐞𑑂𑐜𑐾𑐱𑑂𑐰
707152a0,𑐦𑐮𑐡𑐵𑐱𑑂𑐬𑐷𑐰𑐵𑐐𑑂𑐩𑐟𑐷𑐟𑑂𑐫𑐡𑑂𑐨𑐸𑐟𑐵𑑍𑐳𑑂𑐣𑐵𑐣𑐵𑐡𑑂𑐡𑐵𑐣𑐎𑐺𑐟𑐵𑐟𑑂𑐳𑐡𑐵𑐩𑐟𑐶𑐩𑐟𑐵𑑄𑐥𑐵𑐥𑐵𑐣𑑂𑐢𑐰𑐶𑐢𑑂𑐰𑑄𑐱𑐶𑐣𑐷𑑋𑐳𑐬𑑂𑐰𑐖𑑂𑐘𑐳𑑂𑐫𑐩𑐸𑐏𑑀𑐨𑑂𑐡𑐰𑐵𑐥𑐱𑐸𑐥𑐟𑐾𑑅𑐳𑑂𑐠𑐵𑐣𑐾𑐳𑑂𑐟𑑂𑐬𑐰𑐣𑑂𑐟𑐷
253a53z3,𑐎𑐩𑐮𑐾𑐱𑑂𑐰𑐬𑑍𑐩𑐵𑐟𑐵𑐢𑐣𑐩𑐶𑐟𑐨𑐵𑐨𑐺𑐔𑐶𑐎𑐶𑐢𑐶𑐥𑐸𑐳𑐸𑐏𑑄𑐳𑐬𑑂𑐧𑑂𑐧𑐳𑐟𑑂‍𑐰𑐄𑐡𑑂𑐢𑐵𑐮𑐖𑐸𑐌𑐖𑐸
zf708c0d,𑐬𑐎𑐸𑐣𑑂𑐴𑐸𑐡𑐸𑐣𑑂𑐟𑐵𑐖𑐸𑐬𑑀𑐱𑐸𑐨𑑌
50422b76,𑑑𑐄𑑃𑐣𑐩𑑅𑐱𑑂𑐬𑐷𑐢𑐬𑑂𑐩𑑂𑐩𑐢𑐵𑐟𑐰𑐾𑑋𑑋𑐣𑐩𑐳𑑂𑐟𑐸𑐔𑐿𑐟𑑂𑐫𑐵𑐫𑐳𑐸𑐐𑐟𑐵𑐟𑑂𑐬𑐫𑐵𑐫𑐰𑐶𑐱𑐸𑐡𑑂𑐢𑐬𑐸𑐥𑐵𑐫𑐥𑐬𑑂𑐖𑑂𑐘𑐵𑐬
0a870830,𑐨𑑀𑐖𑐣𑐫𑐵𑐔𑐎𑐾𑐩𑐵𑐮𑑌𑐱𑑂𑐬𑐷𑐰𑐵𑐐𑑂𑐩𑐟𑐷𑐩𑐹𑐬𑑂𑐟𑐶𑐳𑐥𑐹𑐖𑐵𑑍𑐩𑐟𑐧𑐶𑐫𑑍𑐣𑐶𑐟𑑂𑐫𑐩𑐵𑐮𑑌𑑌𑐰𑐔𑐶𑐣𑑂𑐟𑐵𑐫𑐵𑐎𑑍𑐐𑑀𑐲𑑂𑐛𑐷𑐀𑐩𑐵𑐟𑑂𑐫𑑍𑐢𑑂𑐰𑐎𑑍
cd4239ad,𑐳𑑂𑐟𑐶𑐬𑐹𑐥𑐔𑐶𑐨𑐰𑑅𑐎𑐵𑐩𑑀𑐥𑐣𑑅𑐳𑐸𑐣𑑂𑐡𑐬𑑅𑑋𑐳𑐸𑐣𑑂𑐡𑐬𑑅𑑋𑐥𑑂𑐬𑐵𑐳𑐵𑐡𑑄𑐳𑐔𑐎𑐵𑐬𑐥𑑄𑐔𑐥𑐚𑐮𑑅𑐳𑐬𑑂𑐰𑐾𑐱𑑂𑐰𑐬𑐵𑐫𑐵𑐥𑑂𑐫𑐳𑑁𑐎𑐸𑐬𑑂𑐰𑐣𑑂𑐎𑑀𑐚𑐶𑐩𑐏𑑄𑐰𑐺𑐎𑑀𑐡𑐬𑐟𑐣𑐸𑑄𑐖𑐷𑐬𑑂𑐞𑐵
984dz70z,𑐟𑑂𑐫𑐵𑐳𑐺𑐬𑐖𑐮𑐥𑐵𑐫𑐶𑐣𑐷𑐳𑑂𑐰𑐣𑐺𑐫𑐱𑑀𑐢𑐬𑐵𑐢𑐬𑐵𑐱𑑀𑐨𑐶𑐣𑐷𑑋𑐥𑐵𑐲𑐞𑑂𑐜𑐵𑐱𑐫
cz92d29c,𑐟𑑂𑐟𑐣𑐫𑑀𑐩𑐴𑐵𑐣𑑂𑐳𑐸𑐣𑐶𑐥𑐸𑐞𑑅𑐱𑑂𑐬𑐷𑐱𑑂𑐬𑐷𑐣𑐶𑐰𑐵𑐳𑑀𑐣𑐺𑐥𑑅𑑋𑐳𑑁𑐣𑑂𑐡𑐬𑑂𑐫𑐾𑐳𑐩𑐣𑑀𑐨𑐰𑑅𑐥𑑂𑐬𑐟𑐶𑐡𑐶𑐣𑑄𑐡𑐵𑐣𑐎𑐣𑐶𑐲𑑂𑐛𑐵𑐩𑐟𑐶𑐬𑑂𑐮𑑀𑐎𑐾𑐱𑐳𑑂𑐫𑐥𑐡𑐵𑐬𑐰𑐶𑐣𑑂𑐡𑐩𑐢𑐸𑐥𑑅𑐳𑑄𑐐𑐷𑐟𑐱𑐵
6b666a9c,𑐟𑑂𑐣𑐥𑑂𑐬𑐴𑐵𑐫𑐔𑐶𑐬𑑂𑐟𑑂𑐟𑐿𑐧𑐬𑐸𑐥𑐵𑐫𑐎𑐸𑐮𑐶𑐱𑑀𑐡𑑂𑐨𑐧𑐵𑐫𑐟𑐳𑑂𑐟𑑂𑐬𑐥𑐬𑐶𑐩𑑂𑐣𑐵𑐫𑐥𑑂𑐬𑐳𑑄𑐨𑐸𑐣𑐶𑐨𑐫𑑅𑑋𑑋
466f648z,𑐰𑐬𑐖𑑅𑐱𑐱𑐵𑐳𑐮𑐮𑐶𑐟𑐵𑐩𑐶𑐏𑑂𑐫𑐵𑑄𑐥𑐸𑐬𑐷𑑄𑐱𑑂𑐬𑐷𑐩𑐟𑐷𑑄𑐱𑑂𑐬𑐷𑐩𑐡𑑂‌𑐫𑑀𑐐𑐣𑐬𑐾𑐣𑑂𑐡𑑂𑐬𑐩𑐮𑑂𑐮𑐣𑐺𑐥𑐟𑐶𑐬𑑂𑐰𑐬𑐷𑐩𑐥𑑄𑐔𑐵𑐣𑐣𑑅𑑋𑐥𑐡𑑂𑐡𑑀
519zacfa,𑐱𑑅𑐥𑑂𑐬𑐎𑐵𑐱𑐶𑐟𑐵𑐣𑐶𑐟𑑂𑐫𑑄𑐥𑑂𑐬𑐖𑐵𑐥𑐵𑐮𑐣𑐟𑐟𑑂𑐥𑐬𑐵𑑌𑐰𑐵𑐐𑑂𑐩𑐟𑑂𑐫𑐵𑐳𑑂𑐟𑐷𑐬𑐡𑐾𑐱𑐾𑐣𑐫𑐣𑐳𑐸𑐏𑐎𑐬𑐵𑐢𑐬𑑂𑐩𑐱𑐵𑐮𑐵𑐰𑐶𑐱𑐵𑐮𑐵𑑍𑐫𑑀𑐐𑐵𑐣𑐵𑑄𑐳𑑂𑐠𑐵𑐣𑐨𑐹𑐟𑐵𑐬𑐶
3da0213b,𑐳𑑄𑐣𑑂𑐟𑐵𑐣𑐣𑐰𑐬𑐟𑑂𑐣𑑋𑑋𑐔𑐟𑐸𑐲𑐲𑑂𑐛𑐶𑐰𑐶𑐴𑐶𑐥𑑂𑐬𑐵𑐥𑑂𑐟𑐫𑐳𑑂𑐟𑐸𑑍𑐥𑐾𑐊
ad04012d,𑐞𑐬𑐣𑐸𑐥𑐩𑑀𑐬𑐹𑐥𑐬𑐟𑐷𑐰𑐮𑑂𑐮𑐨𑑀𑐢𑐾𑐫𑑂‌𑐫𑐬𑑂𑐡𑐵𑐱𑐬𑐠𑐶𑐲𑑂𑐥𑑂𑐬𑐟𑐵𑐥𑐟𑐟𑐶𑐩𑐶𑐱𑑂𑐔𑐞𑑂𑐜𑑅𑐥𑑂𑐬𑐔𑐞𑑂𑐜𑐵𑑐𑐱𑐸𑐎𑑅𑑋𑐐𑐵
bff1855b,𑐟𑑍𑐳𑐶𑐰𑐣𑐵𑐮𑐵𑐫𑐣𑑌𑐢𑐬𑑂𑐩𑑂𑐩𑐢𑐮𑐔𑐶𑐎𑐶𑐟𑐶𑑍𑐀𑐳𑑄𑐟𑑀𑐮𑐎𑑀𑐠𑐸𑐥
d67dc920,𑐱𑐶𑐐𑐟𑐾𑐔𑐣𑑂𑐡𑑂𑐬𑐩𑐱𑐶𑑋𑑋𑐱𑐸𑐨𑐩𑐳𑑂𑐟𑐸𑐳𑐬𑑂𑐰𑑂𑐰𑐡𑐵𑐱𑐸𑐨𑑋𑑋
ca21c04z,𑐬𑐶𑐴𑐬𑐴𑐬𑐴𑐬𑑂𑐩𑑂𑐫𑐴𑐬𑐰𑐵𑐴𑐣𑐨𑐬𑐴𑐬𑐶𑐞𑐵𑐎𑑂𑐲𑐷𑐴𑐵𑐳𑐴𑐷𑐬𑐎𑐴𑐶𑐞𑑂𑐜𑐷𑐬𑐥𑐶𑐞𑑂𑐜𑐴𑐮𑐢𑐬𑐢𑐰𑐮
d25df9b5,𑐣𑐶𑐩𑑂𑐟𑑂𑐬𑐷𑐥𑐸𑐬𑐸𑐲𑐣𑑍𑐥𑐸𑐟𑑂𑐬𑐢𑐶𑐬𑐖𑐩𑑂𑐟𑑂𑐬𑐷𑐂𑐣𑑂𑐡𑐮𑐎𑑂𑐲𑑂𑐩𑐷𑐩𑑂𑐟𑑂𑐬𑐷𑐢𑑄𑐣
7d6z0110,𑐠𑐸𑐐𑐸𑐥𑐸𑐞𑑂𑐫𑐣𑐥𑐸𑐐𑐸𑐐𑐟𑐶𑐥𑐾𑐐𑐸𑐖𑑀𑐣𑐶𑐣𑑄𑐄𑐟𑑂𑐥𑐟𑑂𑐟𑐶𑐖𑐸𑐫𑐵𑐌𑐔𑑀𑐰𑐥𑐶𑑄𑐳𑐎
za0z50f4,𑐩𑐾𑐟𑐵𑐨𑐵𑐖𑐸𑐣𑐵𑐩𑑀𑐰𑐶𑐩𑐵𑐟𑐺𑐎𑐵𑑋𑑋𑐢
814bf1df,𑑊𑐱𑑂𑐬𑐷𑑓𑐧𑐸𑐢𑐢𑐬𑑂𑐩𑐳𑑄𑐑𑐩𑐔𑐣𑐱𑑂𑐬𑐷𑐩𑐵
1093z21z,𑐣𑑂𑐣𑐴𑐣𑑂𑐣𑐾𑐩𑐵𑐮𑐖𑐸𑐬𑑀𑐮𑑀𑐥𑐫𑐵𑐎𑐵𑐮𑐾𑐐𑑀𑐧𑑂𑐬𑐵𑐴𑑂𑐩𑐞𑐵𑐡𑐶𑐥𑑄𑐔𑐩𑐴𑐵𑐥𑐵𑐟𑐎𑐵𑐡𑐶𑐮𑐵𑐎𑐖𑐸𑐬𑑀𑐮𑑀𑐥𑐩𑐫𑐵
z527520b,𑐐𑐸𑐖𑐸𑐬𑐶𑐕𑑀𑐎𑐵𑐳𑑂𑐫𑑄𑐥𑑂𑐬𑐟𑐶𑑄𑐳𑑂𑐠𑐵𑐫𑐵𑐒𑐵𑐖𑐸𑐬𑑀𑑍𑐐𑐖𑐸𑐬𑐷𑐕𑐵𑐳𑑂𑐫𑑄𑐢𑐸𑑄𑐐𑑂𑐰𑐖𑐸𑐬𑑀𑑌𑐠𑑂𑐰𑐰𑐾𑐬𑐳
03abzb3c,𑐳𑑄𑐰𑐟𑑂𑑘𑑒𑑑𑐔𑐟𑑂𑐬𑐩𑐵𑐳𑐱𑐸𑐎𑑂𑐮𑐥𑐎𑑂𑐲𑐲𑐲𑑂𑐛𑐷𑐧𑐺𑐴𑐳𑑂𑐥𑐟𑐶𑐧𑐵𑐬𑑍𑐠𑑂𑐰𑐎𑐸𑐣𑑂𑐴𑐸𑐳𑑄𑐐𑐷𑐟𑐵𑐬𑑂𑐞𑑂𑐞𑐰𑐥𑐵𑐬𑐐
d6zf1bc1,𑐳𑐶𑐫𑐵𑐖𑐸𑐬𑑀𑑍𑐠𑑂𑐰𑐔𑐾𑐎𑐣𑐀𑐟𑐩𑐎𑐶𑐮𑐶𑐟𑐵𑐟𑐳𑐵𑐳𑑀𑐣𑐎𑐾𑐔𑐮𑐎𑐳𑐵𑐬𑐟𑐬𑐳𑐵𑐔𑑂𑐰𑐵𑐦𑐶𑐣𑐧𑐥𑐸𑐟𑐳𑐵𑐧𑑂𑐬𑐩𑑂𑐴𑐴𑐠𑑂𑐫𑐵𑐰𑐵𑐬𑐴𑐠𑑂𑐫𑐵𑐐𑑂𑐰𑐴𑐴𑐠𑑂𑐫𑐵𑐳𑑂𑐟𑑂𑐬𑐷
003c96cf,𑐰𑐣𑐶𑐥𑐸𑐣𑐅𑐟𑑂𑐬𑑍𑐐𑑄𑐢𑐫𑑀𑐐𑑍𑐱𑐸𑐎𑑂𑐬𑐧𑐵
801z4c50,𑐡𑑂𑐢𑐶𑐎𑐵𑐩𑐣𑐵𑐬𑑂𑐠𑑍𑐫𑐠𑐵𑐱𑐵𑐱𑑂𑐟𑑂𑐬𑑀𑐎𑑂𑐟𑐟𑐠𑐵𑐦𑐮𑐥𑑂𑐬𑐵𑐥𑑂𑐟𑐾𑐟𑐶𑑌𑐥𑐸𑐣𑐨𑐵𑐥𑐵
c1c8c6a6,𑐮𑑀𑐨𑐫𑐵𑐣𑐵𑐎𑐵𑐳𑐵𑑄𑐥𑑄𑐔𑐩𑐴𑐵𑐥𑐵𑐥
18988054,𑐨𑑂𑐬𑐵𑐟𑑂𑐟𑐾𑐰𑐶𑐱𑑂𑐰𑐳𑐶𑑄𑐴𑐨𑐵𑐬𑑀𑐎𑐣𑐾𑐲𑑂𑐛𑐨𑑂𑐬𑐵𑐟𑑂𑐟𑐾𑐣𑐬𑐳𑐶𑑄𑐴𑐨𑐵𑐬𑑀𑐠𑑂𑐰𑐟𑐾𑐳𑑂𑐫𑐣𑐔𑐶𑐣𑑂𑐟𑐵𑐫𑐵𑐔𑐎𑑄𑐠𑑂𑐰𑐡𑐾𑐰𑐮𑐡𑐫𑐎𑐧𑐶𑐖𑑂𑐫𑐵𑐎𑐖𑐸𑐬𑑀𑑌𑐱𑐸𑐩
z883adz4,𑐳𑑄𑐎𑐬𑐾𑐎𑐬𑑂𑐟𑑂𑐟𑐸𑐎𑐵𑑄𑐰𑐶𑐱𑑂𑐰𑐎𑐬𑑂𑐟𑑂𑐬𑐷𑑍𑐩𑐨𑐶𑐨𑐬𑑂𑐠𑐡𑐵𑐟𑑂𑐬𑐷𑑄𑐳𑐡𑐵𑐔𑐶𑐣𑑂𑐟𑐫𑐵𑐩𑑅𑑌𑑓𑑌𑐱𑑂𑐩𑐱𑐵𑐣𑐵𑐣𑐮𑐵𑐨𑑂𑐫𑐣𑑂𑐟𑐬𑐾𑐱𑐵𑐰
1zc71f8z,𑐮𑐨𑐵𑐲𑐵𑑋𑐱𑑂𑐬𑐾𑐫𑑀𑐳𑑂𑐟𑐸𑑌𑐳𑑄𑐰𑐟𑑂𑑘𑑕𑑒𑐖𑑂𑐫𑐾𑐲𑑂𑐛𑐩𑐵𑐳𑐾𑐱𑐸𑐎𑑂𑐮𑐥𑐎𑑂𑐲𑐾𑐥𑐣𑑂𑐔𑐩𑑂𑐫𑐵𑑄𑐟𑐶𑐠𑑁𑑍𑐥𑐸𑐲𑑂𑐫𑐣𑐎𑑂𑐲𑐾𑐟𑑂𑐬𑐾𑑍𑐰𑐸𑐡𑑂𑐢𑐶𑐫𑑀𑐐𑐾𑑍𑐧𑐸𑐢𑐰𑐵𑐳𑐬𑐾𑑍𑐠𑑂𑐰𑐎𑐸𑐣𑑂𑐴𑐸
4bc4c01z,𑐫𑐵𑐫𑑍𑐦𑑄𑑕𑑐𑐳𑐨𑐸𑑄𑑍𑐥𑐵𑐣𑐧𑐶𑐫𑑍𑐨𑐹𑑄𑑑𑑐𑐳𑐧𑐸𑑄𑐮𑐵𑐴𑐵𑐟𑐶𑐣𑐧𑐶𑐫𑐎𑐸𑑓𑐩𑑂𑐰𑐵𑐟𑑍𑐎𑐸𑑒𑐮
0c85zc4d,𑐟𑑂𑐟𑐬𑑄𑐬𑐵𑐖𑐟𑐾𑑍𑐫𑐟𑑂‌𑐥𑐵𑐡𑐵𑐟𑐥𑐡𑐥𑑂𑐬𑐴𑐵𑐬𑐰𑐱𑐟𑑀𑐨𑐹𑐩𑐶𑐬𑑂𑐩𑑂𑐩𑐸𑐴𑐸𑑅𑐎𑐩𑑂𑐥𑐟𑐾𑑋𑐫𑐟𑑂𑐟𑐾𑐖𑐳𑑂𑐟𑐥𑐣𑑀𑐡𑐫𑐾𑐳𑑂𑐟𑐩𑐐𑐩𑐣𑑂𑐨𑐹𑐥𑐵𑐮𑐰𑐺𑐣𑑂𑐡𑐾𑐣𑑂𑐡𑐰𑑅𑐳𑑀
08bc82c3,𑐱𑑂𑐬𑐷𑑕𑐩𑐴𑐵𑐬𑐵𑐖𑐢𑐶𑐬𑐵𑐖
55zc8d3z,𑐴𑐵𑐡𑐾𑐰𑐳𑑂𑐎𑐾𑑍𑐱𑑂𑐬𑐷𑑓𑐣𑐵𑐬𑐵𑐫𑐣𑐳𑑂𑐎𑑄𑑍𑐣𑐾𑐩𑑂𑐴𑑄𑐳𑑂𑐟𑐵𑑍𑐖𑐸𑑑𑐥𑐸𑐖𑐵𑑍𑐡𑑄𑑒𑐡𑐎𑑂𑐲𑐶𑐣𑐵𑐡𑑄𑑒
a1a8fc46,𑐩𑐣𑐵𑐣𑑍𑐠𑑂𑐰𑐦𑐬𑐾𑐨𑐸𑐰𑑀𑐫𑐵𑐰𑐡𑐫𑐎𑐵𑐖𑐸𑐬𑑀𑑋𑑋𑐳𑐩𑑂𑐰𑐟𑑗𑑙𑑘𑐖𑑂𑐫𑐲𑑂𑐛𑐩𑐵𑐳𑐾𑐎𑐺𑐲𑑂𑐞𑐥𑐎𑑂𑐲
baf31296,𑐥𑑂𑐬𑑑𑐔𑐶𑐎𑐸𑐒𑑕𑐕𑑀𑐕𑑀𑐐𑐸𑐩𑐵𑐒𑐵𑐕𑑀𑐣𑐎𑐾𑑍𑐡𑑄𑑕𑐳𑐵𑐫𑐟𑐵𑐡𑐎𑑂𑐲𑐶𑐣𑐵𑐧𑐶𑐫𑑍
0ad04069,𑐧𑐵𑐬𑐫𑐾𑐱𑑂𑐬𑐷𑑒𑐳𑑂𑐰𑐫𑐨𑐸𑐬𑑂𑐔𑐾𑐟𑑂𑐫𑐨𑐚𑑂𑐚𑐵𑐬𑐎𑐳𑐣𑐶𑐢𑐵𑐣𑐾𑐀𑐡𑑂𑐫𑐵𑐡𑐶𑑋𑑋𑐡𑐵𑐣𑐥𑐟𑐶𑐎𑐵𑐟𑐶𑐥𑐸
1a6adcd2,𑐞𑑂𑐜𑐮𑐬𑐶𑐬𑐸𑐥𑐩𑐡𑐵𑐣𑐢𑐵𑐬𑑀𑐥𑐵𑐬𑑂𑐖𑑂𑐖𑐶𑐟𑐫𑐱𑑂𑐬𑑅𑐥𑐹𑐬𑐎𑐫𑐸𑐬𑐰𑐶𑐦𑐮𑐷𑐎𑐺𑐟𑐱𑑂𑐬𑐷𑐏𑐞𑑂𑐜𑐏𑐞𑑂𑐜𑐬𑐸𑐞𑑂𑐜𑐬𑐷𑐎
dd76309z,𑐳𑐶𑑄𑐴𑐨𑐵𑐬𑑀𑐳𑐬𑑂𑐰𑐰𑐸𑐩𑐣𑐴𑑀𑐬𑐳𑐶𑑄𑐴𑐫𑑀𑐣𑐵𑐩𑐣𑐦𑐮𑐾𑐡𑐫𑐎𑐡𑐸
2b72d20z,𑐣𑐷𑐣𑐶𑐩𑑂𑐴𑐰𑐵𑐎𑐵𑐩𑐾𑐣𑐠𑑂𑐰𑐥𑐶𑐠𑐸𑐐𑑂𑐰𑐵𑐕𑐾𑐬𑐰𑐟
090z5f69,𑐰𑐵𑐐𑑂𑐰𑐬𑐀𑐒𑐣𑐥𑐱𑐶𑐩𑑋𑑋𑐬𑐵𑐕𑐾𑐖𑐵𑐰𑐖𑐸𑐎𑑂𑐰𑐡𑐸𑑄𑐟𑐵𑐖𑐸
ac3bfb43,𑐮𑐔𑐿𑐟𑑂𑐫𑐡𑐫𑐎𑐵𑐌𑐟𑐮𑐐𑐸𑐠𑐸𑐐𑐸𑐔𑐿𑐟𑑂𑐫𑐐𑑂𑐰𑐮𑑑𑐟𑐵𑐎𑐵𑐮𑑄𑐖𑐶𑐬𑑂𑐞𑐖𑐸𑐫𑐵𑐌𑐔𑑀𑐣𑐐𑐸𑐠𑑂𑐰𑐔𑐿𑐟𑑂𑐫𑐖𑐶𑐬𑑂𑐞𑐄𑐡𑑂𑐢𑐵𑐬𑐫𑐵𑐣𑐵𑐠𑐸𑐐𑐸𑐥𑐸𑑄𑐞𑑂𑐫𑐫𑐵𑐥𑑂𑐬𑐨𑐵𑐰𑐣𑑄𑐖𑐐𑐟𑐳𑑄𑐳𑐵𑐬𑐳𑐟𑑂𑐰𑐥𑑂𑐬𑐵𑐞𑐶𑐄𑐡𑑂𑐢𑐵𑐬𑐖𑐸𑐫𑐾𑐩𑐵𑐮𑐡𑐵𑐣𑐥𑐟𑐶𑐖𑑀𑐐
7d7b07df,𑐊𑐰𑑄𑐧𑐶𑐱𑐾𑐧𑐶𑐳𑐶𑐳𑑂𑐟𑐬𑐵𑐫𑐵𑑄𑐩𑐵𑐴𑐵𑐥𑐸𑐞𑑂𑐫𑑍𑐐𑐵𑐩𑐔𑐵𑐣𑐣𑐶𑐫𑐵𑑍𑐮𑐴𑑂𑐣𑐩𑐵𑐣𑐳𑐶𑑄𑐡𑐵𑐣𑐵𑐫
7z20538z,𑐖𑐸𑐬𑑀𑐠𑑂𑐰𑐟𑐾𑐡𑐾𑐐𑑀𑐮𑐣𑐾𑐐𑑀𑐮𑐳𑐔𑐶𑑄𑐟𑐵𑐫𑐵
8b73c207,𑐠𑑄𑐴𑐬𑐫𑐾𑐳𑐸𑐰𑐵𑐳𑐶𑐟𑐟𑐬𑐹𑑄𑐐𑑀𑐥𑐵𑐮𑐡𑐵
aff63a2f,𑐬𑐵𑐩𑐬𑐔𑑄𑐣𑑂𑐡𑑂𑐬𑐨𑐵𑐬𑑀𑑍𑐀𑐣𑑂𑐟𑐳𑐶𑑄𑐒𑐨𑐵𑐬𑑀
8z60b7f3,𑐮𑑀𑐒𑐵𑐌𑐦𑐹𑐟𑐶𑐳𑐮𑐵𑐔𑐎𑑄𑐧𑐶𑐫𑑍𑐎𑐸𑑓𑐋𑐮𑐵𑐠𑑂𑐰𑑍𑐣𑐾𑐧𑐫𑐣𑐶𑑄𑑒𑐀𑐖𑐶𑐠𑑂𑐰𑑍𑐎𑐸𑑑𑐡𑑂𑐫
z5z4a713,𑐣𑑂𑐩𑐹𑐬𑑂𑐟𑑂𑐟𑐫𑐾𑑋𑐦𑐞𑐵𑐳𑐥𑑂𑐟𑐧𑐶𑐨𑐹𑐲𑐵𑐫𑐮𑑀𑐎𑐵𑐬𑑂𑐟𑑂𑐟𑐶𑐨𑐫𑐴𑐵𑐬𑐶𑐞𑐾𑑌𑐫𑐖𑐩
z8b43fab,𑐱𑐸𑐨𑑌𑐳𑐩𑑂𑐰𑐟𑑂𑑘𑑑𑑙𑐰𑐿𑐱𑐵𑐲𑐎𑐺𑐲𑑂𑐞
5zac9368,𑐳𑐵𑐴𑐡𑐾𑐰𑐫𑐵𑐬𑐵𑐖𑑂𑐫𑐾𑑌𑑑𑑌
1bfz0aa1,𑐳𑐫𑑄𑐫𑐵𑐖𑐸𑐎𑑂𑐟𑐮𑑄𑐏𑐸𑐩𑐔𑐵𑐮𑐳𑐩𑐡𑐸𑑋𑑋
7b2b8424,𑐱𑐷𑐖𑐶𑐎𑑀𑐥𑑂𑐬𑐖𑐵𑑍𑐰𑐵𑐳𑑂𑐟𑐸𑐣𑐵𑐐𑐥𑐹𑐖𑐵𑑍𑐥
77f179c7,𑐳𑐶𑑄𑐴𑐣𑐎𑐀𑐥𑐸𑐞𑐵𑐎𑐵𑐊𑐳𑐩𑑄
46bd3b48,𑐟𑐡𑐸𑐣𑑂𑐟𑐵𑐰𑑍𑐩𑐸𑐎𑐳𑐶𑐬𑐡𑐳𑑂𑐥𑐟𑐶𑐡𑐸𑑄𑐟𑐵𑐰𑐩𑐴𑐵𑐬𑐵𑐖𑐵𑐰𑐷𑐬𑐱𑑂𑐬𑐷𑐱𑑂𑐬𑐷𑐖𑐫𑐖𑑀𑐐𑐣𑐬𑐾𑐣𑑂𑐡𑑂𑐬𑐩𑐮𑑂𑐮𑐥𑑂𑐬𑐨𑐸𑐠𑐵
ad04f176,𑐟𑑂𑐫𑑄𑐡𑐫𑐎𑐵𑐱𑐸𑐨𑑅𑑋𑑋
2fzzb9d5,𑐱𑑂𑐬𑐷𑑓𑐩𑐡𑐵𑐬𑑂𑐫𑑂𑐫𑐵𑐧𑐮𑑀
9c68bzc7,𑐥𑐹𑐬𑑂𑐞𑐩𑐵𑐱𑐶𑐩𑐑𑐣𑐎𑑂𑐲𑐟𑑂𑐬𑐀𑐟𑐶
c5b848a8,𑐎𑐬𑑂𑐲𑑓𑐣𑐶𑐩𑐾𑐡𑐶𑐧𑐸𑐮𑑀𑑑𑐠𑑂𑐰𑐟𑐾𑐫𑐵𑐧𑐮𑐳𑐵𑐣𑐣𑐴𑑄𑐣𑐎𑐵𑐬𑑂𑐟𑑂𑐟𑐶𑐎𑐣
34946082,𑐩𑐶𑐟𑐶𑐧𑐿𑐱𑐵𑐲𑐱𑐸𑐎𑑂𑐮𑐥𑐘𑑂𑐔𑐩𑐶𑐩𑐺𑐐𑐱𑐶𑐬𑐵𑐣𑐎𑑂𑐲𑐟𑑂𑐬𑐀𑐟𑐶𑐐𑐣𑑂𑐢𑐖𑑀𑐐𑐫𑐠𑐵𑐎
7d545a26,𑐀𑐩𑐵𑐟𑑂𑐫𑑍𑐮𑐎𑑂𑐲𑑂𑐩𑐷𑐣𑐵𑐬𑐵𑐫𑐞𑐨𑐵𑐬𑑀𑑍𑐮𑐾𑐰𑐵𑐨𑐵𑐬𑑀𑑍𑐮𑐎𑑂𑐲𑑂𑐩𑐷𑐢𑐬𑐨𑐵𑐬𑑀𑑍𑐠𑑂𑐰𑐟𑐾𑐳𑐾𑐣𑑍𑐠𑑂𑐰𑐔𑑀𑐳𑑂𑐫𑑄𑐟𑐎𑑀𑐰𑐬𑑂𑐲𑐥𑑂𑐬𑐟𑐶𑐀𑐰𑐶𑐕𑐶𑐣𑑂𑐣𑐫𑐵𑐒𑐔𑐶𑐣𑑂𑐟
cf2d5f82,𑐖𑐶𑐰𑐣𑐳𑐶𑑄𑐴𑐖𑐶𑐟𑐬𑐐𑑀𑐩𑐶𑐳𑐶𑑄𑐴𑐩𑐫𑐵𑐳𑐶𑑄𑐴𑐴𑐬𑐶𑐰𑐵𑐢𑐰
79c8d336,𑑊𑑉𑐣𑐩𑑅𑐬𑐟𑑂‍𑐣𑐟𑑂𑐬𑐫𑐵𑐫𑑌𑐀𑐞𑐱𑑀𑐬𑐶𑐬𑑂𑐩𑑂𑐩𑐮𑑀𑐟𑑂𑐨𑐹𑐟𑑀𑑍𑐣𑐶𑐲𑑂𑐥𑑂𑐬𑐥𑐘𑑂𑐔𑑅𑐐𑐸𑐞𑐵𑐱𑑂𑐬𑐫𑑅𑐥𑐘𑑂𑐔𑐳𑑂𑐎𑐥𑐵𑐟𑑂‍𑐩𑐣𑑂𑐣
b44f8ba9,𑐳𑐸𑐡𑐣𑑀𑐬𑑂𑐖𑐸𑐣𑐩𑐶𑐰𑐵𑐬𑐵𑐟𑐾𑐬𑐞𑐾𑐨𑐷𑐲𑐞𑑅𑑋𑐱𑐎𑐳𑑂𑐫𑐾𑐰𑐖𑐫𑐣𑑂𑐟𑐊𑐲𑐟𑐣𑐫𑑀𑐫𑑀𑐰𑐷𑐬𑐨𑐡𑑂𑐬𑐵𑐎𑐺𑐟𑐶𑑅𑑌𑐟𑐾𑐣𑐵𑐎𑐵𑐬𑐶𑐩𑐛𑑀𑐩
2fd913dc,𑐰𑐡𑐶𑑒𑐬𑑀𑐖𑑑𑐱𑐸𑐨𑑄𑑋𑑋𑐱𑐸𑐨𑐩𑑂𑑋
5a439a20,𑐥𑐟𑑂𑐬𑐵𑐬𑑂𑐠𑐾𑐡𑐺𑐲𑑂𑐚𑐳𑐵𑐎𑑂𑐲𑐶𑐱𑑂𑐬𑐷𑐱𑑂𑐬𑐷𑐖𑐫𑐖𑑂𑐫𑑀𑐟𑐶𑐥𑑂𑐬𑐎𑐵𑐱𑐩𑐮𑑂𑐮𑐡𑐾𑐰𑑌𑐳𑐩𑑂𑐰𑐟𑑂𑑘𑑘𑑑𑐩𑐵𑐑𑐱𑐸𑐡𑐶𑑑𑑕
d43f2b93,𑐳𑑂𑐫𑐊𑐬𑐵𑐖𑑂𑐫𑐾𑑌𑐡𑐵𑐣𑐥𑐟𑐶𑐟𑐩𑐎𑐵𑐬𑐐𑑂𑐰𑐩𑑂𑐧𑐸𑐨𑐵𑐬𑑀𑐥𑑂𑐬𑐩𑐸𑐲𑑄𑐣𑐣𑐬𑐳𑐶𑐡𑐾𑐰𑐨𑐵𑐬𑑀𑐥𑐡𑑂𑐩𑐨𑐵𑐬𑑀𑐖𑐳𑐶
43294z74,𑐡𑐶𑐰𑐵𑐣𑐶𑐥𑑀𑐮𑐫𑐵𑐟𑑄𑐐𑐸𑐐𑐸𑐬𑐖𑐧𑑑𑐠𑑂𑐰𑐟𑐾𑐣𑐶𑐟𑑂𑐫𑐥𑐹𑐖𑐵𑐫𑐵𑐟𑐖𑐸𑐬𑑀𑐩𑑀𑐚𑑄𑑑𑐱𑑂𑐬𑐷𑐏𑑄𑐜𑐡𑑄𑐕𑐶𑐫𑐵𑐟𑑄𑑌𑑌𑐡𑐾𑐰𑐮𑐴𑐶𑐎𑐧𑑂𑐬𑐵𑐴𑑂𑐩𑐞𑐫𑐵𑐟𑐡𑑄
9372bd10,𑐰𑑒𑐢𑐸𑐣𑐶𑐖𑐰𑑑𑐡𑑄𑑘𑐟𑐸𑐟𑐸𑐎𑑄𑐳𑐾𑐳𑐵𑐣𑐶𑐱𑑂𑐬𑐵𑐰𑐖𑑀𑑓𑐩𑐵𑐑𑐾𑐟𑑀𑐕𑐵𑐫𑐫𑐵𑐟𑐑𑐾𑐮𑐎𑐸𑐜𑑒𑐳𑐵𑐏𑐎𑐸𑐜𑑒𑐩𑐬𑐔𑐡𑑖𑐠𑑂𑐰𑐟𑐾𑐟𑐸𑐟𑐎𑑄𑐩𑐵
78a8z5fd,𑐬𑐵𑐖𑐥𑑂𑐬𑐶𑐟𑐠𑐜𑐵𑐠𑐷𑐠𑐵𑐂𑐂𑐳𑑂‍𑐟𑐩𑐶𑐳𑑂‍𑐟𑑅𑐡𑐬𑐣𑐵𑐮𑐄𑐡𑐵𑐬𑐖𑐸𑐫𑐾𑐩𑐵𑐣𑐢𑐎𑐠𑐵𑐥𑐣
02513619,𑑊𑑉𑐣𑐩𑑀𑐮𑐎𑑂𑐲𑑂𑐩𑐷𑐣𑐵𑐬𑐵𑐫𑐞𑐵𑐫𑑌𑐳𑑂𑐰𑐵𑐩𑐶𑐣𑑂𑐰𑐎𑑂𑐲𑐳𑐶𑐎𑐶𑑄𑐩𑐞𑐶𑐬𑑂𑐩𑐩𑐬𑐩𑐾𑐟𑐣𑑂𑐩𑐞𑑂𑐜𑐮𑐾𑐎𑐵𑐳𑑂𑐠𑐶𑐟𑐵𑐟𑑂𑐰𑐡𑑂𑐰𑐎𑑂𑐟𑑂𑐬𑐥𑑂𑐬𑐟𑐶𑐰𑐶𑐩𑑂𑐰𑐩𑐶𑐣𑑂𑐡𑐸𑐰𑐡𑐣𑐾𑐰𑐎𑑂𑐲𑐳𑑂𑐠𑐶𑐟𑐵𑐟𑐾
c5z5a7b0,𑐧𑑂𑐬𑐩𑑂𑐴𑐴𑐟𑑂𑐫𑐵𑐳𑑂𑐟𑑂𑐬𑐷𑐴𑐟𑑂𑐫𑐵𑐧𑐵𑐮𑐴𑐟𑑂𑐫𑐵𑐐𑐸𑐬𑐸𑐴𑐟𑑂𑐫𑐵𑐠𑑂𑐰𑐟𑐾𑐥𑑄𑐔𑐩𑐴𑐵𑐥𑐵𑐟𑐎𑐬𑐵𑐎𑐖𑐸
66681zf8,𑐖𑐫𑐳𑐩𑐫𑐧𑐵𑐴𑐵𑐬𑐫𑐵𑐧
z58f9140,𑑊𑐳𑐩𑑂𑐧𑐟𑑂𑑘𑑕𑑖𑐁𑐏𑐵𑐝𑐱𑐸𑐡𑐶
3c4d9z59,𑐖𑐸𑑒𑐣𑐶𑐳𑐮𑐵𑐮𑑍𑐠𑑂𑐰𑐟𑐾𑐢𑐸𑐣𑐎𑐵𑐰𑑍𑐦𑐮𑐾𑐳𑑄𑐴𑐶𑐟𑐶𑐳𑑄𑐳𑐾𑐮𑑂𑐴𑑀𑐮𑑂𑐴𑑀𑐣𑐾𑐫𑐵𑐒𑐵
d34566b9,𑐫𑐸𑐐𑐵𑐡𑐶𑐣𑑁𑐩𑐶𑐱𑐸𑐎𑑂𑐮𑐰𑐵𑐬𑐩𑐸𑐳𑑄𑐧𑐵𑐴𑐵
26f9az63,𑐐𑑂𑐫𑑋𑑋𑐥𑑂𑐬𑐖𑑂𑐘𑐵𑐮𑑀𑐎𑐬𑑂‌𑐰𑐱𑐿𑐩𑑀𑐎𑑂𑐲𑐥𑑂𑐬𑐵𑐥𑑂𑐟𑐫𑐳𑑂𑐟𑐸𑑋𑑋𑐱𑐸𑐨𑐩𑑄𑐐𑐮𑐨
azb8ccc8,𑐱𑑂𑐰𑐬𑐵𑐫𑑅𑑌
530c661b,𑐫𑐳𑐾𑑄𑐰𑐵𑐫𑐩𑐵𑐬𑐖𑐸𑐬𑑀𑐨𑐵𑐏𑐵𑐠𑑂𑐰𑐫𑐵𑐐𑐸𑐠𑐶𑐎𑐟𑐎𑐾𑐐𑐸𑐬𑐸𑐥𑐡𑑂𑐩𑐢𑑂𑐬𑐢𑐬𑑂𑐩𑑂𑐩𑐎𑑂𑐬𑑍𑐟𑐥𑐵𑐡𑐾𑐌𑑍𑐳𑑂𑐰𑐳𑑂𑐟𑐶𑐡𑐾𑐌𑐬𑐕𑐾𑐩
4a6f8049,𑐑𑐾𑐕𑐵𑐫𑐱𑐸𑐎𑐶𑑑𑐖𑑀𑐣𑐵𑐫𑐵𑐫𑐩𑐢𑐸𑐥𑐬𑑂𑐎𑑂𑐎𑐫𑐵𑐟𑐡𑑄𑑑𑐡𑐾𑐰𑐳𑑂𑐟𑐡𑐎𑑂𑐲𑐶𑐞𑐵𑐡𑑄𑑒𑐴𑑀𑐩𑐫𑐵𑐟𑐡𑑄𑑖𑐥𑐹𑐖𑐵𑐰𑐵𑐬𑐶𑐥𑐵𑐴𑑂𑐩𑐳𑑂𑐟𑑄𑐡𑑄𑑑𑑐𑐠𑑂𑐰𑐟𑐾𑐡
94z59f8c,𑐫𑐵𑐒𑐵𑐖𑐸𑐮𑑀𑐱𑐸𑐨𑑌𑐳𑐩𑑂𑐰𑐟𑑘𑑒𑑘𑐦𑐵𑐮𑑂𑐐𑐸𑐞𑐱𑐸𑐡𑐶𑑘𑐩𑐺𑐐𑐱𑐶
20c21614,𑑌𑑒𑑌𑐣𑐰𑐩𑑂𑐫𑐵𑑄𑐥𑐺𑐞𑑂𑐫𑐟𑐶𑐠𑑁𑐖𑑂𑐫𑐟𑐶𑐱𑐸𑐨𑐱𑐸
7290bc85,𑑌𑐡𑐵𑐣𑐥𑐟𑐶𑐖𑐖𑐩𑐵𑐣𑐎𑐵𑐲𑑂𑐛𑐩𑐞𑑂𑐜𑐥𑐩𑐴𑐵𑐣𑐐𑐬𑐾𑐩𑐶𑐔𑑂𑐫𑐵𑐎𑐩𑐸𑐐𑐬𑐟𑑀𑐬
df7061bb,𑐱𑐵𑐎𑑂𑐫𑐩𑐸𑐣𑐶𑐱𑑂𑐬𑐷𑐢𑐣𑐱𑑂𑐬𑐷𑐢𑐩𑑂𑐩𑐐𑐶𑐬𑐶𑑍𑐎𑐶𑐣𑑂𑐴𑐳𑐶𑑄𑐴𑐨𑐵𑐰𑑍𑐟𑐰𑐢𑐶𑐎𑐨𑐵𑐰𑑍𑐧𑐶𑐣𑑂𑐴𑐸𑐨𑐵𑐰𑑍𑐣𑑂𑐴𑐰𑐣𑐨𑐵
fc86acca,𑐩𑐵𑐮𑑌𑑌𑐨𑐹𑐫𑑀𑐳𑐾𑐮𑑂𑐴𑑀𑐫𑐵𑐟𑐡𑐸𑐣𑑂𑐟𑐵𑐠𑑂𑐰𑐟𑐾𑑍𑐬𑑀𑐰𑑕𑐟𑐩𑐵𑐬𑐵𑐖𑐵𑐰𑐸𑐬𑑀𑐰𑐳𑑂𑐰𑑓𑐧𑐾𑐲𑐵𑐴𑐶𑐟𑐶𑐰𑐸𑑍𑐬𑑀𑐰𑑕𑐳𑐬𑐵𑐰𑐎𑑂𑐲𑐾𑐮𑐰𑐸𑐣𑐾𑐔𑐵𑐟𑐬𑐞𑐠𑑂𑐰
c61a16df,𑐣𑐢𑐬𑑂‍𑐩𑐥𑑂𑐬𑐟𑐶𑐲𑑂𑐛𑐵𑐳𑐡𑐾𑐧𑐳𑐡𑑂𑐰𑐫𑐎𑐵𑑌𑐱𑑂𑐬𑐷𑐱𑑂𑐬𑐷𑐥𑐱𑐹𑐥𑐟𑐶𑐥𑐵𑐡𑐵𑐬𑐧𑐶𑐣𑑂𑐡
fdz62c6d,𑐥𑐟𑐾𑑅𑑋𑐥𑐡𑑂𑐩𑐮𑐎𑑂𑐲𑑂𑐩𑐷𑐩𑐴𑐵𑐬𑐵𑐣𑐷𑐳𑐡𑐵𑐨𑐬𑑂𑐟𑐺𑐥𑐬𑐵𑐫𑐞𑐵𑑌𑐬𑐵𑐖𑐵𑐳𑑄𑐥𑑂𑐬𑐟𑐶𑐰𑐶𑐲𑑂𑐞𑐸𑐳𑐶𑑄𑐴𑐣𑐺𑐥𑐟𑐶𑐎𑑂𑐲𑐷𑐬𑑀𑐡𑐢𑐾𑐬𑐸𑐴𑑂𑐫𑐟𑑀
0b106776,𑐬𑑀𑐡𑐶𑐣𑐳𑐩𑑂𑐧𑐟𑑘𑑑𑑒𑐖𑑂𑐫𑐾𑐲𑑂𑐛
58f2ba22,𑐳𑐶𑐫𑐵𑐖𑐸𑐬𑑀𑑍𑐠𑑂𑐰𑐔𑐾𑐎𑐣𑐀𑐟𑐩𑐎𑐶𑐮𑐶𑐟𑐵𑐟𑐳𑐵𑐳𑑀𑐣𑐎𑐾𑐔𑐮𑐎𑐳𑐵𑐬𑐟𑐬𑐳𑐵𑐔𑑂𑐰𑐵𑐦𑐶𑐣𑐧𑐥𑐸𑐟𑐳𑐵𑐧𑑂𑐬𑐩𑑂𑐴𑐴𑐠𑑂𑐫𑐵𑐰𑐵𑐬𑐴𑐠𑑂𑐫𑐵𑐐𑑂𑐰𑐴𑐴𑐠𑑂𑐫𑐵𑐳𑑂𑐟𑑂𑐬𑐷
azd465b5,𑐟𑑂𑐬𑐔𑐟𑐸𑐬𑐬𑑀𑐥𑐞𑐶𑐬𑑀𑐰𑐥𑐶𑑔𑐠𑑂𑐰𑐟𑐾𑐧𑐸𑐴𑐣𑐾𑐫𑐵𑐟𑐳𑐔𑐵𑐫𑐵𑐌𑐟𑐒𑐡𑐸𑐣𑑂𑐟𑐵𑐖𑐸𑐬𑑀𑑋𑐨𑐹𑐫
b809223a,𑑊𑑉𑐣𑐩𑑀𑐩𑐣𑐰𑐶𑐞𑐵𑐫𑐎𑐵𑐫𑑌𑐲𑐣𑑂𑐩𑐹𑐏𑐵𑐫𑐣𑐩𑐳𑑂𑐟𑐸𑐨𑐵𑑄𑐲𑐚𑑂𑐨𑐸𑐖𑐵𑐫
8a4b1f68,𑐟𑑂𑐬𑑀𑐫𑑄𑐥𑐸𑐬𑐸𑐲𑑀𑐟𑑂𑐟𑐩𑑀𑐰𑐶𑐖𑐫𑐟𑐾𑐥𑐹𑐬𑑂𑐞𑐾𑐣𑑂𑐡𑐸𑐩𑐸𑐐𑑂𑐢𑐵𑐣𑐣𑑀𑐫𑐳𑑂𑐟𑐵𑐟𑐳𑑂𑐫𑐩𑐸𑐡𑑄𑐟𑐣𑑀𑐟𑐶𑐐𑐶𑐬𑐶𑐖𑐾𑐱𑐳𑑂𑐫𑐾𑐰𑐮𑑄𑐧𑑀𑐡𑐬𑑅𑑌𑐎𑐶𑑄𑐧𑑂𑐬𑐸𑐩𑑀𑐩𑐢𑐸
b03f8d53,𑐟𑑍𑐳𑐶𑐰𑐣𑐵𑐮𑐵𑐫𑐣𑑌𑐢𑐬𑑂𑐩𑑂𑐩𑐢𑐮𑐔𑐶𑐎𑐶𑐟𑐶𑑍𑐀𑐳𑑄𑐟𑑀𑐮𑐎𑑀𑐠𑐸𑐥
6d85z324,𑐡𑐾𑐰𑐳𑑂𑐫𑐰𑐶𑐖𑐫𑐳𑐩𑐫𑐧𑐵𑐴𑐵𑐬
2f2z1029,𑐮𑐶𑐟𑐥𑑂𑐬𑑀𑐡𑑂𑐫𑐣𑑂𑐩𑑀𑐴𑐢𑐣𑐵𑐣𑑂𑐢𑐎𑐵𑐬𑐥𑐚𑐮𑐥𑑂𑐬𑐰𑑂𑐫𑐎𑑂𑐟𑐧𑑀𑐢𑑀𑐡𑐫𑑅𑑋𑐱𑐵𑐣𑑂𑐟𑐎𑑂𑐮𑐵𑐣𑑂𑐟𑐥𑐬𑐵𑐨𑐰𑐵𑐫𑐟𑐢𑐬𑐵
f8a1z53c,𑐟𑐶𑐦𑐮𑐾𑐡𑐫𑐎𑐵𑐰𑐸𑐥𑐟𑐶𑐳𑑂𑐠𑐵𑐫𑐵𑐒𑐵𑐡𑐶𑐣𑐖𑐸𑐬𑑀𑑋𑐬𑑂𑐰𑐏𑐬𑑂𑐰𑐏𑐞𑐰𑐸𑐱𑐵
a658b421,𑐩𑐴𑐵𑐬𑐵𑐖𑐵𑐢𑐶𑐬𑐵𑐖𑐱𑑂𑐬𑐷𑐱𑑂𑐬𑐷𑐖𑐫𑐥𑑂𑐬𑐟𑐵𑐥𑐩𑐮𑑂𑐮𑐡𑐾𑐰𑐥𑑂𑐬𑐨𑐸𑐠𑐵𑐎𑐸𑐬𑐳𑑂𑐫𑐰𑐶𑐖𑐫𑐬𑐵𑐖𑑂𑐫𑑅
70837f31,𑐫𑐣𑑂𑐣𑐶𑐩𑐵𑐬𑑂𑐞𑐰𑐶𑐢𑑁𑐩𑐴𑐔𑑂𑐕𑐩𑐨𑐺𑐟𑐵𑐢𑐶𑐎𑑂𑐫𑑀𑐢𑐩𑐵𑐬𑑄𑐨𑐎𑐺𑐡𑑂𑐰𑐷𑐬𑐳𑑂𑐫𑐵𑐣𑐸𑐔𑐬𑑀𑐣𑐬𑐾𑐣𑑂𑐡𑑂𑐬𑐣𑐺𑐥𑐟𑐾𑑅𑐳𑑄
83c9120z,𑐱𑑂𑐬𑐷𑐐𑐬𑐸𑐜𑐣𑐵𑐬𑐵𑐫𑐞𑑍𑐱𑑂𑐬𑐷𑐮𑐎𑑂𑐲𑑂𑐩𑐷𑐣𑐵𑐬𑐵𑐫𑐞𑑍𑐨𑐰𑐵𑐣𑐷𑐱𑑄𑐎𑐬𑑍𑐰𑑄𑐱𑐐𑑀𑐥𑐵𑐮𑑍𑐩𑐵𑐢𑐰
9a220a49,𑐫𑐵𑐒𑐣𑐱𑑂𑐬𑐷𑑓𑐧𑐖𑑂𑐬𑐵𑐳𑐣𑐀𑐎𑑂𑐲𑑀𑐨𑑂𑐫𑐳𑐎𑐾𑐱𑑂𑐬𑐷𑑓𑐔𑐎𑑂𑐬𑐳𑐩𑑂𑐧𑐬𑐴𑐾𑐬𑐸𑐎𑐳𑐎𑐾
2cczc3c5,𑐎𑐸𑐬𑐖𑐸𑐢𑑂𑐰𑐣𑐾𑐴𑑂𑐩𑐳𑐾𑐣𑐔𑐶𑐣𑑂𑐟𑐵𑐫𑐵𑐒𑐵
3a473b78,𑐟𑐬𑐎𑑂𑐲𑑂𑐩𑐶𑑍𑐢𑐩𑐂𑑍𑐠𑑂𑐰𑐳𑐾𑐣𑑍𑐱𑑂𑐰𑐐𑑂𑐫𑑂𑐬𑐴𑐾𑑍𑐩𑐣𑐳𑐂𑐔𑑂𑐕𑑂𑐫𑐵𑐢𑐩𑑂𑐩𑐔𑐶𑐟𑑂𑐟𑐄𑐟𑑂𑐫𑐖𑐸𑐫𑐵𑐌𑑍𑐳𑐶𑐬𑐵
f73b20dz,𑐩𑑂𑐧𑐟𑑗𑑙𑑖𑐖𑐾𑐲𑑂𑐛𑐱𑐸𑐎𑑂𑐬𑐡𑑂𑐰𑐶𑐟𑐷𑐫𑐵𑑄𑐟𑐶𑐠𑑁𑐩𑐺𑐐𑐱𑐶𑐬𑐣𑐎𑑂𑐲𑐟𑑂𑐬𑐱𑐹𑐮𑐫𑑀𑐐𑐾𑐁𑐡𑐶
78805179,𑐳𑐶𑑄𑐴𑑍𑐱𑐵𑐎𑑂𑐫𑐨𑐶𑐎𑑂𑐲𑐸𑐱𑑂𑐬𑐷𑐥𑐩𑑍𑐳𑐶𑐎𑑂𑐰𑐩𑐐𑐸𑐜𑐶𑐰𑐶𑐴𑐵𑐬𑑍𑐧𑐖𑐵𑐔𑐵𑐬𑑂𑐫𑐱𑑂𑐬𑐷𑐬𑐣𑑂𑐴𑐡𑐾
2b1f1d2d,𑑉𑐣𑐩𑑅𑐱𑑂𑐬𑐷𑐧𑐖𑑂𑐬𑐳𑐟𑑂𑐰𑐵𑐫𑑌𑑌𑐱𑑂𑐬𑐷𑐎𑐵𑐣𑑂𑐟𑐶𑐥𑐸𑐬𑐶𑐩𑐴𑐵𑐣𑐐𑐬𑐵𑐢𑐶𑐥𑐟𑐶𑑍𑐩𑐴𑐵
224a0zcb,𑐖𑐵𑐢𑐶𑐬𑐵𑐖𑐱𑑂𑐬𑐷𑐱𑑂𑐬𑐷𑐖𑐫𑐨𑐵𑐳𑑂𑐎𑐬𑐩𑐮𑑂𑐮𑐡𑐾𑐰𑐳𑑂𑐫𑐢𑐶𑐖𑑀𑐬𑐵𑐖𑑌𑐡𑐵𑐣𑐥𑐟𑐶𑐎𑐵𑐎𑐶𑐥𑐹𑐬𑐳𑐡𑐵𑐣
523c410c,𑐳𑐶𑐎𑑅𑐎𑐣𑑂𑐡𑐬𑑂𑐥𑑂𑐥𑐰𑐟𑑂𑐳𑐸𑐣𑑂𑐡𑐬𑑀𑑍𑐰𑐷𑐞𑐵𑐟𑐵𑐮𑐩𑐺𑐡𑐒𑑂𑐐𑐐𑐷𑐟𑐣𑐶𑐥𑐸𑐞𑑅𑐳𑐒𑑂𑐐𑐷𑐟𑐰𑐶𑐡𑑂𑐫𑐵𑐣𑐶𑐢𑐶𑑅𑑋𑐨𑐵𑐳𑑂𑐰𑐡𑑂𑐩𑐵𑐣𑐸𑐣𑐶𑐨𑑅𑐥𑑂𑐬𑐟𑐵𑐥𑐣𑐶𑐴𑐟𑐥𑑂𑐬𑑀𑐡𑑂𑐫𑐟𑑂𑐥𑑂𑐬𑐟𑐷𑐥𑐡𑑂𑐫𑐸
czf16207,𑐰𑐟𑑂𑐳𑐬𑐾𑑋𑐔𑐟𑑂𑐬𑐾𑐩𑐵𑐳𑐶𑐳𑐶𑐟𑐾𑐡𑐶𑐣𑐾𑐬𑐸𑐐𑐸𑐬𑑀𑑅𑐲𑐲𑑂𑐛𑑂𑐫𑐵𑑄𑐟𑐶𑐠𑑁𑐳𑑄𑐫𑐟𑐾𑑋𑐱𑑂𑐬𑐷𑐩𑐡𑑂𑐨𑐬𑐰𑐩𑐹𑐬𑑂𑐟𑑂𑐟𑐶𑐱𑐎𑑂𑐟𑐶
2a07ac8d,𑐮𑐨𑐶𑐎𑑂𑐲𑐵𑐨𑑀𑐖𑐣𑐫𑐵𑐫𑐩𑐵𑐮𑐥𑑂𑐬𑐳𑐾𑐲𑐮𑐾𑐎𑑀𑐐𑐸𑐠𑐶
za5dzbz9,𑑊𑐳𑑂𑐰𑐳𑑂𑐟𑐶𑐱𑑂𑐬𑐷𑑓𑐔𑐞𑑂𑐜𑐾𑐱𑑂𑐰𑐬𑐷𑐨𑐰𑐵𑐣𑑂𑐫𑐣𑐩𑑅𑑋𑑋𑐐𑐞𑐾𑐱𑐵𑐫𑐩𑐴𑐾𑐱𑐵𑐫𑐣𑐵𑐛𑐾
18z59186,𑐣𑐖𑑀𑐐𑐾𑐳𑐣𑐶𑐔𑐬𑐧𑐵𑐳𑐬𑐾𑑋𑑋𑐧𑐶𑐥𑑂𑐬𑐱𑑂𑐬𑐷𑐧𑐶𑐩𑐮𑐵
za12b946,𑐰𑑄𑐟𑐸𑐳𑐡𑐵𑐎𑐵𑐮𑑄𑑋𑑋
5da1c9a0,𑐡𑐶𑐣𑐳𑐩𑑂𑐧𑐟𑑘𑑑𑑒𑐖𑑂𑐫𑐾𑐲𑑂𑐛
0b8a17ad,𑐬𑑂𑐰𑐦𑐵𑐮𑑂𑐐𑐸𑐞𑐷𑐣𑐎𑑂𑐲𑐾𑐟𑐬𑐾𑐱𑐶𑐰𑐾𑐖𑑀𑐐𑐾𑐖𑐠𑐵𑐎𑐬𑑂𑐞𑑂𑐞𑐩𑑀𑐴𑑀𑐟𑐾𑐬𑐾𑐧𑐾𑐴𑐳𑑂𑐫𑐥𑐟𑐶𑐰𑐵𑐳𑐬𑐾𑐧𑐺𑐟
z40dd4bf,𑐟𑐳𑑂𑐫𑐟𑐱𑑂𑐬𑐷𑑍𑐱𑑂𑐬𑐷𑐟𑐰𑐟𑐷𑑍𑐱𑑂𑐬𑐷𑐐𑐸𑐞𑐖𑑀𑐟𑐶𑐎𑐳𑑂𑐫𑑍𑐎𑐣𑐾𑐲𑑂𑐚𑐵𑐩𑐵𑐟𑐵𑐴𑐾𑐬𑐸𑑋𑑋𑐠𑑂𑐰𑐟𑐾𑐥𑐸𑐩𑐸𑐏𑐣𑑍𑐠𑑂𑐰𑐐𑐸𑐞𑐵
fdf89zba,𑐖𑐸𑐬𑑀𑑍𑐳𑐵𑐮𑐚𑑀𑐮𑐫𑐵𑐩𑐵𑐣
8add03f1,𑐰𑐶𑐡𑑂𑐫𑐵𑐢𑐬𑐶𑐫𑐵𑐣𑐎𑐖𑐸𑐬𑑀𑐱𑐸𑐨
d9d763d5,𑐴𑐬𑐶𑐧𑐵𑐴𑐵𑐬𑐡𑑀𑐬𑐧𑐸𑐬𑑀𑑔𑐠𑐳𑐶𑐡𑑀𑐧𑐸𑐬𑑀𑑔𑐱𑐸𑐣𑐥𑐵𑐧𑐸𑐬𑑀𑑓𑐳𑐸𑐣𑐥𑐵𑐧𑐸𑐬𑑀𑑓
8c7a863a,𑐎𑑍𑐠𑐰𑐥𑑂𑐬𑐩𑐸𑐏𑐣𑑍𑐠𑐰𑐟𑐵𑐣𑐶𑐩𑐶𑐬𑑂𑐟𑑂𑐟𑐶𑐣𑑍𑐦𑐮𑐾𑑍𑐂𑐟𑐶𑐡𑐫𑐎𑐵𑐰𑑍𑐐𑐸𑐠𑐔𑐶𑐣𑐎𑐵𑐖𑐸𑐬𑑀
11391513,𑑑𑑑𑐧𑐵𑐬𑑔𑐱𑐸𑐨𑑋𑑋𑐳𑑂𑐰𑐡𑐟𑑂𑐟𑐷𑐥𑐬𑐡𑐟𑑂𑐟𑐵𑑄𑐔𑐵𑑍𑐫𑑀𑐴𑐬𑐟𑐶𑐰𑐳𑐸𑑄
45fb18fc,𑐳𑐵𑐣𑐣𑑄𑐴𑐵𑐣𑐾𑐖𑑂𑐫𑐵𑐩𑐶𑐴𑑂𑐩𑑖𑐡𑐫𑐎𑐵𑐰𑐣𑐾𑐐𑐸𑐬𑐥𑐸𑐏𑐸𑐬𑐳𑑄𑐑𑐵𑐳𑐥𑐸𑐫
czba0523,𑐫𑐳𑐾𑑄𑐰𑐵𑐫𑐩𑐵𑐬𑐖𑐸𑐬𑑀𑐨𑐵𑐏𑐵𑐠𑑂𑐰𑐫𑐵𑐐𑐸𑐠𑐶𑐎𑐟𑐎𑐾𑐐𑐸𑐬𑐸𑐥𑐡𑑂𑐩𑐢𑑂𑐬𑐢𑐬𑑂𑐩𑑂𑐩𑐎𑑂𑐬𑑍𑐟𑐥𑐵𑐡𑐾𑐌𑑍𑐳𑑂𑐰𑐳𑑂𑐟𑐶𑐡𑐾𑐌𑐬𑐕𑐾𑐩
5d761798,𑐳𑐵𑐣𑑂𑐡𑑂𑐬𑐖𑐮𑐡𑑀𑐣𑐷𑐮𑐷𑐣𑐶𑐔𑑀𑐮𑐵𑐫𑐟𑐾𑐣𑐎𑑂𑐲𑐟𑑂𑐬𑑄𑐎𑐸𑐳𑐸𑐩𑐵𑐫𑐟𑐾𑐳𑐸𑐏𑐢𑐸𑐥𑑂𑐬𑐎𑑂𑐲𑐶𑐥𑑂𑐟𑐥𑐸𑐥𑑂𑐥𑐵𑑄𑐖𑐮𑑁𑑋𑐰𑐵𑐳𑐸𑐡𑐾𑐰𑐘𑑂𑐔𑐥𑐹𑐬𑑂𑐰𑐾𑐲𑐫𑐵
2888bbb0,𑐰𑐵𑐐𑑂𑐰𑐬𑐀𑐒𑐣𑐥𑐱𑐶𑐩𑑋𑑋𑐬𑐵𑐕𑐾𑐖𑐵𑐰𑐖𑐸𑐎𑑂𑐰𑐡𑐸𑑄𑐟𑐵𑐖𑐸
00796871,𑐩𑐮𑐵𑐳𑑂𑐰𑐴𑑂𑐩𑑄𑐳𑐾𑐣𑑄𑐳𑐩𑐸𑐔𑑂𑐔𑐫𑐣𑐟𑐸𑐬𑐳
a2f9d567,𑐬𑐾𑐩𑐾𑐰𑐔𑑀𑐣𑐾𑐩𑐡𑐸𑐢𑐬𑑂𑐩𑑂𑐩𑐬𑐵𑐖𑐫𑐵𑐰𑑄𑐱𑐩𑐡𑐟
594b6a5f,𑐎𑑂𑐲𑑂𑐩𑐷𑐡𑐾𑐰𑐷𑐣𑐡𑐫𑐎𑐵𑐡𑐶𑐣𑐱𑐸𑐨𑑌
54a704zb,𑐬𑑀𑐡𑐶𑐣𑐳𑐩𑑂𑐧𑐟𑑘𑑑𑑒𑐖𑑂𑐫𑐾𑐲𑑂𑐛
5b0f6d1z,𑐩𑐵𑐮𑑌𑑌𑐨𑐹𑐫𑑀𑐳𑐾𑐮𑑂𑐴𑑀𑐫𑐵𑐟𑐡𑐸𑐣𑑂𑐟𑐵𑐠𑑂𑐰𑐟𑐾𑑍𑐬𑑀𑐰𑑕𑐟𑐩𑐵𑐬𑐵𑐖𑐵𑐰𑐸𑐬𑑀𑐰𑐳𑑂𑐰𑑓𑐧𑐾𑐲𑐵𑐴𑐶𑐟𑐶𑐰𑐸𑑍𑐬𑑀𑐰𑑕𑐳𑐬𑐵𑐰𑐎𑑂𑐲𑐾𑐮𑐰𑐸𑐣𑐾𑐔𑐵𑐟𑐬𑐞𑐠𑑂𑐰
z654399b,𑐟𑐵𑐥𑐩𑐮𑑂𑐮𑐱𑑂𑐰𑐾𑐟𑐣𑑂𑐴𑐸𑐩𑐴𑐵𑐬𑐵𑐣𑐶𑐱𑑂𑐬𑐷𑐱𑑂𑐬𑐷𑐱𑐵𑐥𑐸𑐬𑑂𑐰𑑂𑐰𑐟𑐳𑐡𑐾𑐰𑐮𑐡𑐵𑐒𑐵𑐰𑐱𑑂𑐬𑐷𑐱𑑂𑐬𑐷𑐱𑑂𑐬𑐷𑐣𑐷𑐮𑐳𑐬
01b58328,𑐟𑐶𑐣𑐡𑐫𑐎𑐵𑐖𑐸𑐬𑑀𑑍𑑌𑐱𑐸𑐨𑑌
5c89bza7,𑐲𑐸𑑋𑑋𑐟𑐶𑐲𑑂𑐫𑐎𑐸𑐖𑐔𑐵𑐬𑑂𑐫𑑂𑐫𑐩𑐾𑐳𑐖𑑂𑐘𑐆𑐎𑑂𑐲𑐾𑐐
252f54z9,𑐡𑐶𑐣𑐾𑐮𑑀𑐎𑐣𑐵𑐠𑐾𑐏𑐬𑐵𑐐𑑂𑐬𑐿𑑌𑐫𑐵𑐱𑑂𑐬𑐷
f5d750a5,𑐱𑑂𑐰𑐬𑑍𑐖𑐐𑐟𑑂𑐩𑑀𑐴𑑀𑐣𑑍𑐱𑑂𑐰𑐩𑑂𑐴𑑄𑐳𑐵
0a2bcfz9,𑐟𑐫𑐾𑐰𑐵𑐡𑑂𑐫𑐫𑑄𑑌𑑌𑐎𑐵𑐫𑐲𑑂𑐛𑐎𑐸𑐮𑐳𑑄𑐖𑐵𑐟𑑀𑐰𑐶𑐲𑑂𑐞𑐸𑐳𑐶𑑄𑐴𑐱𑑂𑐰𑐢𑐵𑐬𑑂𑐩𑐶𑐎𑑅𑐩𑐱𑐶𑐎𑐞𑑂𑐜𑐷𑐟𑐶𑐣𑐵
abcc8ff6,𑑍𑐎𑐸𑐟𑐸𑐳𑐶𑑄𑐴𑐰𑐡𑐾𑐖𑐸𑐠𑑂𑐰𑐟𑐾𑐳𑐾𑐣𑑍𑐳𑐾𑐮𑑂𑐴𑐳𑑍𑐰𑐬𑑂𑐲𑐥𑑂𑐬𑐟𑐶𑐀𑐰𑐶𑐔𑑂𑐕𑐶𑐣𑑂𑐣𑐫𑐵𑐒𑐔𑐶𑐣𑑂𑐟𑐵𑐫𑐵𑐫𑐩𑐵𑐮𑐖𑐸𑐬𑑀𑑌𑑌𑐨𑐹𑐫𑑌𑐟𑐰𑐡𑐴𑐳𑐶𑐎𑑂𑐲𑐾𑐟𑑂𑐬
42z5d2f0,𑐥𑐬𑐟𑐣𑑂𑐩𑐸𑐎𑑂𑐟𑐶𑑋𑑋𑐡𑐶𑐰𑑄𑐐𑐟𑐵𑐫𑐟𑐬𑐱𑑂𑐔𑐳𑐟𑑂𑐫𑐳𑐶𑑄
55336187,𑐨𑑀𑐖𑐣𑐫𑐵𑐔𑐎𑐾𑐩𑐵𑐮𑑌𑐱𑑂𑐬𑐷𑐰𑐵𑐐𑑂𑐩𑐟𑐷𑐩𑐹𑐬𑑂𑐟𑐶𑐳𑐥𑐹𑐖𑐵𑑍𑐩𑐟𑐧𑐶𑐫𑑍𑐣𑐶𑐟𑑂𑐫𑐩𑐵𑐮𑑌𑑌𑐰𑐔𑐶𑐣𑑂𑐟𑐵𑐫𑐵𑐎𑑍𑐐𑑀𑐲𑑂𑐛𑐷𑐀𑐩𑐵𑐟𑑂𑐫𑑍𑐢𑑂𑐰𑐎𑑍
857838b2,𑐩𑑄𑐐𑐮𑐳𑐮𑐸𑐫𑐠𑑂𑐰𑐎𑑀𑐣𑑂𑐴𑐸𑐩𑑂𑐴𑑄𑐒𑐵𑑕𑐳𑐵𑐴𑐫𑐵𑐌𑐂𑐣𑐵𑐫𑐎𑑀𑐳𑑄𑐳𑐵𑐣𑐎𑐾
ffz7f411,𑐟𑑂𑐬𑐺𑐥𑐶𑐟𑐺𑐥𑐶𑐟𑐺𑐰𑑂𑐫𑐵𑐣𑐵𑑄𑐥𑐶𑐟𑐵𑐩𑐴𑐵𑐡𑐶𑐎𑐳𑑂𑐫𑐥𑑌𑐖𑐵𑐫𑐵𑐳𑑂𑐰𑐵𑐠𑐺𑐡𑐺𑐴𑐶𑐟𑐺𑐱𑑂𑐩𑑄𑐎𑐸𑐮𑑀𑐡𑑂𑐰𑐵𑐬
ddca872b,𑐩𑐶𑐞𑑂𑐜𑐬𑐵𑐖𑐣𑐂𑐟𑐸𑑄𑐧𑐵𑐴𑐵
4z9d3c94,𑐥𑐮𑐔𑐫𑐬𑑂𑐣𑐣𑑂𑐡𑐳𑐹𑐣𑑀𑐎𑐵𑐬𑐶𑑋𑐫𑐳𑑂𑐩𑐶𑐣𑑂𑐱𑑂𑐬𑐷𑐎𑐺𑐲𑑂𑐞𑐩𑐸𑐬𑑂𑐟𑐶𑑅𑐱𑐱𑐶𑐣𑐶𑐱𑐱𑐱𑑂𑐰𑐵𑐨𑐵𑐟𑐶𑐩𑐸𑐔𑐾𑐡𑐢𑑁𑐑𑑄𑐫𑐵𑑄𑐡𑐺𑐲𑑂𑐚𑑂𑐰𑐰𑐩𑐬𑑂𑐟𑑂𑐫𑑀
f68z6595,𑐰𑐵𑐳𑐬𑐾𑑌𑐠𑑂𑐰𑐎𑐸𑐣𑑂𑐴𑐸𑐥𑑂𑐬𑐟𑐶𑐳𑑂𑐠𑐵𑐫𑐵𑐒𑐵𑐡𑐶𑐣𑐖𑐸𑐬𑑀𑐠𑑂𑐠𑑂𑐰𑐀𑐐𑐜𑐮𑑂𑐴𑑀𑐒𑐵𑐫𑐵𑐱𑑂𑐬𑐷𑐱𑑂𑐬𑐷𑐥𑐬𑐩𑐾
4f5cd371,𑐩𑐾𑐴𑐾𑐬𑐩𑐵𑐣𑐥𑐸𑐟𑑂𑐬𑐳𑐸𑐲𑐸𑐨𑐵𑐖𑐸𑐠𑑂𑐰𑐟𑐾𑐳𑐎𑐮𑐥𑐬𑐶𑐰𑐵𑐬𑐳𑐩𑑀𑐴𑑅𑐖𑐸𑐫𑐵𑐌𑐱𑑂𑐬𑐷
9aazd1ba,𑐥𑐹𑐬𑑂𑐞𑐩𑐵𑐱𑐶𑐩𑐑𑐣𑐎𑑂𑐲𑐟𑑂𑐬𑐀𑐟𑐶
z18ffacc,𑐥𑐬𑐡𑐟𑑂𑐟𑐵𑐩𑑂𑐰𑐵𑑍𑐫𑑀𑐴𑐬𑐾𑐟𑑂𑐳𑐸𑐬𑐰𑐶𑐥𑑂𑐬𑐫𑑀𑑅𑑋𑐲𑐲𑑂𑐛𑐷𑐰𑐬𑑂𑐲𑐳𑐴𑐳𑑂𑐟𑑂𑐬𑐵𑐞𑐶𑐰𑐶𑐲𑑂𑐛𑐵𑐫𑐵𑑄𑐖𑐵
a77243d2,𑐬𑐵𑐩𑐬𑐔𑑄𑐣𑑂𑐡𑑂𑐬𑐨𑐵𑐬𑑀𑑍𑐀𑐣𑑂𑐟𑐳𑐶𑑄𑐒𑐨𑐵𑐬𑑀
dff92zz9,𑐣𑑂𑐟𑐣𑐵𑐬𑐵𑐫𑐞𑐨𑐵𑐬𑑀𑐠𑑄𑐕𑐚𑑀𑐮𑐫𑐵𑐢𑑄𑐖𑐸𑐨𑐵𑐬𑑀𑐰𑑄𑐎𑐸𑐚𑑀𑐮
35cb30d0,𑐖𑐵𑐢𑐶𑐬𑐵𑐖𑐱𑑂𑐬𑐷𑐱𑑂𑐬𑐷𑐖𑐫𑐨𑐵𑐳𑑂𑐎𑐬𑐩𑐮𑑂𑐮𑐡𑐾𑐰𑐳𑑂𑐫𑐢𑐶𑐖𑑀𑐬𑐵𑐖𑑌𑐡𑐵𑐣𑐥𑐟𑐶𑐎𑐵𑐎𑐶𑐥𑐹𑐬𑐳𑐡𑐵𑐣
8ab939d0,𑐔𑐶𑐣𑑂𑐴𑐾𑐰𑐟𑑂𑐳𑐬𑐾𑐰𑐶𑐲𑑂𑐞𑐸𑐴𑐾𑐟𑑀𑑅𑐎𑐣𑐎𑐬𑐔𑐶𑐟𑐎𑐸𑐩𑑂𑐨𑑄𑐩𑐾𑐡𑐶𑐣𑐷𑐱𑑀𑐰𑑂𑐫𑐢𑐣𑑂𑐟𑑌𑐱𑐸𑐨𑐩𑐳𑑂𑐟𑐸𑐳𑐬𑑂𑐰𑑂𑐰𑐖𑐐𑐟𑐵𑑄𑐱𑐶𑐰𑑄𑑌
558d83da,𑐡𑐾𑐰𑐟𑑂‍𑐥𑐟𑑂𑐣𑐷𑐮𑐎𑑂𑐲𑑂𑐩𑐷𑐡𑐾
2b5cf46f,𑐥𑑂𑐬𑐶𑐫𑐵𑑋𑐥𑐱𑑂𑐫𑐟𑑂𑐰𑑄𑐩𑐎𑐸𑐬𑐾𑐥𑑂𑐬𑐶𑐫𑐾𑐳𑑂𑐰𑐰𑐡𑐣𑑄𑐟𑐟𑑂𑐳𑐣𑑂𑐣𑐶𑐩𑑄𑐎𑐶𑑄𑐣𑐩𑑀𑐂𑐟𑑂𑐠𑑄𑐔𑐵𑐚𑐸𑐰𑐔𑐥𑑂𑐬𑐧𑑀𑐢𑐶𑐟𑐬𑐩𑑅𑐥𑐵𑐫𑐵𑐟𑑂𑐳𑐡𑐵𑐩𑑀𑐡𑐬𑑌𑐟𑑂𑐬𑐮𑑀𑐎𑑂𑐫𑐾𑐰𑐶𑐡𑐶𑐟𑐵𑐳𑐸𑐥𑐸
054c0189,𑐡𑐶𑐣𑐾𑐮𑑀𑐎𑐣𑐵𑐠𑐾𑐏𑐬𑐵𑐐𑑂𑐬𑐿𑑌𑐫𑐵𑐱𑑂𑐬𑐷
cc9z348d,𑐫𑐎𑑄𑐧𑑀𑐳𑐵𑐢𑐣𑐫𑐵𑐫𑐩𑐵𑐮𑑌𑑌𑐡𑐾𑐱𑐰𑐮𑐶𑐖𑑂𑐰𑐎𑑀𑐰𑐵𑐴𑐶𑐎𑐣𑐠𑑂𑐰𑐟𑐾𑐄𑐥𑐔𑐵𑐬𑐡𑐫𑐎𑑄𑐱𑑂𑐬𑐵𑐰𑐞𑐱𑐸𑐎𑑂𑐮𑐡𑑂𑐰𑐵𑐡𑐱𑐷𑐎𑐸𑐣𑑂𑐴𑐸𑐥𑐰𑐶
42azd74z,𑐬𑑀𑑍𑐎𑑂𑐰𑐥𑐹𑐕𑐾𑐫𑐵𑐧𑐷𑐮𑐳𑐶𑑄𑐴𑐨𑐵𑐬𑑀𑐄𑐗𑐵𑐣𑐕𑐾𑐫𑐵𑐢𑑄𑐖𑐸𑐨𑐵𑐬𑑀𑐠𑑂𑐰𑐟𑐾𑐳𑑂𑐟𑐳𑐩𑐢𑐵𑐬𑐫𑐵𑐒𑐵𑐌𑐂𑐟𑐸𑑄𑐰𑐵𑐴𑐵𑐬𑐟𑑀𑐮𑐟𑑄𑐰𑐟𑐩𑐸𑐐𑐬𑐫𑐣𑑂𑐟𑐵𑐕𑐾𑐫𑐵𑐨𑐶𑐎𑑂𑐲𑐸
ad9b65cz,𑐡𑑂𑐫𑐵𑐬𑑂𑐖𑑂𑐖𑐸𑐣𑐾𑐲𑐲𑑂𑐫𑐵𑑄𑐱𑐹𑐨𑐫𑑀𑐐𑐾𑐬𑐧𑐶𑐬𑑂𑐡𑑂𑐡𑐶𑐣𑐾𑑌𑐱𑐸𑐨𑐩𑐳𑑂𑐟𑐸𑐳𑐬𑑂𑐧𑑂𑐧𑐡𑐵𑑌𑑏𑑌
b3zc27b1,𑐬𑐳𑑄𑐩𑐶𑐟𑐾𑐧𑐸𑐢𑐡𑐶𑐣𑐾𑐣𑐾𑐥𑐵𑐮𑐳𑐵𑐎𑐾
0357b976,𑐔𑑀𑐳𑑂𑐫𑐟𑐎𑑀𑐫𑐵𑐖𑐵𑐎𑑂𑐫𑐾𑐩𑐰𑐶𑐫𑐩𑐡𑐸𑑌𑐱𑐸𑐨𑐩𑐳𑑂𑐟𑐸𑐎𑐮𑑂𑐫𑐵𑐣𑐨𑐰𑐣𑑂𑐟𑐸𑐳𑐬𑑂𑐰𑑂𑐰𑐡𑐵𑑌𑐱𑐸𑐨𑑌
fd597fbf,𑐫𑐡𑑂𑐡𑐢𑐵𑐟𑐶𑑋𑐣𑐔𑐶𑐟𑑂𑐬𑑄𑐥𑐰𑐶𑐟𑑂𑐬𑐵𑐎𑐺𑐟𑐾𑐟𑐳𑑂𑐫𑐩𑐵𑐟𑑍𑐬𑑂𑐫𑑂𑐫𑐟𑐵𑐡𑐾𑐰𑐬𑐵𑐖𑐵𑐡𑑂𑐑𑐶𑐥𑐳𑑂𑐫𑐡𑐶𑐬𑐹𑐥𑑄𑑌
4d35z1z5,𑐥𑐸𑐞𑑂𑐫𑐣𑐰𑐎𑐸𑐞𑑂𑐛𑐥𑑂𑐬𑐵𑐥𑑂𑐟𑐶𑐖𑐸𑐫𑐩𑐵𑐮𑑌
f95z06fb,𑐣𑐨𑐵𑐬𑑀𑐠𑐸𑐟𑐶𑐳𑐩𑐹𑐔𑐫𑐣𑐖𑑂𑐘𑐵𑐣𑐬𑐵𑐖𑐥𑑂𑐬𑐩𑐸𑐲𑑄𑐖𑐊𑐬𑐵𑐖𑐩𑑄𑐘𑑂𑐖𑐸𑐬𑐵𑐖𑑍𑐢𑐣𑐬𑐵𑐖𑐨𑐵𑐟𑐺𑐥𑐸𑐟𑑂𑐬𑐧𑐺𑐣𑑂𑐡𑑂𑐬𑐬𑐵
f34075b6,𑐟𑐳𑑄𑑍𑐩𑐵𑐢𑐶𑐕𑐵𑐫𑐩𑐵𑐮𑐩𑑂𑐴𑑑𑐱𑑂𑐬𑐷𑐰𑐶𑐱𑑂𑐰𑐵𑐣𑐣𑑂𑐡𑐨𑐵𑐖𑐸𑑍𑐄𑐥𑐵𑐢𑑂𑐫𑐵𑑍𑐩𑑂𑐴𑑄𑑑𑐱𑑂𑐬𑐷𑐣𑐷𑐮𑐎𑐞𑑂𑐛𑐵𑐣𑐣𑑂𑐡𑐨𑐵𑐖𑐸𑑍𑐄𑐥𑐵𑐢𑑂𑐫𑐵𑑍𑐩𑑂𑐴𑑄𑑑𑐥𑐸𑐛𑐷𑐳𑑀𑐎𑐩𑑂𑐴𑐧𑑂𑐬𑐵𑐴𑑂𑐩
c451f52f,𑐀𑐡𑑂𑐫𑐵𑐱𑑂𑐬𑐷𑐩𑐱𑑂𑐬𑐷𑐱𑐵𑐎𑑂𑐫𑐳𑐶𑑄𑐴𑐾𑐟𑑂𑐫𑐵𑐡𑐶𑑋𑑋𑐳𑑂𑐰𑐳𑑂𑐟𑐶𑐱𑑂𑐬𑐷𑐱𑑂𑐬𑐷𑐩𑐴𑐵𑐬𑐵𑐖𑐢𑐶
51a7391c,𑐱𑑂𑐬𑐷𑑓
4z0d01fa,𑐢𑐵𑐬𑐾𑐳𑐶𑐎𑑀𑐬𑐫𑐣𑑂𑐟𑐵𑐐𑑂𑐬𑐴𑐢𑐣𑐳𑐶𑑄𑐴𑐩𑐸𑐬𑐳𑐶
69zf4z2z,𑐞𑑀𑐡𑑂𑐰𑐶𑐟𑐷𑐫𑐥𑐬𑐵𑐬𑑂𑐡𑑂𑐰𑐟𑑂𑐫𑐵𑐡𑐶𑑋𑑋𑐀𑐡𑑂𑐫𑐖𑑂𑐫𑐾𑐲𑑂𑐛𑐩𑐵𑐳𑐾𑐎𑐺𑐲𑑂𑐞𑐥𑐎𑑂𑐲𑐾𑐣𑐰𑐩𑐷𑐥
2ff4z643,𑐩𑐶𑐟𑐶𑐧𑐿𑐱𑐵𑐲𑐱𑐸𑐎𑑂𑐮𑐥𑐘𑑂𑐔𑐩𑐶𑐩𑐺𑐐𑐱𑐶𑐬𑐵𑐣𑐎𑑂𑐲𑐟𑑂𑐬𑐀𑐟𑐶𑐐𑐣𑑂𑐢𑐖𑑀𑐐𑐫𑐠𑐵𑐎
205b73bb,𑐟𑐵𑐕𑐾𑐨𑐷𑐎𑑂𑐲𑐸𑐱𑑂𑐬𑐷𑐖𑐳𑐬𑐵𑐫𑐖𑐸𑑍𑐥𑐸𑐟𑑂𑐬𑐖𑐐𑐟𑐩𑐸𑐣𑐶𑑍𑐟𑑂𑐬𑐶𑐢𑐣𑐰𑐟𑐶𑐥𑐸𑐟𑑂𑐬𑐶𑐁𑐡𑐬𑐎𑑂𑐲𑑂𑐩𑐶𑑍𑐖𑐐
83z34cbc,𑐩𑐟𑑂𑐫𑐵𑑅𑐥𑐸𑐬𑑂𑐧𑑂𑐧𑐎𑐸𑐮𑐾𑑌𑐐𑐵𑑄𑐐𑐸𑐮𑐥𑐚𑑂𑐚𑐣𑐾𑑌𑐁𑐬𑑂𑐫𑑂𑐫𑐵𑐧𑐬𑑂𑐟𑑂𑐟𑐡𑐾𑐱𑐾𑐱𑑂𑐬𑐷𑐩𑐟𑑂‍𑐎𑐵𑐣𑑂𑐟𑐶𑐥𑐹𑐬
16c92a12,𑐏𑐳𑐩𑐵𑐣𑐰𑐬𑑂𑐞𑑂𑐞𑑄𑑍𑐏𑐐𑐾𑐱𑐏𑐾𑐟𑑂𑐰𑑄𑐣𑐏𑐏𑐜𑑂𑐐𑐩𑐸𑐏𑑂𑐫𑑄𑑋𑐏𑐬𑑂𑐰𑐵𑐰𑐟𑐵𑐬𑑄𑐳𑐸𑐏𑐡𑐵𑐡𑐶𑐮𑐾𑐏𑑄𑑍𑐏𑐶𑐮𑐵𑐨𑐶𑐢𑐵𑐣𑑄𑐥𑑂𑐬𑐞𑐩𑐵𑐩𑐶𑐰𑐶𑐲𑑂𑐞𑐸𑑄𑑌𑐀𑐟𑑅𑐥𑐬𑑄𑐣
58cb145b,𑐠𑑂𑐰𑐟𑐾𑐫𑐵𑐐𑐸𑐠𑐶𑐖𑐣𑐫𑐥𑐟𑐶𑐎𑑂𑐬𑐖𑐸𑑌
ff147276,𑐟𑐮𑐨𑐹𑐲𑐞𑑀𑐰𑐶𑐖𑐫𑐰𑐵𑐣𑑂𑐱𑑂𑐬𑐷𑐎𑐷𑐬𑑂𑐟𑐶𑐳𑐶𑐴𑑀𑐣𑐺𑐥𑑅𑑌𑐀𑐖𑐣𑐶𑐎𑐸𑐳𑐸𑐩𑐳𑐶𑑄𑐴𑑅𑐱𑐟𑑂𑐬𑐸𑐩𑐟𑑂𑐟𑐾𑐩𑐳𑐶𑑄𑐴𑑅𑐩𑐩𑐬𑐨𑐸𑐰𑐶𑐎𑐬𑐵𑐮𑑀𑐩𑐾𑐡𑐶𑐣𑐷
418bfbc9,𑐫𑐵𑐫𑑌𑐩𑐴𑐧𑐮𑑀𑐖𑑂𑐘𑐵𑐣𑐳𑐩𑐵𑐢𑐶𑐡𑐣𑑂𑐟𑑀𑐫𑑅𑐥𑐣𑑂𑐖𑐬𑑄𑐖𑐣𑑂𑐩𑐩𑐫𑑄𑐰𑐶𑐡𑐵𑐬𑑂𑐫𑐰𑐶𑐰𑐾𑐱𑐣𑐶
6137fz53,𑐠𑐵𑐥𑐶𑐟𑐢𑐬𑑂𑐩𑑂𑐩𑐬𑐵𑐖𑐥𑑂𑐬𑐩𑐸𑐏𑐣𑐥𑐸𑐟𑑂𑐬𑐳𑑄𑐑𑐬𑐵𑐖𑑍𑐠𑑂𑐰𑐥
dba7932f,𑐖𑐷𑐰𑐨𑐵𑐬𑑀𑑍𑐰𑐵𑐰𑐸𑐡𑐷𑑄𑐟𑐨𑐵𑐬𑑀𑑋𑑋𑐟𑐳𑑂𑐫𑐢𑐬𑑂𑐩𑑂𑐩𑐥𑐸𑐞𑑂𑐫𑐾𑐦𑐮𑐾𑐣𑐖𑐣
c7145fdb,𑐱𑑂𑐬𑐷𑐩𑐮𑑂𑐮𑑀𑐎𑐾𑐱𑐡𑐿𑐰𑐳𑐬𑐞𑐩𑐥𑐶
z27d6373,𑐫𑐳𑐩𑐫𑐧𑐵𑐴𑐵𑐬𑐫𑐵𑐧𑐵𑐳
7z7dc5z5,𑐐𑐸𑐞𑐏𑐐𑐱𑐶𑐎𑐵𑐬𑑂𑐟𑐶𑐎𑐾𑐱𑐸𑐎𑑂𑐮𑐥𑐎𑑂𑐲𑐾
d3zdfa70,𑐩𑐟𑐶𑐠𑑂𑐰𑐣𑐶𑐩𑑂𑐴𑐳𑐫𑐵𑐣𑐵𑐩𑐣𑐳𑐖𑐷𑐧𑐥𑐸𑐟𑑂𑐬𑐀𑐩𑐺𑐟𑐢𑐬𑑍
978d1935,𑐟𑑂𑐫𑐥𑐸𑐖𑐵𑐫𑐵𑐟𑐰𑐸𑐟𑐫𑐵𑐎𑐬𑑂𑐲𑑒𑐡𑑀𑐎𑑀𑐰𑐸𑐎
7fb802z9,𑐞𑐶𑐐𑑂𑐮𑐵𑐢𑐶𑐥𑐟𑐶𑑍𑐣𑐾𑐥𑐵𑐮𑐾𑐱𑑂𑐰𑐬𑑍𑐳𑐎𑐮𑐬𑐵𑐖𑐵𑐖𑐾𑐱𑑂𑐰𑐬𑐩𑐵𑐣𑐩𑐵𑐣𑑀𑐣𑑂𑐣𑐟𑑍𑐩𑐴𑐵𑐬𑐵𑐖𑐵𑐢𑐶𑐬𑐵𑐖𑑍𑐱𑑂𑐬𑐷𑐱𑑂𑐬𑐷𑐖𑐫𑐰𑐶𑐲𑑂𑐞𑐸𑐩𑐮𑑂𑐮𑐡𑐾𑐰𑐥𑑂𑐬𑐨𑐸𑐠𑐵𑐎𑐸𑐬
023b36a2,𑐢𑐾𑑅𑐥𑐡𑑂‌𑐩𑐾𑐰𑐥𑐡𑑂𑐫𑐾𑐎𑑂𑐲𑐞𑐵𑐫𑐳𑑂𑐫𑐵𑑅𑐰𑐶𑐞𑐸𑐬𑐶𑐰𑐎𑑂𑐲𑐩𑐷𑐰𑐶𑐩𑐮𑐢𑐷𑑅𑐱𑑂𑐬𑐷𑐬𑐸𑐡𑑂𑐬𑐩𑐮𑑂𑐮𑑅𑐩𑐟𑐶𑑅𑐥𑑂𑐬𑐵𑐳𑐵𑐡𑑀𑐬𑐖𑐟𑐵𑐔𑐮𑐵
f37b38fb,𑐚𑐩𑐴𑐵𑐳𑑂𑐠𑐵𑐣𑐾𑐬𑐟𑑂‍𑐣𑐩𑐞𑑂𑐜𑐮𑐩𑐴𑐵𑐧𑐶𑐴𑐵𑐬𑐾𑑌𑐣
10c03948,𑐬𑐵𑐫𑐞𑐣𑐣𑑂𑐡𑐳𑐶𑑄𑐴𑐵𑐲𑑂𑐚𑑁𑐚𑐵𑐎𑐢𑑄𑐖𑐸𑐳𑐸𑐖𑐣𑐵𑑅𑐳𑐸𑐨𑐎𑑂𑐣𑐵𑑅𑑋𑑋𑑋𑑋𑐊𑐟𑐩𑐶
da1098dc,𑐩𑐸𑐴𑐣𑐖𑐸𑐬𑑀𑑌𑐥𑐸𑐣𑑅𑐠𑑂𑐰𑐟𑐸𑐮𑐳𑐷𑐦𑐮𑐳𑐐𑑀𑐩𑑂𑐴𑐣𑑄𑐢𑐬𑑂𑐩𑑂𑐩𑐨𑐵𑐬𑐥𑑄𑐟𑐸𑐮𑐱𑐷𑐥𑐾𑐫𑐩𑐵
b43z0bc1,𑐫𑐵𑐒𑐵𑐰𑐵𑐴𑐵𑐬𑐫𑐵𑐡𑐵𑐎𑐸𑐖𑐸𑐎𑑂𑐰𑐵𑐛𑑂𑐫𑐵𑐛
1f96f088,𑐣𑐾𑐬𑐹𑐱𑐵𑐳𑑂𑐟𑐵𑑌𑐢𑐬𑑂𑐩𑑂𑐩𑐢𑐵𑐬𑑄𑐩𑐸𑐣𑐷𑐣𑐵𑑄𑐖𑐶𑐣𑐐𑐸𑐬𑐸𑐱𑐸𑐨
b35c7c02,𑐟𑐸𑐮𑑀𑐣𑐳𑐶𑑄𑐴𑐢𑐟𑐖𑐖𑐩𑐵𑐣𑐫𑐵𑐩𑐣𑐳𑐂𑐢𑐵𑐐𑐸𑐳𑑂𑐫𑐵𑐠𑑂𑐰𑐔𑐿𑐟𑑂𑐫𑐡𑑀𑐳𑐵𑐮𑐡𑐫
a1144a9f,𑐢𑑂𑐬𑐸𑐰𑐥𑑂𑐬𑐰𑑂𑐫𑐵𑐑𑐵𑐚𑐫𑑀𑐐𑐾𑑌𑐧𑐸𑐢𑐰𑐵𑐳𑐬𑐾𑑌𑐠𑑂𑐰𑐎𑐸𑐣𑑂𑐴𑐸𑐠𑑂𑐰𑐡𑐾𑐰𑐮𑐥𑑂𑐬𑐟𑐶𑐲𑑂𑐛𑐵𑐫𑐵𑐳𑑂𑐫𑑄𑐳𑐸𑐰𑐬𑑂𑐞𑐵𑐎𑐮𑐱𑐢𑑂𑐰𑐖𑐵𑐰𑐬𑑀𑐴𑐣𑐫𑐵𑐒𑐵𑐡𑐶𑐣𑐖𑐸𑐬𑑀𑑌𑐨𑐵𑐲𑐵
8bz5d8a5,𑐣𑐾𑐲𑑂𑐛𑑍𑐨𑐵𑐳𑑂𑐫𑐮𑐳𑐶𑑍𑐟𑐳𑑂𑐫𑐳𑑂𑐟𑑂𑐬𑐷𑐐𑑂𑐫𑐵𑐣𑐖𑑀𑐟𑐶𑑌𑐥𑐸𑐟𑑂𑐬𑐠𑐵𑐎𑐸𑐳𑐶𑑄𑐥𑑂𑐟
909c54b1,𑐱𑑂𑐬𑐷𑑓𑐔𑐎𑑂𑐬𑐳𑐰𑐮𑑍𑐡𑐾𑐰𑐥𑑂𑐬𑐷𑐟𑐶𑐣𑑍𑐏𑐳𑑂𑐟𑐶𑐱𑑂𑐬𑐷𑐱𑑂𑐬𑐷𑐖𑐫𑐫𑐟𑐵
6f8375ac,𑐣𑐖𑐸𑐬𑑀𑐱𑐸𑐨𑑌𑐩𑐟𑐕𑑀𑐫𑐎𑐾𑐫𑐵𑐟𑐎𑐸𑐬𑑑𑐔𑐶𑐎𑑄𑐕𑑀𑐫𑐾𑐎𑐾𑐩𑐵𑐬𑐱𑐸𑐨𑑋𑑋
9z51z7af,𑐢𑐣𑐫𑐵𑐫𑐩𑐵𑐮𑐩𑐴𑐵𑐡𑐾𑐰𑐫𑐵𑐟𑐥𑐵𑐔𑐩𑐵𑐟𑐖𑐸𑐕𑐣𑐵𑐬𑐵𑐫𑐞𑐫𑐵𑐟𑐥𑐵
823zz3zd,𑐩𑐮𑑂𑐮𑐡𑐾𑐰𑐰𑐶𑐬𑐔𑐶𑐟𑑄𑐖𑐵𑐟𑑂𑐬𑑂𑐫𑐩𑐸𑐒𑑂𑐐𑐬𑐳𑑂𑐟𑑀𑐟𑑂𑐬𑑄𑐳𑐩𑐵𑐥𑑂𑐟𑑌𑑌𑐳𑑂𑐰𑐳𑑂𑐟𑐶𑑌𑐣𑐵𑐣𑐵𑐐𑐸𑐞𑐵𑐢𑐵𑐬𑐢𑐵𑐩𑐵𑐢𑐶𑐥
41c19c2f,𑐀𑐖𑑂𑐘𑐵𑐣𑐔𑑀𑐫𑐵𑐖𑐸𑐬𑑀𑑌𑐱𑐸𑐨𑐩𑐳𑑂𑐟𑐟𑑂𑐬𑐶𑐖𑐐𑐟𑐵𑐩𑑂𑑌
33f7fzb3,𑐩𑐴𑐵𑐣𑐠𑐬𑐾𑐱𑑂𑐬𑐷𑐫𑑄𑐐𑑂𑐮𑐎𑐵𑐲𑑂𑐚𑐩𑐞𑑂𑐜𑐥𑐳𑑂𑐠𑐵𑐣𑐾𑐂𑐴𑐿𑐰𑐥𑐹𑐞𑑂𑐫𑐨𑐸𑐩𑑁𑑌𑐱𑑂𑐬𑑀𑐫𑑀𑐬𑐳𑑂𑐟𑐸𑐳
ad010zbz,𑐴𑑀𑐔𑑂𑐔𑐱𑐶𑐏𑐬𑑀𑐩𑐵𑐮𑐵𑐫𑐟𑐾𑐖𑐵𑐣𑑂𑐴𑐰𑐷𑑋𑐥𑐹𑐬𑑂𑐞𑐾𑐡𑐸𑑅𑐎𑐮𑐱𑐵𑐫𑐟𑐾𑐡𑐶𑐩𑐞𑐶𑐱𑑂𑐰𑐎𑐵𑐫𑐟𑐾𑐳𑐬𑑂𑐰𑑂𑐰𑐡𑐵𑑋𑐫𑐟𑑂𑐬𑐵𑐫𑑄𑐣𑐰𑐣𑐷𑐮
768z2f91,𑑊𑐳𑑄𑐧𑐟𑑗𑑙𑑗𑐧𑐿𑐱𑐵𑐏𑐱𑐸𑐎𑑂𑐮𑐥𑐸𑐬𑑂𑐞𑑂𑐞𑐩
6fzc2fza,𑐨𑐎𑑂𑐟𑑂𑐫𑐵𑐳𑑂𑐰𑐵𑐩𑐹𑐖𑐥𑐬𑑂𑐱𑐸𑐬𑐵𑐩𑐳𑐴𑐶𑐟𑑅𑐳𑑄𑐳𑑂𑐠𑐵𑐥𑑂𑐫𑐟𑐟𑑂𑐬𑐿𑐱𑑂𑐰𑐬𑑄𑑍𑐮𑐶𑑄𑐐𑑄𑐳𑑂𑐦
9d497cf2,𑐥𑐩𑐮𑑂𑐮𑐡𑐾𑐰𑐥𑑂𑐬𑐨𑐸𑐛𑐵𑐎𑐸𑐬𑐳𑐰𑐶𑐖𑐫𑐬𑐵𑐖𑐳𑐠𑐎𑐵𑐜𑐶
fz3cza3f,𑐳𑑄𑐩𑑂𑐰𑐟𑑂𑐬𑑙𑑑𑑙𑐳𑐡𑐫𑐎𑐵𑐖𑐸𑐬𑑀𑑌𑐩𑑂𑐟𑐶𑐔𑐐𑐸𑐬𑐵𑐠𑑂𑐰𑑑𑑓𑐳𑐥𑐬𑐶𑐠𑐵𑐡𑐶𑑄
9d2f475a,𑐳𑑄𑐰𑐟𑑂‌𑑘𑑘𑑕𑐱𑑂𑐬𑐵𑐰𑑄𑐎𑐺𑐲𑑂𑐞𑑍𑐀𑐩𑐵𑐰𑐵𑐳𑐶𑑍𑐠𑐸𑐎𑐸𑐣𑑂𑐴𑐸𑑍𑐱𑑂𑐬𑐷𑑓𑐨𑐐
f3252za1,𑐳𑑄𑐩𑑂𑐢𑐰𑑂𑐬𑐶𑑑𑐔𑐶𑐬𑐶𑐠𑐎𑐸𑑃𑑑𑐎𑐾𑐔𑐩𑐵𑑑𑐣𑐖𑐬𑐎𑐸𑐩𑐵𑐬𑐷𑐳𑑄𑐑𑐬𑐟𑑂‍𑐣𑑑𑐴𑐬𑐶𑐎𑐸𑐮𑐶𑑑𑐮𑐟𑑂‍𑐣𑐧𑐵𑐴
c4c18833,𑐩𑐸𑐬𑐵𑐳𑐾𑐎𑐬𑐾𑐒𑐕𑐔𑐵𑐏𑐶𑐮𑐶𑐖𑐸𑐬𑑀𑐠𑑂𑐰𑐧𑐾𑐬𑐳𑐠𑐬𑐥𑐵𑐨𑐶𑐎𑑂𑐲𑐸𑐱𑑂𑐬𑐷𑐧𑐾𑐏𑐵𑐳𑐶𑑄𑐴𑐡𑐾𑐰𑐰𑐵𑐴𑐵𑐮𑐫𑐵𑐰𑐾𑐳𑐟𑐰𑐶𑐕𑐾𑐰𑐵𑐴𑐵𑐬𑐫𑐵𑐰𑐶𑐱𑑂𑐰𑐬𑐵𑐩𑐨𑐵
z3cdaf15,𑐣𑑂𑐡𑑂𑐬𑐩𑑁𑐮𑐶𑐩𑐸𑐎𑐸𑐚𑐵𑐟𑑂‌𑐳𑐬𑑂𑐰𑑂𑐰𑐵𑐬𑑂𑐠𑐔𑐶𑐣𑑂𑐟𑐵𑐩𑐞𑐾𑐳𑐵𑐎𑑂𑐲𑑂𑐫𑐵𑐔𑑂𑐕𑐷𑐖𑐐𑐡𑐷𑐱𑑂𑐰𑐬𑑀𑐣𑐺𑐥𑐰𑐥𑐸𑑅𑐱𑑂𑐬𑐷𑐰𑐶𑐲𑑂𑐞𑐸𑐳𑐴𑑀𑑇𑐖𑐣𑐶𑑋𑐡𑐺𑐲𑑂𑐚𑐵𑐣𑑂𑐡𑐞𑑂𑐜𑐫𑐶𑐟𑐸𑑄𑐡𑑂𑐰𑐶𑐲𑑀
a354adz0,𑑊𑐳𑑂𑐰𑐳𑑂𑐟𑐶𑑌𑐏𑑂𑐫𑐵𑐟𑐎𑐸𑑄𑐖𑐣𑐾𑐟𑑂𑐬
3zad8z38,𑐱𑑂𑐬𑐷𑑕𑐩𑐴𑐵𑐬𑐵𑐖𑐢𑐶𑐬𑐵𑐖
3c057974,𑐧𑐾𑐏𑐵𑐮𑐎𑑂𑐲𑑂𑐩𑐷𑑋𑑋𑐖𑑀𑐐𑐢𑐬𑑋𑑋𑐐𑐖𑐮𑐎𑑂𑐲𑑂𑐩𑐷𑑋𑑋𑐩𑐸𑐣𑐶𑐢𑐬𑑋𑑋
z5b859ff,𑐏𑐬𑐡𑐾𑐰𑐟𑑂‍𑐥𑐟𑑂𑐣𑐷𑐮𑐎𑑂𑐲𑑂𑐩𑐷𑐡𑐾𑐰𑐷
d0837183,𑐂𑐣𑐵𑐫𑐎𑑀𑐡𑐾𑐰𑐳𑑂𑐎𑑄𑐥𑐸𑐖𑐵𑐫𑐵𑐫𑑍𑐖𑐸𑑑𑐥𑐸𑐖𑐵𑑍𑐥𑐵𑑒𑐱𑑂𑐰𑐐𑑄𑐢𑑁𑑍𑐐𑑂𑐰𑑑𑐏𑐾𑐖𑐱𑑂𑐬𑐷
20b6fd54,𑐳𑐶𑑄𑐴𑐵𑐳𑐣𑐳𑐩𑐾𑐰𑐳𑐸𑐣𑑄𑐔𑑀𑐣𑐾𑐩𑐡𑐸𑐔𑑀𑐣𑐳𑐵𑐩𑐴𑐵𑐬𑐵𑐖𑐵𑐫𑐵𑐐𑐸𑐞𑐵𑐴𑐵𑐐𑐵𑐬𑐖𑐸𑐬𑑀𑑌𑐠𑑂𑐰𑐀𑐎𑑂𑐲𑐬
d9766141,𑐣𑐐𑐬𑐾𑑍𑐟𑑄𑐰𑐬𑐵𑐕𑐾𑑍𑐟𑑀𑐬𑐢𑑂𑐰𑐵𑐎𑐵𑐰𑐵𑐴𑐵𑐬𑐡𑐵𑐟𑐾𑐏𑐵𑐬𑐰𑑄𑐟𑐵𑐕𑐾𑐫𑐵𑐰𑐖𑐵𑐔𑐵𑐬𑑂𑐫𑑂𑐫𑐢𑐬𑑂𑐩𑑂𑐩𑐳𑑂𑐠𑑅𑐱𑑂𑐬𑐷𑐱𑐸𑐞
35z0ad71,𑑉𑐱𑑂𑐬𑐷𑐐𑐞𑐾𑐱𑐵𑐫𑐣𑐩𑑅𑑋𑑋
ba032a9f,𑐰𑐶𑐖𑐫𑐬𑐵𑐖𑑂𑐫𑐱𑑂𑐬𑐷𑐩𑐟𑑂𑐎𑐵𑐣𑑂𑐟𑐶𑐥𑐸𑐮𑐶𑐩𑐴𑐵𑐣𑐐𑐬𑐾𑐱𑑂𑐬𑐷𑐥𑐵𑐬𑐵𑐰𑐟𑑂𑐩𑐴𑐵𑐰𑐶𑐴𑐵𑐬𑐾𑐔𑐾𑐎𑐣𑐀𑐟𑐣𑐳𑐶𑐫𑐵𑐠𑑂𑐰𑐰𑐵𑐴𑐵𑐬𑐫𑐵𑐦𑐬𑐾𑐳𑐬𑑀𑐴𑑀𑐣
515zd841,𑐡𑑂𑐢𑐶𑐎𑐵𑐮𑐶𑐖𑐠𑑀𑐎𑐠𑐾𑐥𑐸𑐖𑐵𑐫𑐵𑐫𑐩𑐵𑐮𑐰𑐬𑑂𑐲𑐥𑑂𑐬𑐟𑐶𑑄
611f50zc,𑐎𑐾𑐢𑐎𑑄𑐢𑐵𑐬𑐳𑐵𑐡𑐾𑐰𑐫𑐵𑐳𑐸𑐡𑐶𑐳𑑂𑐟𑐷𑐮𑐵𑐎𑐖𑐸𑐬𑑀𑐨𑐶𑐒𑐵𑐱𑐸𑐨𑐩
31a616zf,𑐞𑐵𑐬𑐵𑐫𑐣𑐟𑐸𑐠𑐷𑐥𑑂𑐬𑐟𑐶𑐲𑑂𑐛𑐵𑐫𑐵𑐒𑐵
53928cd0,𑐖𑐣𑐣𑐨𑑀𑐥𑐾𑐡𑐸𑐐𑐸𑐠𑐶𑐖𑐣𑐠𑑂𑐰𑐟𑐾𑑍𑐖𑑂𑐫𑐾𑐲𑑂𑐚𑐥𑐸𑐟𑑂𑐬𑐣𑐵𑐬𑐵𑑄
2598f35z,𑐀𑐮𑑀𑐎𑐣𑐵𑐠𑐳𑑂𑐫𑐳𑐾𑐰𑐎𑑌𑐨𑑀𑐐𑑂𑐫𑐾𑐱𑑂𑐰𑐬𑐷𑐟𑐳𑑂𑐫𑐨𑐵𑐬𑑂𑐫𑑂𑐫𑐵𑐥𑑂𑐬𑐶𑐟𑐶𑐫𑐵𑐡𑐥𑐬𑐵𑐫𑐞𑐩𑐵
2z52519f,𑐎𑐬𑐞𑐔𑐵𑐟𑑂𑐟𑐸𑐬𑐷𑐢𑐸𑐬𑐷𑐞𑐳𑐟𑐟𑐎𑐸𑐟𑐩𑐷𑐩𑐵𑑄𑐳𑐵𑐣𑑂𑐫𑐵𑐫𑐥𑐵𑐟𑐖𑐒𑑂𑐬𑐮𑐰𑐾𑐡𑐵𑐣𑑂𑐟𑐰𑐱𑐾𑐲𑐶𑐎𑐰𑑂𑐫𑐵𑐎𑐬𑐞
adca53df,𑐣𑐳𑐾𑐣𑐎𑐾𑐢𑐎𑑄𑐢𑐵𑐮𑐳𑐵𑐡𑐾𑐰𑐫𑐵𑐎𑐸𑐡𑐶𑐳𑑂𑐟𑐷𑐮𑐵𑐎𑐖𑐸𑐫𑐰𑐨𑐶𑐣
76zbz2z6,𑐣𑑂𑐣𑐴𑐣𑑂𑐣𑐾𑐩𑐵𑐮𑐖𑐸𑐬𑑀𑐮𑑀𑐥𑐫𑐵𑐎𑐵𑐮𑐾𑐐𑑀𑐧𑑂𑐬𑐵𑐴𑑂𑐩𑐞𑐵𑐡𑐶𑐥𑑄𑐔𑐩𑐴𑐵𑐥𑐵𑐟𑐎𑐵𑐡𑐶𑐮𑐵𑐎𑐖𑐸𑐬𑑀𑐮𑑀𑐥𑐩𑐫𑐵
1cc18a6c,𑐟𑐶𑐩𑐶𑐬𑐵𑐣𑐧𑐩𑐐𑑂𑐣𑐳𑐟𑑂𑐧𑐵𑑅𑐩𑑀𑐴𑐵𑐣𑑂𑐢𑐎𑐵𑐬𑐟𑐶𑐩𑐶𑐬𑐵
b7ff79f6,𑐩𑐣𑐨𑐫𑐳𑐎𑐮𑐎𑐮𑐵𑐰𑐶𑐮𑐵𑐳𑐩𑐫𑐎𑐩𑐣𑑂𑐣𑐵𑐢𑐬𑐵𑐢𑐶𑐥𑐳𑐩𑐳𑑂𑐟𑐥𑑂𑐬𑐎𑑂𑐬𑐶𑐫𑐵𑐰𑐶𑐬𑐵𑐖
529091a3,𑐣𑐵𑐩𑐣𑐱𑑂𑐬𑐷𑐳𑐬𑐳𑑂𑐰𑐟𑐷𑑍𑐠𑑂𑐰𑐒𑐵𑐩𑑂𑐴𑐡𑐾𑐰𑐠𑑂𑐰𑐦𑐮𑑂𑐫𑐳𑐠𑐵𑐥𑐣𑐵𑐫𑐵𑐒𑐣
z4b98900,𑐟𑑂𑐬𑐵𑐬𑑀𑐴𑐣𑐫𑐵𑐫𑑌𑑌𑐠𑑂𑐰𑐟𑐾𑐄𑐥𑐔𑐵𑐬𑐡𑐫𑐎𑑄𑐔𑐟𑑂𑐬𑐱𑐸𑐎𑑂𑐮𑐟𑑂𑐬𑐫𑑀𑐡𑐱𑐷𑐡𑐩𑐣𑐵𑐬𑑀𑐴𑐣𑐫𑐵𑐫𑑌𑑌𑐖𑑂𑐫𑐾𑐲𑑂𑐛𑐱𑐸𑐎𑑂𑐮
67402c65,𑐧𑐱𑑂𑐰𑐟𑐩𑐟𑑂𑐰𑐣𑑂𑐟𑐬𑐾𑐀𑐲𑑂𑐚𑐵𑐧𑐶𑐱𑐟𑐶𑐟𑐩𑐾𑐔𑐟𑐸𑐬𑑂𑐫𑐸𑐐𑐟𑑂𑐫𑐎𑐮𑐾𑑅𑐥𑑂𑐬𑐠𑐩𑐥𑐵𑐡𑐾𑐨𑐣𑐟
3dc0c4c6,𑐳𑑂𑐩𑐩𑐡𑐵𑐳𑐷𑐚𑐫𑐵𑐡𑐾𑐣𑐬𑐩𑑂𑐫𑐵𑑄𑑋𑐣𑐐𑐾𑐣𑑂𑐡𑑂𑐬𑐵𑐟𑑂𑐩𑐖𑐵𑑄𑐣𑐵𑐐𑐨𑐸𑐲𑑀𑐖𑑂𑐰𑐮𑐵𑐨𑑂𑐐𑐷𑑄𑑍𑐎𑐸𑐬𑐨𑑂𑐐𑐷𑐡𑐺𑐱𑑄𑐟𑐵𑐨𑐹𑐱𑑄𑐨𑐵𑐰𑐫𑐵𑐩𑑅𑑌𑑔
50d63272,𑐥𑐡𑐵𑐥𑐹𑐬𑑂𑐞𑐩𑐵𑐳𑐷𑐱𑑂𑐬𑐵𑐰𑐞𑐎𑐺𑐲𑑂𑐞𑐀𑐲𑑂𑐚𑐩𑐷𑐠𑑂𑐰𑐥𑑂𑐫𑑄𑐑𑐵𑐟𑐣𑑄𑐣𑑂𑐴𑐶𑐣𑐔𑐾𑐎𑐣𑐦𑑄𑑑𑐔𑐵𑐎𑑂𑐬𑐩𑐟𑐕𑑀𑐫
5bbd489c,𑐎𑑂𑐮𑐥𑐸𑐬𑑂𑐞𑑂𑐞𑐩𑐵𑐳𑐷𑐱𑑂𑐬𑐷𑐔𑐣𑑂𑐡𑑂𑐬𑐳𑐾𑐏𑐬
4732bfcb,𑑉𑐣𑐩𑑅𑐱𑑂𑐬𑐷𑐩𑐡𑑂𑐬𑐵𑐬𑑂𑐫𑑂𑐫𑐵𑐰𑐮𑑁𑐎𑐶𑐟𑐾
z75z8288,𑐎𑐵𑐐𑑀𑐥𑐎𑐸𑐮𑐵𑐣𑑂𑐟𑐬𑐎𑑂𑐲𑑌𑐀𑐏𑐞𑑂𑐜𑐮𑑀𑐟𑑂𑐳𑐺𑐲𑑂𑐚𑐱𑐶𑐮𑐵𑐟𑐶𑐰𑐺𑐲𑑂𑐚𑐾𑑅𑐟𑐳𑑂𑐩𑐣𑐩𑑀𑐣𑐣𑑂𑐡𑐳𑐸𑐟𑐵𑐫𑐣𑐶𑐟𑑂𑐰𑑄𑑌𑐁𑐳𑐷𑐬𑐟𑑂𑐳𑐶𑐡𑑂𑐢𑐶
b3ddddd5,𑐱𑑂𑐬𑐷𑐱𑑂𑐬𑐷𑐱𑑂𑐬𑐷𑐢𑐩𑐢𑐵𑐟𑐸𑐔𑐿𑐟𑑂𑐫𑐖𑐶𑐬𑑂𑐞𑐄𑐢𑐵𑐬𑐫𑐵𑐒𑐵𑐳𑑂𑐬𑑀𑐳𑑂𑐟𑐸𑑌𑐳𑑄𑐩𑑂𑐧𑐟𑑂𑑘𑑑𑑒𑐧𑐿𑐳𑐵𑐲𑐎𑐺𑐲𑑂𑐞𑐊𑐎𑐵𑐡
fzz31664,𑐡𑑂𑐰𑐶𑐟𑐶𑐫𑐨𑐵𑐬𑑂𑐫𑐵𑑍𑐧𑐕𑐬𑐵𑐮𑐎𑑂𑐲𑑂𑐩𑐷𑑓
05ad1b9a,𑐣𑐾𑐐𑐸𑐬𑐶𑐡𑐫𑐎𑐵𑐥𑐘𑑂𑐔𑐣𑑄𑐳𑐾𑐮𑑂𑐴𑑀𑐰𑐶𑐔𑐵𑐬𑐫𑐵𑐎𑐾𑐩𑐵𑐮𑑋𑐏𑑄𑐴𑑂𑐩𑐵
z47897ab,𑐀𑐩𑐵𑐟𑑂𑐫𑑍𑐮𑐎𑑂𑐲𑑂𑐩𑐷𑐣𑐵𑐬𑐵𑐫𑐞𑐨𑐵𑐬𑑀𑑍𑐮𑐾𑐰𑐵𑐨𑐵𑐬𑑀𑑍𑐮𑐎𑑂𑐲𑑂𑐩𑐷𑐢𑐬𑐨𑐵𑐬𑑀𑑍𑐠𑑂𑐰𑐟𑐾𑐳𑐾𑐣𑑍𑐠𑑂𑐰𑐔𑑀𑐳𑑂𑐫𑑄𑐟𑐎𑑀𑐰𑐬𑑂𑐲𑐥𑑂𑐬𑐟𑐶𑐀𑐰𑐶𑐕𑐶𑐣𑑂𑐣𑐫𑐵𑐒𑐔𑐶𑐣𑑂𑐟
68b3ab5f,𑐳𑐵𑐳𑐸𑐡𑐺𑐲𑑂𑐚𑐶𑐖𑐸𑐮𑐱𑐸𑐨𑑄𑐳𑑄𑐰𑐟𑑙𑑕𑑕
129cf04z,𑐱𑐶𑐐𑐟𑐾𑐔𑐣𑑂𑐡𑑂𑐬𑐩𑐱𑐶𑑋𑑋𑐱𑐸𑐨𑐩𑐳𑑂𑐟𑐸𑐳𑐬𑑂𑐰𑑂𑐰𑐡𑐵𑐱𑐸𑐨𑑋𑑋
5092f667,𑐰𑑄𑐟𑐸𑐳𑐡𑐵𑐎𑐵𑐮𑑄𑑋𑑋
f3fdb4c2,𑐎𑑂𑐮𑐥𑐸𑐬𑑂𑐞𑑂𑐞𑐩𑐵𑐳𑐷𑐱𑑂𑐬𑐷𑐔𑐣𑑂𑐡𑑂𑐬𑐳𑐾𑐏𑐬
6z7d5b3a,𑐡𑑂𑐢𑐶𑐥𑐹𑐬𑑂𑐰𑐷𑐣𑐬𑐳𑐶𑑄𑐴𑐣𑐵𑐩𑐵𑑌𑐥𑑂𑐬𑐵𑐳𑐵𑐡𑑀𑐫𑑄𑐰𑐶𑐱𑐵𑐮𑑀𑐣𑐰𑐣𑐟𑐰𑐎𑐮𑐱𑐵𑐰𑐾𑐲𑑂𑐚𑐶𑐟𑐵𑐐𑑂𑐬𑑀𑐴𑐶𑐩𑐵𑑄𑐩𑑅𑐱𑑂𑐬𑐷𑐩𑐟𑑂𑐫𑐵𑐬𑐸𑐡𑑂𑐬𑐩𑐟𑑂𑐰𑐵𑐰𑐺𑐴𑐡𑐸
cfbdb581,𑐴𑐬𑐶𑐫𑐵𑐟𑐩𑐵𑐣𑑂𑐫𑐧𑐶𑐳𑐾𑐧𑐶𑐖𑑂𑐫𑐵𑐎𑑌𑐠𑑀𑐰𑐾𑐮𑐳𑐣𑐬𑐴𑐬𑐶𑐣𑐠𑐰𑐱𑐎𑑂𑐫𑐣𑐔𑐵𑐰𑐠𑐾𑑄𑑍𑐰𑐳𑑂𑐟𑐸𑐖𑐵
23dff85z,𑐢𑐵𑐬𑐾𑐳𑐶𑐎𑑀𑐬𑐫𑐣𑑂𑐟𑐵𑐐𑑂𑐬𑐴𑐢𑐣𑐳𑐶𑑄𑐴𑐩𑐸𑐬𑐳𑐶
5zzbc1f3,𑐥𑐬𑐟𑐣𑑂𑐩𑐸𑐎𑑂𑐟𑐶𑑋𑑋𑐡𑐶𑐰𑑄𑐐𑐟𑐵𑐫𑐟𑐬𑐱𑑂𑐔𑐳𑐟𑑂𑐫𑐳𑐶𑑄
0b110568,𑐁𑐬𑑀𑐖𑑂𑐘𑐊𑐳𑐸𑐫𑐖𑐣𑐢𑐣𑐮𑐎𑑂𑐲𑑂𑐩𑐷𑐳𑐟𑐟𑐶𑐳𑑄𑐟𑐵𑐣
5ac7a38z,𑐖𑐾𑑍𑐳𑐬𑑂𑐰𑑂𑐰𑐵𑐟𑑂𑐩𑐵𑐣𑐩𑐐𑐩𑑂𑐫𑐩𑐶𑐣𑑂𑐡𑑂𑐬𑐶𑐫𑐐𑐞𑑅𑐳𑐬𑑂𑐰𑑂𑐰𑐖𑑂𑐘𑐩𑐵𑐡𑑂𑐫𑑄𑐰𑐶𑐨𑐸𑑄𑑋𑐣𑐶𑐟𑑂𑐫𑐵𑐣𑐣𑑂𑐡𑐶𑐩𑐫𑑄𑐥𑐬𑐵𑐟𑑂𑐥𑐬𑐟𑐬𑑄𑐳𑑄𑐳𑐵𑐬
437835f1,𑐱𑑄𑐏𑐔𑐎𑑂𑐬𑐐𑐡𑐵𑐰𑑂𑐖𑐶𑐣𑑄𑐟𑐵𑐬𑑂𑐎𑑂𑐲𑑂𑐫𑐵𑐳𑐣𑐳𑑂𑐠𑑄𑐡𑐾𑐰𑐾𑐱𑑄𑐥𑐷𑐟𑐵𑐩𑑂𑐧𑐬𑐳𑐸𑐱𑑀𑐨𑐶𑐟𑑄𑑌𑐰𑐺𑐲𑐳𑑄𑐴𑐵𑐳𑑂𑐠𑐶𑐟𑑄𑐱𑐵𑑄𑐟
z74073a1,𑐠𑑂𑐰𑐟𑐾𑐫𑐵𑐐𑐸𑐠𑐶𑐖𑐫𑐥𑐟𑐶𑐎𑑂𑐬𑐖𑐸𑑌𑐠𑑂𑐰𑐬𑐮𑐎𑑂𑐲
1a386zcd,𑐲𑐬𑐵𑐳𑐶𑐐𑐟𑐾𑐔𑐣𑑂𑐡𑑂𑐬𑐩𑐳𑐶𑑌𑐎𑐵𑐱𑑂𑐫𑐥𑐐𑑀𑐟𑑂𑐬𑐳𑑂𑐫𑐩𑐩𑑋𑐣𑐵𑐬𑐵𑐫𑐞𑐡𑐵𑐳𑐳𑑂𑐫𑑌𑐱𑑂𑐬𑐷
1zd023b9,𑐟𑐶𑐔𑐰𑐶𑐏𑑂𑐫𑐵𑐟𑐵𑐟𑐳𑑂𑐫𑐨𑐵𑐬𑑂𑐫𑑂𑐫𑐵𑐥𑐟𑐶𑐰𑑂𑐬𑐟𑐵𑑌𑐟𑐫𑑀𑑅𑐥𑐸𑐟𑑂𑐬𑐳𑐸𑐢𑐷𑐳𑐷𑐳𑑂𑐎𑐷𑐬𑑂𑐟𑐶𑐳𑐶𑑄𑐴𑐂
2z14a308,𑐠𑑂𑐰𑐟𑐾𑐔𑐿𑐟𑑂𑐫𑐫𑐵𑐨𑐐𑐰𑐵𑐣𑐫𑐵𑑍𑐰𑐬𑑂𑐲𑐧𑐣𑑂𑐢𑐣𑐫𑐵𑐫𑐟𑐐𑑂𑐮𑐵𑐳𑐳𑐮𑐐𑐵𑐧𑐸𑐬𑑀𑑒𑐮𑑂𑐴𑐸𑐟𑐶𑐎𑑂𑐰𑐧𑐸
675a0044,𑐣𑑂𑐟𑐣𑐵𑐬𑐵𑐫𑐞𑐨𑐵𑐬𑑀𑐠𑑄𑐕𑐚𑑀𑐮𑐫𑐵𑐢𑑄𑐖𑐸𑐨𑐵𑐬𑑀𑐰𑑄𑐎𑐸𑐚𑑀𑐮
7702fz3d,𑐥𑐥𑑂𑐬𑐖𑑂𑐰𑐵𑐬𑐶𑐟𑐫𑐵𑐒𑐵𑐡𑐬𑑂𑐱𑐣𑐢𑐵𑐬𑐷𑐡𑐵
dd87495f,𑐳𑐸𑐡𑐣𑑀𑐬𑑂𑐖𑐸𑐣𑐩𑐶𑐰𑐵𑐬𑐵𑐟𑐾𑐬𑐞𑐾𑐨𑐷𑐲𑐞𑑅𑑋𑐱𑐎𑐳𑑂𑐫𑐾𑐰𑐖𑐫𑐣𑑂𑐟𑐊𑐲𑐟𑐣𑐫𑑀𑐫𑑀𑐰𑐷𑐬𑐨𑐡𑑂𑐬𑐵𑐎𑐺𑐟𑐶𑑅𑑌𑐟𑐾𑐣𑐵𑐎𑐵𑐬𑐶𑐩𑐛𑑀𑐩
69a04968,𑐁𑐬𑑂𑐫𑑂𑐫𑐟𑐵𑐬𑐵
a36856a2,𑐟𑑍𑐠𑑂𑐰𑐣𑐾𑐩𑑂𑐴𑑄𑐳𑑂𑐟𑐵𑐏𑐸𑐫𑐶𑐔𑐮𑐵𑐧𑐸𑐬𑑀𑑑𑐠𑐟𑐾𑐧𑐸𑐡𑐸𑐟𑐵𑐖𑐸𑐬𑑀𑑋𑑋𑐠𑑂𑐰𑐧𑐸𑐫𑐵𑐰𑐮𑐳𑐵𑐣𑑄𑐴𑐵𑐣𑐾𑐰𑐶𑐱𑑂𑐰𑐖𑐵
zc3304zd,𑐎𑐬𑐩𑐴𑐵𑐰𑐶𑐴𑐵𑐬𑐥𑑂𑐬𑐟𑐶𑐲𑑂𑐛𑐵𑐳𑑄𑐥𑐸𑐬𑑂𑐞𑑂𑐞𑐫𑐵𑐒𑐣𑑍𑐠𑑂𑐰𑐢𑐬𑑂𑐩𑑂𑐩𑐳𑐵𑐬𑐵𑐮𑑀𑐎𑐵𑐣𑐵𑑄𑐳𑐸𑐏𑐩𑐳𑑂𑐠𑐵𑐟𑐸𑐎𑐵
b3zd566c,𑐣𑐾𑐬𑐹𑐱𑐵𑐳𑑂𑐟𑐵𑑌𑐢𑐬𑑂𑐩𑑂𑐩𑐢𑐵𑐬𑑄𑐩𑐸𑐣𑐷𑐣𑐵𑑄𑐖𑐶𑐣𑐐𑐸𑐬𑐸𑐱𑐸𑐨
2cz641cz,𑐮𑐩𑐞𑑂𑐜𑐮𑐾𑐱𑐸𑐧𑐬𑑂𑐞𑑂𑐞𑐥𑐞𑐵𑐮𑐶𑐩𑐴𑐵𑐣𑐐𑐬𑐾𑐱𑐵𑐣𑑂𑐟𑐷𑐑
4357b3fa,𑐰𑐵𑐳𑐬𑐾𑑌𑐠𑑂𑐰𑐎𑐸𑐣𑑂𑐴𑐸𑐥𑑂𑐬𑐟𑐶𑐳𑑂𑐠𑐵𑐫𑐵𑐒𑐵𑐡𑐶𑐣𑐖𑐸𑐬𑑀𑐠𑑂𑐠𑑂𑐰𑐀𑐐𑐜𑐮𑑂𑐴𑑀𑐒𑐵𑐫𑐵𑐱𑑂𑐬𑐷𑐱𑑂𑐬𑐷𑐥𑐬𑐩𑐾
za8d8cza,𑐫𑐵𑐒𑐵𑐰𑐵𑐴𑐵𑐬𑐫𑐵𑐡𑐵𑐎𑐸𑐖𑐸𑐎𑑂𑐰𑐵𑐛𑑂𑐫𑐵𑐛
69d28f00,𑐬𑐣𑐎𑑂𑐲𑐟𑑂𑐬𑐥𑑂𑐬𑐷𑐟𑐶𑐫𑑀𑐐𑐧𑐹𑐢𑐧𑐵𑐬𑐠𑑂𑐰𑐎𑐸𑐴𑑂𑐣𑐸𑐥𑑂𑐬𑐟𑐶𑐲𑑂𑐛𑐵𑐡𑐶𑐣𑐱𑐸𑐨
a87b1cad,𑐬𑑂𑐠𑑄𑐳𑐡𑐵𑐥𑑂𑐬𑐵𑐬𑑂𑐠𑐣𑐷𑐫𑑅𑑌𑑑𑑐𑑌𑐟𑑂𑐰𑐡𑐬𑑂𑐔𑑂𑐔𑐵𑐢𑐶𑐬𑑂𑐡𑑂𑐡𑐸𑐲𑑂𑐎𑐬𑐵𑐩𑐡𑑂𑐰𑐶𑐢𑐵𑐩𑐵𑑄𑑍𑐎𑐺𑐥𑐵𑐰𑐵𑐬𑐶𑐢𑐾𑐥𑐵𑐴𑐶𑐡𑐸𑐲𑐸𑐬𑐩𑑂𑐰𑐶𑐬𑐵𑐱𑐾𑑅𑑋𑐣𑐳𑐾
911b5b1z,𑐖𑐵𑐩𑐫𑐵𑐳𑐵𑐡𑐾𑐰𑐟𑐵𑐫𑐵𑐎𑐸𑐡𑐺𑐲𑑂𑐚𑐶𑐫𑐵𑐟
b03df632,𑐣𑐵𑐩𑐣𑐱𑑂𑐬𑐷𑐳𑐬𑐳𑑂𑐰𑐟𑐷𑑍𑐠𑑂𑐰𑐒𑐵𑐩𑑂𑐴𑐡𑐾𑐰𑐠𑑂𑐰𑐦𑐮𑑂𑐫𑐳𑐠𑐵𑐥𑐣𑐵𑐫𑐵𑐒𑐣
55az6f92,𑐠𑐶𑐳𑐡𑐎𑑂𑐰𑑄𑐠𑑂𑐫𑐵𑐎𑐖𑐸𑐮𑑋𑑋𑐳𑑄𑐰𑐟𑑙𑑔𑑙𑐩𑐵𑐑𑐱𑐸𑐡𑐶
acd2aab7,𑐱𑑅𑐥𑑂𑐬𑐎𑐵𑐱𑐶𑐟𑐵𑐣𑐶𑐟𑑂𑐫𑑄𑐥𑑂𑐬𑐖𑐵𑐥𑐵𑐮𑐣𑐟𑐟𑑂𑐥𑐬𑐵𑑌𑐰𑐵𑐐𑑂𑐩𑐟𑑂𑐫𑐵𑐳𑑂𑐟𑐷𑐬𑐡𑐾𑐱𑐾𑐣𑐫𑐣𑐳𑐸𑐏𑐎𑐬𑐵𑐢𑐬𑑂𑐩𑐱𑐵𑐮𑐵𑐰𑐶𑐱𑐵𑐮𑐵𑑍𑐫𑑀𑐐𑐵𑐣𑐵𑑄𑐳𑑂𑐠𑐵𑐣𑐨𑐹𑐟𑐵𑐬𑐶
f42cd513,𑐟𑐶𑐧𑐸𑐫𑐵𑐰𑐬𑐳𑐵𑐣𑐣𑑍𑐣𑐶𑐟𑑂𑐫𑐀𑐳𑑂𑐟𑐵𑑑𑐔𑐾𑐎𑐟𑐳𑑂𑐫𑑄𑐩𑐟𑐕𑑀𑐫𑐎𑐾𑐩𑐵𑐮𑑍𑐂𑐣𑑂𑐡𑑂𑐬𑐖𑐵𑐟𑑂𑐬𑐵𑐫𑐵𑐥𑐹𑐬𑑂𑐞𑑂𑐞𑐩𑐵
3080a876,𑐖𑑀𑐟𑐶𑐟𑐳𑑂𑐫𑐨𑐵𑐬𑑂𑐫𑑂𑐫𑐵𑑍𑐥𑐡𑐸𑐩𑐣𑐷𑐮𑐎𑑂𑐲𑑂𑐩𑐷𑐟𑐡𑐣𑐸𑐨𑐵𑐬𑑂𑐫𑑂𑐫𑐵𑐴𑐾𑐬𑐩𑐣𑐷𑑍𑐥𑐸𑐣𑐱𑑂𑐔𑐨𑐵𑐬𑑂𑐫𑑂𑐫𑐵𑑍𑐥𑐡𑐸𑐩𑐣𑐷𑐥𑑂𑐬𑐠
1ba5cf83,𑐔𑑄𑐔𑐟𑑂𑐎𑑀𑐚𑐶𑐟𑐬𑑄𑐐𑐶𑐞𑐷𑐩𑐞𑐶𑐩𑐟𑐷𑐳𑑄𑐐𑐩𑑂𑐫𑐳𑑄𑐰𑐵𑐴𑐶𑐣𑐷𑑍𑐳𑐾𑐫𑑄𑐧𑑂𑐬𑐴𑑂𑐩𑐳𑐬𑐳𑑂𑐰𑐟𑐷𑐰𑐶𑐖𑐫𑐟𑐾𑐐𑑀𑐒𑑂𑐐𑑀𑐥𑐩𑐵𑐰𑐵𑐐𑑂𑐩𑐟𑐷𑑌
b29781cd,𑐣𑐖𑑀𑐐𑐾𑐳𑐣𑐶𑐔𑐬𑐧𑐵𑐳𑐬𑐾𑑋𑑋𑐧𑐶𑐥𑑂𑐬𑐱𑑂𑐬𑐷𑐧𑐶𑐩𑐮𑐵
4c42b7a5,𑑌𑑒𑑌𑐣𑐰𑐩𑑂𑐫𑐵𑑄𑐥𑐺𑐞𑑂𑐫𑐟𑐶𑐠𑑁𑐖𑑂𑐫𑐟𑐶𑐱𑐸𑐨𑐱𑐸
4a3b2f25,𑐣𑐺𑐥𑐟𑑁𑐱𑑂𑐬𑐷𑐨𑐸𑐥𑐟𑐷𑐣𑑂𑐡𑑂𑐬𑐾𑐩𑐸𑐡𑐵𑐫𑐵𑑍𑐡𑑂𑐫𑑄𑐱𑐵𑐳𑐟𑐶𑐡𑐶𑐰𑑂𑐫𑐰𑐿𑐨𑐰𑐫𑐸𑐟𑐾𑐣𑐾𑐥𑐵𑐮
378z7d14,𑐣𑐩𑑅𑐱𑑂𑐬𑐷𑐟𑑂𑐬𑐶𑐬𑐟𑑂𑐣𑐩𑐹𑐬𑑂𑐟𑑂𑐟𑐨𑑂𑐫𑑅𑑌𑐩𑐵𑐬𑐰𑐶𑐖𑐶𑐨𑑂𑐫𑐳𑐧𑐮𑑄𑐳𑐴𑐶𑐥𑐸𑐬𑐸𑐏𑐳𑐶𑑄𑐴𑐵𑑍𑐢𑑂𑐫𑐵𑐣𑐳𑐸𑐏𑐣𑐨𑐶𑐩𑐸𑐏
02af80f3,𑐩𑐳𑐵𑐴𑐡𑐾𑐧𑐳𑑂𑐫𑐧𑐶𑐖𑐫𑐬𑐵𑐖𑑂𑐫𑐾𑑌𑑌𑐡𑐵𑐣𑐥𑐟𑐾𑐣𑐾𑐥𑐵
236c3d25,𑐨𑐺𑐔𑑂𑐕𑐒𑑂𑐐𑐵𑐚𑐰𑐷𑐩𑐞𑑂𑐜𑐶𑐣𑐷𑐩𑑀𑐴𑐢𑑂𑐰𑐵𑐣𑑂𑐟𑐰𑐶𑐣𑐵𑐱𑐶𑐣𑐷𑐳𑐸𑐬𑐨𑐫𑐔𑑂𑐕𑐾𑐡𑑀𑐟𑑂𑐳𑐰𑑀
6ac9f782,𑐴𑐬𑐶𑐧𑐵𑐴𑐵𑐬𑐡𑑀𑐬𑐧𑐸𑐬𑑀𑑔𑐠𑐳𑐶𑐡𑑀𑐧𑐸𑐬𑑀𑑔𑐱𑐸𑐣𑐥𑐵𑐧𑐸𑐬𑑀𑑓𑐳𑐸𑐣𑐥𑐵𑐧𑐸𑐬𑑀𑑓
cd3aa918,𑐠𑐎𑐸𑐠𑑂𑐰𑐟𑐾𑐳𑐾𑐣𑐂𑐣𑐵𑐫𑐎𑑀𑐥𑐸𑐬𑐵𑐨𑐵𑐬𑐶𑑄𑐥𑐱𑑂𑐔𑐶𑐩
fa7c5825,𑐳𑐠𑐵𑐥𑐸𑐖𑐵𑐫𑐵𑐫𑐩𑐵𑐬𑐧𑐸𑐳𑐵𑐢𑐣𑐎𑐸𑐣𑑂𑐴𑐸𑐟𑐶𑐔𑑀𑐡𑑀𑐬𑐧𑐸𑐫𑐵𑐰𑐬𑐳𑐵𑐣𑐥𑐾𑐧𑑀𑐳𑐕𑐶𑐰𑑀𑐣𑐔𑐵𑐌𑐠
d0bbc889,𑐳𑐶𑐎𑐸𑐣𑑂𑐴𑐸𑐬𑐵𑐖𑐐𑐸𑐬𑑂𑐰𑑂𑐰𑐵𑐴𑐵𑐬𑐣𑐱𑑂𑐬𑐷𑐨𑐬𑐰𑐩𑐹𑐬𑑂𑐟𑐶𑐥𑐹𑐖𑐵𑐫𑐵𑐫𑐩𑐵𑐮𑑌𑐦𑑄𑑑𑐳𑐶𑐫𑐵𑐦𑐮𑐎𑐶𑐥𑑂𑐬𑑒𑐩𑑂𑐰𑐵𑐟𑐎𑐸
fd75c596,𑐡𑐎𑐣𑐶𑐬𑑂𑐩𑑂𑐩𑐶𑐟𑑄𑐳𑐸𑐰𑐶𑐢𑐶𑐧𑐟𑑂𑐕𑐟𑑂𑐰𑐵𑐥𑑂𑐬𑐟𑐶𑐲𑑂𑐛𑐵𑑄𑐥𑐬𑐵𑑄𑐳𑑂𑐰𑐾𑐲𑑂𑐛𑐱𑑂𑐬𑐷𑐥𑐳𑐶𑐟𑐸𑐲𑑂𑐛
a3232167,𑐖𑑀𑐐𑐖𑑀𑐐𑐬𑐴𑐶𑐟𑑂𑐬𑐶𑐥𑐸𑐟𑑂𑐬𑐶𑐥𑐟𑐵𑐬𑐟𑐶𑐬𑐶𑐫𑐾𑐥𑐸𑐟𑑂𑐬𑐶𑐧𑐶𑐳𑑂‍𑐣𑐸𑐩𑐵𑐫𑐵𑐥𑑁𑐟𑑂𑐬𑐢𑐬𑑂𑐩𑑂‍𑐩𑐵
4958cbf9,𑐠𑐸𑐫𑐩𑐡𑐸𑑍𑐩𑐶𑐕𑑀𑐫𑐎𑐾𑐩𑐡𑐸𑐰𑐬𑐲𑐸𑐣𑐶𑐔𑐥𑐵𑐮𑐫𑐵𑐖𑑀𑐐𑐶𑐣𑐧𑐶𑐔𑐵𑐬𑐫𑐵𑐫𑐩𑐵𑐮𑐧𑐶𑐔𑐵𑐬𑐩𑐫𑐵
0c399bba,𑐦𑐬𑐬𑐵𑐎𑐖𑐸𑐬𑑀𑑌𑑌𑐨𑐵𑐏𑐵𑐥𑐶𑐣𑐫𑐵𑐫𑐵𑐎𑐟𑐎𑐣𑐰𑐵𑐥𑐵𑐫𑐫𑐵𑐟𑐌𑐬𑐳𑐵𑐏𑐬𑐎𑐵𑐬𑐎𑐵𑐎𑐵𑐫𑐵𑐌𑐡𑐾𑐌𑐫𑐵𑐟𑐟𑐫𑐩𑐵𑐮𑐖𑐸𑐬𑑀𑐨𑐵𑐲𑐵𑐣𑐶𑐡𑐵𑐣
4b185b22,𑐣𑐶𑐰𑐵𑐳𑐵𑐟𑑂𑐥𑑂𑐬𑐠𑐶𑐟𑐵𑐨𑐶𑐢𑐵𑐣𑑅𑐱𑑂𑐬𑐷𑐱𑑂𑐬𑐷𑐣𑐶𑐰𑐵𑐳𑐵𑐏𑑂𑐫𑐩𑐰𑐵𑐞𑐨𑐹𑐥𑑅𑑌𑐟𑐳𑑂𑐩𑐵𑐡𑑂𑐬𑐸𑐡𑑂𑐬𑐸𑐩𑐟𑐷𑐰𑐨𑐹𑐰𑐖𑐮
1zc1271z,𑐠𑑂𑐰𑐟𑐾𑐧𑐸𑐫𑐵𑐰𑐬𑑂𑐲𑐥𑑂𑐬𑐟𑐶𑑄𑐰𑐬𑐳𑐵𑐣𑐣𑑄𑐣𑐶𑐟𑑂𑐫𑐥𑐹𑐖𑐵𑐫𑐵𑐟𑐥𑐹𑐖𑐵𑐎𑑂𑐫𑐾𑐀𑐲𑑂𑐚𑐵𑑒𑐰𑐖𑐶𑐎𑐸𑐜𑑑𑐢𑐮𑐶𑐥𑐵𑐟𑑒𑐡𑑄𑑔𑐟𑐸𑐟𑐎𑑄𑐩𑐢𑐶𑐟𑐵𑑒𑐡𑑄𑐱𑑂𑐑𑐮
fd7c8d98,𑐳𑐩𑐹𑐴𑐣𑐡𑐫𑐎𑐵𑐊𑐟𑐾𑐨𑐵𑐰𑑀𑑍𑐥𑑂𑐰𑐡𑐾𑐫𑐎𑐷𑐟𑐨𑐵𑐰𑑀𑐣𑐖𑑂𑐫𑐵𑐨𑐵𑐡𑐶𑐟𑐵𑐒𑐵𑐬𑐹𑐥𑐵𑐬𑐵
df32z364,𑐰𑐶𑐡𑑂𑐫𑐵𑐢𑐬𑐶𑐫𑐵𑐣𑐎𑐖𑐸𑐬𑑀𑐱𑐸𑐨
01z97a68,𑑉𑐣𑐩𑑅𑐱𑑂𑐬𑐷𑐐𑑀𑐰𑐶𑐣𑑂𑐡𑐵𑐫𑑌𑐐𑑀𑐰𑐶𑐣𑑂𑐡𑐦𑐵𑐮𑑂𑐐𑐸𑐎𑑂𑐬𑐶𑐫𑐵𑐡𑐾𑐰𑐷
c7076743,𑐣𑑂𑐜𑐮𑐎𑑂𑐲𑑂𑐩𑐶𑐩𑐸𑐣𑐶𑐢𑐬𑐎𑐳𑑂𑐫𑐥𑐸𑐟𑑂𑐬𑐬𑐵𑐖𑐧𑐶𑐬𑐳𑐶𑑄𑑍𑐀𑐩𑐸𑐢𑐬
7b6z15b9,𑐖𑐸𑐢𑐣𑐖𑐸𑐟𑐶𑐬𑐶𑐖𑐸𑐳𑐬𑐎𑑂𑐲𑑂𑐩𑐶𑐨𑑀𑐕𑐶𑐳𑐾𑐣𑐡𑐫𑐾𑐎𑐵𑐳𑐶𑐬𑐵𑐩𑐫𑐬𑑂𑐔𑐾𑐟𑑂𑐫𑐠𑑂𑐰𑐧𑐵𑐟𑐩
7b89467b,𑐣𑐷𑐣𑐶𑐩𑑂𑐴𑐰𑐵𑐎𑐵𑐩𑐾𑐣𑐠𑑂𑐰𑐥𑐶𑐠𑐸𑐐𑑂𑐰𑐵𑐕𑐾𑐬𑐰𑐟
fd47f438,𑑊𑐳𑑂𑐰𑐳𑑂𑐟𑐶𑐱𑑂𑐬𑐷𑑓𑐔𑐞𑑂𑐜𑐾𑐱𑑂𑐰𑐬𑐷𑐨𑐰𑐵𑐣𑑂𑐫𑐣𑐩𑑅𑑋𑑋𑐐𑐞𑐾𑐱𑐵𑐫𑐩𑐴𑐾𑐱𑐵𑐫𑐣𑐵𑐛𑐾
91cd5c34,𑐳𑑄𑐰𑐟𑑂‌𑑘𑑘𑑕𑐱𑑂𑐬𑐵𑐰𑑄𑐎𑐺𑐲𑑂𑐞𑑍𑐀𑐩𑐵𑐰𑐵𑐳𑐶𑑍𑐠𑐸𑐎𑐸𑐣𑑂𑐴𑐸𑑍𑐱𑑂𑐬𑐷𑑓𑐨𑐐
58b17845,𑐳𑐮𑐖𑑀𑐡𑐸𑐕𑐾𑐫𑐵𑐟𑐸𑐬𑐵𑐢𑐮𑐖𑐾𑐲𑑂𑐚𑐐𑑀𑐰𑐢𑑄𑐳𑐶𑐟𑐳𑑂𑐫𑐨𑐵𑐬𑑂𑐫𑑂𑐫𑐵𑐖𑐐
2c097a17,𑐀𑐣𑐣𑑂𑐟𑐡𑐶𑐫𑐡𑐾𑐰𑐷𑐠𑑂𑐰𑐩𑑂𑐴𑐩𑐴𑐵𑐬𑐵𑐣𑐶𑐩𑐴𑐵𑐬𑐵𑐣𑐶𑐢𑐶𑐬𑐵𑐖𑐨𑐸𑐥𑐎𑐾𑐱𑐬𑐷𑐱𑑂𑐬𑐷𑐱𑑂𑐬𑐷𑐎𑐰𑐷𑐣𑑂𑐡𑑂𑐬𑐖𑐫𑐥𑑂𑐬
81778bd9,𑐨𑐷𑐩𑐳𑐾𑐣𑐥𑑂𑐬𑐵𑐳𑐵𑐡𑐩𑐾𑐣𑑄𑐣𑐫𑐣𑐵𑐨𑐶𑐬𑐵𑐩𑑄𑑌𑐣𑐾𑐥𑐵𑐮𑐵𑐰𑑂𑐡𑐾𑐱𑐱𑐢𑐬𑐣𑐩𑑅𑐎𑐸𑐘𑑂𑐖𑐬𑐾𑐨𑐵𑐳𑐶𑐨𑐵𑐬𑑂𑐐𑑂𑐐𑐾𑑍𑐱𑐸𑐎𑑂𑐮𑐾𑐥𑐎𑑂𑐲𑐾𑐐𑐸𑐴𑐟𑐶𑐠𑐶𑐫𑐸𑐟𑐾𑐰𑐵𑐳𑐬𑐾𑐔𑐣𑑂𑐡𑑂𑐬𑐥𑐸
4c2ab363,𑐨𑐶𑐩𑐳𑐾𑐣𑑅𑐥𑑂𑐬𑐷𑐟𑐷𑐣𑑅𑐳𑐶𑑄𑐑𑐡𑐸𑐣𑑂𑐟𑐵𑐖𑐸𑐮𑑀𑑅𑐳𑐸𑐨𑑄𑑌
zf05615d,𑑊𑑉𑐣𑐩𑑀𑐩𑐣𑐰𑐶𑐞𑐵𑐫𑐎𑐵𑐫𑑌𑐲𑐣𑑂𑐩𑐹𑐏𑐵𑐫𑐣𑐩𑐳𑑂𑐟𑐸𑐨𑐵𑑄𑐲𑐚𑑂𑐨𑐸𑐖𑐵𑐫
zz1f3823,𑐳𑑄𑐒𑐨𑐵𑐬𑑀𑑍𑐮𑐐𑐸𑐬𑐵𑐩𑐨𑐵𑐬𑑀𑑍𑐳𑐸𑐏𑐸𑐣𑐨𑐵𑐬
3110d725,𑐦𑑂𑐫𑐵𑐒𑐳𑐸𑐣𑐵𑐣𑑄𑐎𑐵𑐳𑐾𑐳𑐣𑐳𑐵𑑍𑐠𑑂𑐰𑐰𑐶𑐴𑐵𑐬𑑍𑐢𑑂𑐰𑑄𑐳𑐣𑐵𑐫𑐵𑐒𑐵𑐥𑑂𑐬𑐵𑐔𑐶𑐟𑑍𑐥𑑄𑐔𑐩𑐴𑐵
6124550c,𑐠𑐶𑐳𑐡𑐎𑑂𑐰𑑄𑐠𑑂𑐫𑐵𑐎𑐖𑐸𑐮𑑋𑑋𑐳𑑄𑐰𑐟𑑙𑑔𑑙𑐩𑐵𑐑𑐱𑐸𑐡𑐶
0d302cfa,𑐊𑐎𑐵𑐫𑑅𑑋𑐱𑐳𑑂𑐟𑑂𑐬𑐱𑐵𑐳𑑂𑐟𑑂𑐬𑐳𑑄𑐐𑐷𑐟𑐵𑐡𑐶𑐳𑐎𑐬𑐧𑐶𑐡𑑂𑐫𑐵𑐥𑐵𑐬𑐐𑑅𑐬𑐵𑐖𑐬𑐵𑐖𑐾𑐣𑑂𑐡𑑂𑐬𑐎𑐧𑐷𑐡𑑂𑐬𑐡𑐶𑐐𑑂𑐢
fazz3ab0,𑐩𑐴𑐶𑑄𑐡𑑂𑐬𑐳𑐶𑑄𑐫𑐵𑐎𑐵𑐫𑐖𑑀𑐐𑐣𑐵𑐬𑐵𑑄𑑚𑐥𑐸𑐣𑐵𑐬𑐵𑑄𑑚𑐣𑐶𑐩𑑂𑐴𑐳𑐫𑐵𑑚𑐢𑐬𑑂𑐩𑑂𑐩
5bd75714,𑐩𑐨𑐵𑐬𑑂𑐫𑑂𑐫𑐵𑐫𑐵𑑄𑑍𑐥𑑂𑐬𑐠𑐩𑐥𑐸𑐟𑑂𑐬𑑍𑐢𑐣𑐳𑐶𑑄𑐴𑐀𑐳𑑂𑐫𑐥𑐟𑑂𑐣𑐷𑐩𑐣𑑀𑐢𑐬𑐷𑐟𑐳𑑂𑐫𑐵𑐟𑑂𑐩𑐖𑐰𑐖𑐵𑐔𑐵𑐬𑑂𑐫𑑂𑐫𑑍𑐱𑑂𑐬𑐷𑐥
dd0z073z,𑐖𑐸𑐬𑑀𑑌𑐠𑑂𑐰𑐣𑐿𑐬𑐎𑑀𑐠𑑄𑐎𑐵𑐖𑐵
83ad6a04,𑐢𑐬𑐩𑐡𑐵𑐳𑐡𑐾𑐰𑐶𑐡𑐵𑐳𑑋𑑋𑐠𑑂𑐰𑐟𑐾𑐳𑑂𑐫𑐣𑐔𑐶
938dc97c,𑐫𑐵𑐒𑐵𑐰𑐵𑐴𑐵𑐬𑐫𑐵𑐡𑐵𑐎𑐸𑐖𑐸𑐎𑑂𑐰𑐵𑐛𑑂𑐫𑐵𑐛
fc9zd789,𑐳𑑂𑐩𑐩𑐡𑐵𑐳𑐷𑐚𑐫𑐵𑐡𑐾𑐣𑐬𑐩𑑂𑐫𑐵𑑄𑑋𑐣𑐐𑐾𑐣𑑂𑐡𑑂𑐬𑐵𑐟𑑂𑐩𑐖𑐵𑑄𑐣𑐵𑐐𑐨𑐸𑐲𑑀𑐖𑑂𑐰𑐮𑐵𑐨𑑂𑐐𑐷𑑄𑑍𑐎𑐸𑐬𑐨𑑂𑐐𑐷𑐡𑐺𑐱𑑄𑐟𑐵𑐨𑐹𑐱𑑄𑐨𑐵𑐰𑐫𑐵𑐩𑑅𑑌𑑔
9f2zb113,𑐟𑐶𑐔𑐶𑐎𑑄𑐀𑐚𑐣𑐰𑐶𑐒𑐵𑐰𑐥𑑂𑐬𑐟𑐶𑐲𑑂𑐛𑐵𑐫𑐵𑐒𑐵𑐖𑐸𑐮𑑀𑑋𑑋𑐀𑐰𑑂𑐫𑐧𑑂𑐬𑐴𑑂𑐩
45fcd38z,𑐖𑐶𑐰𑐣𑐳𑐶𑑄𑐴𑐖𑐶𑐟𑐬𑐐𑑀𑐩𑐶𑐳𑐶𑑄𑐴𑐩𑐫𑐵𑐳𑐶𑑄𑐴𑐴𑐬𑐶𑐰𑐵𑐢𑐰
1b8d820b,𑐩𑑄𑐖𑐸𑐬𑐵𑐩𑐰𑑀𑐢𑐬𑐵𑐩𑐐𑐸𑐡𑑄𑐡𑐮𑐾𑐰𑐴𑐶𑐬𑐶𑐳𑐖𑑂𑐫𑐵𑐒𑐵𑐖𑐸𑐬
b1187f8f,𑑑𑑑𑐧𑐵𑐬𑑔𑐱𑐸𑐨𑑋𑑋𑐳𑑂𑐰𑐡𑐟𑑂𑐟𑐷𑐥𑐬𑐡𑐟𑑂𑐟𑐵𑑄𑐔𑐵𑑍𑐫𑑀𑐴𑐬𑐟𑐶𑐰𑐳𑐸𑑄
68b0z3zd,𑑗𑑖𑑙𑐦𑐵𑐮𑑂𑐐𑐸𑐞𑐎𑐺𑐲𑑂𑐞𑐀𑐲𑑂𑐚𑐩𑐷𑐩𑐹𑐮𑐣𑐎𑑂𑐲𑐾
z5c6418c,𑑊𑐱𑑂𑐬𑐹𑐫𑑀𑐳𑑂𑐟𑐸𑐳𑐩𑑂𑐧𑐟𑑂𑑖𑑓𑑖𑐩𑐵𑐑𑐩𑐵𑐳𑑂𑐫𑐱𑐹𑐎𑑂𑐮𑐥𑐎𑑂𑐲𑐾
4521fd11,𑐡𑐸𑐡𑐵𑐟𑐵𑐫𑐵𑐧𑑄𑐳𑐡𑐟𑐾𑐔𑐶𑐟𑐵𑐫𑐵𑐒𑐵𑐌𑐟𑐫𑐩𑐵𑐬𑑌
acf733c5,𑐮𑐵𑐫𑐸𑑍𑐖𑐶𑐬𑑂𑐞𑑂𑐞𑐄𑐡𑑂𑐢𑐵𑐬𑐫𑐵𑐳𑐵𑐳𑐸𑐏𑐵𑐰
597a2zfa,𑐱𑐸𑐨𑑋𑑋𑐨𑐵𑐳𑑂𑐎𑑂𑐬𑐾𑐡𑐾𑐰𑐳𑑄𑐳𑑂𑐎𑐵𑐬𑐶𑐟𑐳𑐵𑑍𑐳𑐟𑑂𑐬𑐱𑑂𑐬𑐷𑐎𑐾𑐱𑐰𑐔𑐣𑑂𑐡𑑂𑐬𑐎𑐶
69z76dzb,𑐧𑑄𑐮𑐵𑐣𑐶𑐩𑑂𑐴𑐫𑐵𑐰𑐶𑐥𑑂𑐬𑐱𑑂𑐬𑐷𑐥𑐬𑐱𑐸𑐬𑐵𑐩𑐣𑐱𑑂𑐬𑐷𑐱𑑂𑐬𑐷𑐰𑐷𑐬𑐖𑐫𑐖𑑀𑐐𑐣𑐬𑐾𑐣𑑂𑐡𑑂𑐬𑐩𑐮𑑂𑐮𑐡𑐾𑐰𑐥𑑂𑐬𑐨𑐸𑐠𑐵𑐎𑐸𑐮𑐫𑐵
c1100f3f,𑐖𑐸𑐮𑑌𑐱𑐸𑐨𑑄𑑌
11565fcz,𑐟𑑀𑐮𑐐𑑂𑐰𑐵𑐥𑐳𑐮𑐟𑑀𑐮𑐫𑐵𑐡𑐎𑑂𑐲𑐳𑐵𑐮𑐳𑐔𑑀𑐣𑐩𑑂𑐴𑑚𑐩𑐵𑐣𑐢
2z4d3a54,𑐡𑐶𑐣𑐳𑐩𑑂𑐧𑐟𑑘𑑑𑑒𑐖𑑂𑐫𑐾𑐲𑑂𑐛
z39f5c5d,𑐡𑐶𑐣𑐾𑐮𑑀𑐎𑐣𑐵𑐠𑐾𑐏𑐬𑐵𑐐𑑂𑐬𑐿𑑌𑐫𑐵𑐱𑑂𑐬𑐷
b18b8287,𑐱𑐸𑐨𑑌𑐳𑐩𑑂𑐰𑐟𑑂𑑘𑑑𑑙𑐰𑐿𑐱𑐵𑐲𑐎𑐺𑐲𑑂𑐞
z8a2d06c,𑐱𑑂𑐰𑐬𑐵𑐫𑑅𑑌
07778dab,𑐩𑐵𑐩𑑂𑐫𑐴𑑄𑑋𑑋𑐱𑑂𑐬𑐷𑐴𑐾𑐬𑐸𑐎𑐥𑑂𑐬𑐷𑐟𑐶𑐣𑐎𑐵𑐣𑑂𑐟𑐶𑐥𑐸𑐬𑐶𑐩𑐴𑐵𑐣𑐐𑐬𑐾
baz430a8,𑐐𑐞𑐾𑐱𑐵𑐫𑑌𑐱𑑂𑐬𑐷𑐫𑑀𑑇𑐳𑑂𑐟𑐸𑐳𑐩𑑂𑐰𑐟𑑂𑑘𑑐𑑓𑐨𑐵𑐡𑑂𑐬𑐥𑐡𑐩𑐵𑐳𑐾𑐱𑐸𑐎𑑂𑐬𑐥𑐎𑑂𑐲𑐾𑐡𑑂𑐰𑐵𑐡𑐱𑑂𑐫𑐵𑑄𑐟𑐶𑐠𑑁
51f5d29a,𑑌𑑒𑑌𑐣𑐰𑐩𑑂𑐫𑐵𑑄𑐥𑐺𑐞𑑂𑐫𑐟𑐶𑐠𑑁𑐖𑑂𑐫𑐟𑐶𑐱𑐸𑐨𑐱𑐸
9a016z90,𑐧𑐱𑑂𑐰𑐟𑐩𑐟𑑂𑐰𑐣𑑂𑐟𑐬𑐾𑐀𑐲𑑂𑐚𑐵𑐧𑐶𑐱𑐟𑐶𑐟𑐩𑐾𑐔𑐟𑐸𑐬𑑂𑐫𑐸𑐐𑐟𑑂𑐫𑐎𑐮𑐾𑑅𑐥𑑂𑐬𑐠𑐩𑐥𑐵𑐡𑐾𑐨𑐣𑐟
1z82a0c2,𑐞𑑂𑐜𑐬𑐾𑑍𑐧𑐵𑐳𑐸𑐎𑐶𑐎𑑂𑐲𑐾𑐟𑑂𑐬𑐾𑑍𑐱𑑂𑐬𑐷𑑓𑐥𑐱𑐸𑐥𑐟𑐶𑐳𑐣𑐶𑐢𑐵𑐣𑐾𑐧𑐵𑐐𑑂𑐩𑐟𑑂𑐫𑐵𑑄𑐥𑐱𑑂𑐔𑐶𑐩𑐎𑐸𑐬𑐾𑑍𑐧𑐶𑐲𑑂𑐞𑐸
7zc54d0c,𑐣𑐾𑐴𑑂𑐩𑐵𑐳𑑂𑐟𑐵𑐥𑐵𑐔𑐵𑐫𑐵𑐟𑐔𑐾𑐎𑐣𑐀𑐳𑑂𑐟𑐵𑑒𑐩𑐟𑐵𑐰𑑂𑐰𑐵𑐟𑑕𑑋𑑋𑐱𑑂𑐬𑐷𑐥𑐘𑑂𑐔𑐩𑐶
z6743c8d,𑐩𑐴𑐵𑐣𑐠𑐬𑐾𑐱𑑂𑐬𑐷𑐫𑑄𑐐𑑂𑐮𑐎𑐵𑐲𑑂𑐚𑐩𑐞𑑂𑐜𑐥𑐳𑑂𑐠𑐵𑐣𑐾𑐂𑐴𑐿𑐰𑐥𑐹𑐞𑑂𑐫𑐨𑐸𑐩𑑁𑑌𑐱𑑂𑐬𑑀𑐫𑑀𑐬𑐳𑑂𑐟𑐸𑐳
981b9f02,𑐰𑐮𑐖𑑂𑐫𑐵𑐳𑐔𑐶𑐣𑑂𑐟𑐵𑐫𑐵𑐎𑐥𑐵𑐟𑑂𑐬𑐰𑑄𑐱𑐬𑐵𑐰𑐸𑐟𑐟𑐰𑐨𑑂𑐫𑐵𑐮𑑄𑐨𑐵𑐎𑐟𑐸𑐎𑑀𑐠𑑂𑐫𑐟𑐰𑐨𑑂𑐫𑐵𑐮𑐥𑐵𑐟𑑂𑐬𑐰𑑄𑐱𑐬𑐵𑐰𑐸𑐟𑑂𑐟𑐬𑐟𑑂𑐣𑐬𑐵𑐖𑐨𑐵𑐬𑑀𑐨𑑂𑐬𑐵𑐟𑑂𑐟𑐾𑐳
z9114690,𑐩𑐶𑐖𑐾𑐰𑐞𑐳𑐶𑑄𑐴𑐱𑑂𑐬𑐷𑐥𑐸𑐬𑐸𑐲𑐣𑐎𑑂𑐰𑐵𑐨𑐡𑐷𑐟𑐰𑐳𑐵𑐴𑐵𑐳𑐣𑐟𑐵𑐜𑐵𑐖𑐳𑐎𑐮𑑂𑐫𑐵𑐞
c7zz6862,𑐣𑐖𑐬𑐢𑐵𑐮𑐵𑐳𑐶𑐢𑐎𑑄𑐣𑐶
06d268b5,𑑊𑐱𑐸𑐫𑑀𑐳𑑂𑐟𑐸𑐳𑐧𑐟𑑂𑑙𑑘𑑒𑐩𑑂𑐟𑐶𑐎𑐵𑐟𑑂𑐟𑐶𑐎𑐩𑐵𑐳𑐾𑐎𑐺𑐳𑑂𑐣𑐥𑐎𑑂𑐲
cb6121a2,𑐡𑐖𑐔𑐣𑑂𑐡𑑂𑐬𑐬𑐳𑑂𑐩𑐷𑑌𑐖𑑂𑐘𑐵𑐣𑑄𑐥𑑂𑐬𑐎𑐵𑐱𑑂𑐫𑐥𑐬𑐶𑐥𑐸𑐬𑐖𑐧𑐺𑐡𑑂𑐢𑐶𑐢𑑂𑐫𑐵
2fd9b0z5,𑐫𑐵𑐟𑐡𑑄𑑒𑐡𑐾𑐰𑐳𑑂𑐟𑑄𑐡𑐎𑑂𑐲𑐶𑐞𑐵𑐡𑑄𑑘𑐥𑐹𑐖𑐵𑐰𑐵𑐬𑐶𑐳𑑂𑐰𑐩𑐳𑑂𑐟𑑄𑐠𑑂𑐰𑐟𑐾𑐡𑐫𑐎𑑄𑐥𑐹𑐖𑐵𑐫𑐵𑐫𑐩𑐵𑐮𑑌𑑌𑐠𑑂𑐰𑐟𑐾𑐄
2f474z14,𑐟𑑂𑐬𑑅𑐣𑐶𑐮𑐬𑐟𑑂‍𑐣𑐥𑐸𑐟𑑂𑐬𑐶𑐔𑐣𑑂𑐡𑑂𑐬𑐩𑐵𑐫𑐵𑐠𑑂𑐰𑐟𑐾𑐥𑐬𑐶𑐧𑐵
d95a08zz,𑐫𑐩𑑂𑐩𑐵𑑍𑐡𑐟𑑀𑐮𑐷𑐮𑐥𑐸𑐬𑑂𑐰𑑂𑐰𑐵𑐳𑐬𑐳𑑂𑐰𑐟𑑂𑐫𑐳𑐶𑐟𑑂𑐰𑑄𑑌𑑑𑑓𑑌𑐂𑐟𑑂𑐠𑑄𑐳𑐡𑐵𑐳𑐵𑐢𑐎𑐵𑐳𑑂𑐰𑐵𑑄𑐩𑑂𑐟𑐸𑐰𑑂𑐬𑐣𑑂𑐟𑐶𑑍𑐟𑑂𑐰𑐩𑐎𑐵𑐖𑐐𑐟𑑂𑐬𑐵𑐞𑐎𑐬𑑂𑐟𑑂𑐟𑐷
d083320f,𑐎𑐸𑐣𑐵𑐠𑐣𑐬𑐵𑐬𑑂𑐖𑑂𑐫𑐾𑐐𑐵𑐩𑐥𑐵𑐟𑐡𑐎𑑀𑐫𑐵
37b1867f,𑐊𑐰𑑄𑐧𑐶𑐱𑐾𑐧𑐶𑐳𑐶𑐳𑑂𑐟𑐬𑐵𑐫𑐵𑑄𑐩𑐵𑐴𑐵𑐥𑐸𑐞𑑂𑐫𑑍𑐐𑐵𑐩𑐔𑐵𑐣𑐣𑐶𑐫𑐵𑑍𑐮𑐴𑑂𑐣𑐩𑐵𑐣𑐳𑐶𑑄𑐡𑐵𑐣𑐵𑐫
zf390a6f,𑐀𑐡𑑂𑐫𑐵𑐱𑑂𑐬𑐷𑐩𑐱𑑂𑐬𑐷𑐱𑐵𑐎𑑂𑐫𑐳𑐶𑑄𑐴𑐾𑐟𑑂𑐫𑐵𑐡𑐶𑑋𑑋𑐳𑑂𑐰𑐳𑑂𑐟𑐶𑐱𑑂𑐬𑐷𑐱𑑂𑐬𑐷𑐩𑐴𑐵𑐬𑐵𑐖𑐢𑐶
16564b9c,𑐳𑐶𑐡𑑂𑐢𑐶𑐫𑑀𑐐𑐾𑑌𑐱𑐸𑐎𑑂𑐬𑐰𑐵𑐬𑑌𑐠𑑂𑐰𑐎𑐸𑐣𑑂𑐴𑐸𑐱𑑂𑐬𑐷𑐩𑐟𑑂𑐱𑑂𑐬𑐷𑐱𑑂𑐬𑐷𑐎𑑂𑐰𑐵𑐠𑐨𑑀𑑄𑐟𑐎𑑂𑐰𑐵𑐔𑐥𑐵𑐬𑐨𑐚𑑂𑐚𑐵𑐬
657d6771,𑐩𑐣𑐵𑐣𑑍𑐠𑑂𑐰𑐦𑐬𑐾𑐨𑐸𑐰𑑀𑐫𑐵𑐰𑐡𑐫𑐎𑐵𑐖𑐸𑐬𑑀𑑋𑑋𑐳𑐩𑑂𑐰𑐟𑑗𑑙𑑘𑐖𑑂𑐫𑐲𑑂𑐛𑐩𑐵𑐳𑐾𑐎𑐺𑐲𑑂𑐞𑐥𑐎𑑂𑐲
065b1a6z,𑑊𑑉𑐣𑐩𑑅𑐱𑑂𑐬𑐷𑐨𑐰𑐵𑐣𑑂𑐫𑑌𑐨𑐎𑑂𑐟𑐳𑑂𑐰𑐲𑑂𑐥𑐡𑐡𑐵𑐫𑐶𑐣𑐷𑐨𑐰𑐣𑐰𑐎𑐷𑐜𑐵𑐎𑐮𑐵
5z5358f6,𑐧𑐾𑐏𑐵𑐮𑐎𑑂𑐲𑑂𑐩𑐷𑑋𑑋𑐖𑑀𑐐𑐢𑐬𑑋𑑋𑐐𑐖𑐮𑐎𑑂𑐲𑑂𑐩𑐷𑑋𑑋𑐩𑐸𑐣𑐶𑐢𑐬𑑋𑑋
95a91z74,𑐟𑑍𑐎𑐵𑐱𑐶𑐬𑐵𑐖𑐫𑐵𑐕𑐾𑐣𑐡𑐎𑑂𑐲𑐶𑐞𑐟𑐢𑐬𑑂𑐩𑑂𑐩𑐬𑐵𑐖𑐫𑐵
032b89dd,𑐫𑐵𑐒𑐵𑐖𑐸𑐬𑑀𑐡𑐶𑐣𑐳𑐩𑑂𑐧
51642783,𑐥𑐾𑐨𑐬𑐟𑐏𑐞𑑂𑐜𑑍𑐨𑐬𑐟𑐧𑐬𑑂𑐲𑐁𑐬𑑂𑐫𑐵𑐰𑐟𑑂𑐟𑐡𑐾𑐱𑐾𑐴𑐾𑐩𑐰𑐡𑑂𑐡𑐎𑑂𑐲𑐶𑐞𑐥𑐵𑐡𑑍𑐣𑐾𑐥𑐵𑐬𑐩
176d7982,𑐬𑑂𑐲𑑓𑐎𑐵𑐡𑑀𑐰𑐸𑐎𑐬𑑂𑐲𑑒𑐐𑐵𑑄𑐰𑐸𑐠𑑂𑐰𑐟𑐾𑐰𑐸𑐡𑐸𑐣𑑂𑐟𑐵
2db32f91,𑐧𑐖𑑂𑐬𑐳𑐟𑑂‍𑐧𑐵𑐨𑐸𑐧𑐣𑐧𑐬𑐐𑐸𑐬𑐹𑑄𑐳𑐬𑑂𑐧𑑂𑐧𑐧𑐹𑐡𑑂𑐢𑐨𑐧𑐣𑑂𑐟𑑄𑑅
4z1z2z2f,𑐜𑐵𑐌𑐌𑐫𑐵𑐟𑐔𑐿𑐟𑐱𑐸𑐎𑑂𑐬𑐫𑐵𑐐𑑂𑐰𑑑𑐠𑐫𑐩𑐵𑐬𑐧𑐡𑐾𑐖𑐸𑐥𑐣𑐶𑐳𑑂𑐟
b30549z4,𑐀𑐣𑐣𑑂𑐟𑐡𑐶𑐫𑐡𑐾𑐰𑐷𑐠𑑂𑐰𑐩𑑂𑐴𑐩𑐴𑐵𑐬𑐵𑐣𑐶𑐩𑐴𑐵𑐬𑐵𑐣𑐶𑐢𑐶𑐬𑐵𑐖𑐨𑐸𑐥𑐎𑐾𑐱𑐬𑐷𑐱𑑂𑐬𑐷𑐱𑑂𑐬𑐷𑐎𑐰𑐷𑐣𑑂𑐡𑑂𑐬𑐖𑐫𑐥𑑂𑐬
5z10zd24,𑐎𑑂𑐮𑐥𑐸𑐬𑑂𑐞𑑂𑐞𑐩𑐵𑐳𑐷𑐱𑑂𑐬𑐷𑐔𑐣𑑂𑐡𑑂𑐬𑐳𑐾𑐏𑐬
71zc12cc,𑐫𑐷𑐳𑐔𑐩𑐟𑐥𑑂𑐰𑐵𑐟𑑓𑐕𑑀𑐊𑐎𑐾𑐫
7743f8f2,𑑌𑐡𑑂𑐬𑑁𑐥𑐟𑐷𑐳𑐴𑐶𑐟𑑄𑐨𑐷𑐩𑑄𑑍𑐩𑑄𑐣𑑂𑐡𑐶𑐬𑐾𑐞𑐳𑐩𑐣𑑂𑐰𑐶𑐟𑑄𑑋𑐊𑐟𑐡𑑂𑐡𑐶
bzc28518,𑐖𑑀𑐐𑐖𑑀𑐐𑐬𑐴𑐶𑐟𑑂𑐬𑐶𑐥𑐸𑐟𑑂𑐬𑐶𑐥𑐟𑐵𑐬𑐟𑐶𑐬𑐶𑐫𑐾𑐥𑐸𑐟𑑂𑐬𑐶𑐧𑐶𑐳𑑂‍𑐣𑐸𑐩𑐵𑐫𑐵𑐥𑑁𑐟𑑂𑐬𑐢𑐬𑑂𑐩𑑂‍𑐩𑐵
9b4a9z60,𑐰𑐵𑐥𑐸𑐫𑐩𑐵𑐮𑐨𑑀𑐕𑐶𑐩𑐸𑐒𑐵𑐰𑐰𑐶𑐔𑑂𑐕𑑂𑐫𑐵𑐨𑑀𑐖𑐣𑐫𑐵𑐫𑐩𑐵𑐬𑑋𑑋𑑋𑑋𑑊𑐳𑐩𑑂𑐰𑐟𑑂
839f164d,𑐢𑐎𑐠𑐵𑐥𑐣𑐵𑐫𑐵𑐣𑐵𑐐𑐸𑐡𑐾𑐰𑐐𑐸𑐬𑐸𑐩𑐵𑐩𑐰𑐧𑐵𑐫𑐵𑐟𑐧𑑀𑐩𑐧𑐶𑐫𑐵𑑅𑐳𑐶𑐡𑐣𑐵𑐫𑐵𑐣𑐵𑐴
ff008a1f,𑐟𑐳𑐵𑐩𑐴𑐵𑐬𑐵𑐖𑐵𑐫𑐵𑐐𑐸𑐞𑐵𑐴𑐵𑐐𑐵𑐬𑐖𑐸𑐬𑑀𑑌𑐠𑑂𑐰𑐟𑐶𑐮𑑂𑐴𑐵𑐳𑐾𑐟𑐎𑑀𑐩𑐫𑐵𑐟𑐳𑐵𑐥𑑄𑐔𑐩𑐴𑐵𑐥𑐵𑐥𑐮𑐵
13b11z70,𑐥𑐶𑐎𑐮𑑂𑐫𑐣𑐵𑐟𑑂𑐬𑐫𑑄𑑋𑐊𑐰𑑄𑐬𑐸𑐥𑑀𑐴𑐰𑑄𑐳𑐬𑑂𑐰𑑂𑐰𑑍𑐎𑐮𑑂𑐫𑐣𑐵𑐨𑐵𑐰𑐩𑐵𑐟𑑂𑐬𑐎𑑄𑑋𑑋𑐱𑐩𑑂𑐟𑑂𑐬𑐱𑐵𑐩𑑂𑐟𑑂𑐬𑐳𑑄𑐐𑐷𑐟𑐵
a6b80b8f,𑐡𑐾𑐰𑐳𑑂𑐎𑐾𑐥𑐸𑐖𑐵𑐫𑐵𑐫𑑍𑐖𑐸𑑑𑐥𑐸𑐖𑐵𑑍𑐥𑐵𑑒𑐱𑑂𑐰𑐐𑑄𑐞𑐢𑐮𑐶𑑍𑐐𑑂𑐰𑑑𑐏𑐾𑐖𑑍𑐖𑐸𑐡𑐶𑐲𑑂𑐚𑐶𑑍𑐖𑐸𑑓
24dcd347,𑐎𑐺𑐲𑑂𑐞𑐡𑑂𑐰𑐶𑐟𑐷𑐫𑐵𑐴𑐳𑑂𑐟𑐵𑐣𑐎𑑂𑐲𑐾𑐟𑑂𑐬𑑍𑐱𑐸𑐨𑐫𑑀𑐐𑐰𑐸𑐢𑐰𑐵𑐬𑐎𑐸𑐣𑑂𑐴𑐸𑐱𑑂𑐬𑐷𑐱𑑂𑐬𑐷𑐱𑑂𑐬𑐷𑐂𑐲𑑂𑐚𑐡𑐾𑐰𑐟𑐵𑐥𑑂𑐬𑐷𑐟𑐶
bfa7131z,𑐟𑐶𑐧𑐵𑐳𑐬𑐾𑑍𑐩𑐾𑐲𑐬𑐵𑐳𑐶𑐐𑐟𑐾𑐳𑐰𑐶𑐟𑐮𑐶𑑍𑐰𑐺𑐲𑐬𑐵𑐳𑐶𑐐𑐟𑐾𑑍𑐔𑐣𑑂𑐡𑑂𑐬𑐩𑐳𑐶𑑌
7424bbd2,𑐟𑐶𑑅𑑍𑐣𑐾𑐥𑐵𑐮𑐾𑐮𑐮𑐶𑐟𑐵𑐥𑐸𑐬𑐾𑐰𑐶𑐴𑐬𑐟𑐶𑐱𑑂𑐬𑐷𑐱𑑂𑐬𑐷𑐣𑐶𑐰𑐵𑐳𑑀𑐣𑐺𑐥𑑅𑑌𑐫𑐳𑑂𑐟𑐵𑐟𑑂𑐩𑐖𑑀𑐫𑑀𑐐𑐣𑐬𑐾𑐣𑑂𑐡𑑂𑐬𑐩𑐮𑑂𑐮𑑀𑐣𑐵𑐎𑐵𑐢𑐶𑐣𑐵𑐠𑐳𑑂𑐫𑐫𑐠𑐵𑐖𑐫𑐣𑑂𑐟𑑅𑑋𑐥𑑂𑐬𑐨𑐵𑐟
9106c99b,𑐣𑐵𑐬𑐵𑑄𑐩𑐾𑐥𑐸𑐟𑑂𑐬𑐵𑐳𑑂𑐟𑐾𑐖
9f540148,𑐰𑐵𑐥𑐸𑐫𑐩𑐵𑐮𑐨𑑀𑐕𑐶𑐩𑐸𑐒𑐵𑐰𑐰𑐶𑐔𑑂𑐕𑑂𑐫𑐵𑐨𑑀𑐖𑐣𑐫𑐵𑐫𑐩𑐵𑐬𑑋𑑋𑑋𑑋𑑊𑐳𑐩𑑂𑐰𑐟𑑂
z1b3b138,𑐧𑐨𑐹𑐟𑐳𑑂𑐰𑐖𑐣𑐳𑐴𑐶𑐟𑐵𑐣𑑂𑐳𑐬𑑂𑐰𑐳𑐟𑑂𑐰𑐵
97f2b875,𑐰𑐶𑐲𑑂𑐞𑐸𑐣𑐵𑐬𑐵𑐫𑐞𑐨𑐵𑐬𑑀𑐎𑐣𑐾𑐲𑑂𑐛𑐨𑑂𑐬𑐵𑐟𑑂𑐟𑐾𑐱𑐶𑐰𑐣𑐵𑐬𑐵𑐫𑐞𑐨𑐵𑐬𑑀𑑍𑐩𑑀𑐟𑐶𑐬𑐵𑐖𑐨𑐵𑐬𑑀𑑍𑐔𑐵𑐏𑐵𑐧𑐵𑐴𑐵𑐬𑐧𑐎𑐸𑐞𑑂𑐜𑐬𑐵𑐩𑐨𑐵𑐬𑑀
b350z180,𑐠𑐳𑑂𑐫𑑄𑐮𑑀𑐨𑐩𑐫𑐵𑐎𑐵𑐮𑐾𑐄𑐟𑑂𑐟𑑀𑐟𑑂𑐟𑐬𑐖𑐸𑐬𑑀𑑌
7ac2a2f7,𑐨𑐹𑐩𑐶𑐥𑐟𑐶𑑅𑐳𑐸𑐟𑑀𑐐𑐸𑐞𑐣𑐶𑐢𑐶𑐬𑑂𑐫𑑂𑐫𑐱𑑂𑐰𑐾𑐣𑑂𑐡𑑂𑐬𑐩𑐮𑑂𑐮𑐵𑐩𑐶𑐢𑑅𑐱𑐸𑐡𑑂𑐢𑐵𑐔𑐵𑐬𑐰𑐟𑐷𑐐𑐸𑐞𑐣𑐶𑐮𑐫𑐵𑐟𑐸𑐮𑑂𑐫𑐵𑐴𑐬𑐾𑑅𑐎𑐵𑐣𑑂𑐟𑐫𑐵𑑅𑑌𑐟
f4b503da,𑑊𑐳𑑄𑐩𑑂𑐧𑐟𑑗𑑙𑑖𑐔𑐿𑐟𑐎𑐺𑐲𑑂𑐞
ccz1zb85,𑐧𑐵𑐬𑐫𑐾𑐱𑑂𑐬𑐷𑑒𑐳𑑂𑐰𑐫𑐨𑐸𑐬𑑂𑐔𑐾𑐟𑑂𑐫𑐨𑐚𑑂𑐚𑐵𑐬𑐎𑐳𑐣𑐶𑐢𑐵𑐣𑐾𑐀𑐡𑑂𑐫𑐵𑐡𑐶𑑋𑑋𑐡𑐵𑐣𑐥𑐟𑐶𑐎𑐵𑐟𑐶𑐥𑐸
62z851ad,𑐞𑐬𑐣𑐸𑐥𑐩𑑀𑐬𑐹𑐥𑐬𑐟𑐷𑐰𑐮𑑂𑐮𑐨𑑀𑐢𑐾𑐫𑑂‌𑐫𑐬𑑂𑐡𑐵𑐱𑐬𑐠𑐶𑐲𑑂𑐥𑑂𑐬𑐟𑐵𑐥𑐟𑐟𑐶𑐩𑐶𑐱𑑂𑐔𑐞𑑂𑐜𑑅𑐥𑑂𑐬𑐔𑐞𑑂𑐜𑐵𑑐𑐱𑐸𑐎𑑅𑑋𑐐𑐵
75c7290b,𑐳𑑂𑐠𑐵𑐣𑐳𑑂𑐫𑐂𑐴𑐾𑐰𑐥𑐹𑐞𑑂𑐫𑐨𑐹𑐩𑑁𑑌𑐀𑐡𑑂𑐫𑑅𑐱𑑂𑐬𑐵𑐰𑐞𑐩𑐵𑐳𑑂𑐫𑐱𑐎𑑂𑐬𑐥𑐎𑑂𑐲𑐟𑐺𑐟𑐶𑐫𑐵𑐟𑐶𑐠𑑁𑐥𑐹
4fc913df,𑐣𑐩𑑅𑐱𑑂𑐬𑐷𑐟𑑂𑐬𑐶𑐬𑐟𑑂𑐣𑐩𑐹𑐬𑑂𑐟𑑂𑐟𑐨𑑂𑐫𑑅𑑌𑐩𑐵𑐬𑐰𑐶𑐖𑐶𑐨𑑂𑐫𑐳𑐧𑐮𑑄𑐳𑐴𑐶𑐥𑐸𑐬𑐸𑐏𑐳𑐶𑑄𑐴𑐵𑑍𑐢𑑂𑐫𑐵𑐣𑐳𑐸𑐏𑐣𑐨𑐶𑐩𑐸𑐏
9azd09f1,𑐰𑐵𑐥𑐸𑐫𑐩𑐵𑐮𑐨𑑀𑐕𑐶𑐩𑐸𑐒𑐵𑐰𑐰𑐶𑐔𑑂𑐕𑑂𑐫𑐵𑐨𑑀𑐖𑐣𑐫𑐵𑐫𑐩𑐵𑐬𑑋𑑋𑑋𑑋𑑊𑐳𑐩𑑂𑐰𑐟𑑂
619d5c5f,𑐥𑐶𑐟𑑂𑐬𑑀𑑅𑐳𑑂𑐰𑐬𑑂𑐐𑑂𑐐𑐳𑑂𑐠𑐶𑐬𑐵𑐫𑐔𑑌𑐐𑐴𑐣𑐟𑑂𑐬𑐧𑐳𑑀𑐰𑐬𑑂𑐲𑐦𑐵𑐮𑑂𑐐𑐸𑐞𑐱𑐸𑐎𑑂𑐮𑐥𑐎𑑂𑐲𑐎𑑀𑐡𑐸
99bfc480,𑐧𑐖𑑂𑐬𑐵𑐬𑑂𑐫𑐵𑐥𑑂𑐥𑐴𑐰𑐿𑑌𑑑𑑌𑐢𑐬𑑂𑐩𑐔𑐶𑐟𑑂𑐟𑐿
05015ba8,𑐖𑐐𑐟𑑂𑐎𑐵𑐬𑐶𑐞𑐷𑑋𑐳𑑄𑐳𑐵𑐬𑐵𑐩𑑂𑐧𑐸𑐢𑐶𑐟𑐵𑐬𑐶𑐞𑐷𑐣𑐶𑐖𑐥𑐡𑐵𑐳𑐎𑑂𑐟𑐢𑐶𑐳𑑄𑐴𑐵𑐬𑐶𑐞𑐷𑐱𑐩𑑂𑐨𑐸𑐎𑑂𑐬𑑀𑐜
4d79f118,𑐬𑐟𑑂𑐣𑐟𑑂𑐬𑐫𑐵𑐫𑐣𑐩𑑌𑐣𑐩𑐱𑑂𑐬𑐷𑑓𑐢𑐬𑑂𑐩𑑂𑐩𑐢𑐵𑐟𑐸𑐧𑐾𑐣𑐩𑑌𑐁𑐎𑐵
f8a7d833,𑐥𑐵𑐬𑑂𑐰𑑂𑐰𑐟𑐷𑐱𑐎𑑂𑐟𑐶𑐳𑑄𑐳𑑂𑐠𑐶𑐟𑑄𑐩𑐺𑐟𑑂𑐫𑐸𑐣𑑂𑐖𑐫𑐱𑐶𑐰𑑄𑐧𑐣𑑂𑐡𑐾𑐱𑐒𑑂𑐎𑐬𑑄𑐖𑐐𑐡𑐷𑐱𑑂𑐰𑐬𑑄𑑌𑑉𑐣𑐩𑑀𑐬𑐟𑑂𑐣𑑄𑐟𑑂𑐬
2791145c,𑐡𑐶𑐰𑑂𑐫𑑁𑐲𑑂𑐲𑐢𑑄𑑍𑐡𑐾𑐰𑑄𑐣𑑁𑐩𑐶𑐴𑐬𑐶𑑄𑐟𑑂𑐬𑐶𑐮𑑀𑐎𑐳𑐸𑐏𑐡𑑄𑐥𑑄𑐔𑐵𑐟𑑂𑐩𑐎𑑄𑐎𑐾𑐱𑐰𑑄𑑌𑐥𑐮𑐵𑐡𑐥𑑂𑐬𑐞𑐟𑑍𑐥𑑂𑐬𑐳𑐣𑑂𑐣𑐰𑐡𑐣
7bca8c97,𑐥𑐬𑐾𑐲𑐸𑐳𑑂𑐰𑐬𑑂𑐐𑑂𑐐𑐥𑑂𑐬𑐵𑐥𑑂𑐟𑑂𑐫𑐬𑑂𑐠𑐬
zd1f58d7,𑐖𑑂𑐬𑐵𑐔𑐵𑐫𑐾𑐱𑑂𑐬𑐷𑐰𑑂𑐫𑐏𑐵𑐳𑐶𑑄𑐴𑐡𑐾𑐰𑑍𑐔𑐎𑐾𑐱𑑂𑐰𑐬𑐷𑐫𑐵𑐒𑐣𑐡𑐵𑐣𑐥𑐟𑐶𑐨𑐵𑐳𑑂𑐎𑐬𑐡𑐾𑐰𑐳𑑄𑐳𑑂𑐎𑐵
8f1464f1,𑐡𑐶𑐰𑐵𑐣𑐶𑐥𑑀𑐮𑐫𑐵𑐟𑑄𑐐𑐸𑐐𑐸𑐬𑐖𑐧𑑑𑐠𑑂𑐰𑐟𑐾𑐣𑐶𑐟𑑂𑐫𑐥𑐹𑐖𑐵𑐫𑐵𑐟𑐖𑐸𑐬𑑀𑐩𑑀𑐚𑑄𑑑𑐱𑑂𑐬𑐷𑐏𑑄𑐜𑐡𑑄𑐕𑐶𑐫𑐵𑐟𑑄𑑌𑑌𑐡𑐾𑐰𑐮𑐴𑐶𑐎𑐧𑑂𑐬𑐵𑐴𑑂𑐩𑐞𑐫𑐵𑐟𑐡𑑄
19d15352,𑐎𑑂𑐲𑐟𑐵𑐲𑑂𑐥𑐚𑐔𑐫𑐵𑐴𑐩𑐵𑐱𑑂𑐔𑐳𑐥𑑂𑐟𑐵𑐰𑑂𑐢𑐫𑑅𑑌𑐟𑐵𑐬𑐵𑐣𑐵𑐠𑐥𑐡𑐵𑐬𑑂𑐠𑐳𑐥𑑂𑐟𑐰𑐮𑐶𑐟𑐾𑐣𑐾𑐥𑐵𑐮𑐳𑐩𑑂𑐰
9cc1f68b,𑐬𑑂𑐩𑑂𑐩𑐵𑐟𑑂𑐩𑐵𑐩𑐞𑐶𑐬𑐟𑑂𑐣𑑅𑐟𑐳𑑂𑐫𑐨𑐵𑐬𑑂𑐫𑑂𑐫𑐵𑐐𑑄𑐐𑐵𑐖𑐾𑐲𑑂𑐚𑐥𑐸
b048ab2b,𑑊𑐳𑑄𑐧𑐟𑑗𑑙𑑗𑐧𑐿𑐱𑐵𑐏𑐱𑐸𑐎𑑂𑐮𑐥𑐸𑐬𑑂𑐞𑑂𑐞𑐩
17azb27z,𑐳𑐳𑐾𑐒𑐵𑐌𑐰𑐣𑐳𑐵𑐳𑐸𑐣𑐵𑐞𑑄𑐮𑑂𑐴𑑂𑐰𑐣𑐾𑐡𑐸𑐖𑐸𑐬𑑀𑐨𑐵𑐳𑑂𑐎𑐮𑐡𑐾𑐌𑐳𑐣𑑂𑐎𑐵𑐮𑐶𑐟𑐱𑑂𑐬𑐷𑐎𑐾𑐳𑑀𑐔𑐣𑑂𑐡𑑂𑐬𑐎𑐺𑐟𑐥𑐵𑐬𑐵𑐰𑐬𑑂𑐟𑑂𑐟𑐩𑐴𑐵𑐰𑐶𑐴𑐵𑐬𑐳𑑂𑐛𑐶𑐟𑑍𑐱𑐸
0b24bza3,𑐳𑑄𑐒𑐨𑐵𑐬𑑀𑑍𑐮𑐐𑐸𑐬𑐵𑐩𑐨𑐵𑐬𑑀𑑍𑐳𑐸𑐏𑐸𑐣𑐨𑐵𑐬
b9567ff3,𑑉𑐀𑐡𑑂𑐫𑑅𑐧𑑂𑐬𑐩𑑂𑐴𑐞𑑀𑐡𑑂𑐢𑐶𑐟𑐷𑐫𑐥𑐬𑐵𑐡𑑂𑐢𑐾𑑍𑐱𑐷𑐫𑐟𑐧𑐬𑐵𑐴𑐵𑐎𑐬𑐥𑐾𑐰𑐿𑐰𑐰𑐱𑑂𑐰𑐟𑐩𑐣𑑂𑐰𑐎𑐬𑐾𑐀𑐲𑑂𑐚𑐵𑐰𑐶𑐱
11dzba10,𑐮𑐵𑐳𑐶𑐢𑐎𑑄𑐣𑐶𑐧𑐾𑐡𑐣𑐫
106567f7,𑐱𑑂𑐬𑐷𑑓𑐩𑐡𑐵𑐬𑑂𑐫𑑂𑐫𑐵𑐧𑐮𑑀
50db5c07,𑐟𑐶𑐔𑐰𑐶𑐏𑑂𑐫𑐵𑐟𑐵𑐟𑐳𑑂𑐫𑐨𑐵𑐬𑑂𑐫𑑂𑐫𑐵𑐥𑐟𑐶𑐰𑑂𑐬𑐟𑐵𑑌𑐟𑐫𑑀𑑅𑐥𑐸𑐟𑑂𑐬𑐳𑐸𑐢𑐷𑐳𑐷𑐳𑑂𑐎𑐷𑐬𑑂𑐟𑐶𑐳𑐶𑑄𑐴𑐂
43bd31b1,𑐳𑐫𑑄𑐫𑐵𑐖𑐸𑐎𑑂𑐟𑐮𑑄𑐏𑐸𑐩𑐔𑐵𑐮𑐳𑐩𑐡𑐸𑑋𑑋
d845bdaf,𑐬𑐱𑑂𑐬𑐷𑐱𑐵𑐎𑑂𑐫𑐳𑐶𑑄𑐴𑐟𑐠𑐵𑐐𑐟𑐳𑑂𑐫𑑀𑐟𑑂𑐫𑐵𑐡𑐶𑑌𑑌𑐳𑑂𑐰𑐳𑑂𑐟𑐶
49953ba8,𑐮𑐢𑐬𑑂𑐩𑑂𑐩𑐔𑐎𑑂𑐬𑐧𑐵𑐴𑐵𑐫𑐵𑐱𑑂𑐬𑐷𑐧𑐖𑐵𑐔𑐵𑐬𑑂𑐫𑑂𑐫
9fb40019,𑑌𑐫𑐳𑑂𑐫𑐵𑑅𑐳𑐸𑐣𑐸𑐬𑐨𑐹𑐣𑑂𑐩𑐸𑐬𑐵𑐬𑐶𑐔𑐬𑐞𑐢𑑂𑐫𑐵𑐣𑐵𑐩𑑂𑐧𑐸𑐢𑑁𑐟𑐵𑐱𑐫𑑅𑐳𑑄𑐐𑐷𑐟𑐵𑐩𑑂𑐧𑑄𑐢𑐶𑐥𑐵𑐐𑐩𑑀𑐬𑐶𑐥𑐸𑐟𑐩𑑀𑐰𑐶𑐑𑑂𑐣𑑄𑐳𑐨𑐵𑐳𑑂𑐰𑐟𑑂𑐳𑐩
659a55a7,𑐳𑑂𑐟𑑂𑐬𑐵𑐬𑑂𑐠𑐰𑐶𑐟𑑂𑐟𑐟𑐸𑐮𑑂𑐫𑑀𑐣𑐢𑐬𑐵𑐥𑐟𑐶𑐬𑑂𑐨𑐸𑐰𑐶𑐟𑐡𑐵𑐰𑐎𑐞𑑂𑐛𑐣𑐵𑐠𑑀𑐥𑐩𑑅𑑌𑐁𑐳𑐷𑐡𑑂𑐫𑑀𑐐𑐣𑐬𑐾𑐣𑑂𑐡𑑂𑐬𑐩𑐮𑑂𑐮𑐣𑐺𑐥𑐟𑐶𑑅𑐱𑑂𑐬𑐷𑐱𑑂𑐬𑐷𑐣𑐶𑐰𑐵𑐳𑐵𑐟𑑂𑐩𑐖𑑀𑐫𑐟𑑂𑐟𑐸𑐮𑑂𑐫𑑀𑐨𑐸
21ab52a2,𑐱𑐸𑐨𑐱𑐣𑑂𑐟𑐸𑐳𑐬𑑂𑐰𑑂𑐰𑐡𑐵𑐎𑐵𑐮𑑄𑑋𑑋
2b0360dc,𑐰𑐮𑐖𑑂𑐫𑐵𑐳𑐔𑐶𑐣𑑂𑐟𑐵𑐫𑐵𑐎𑐥𑐵𑐟𑑂𑐬𑐰𑑄𑐱𑐬𑐵𑐰𑐸𑐟𑐟𑐰𑐨𑑂𑐫𑐵𑐮𑑄𑐨𑐵𑐎𑐟𑐸𑐎𑑀𑐠𑑂𑐫𑐟𑐰𑐨𑑂𑐫𑐵𑐮𑐥𑐵𑐟𑑂𑐬𑐰𑑄𑐱𑐬𑐵𑐰𑐸𑐟𑑂𑐟𑐬𑐟𑑂𑐣𑐬𑐵𑐖𑐨𑐵𑐬𑑀𑐨𑑂𑐬𑐵𑐟𑑂𑐟𑐾𑐳
8z3746a9,𑐳𑐵𑐐𑐬𑑄𑑋𑐀𑐩𑐺𑐟𑐵𑐨𑐵𑐨𑐶𑐟𑐩𑑁𑐮𑐶𑑍𑐴𑐬𑐵𑐴𑐬𑑄𑐣𑐬𑐵𑐩𑑂𑐫𑐴𑑄𑑋𑑋𑐧𑐸𑐡𑑂𑐰𑑄𑐢𑐬𑑂𑐩𑑂𑐩𑐣𑑂𑐟𑐠𑐵𑐳𑑄𑐑𑑍𑐊𑐎𑑀
4080za52,𑐡𑐎𑐣𑐶𑐬𑑂𑐩𑑂𑐩𑐶𑐟𑑄𑐳𑐸𑐰𑐶𑐢𑐶𑐧𑐟𑑂𑐕𑐟𑑂𑐰𑐵𑐥𑑂𑐬𑐟𑐶𑐲𑑂𑐛𑐵𑑄𑐥𑐬𑐵𑑄𑐳𑑂𑐰𑐾𑐲𑑂𑐛𑐱𑑂𑐬𑐷𑐥𑐳𑐶𑐟𑐸𑐲𑑂𑐛
a68af42a,𑐩𑐴𑐵𑐬𑐵𑐖𑐵𑐢𑐶𑐬𑐵𑐖𑐱𑑂𑐬𑐷𑐱𑑂𑐬𑐷𑐖𑐫𑐥𑑂𑐬𑐟𑐵𑐥𑐩𑐮𑑂𑐮𑐡𑐾𑐰𑐥𑑂𑐬𑐨𑐸𑐠𑐵𑐎𑐸𑐬𑐳𑑂𑐫𑐰𑐶𑐖𑐫𑐬𑐵𑐖𑑂𑐫𑑅
440f1b69,𑐞𑑂𑐜𑐿𑐳𑐟𑐶𑐮𑐵𑐎𑑂𑐲𑐟𑑄𑐔𑐳𑐫𑐧𑑄𑐳𑐶𑐣𑑂𑐡𑐹𑐬𑐥𑑄𑐔𑐵𑐩𑐺𑐟𑑄𑑋𑐢𑐹𑐥𑑄𑐡𑐷𑐥𑑄𑐳𑐵𑐫𑑄𑐥𑐹𑐣
6a712zz1,𑐳𑑂𑐰𑐟𑐶𑐣𑐎𑑂𑐲𑐟𑑂𑐬𑐾𑐥𑐬𑐶𑐢𑐫𑑀𑐐𑐾𑐰𑐺𑐴𑐳𑑂𑐥𑐟𑐶𑐰𑐵𑐳𑐬𑐾𑐠𑑂𑐰𑐎𑐸𑐣𑑂𑐴𑐸𑐱𑑂𑐬𑐷𑑒𑐬𑐸𑐡𑑂𑐬𑐩𑐟𑐷𑐠𑐎𑐸𑐣𑐷𑐖𑐸𑐳𑑂𑐣𑐮𑑀𑐴𑑀𑐡𑐾𑐰𑐮𑐡𑐫
a45a76d8,𑐫𑐵𑐀𑐦𑐧𑐹𑐮𑑀𑑔𑐢𑐮𑐶𑐏𑐾𑐮𑐎𑑀𑐧𑐸𑐮𑑀𑑗𑐎𑐬𑑂𑐲𑑒𑐀𑐟𑐥𑐵𑐧𑐹𑐮𑑀𑑑
5a0ddc81,𑐏𑐬𑐡𑐾𑐰𑐟𑑂‍𑐥𑐟𑑂𑐣𑐷𑐮𑐎𑑂𑐲𑑂𑐩𑐷𑐡𑐾𑐰𑐷
bb3c84z0,𑐩𑑄𑐖𑑀𑐱𑑂𑐬𑐷𑐮𑐣𑑂𑐴𑐾𑐳𑐵𑐎𑑂𑐫𑐰𑑄𑐱𑐱𑑂𑐬𑐷𑐎𑐮𑑂𑐫𑐵𑐣𑐳𑐶𑑄𑐒𑐖𑐸𑐨𑐵𑐟𑐺𑐥𑐸𑐟𑑂𑐬𑐱𑑂𑐬𑐷𑐖𑐫𑐬𑐟𑑂𑐣𑐖𑐸𑐊𑐣𑐰𑐰𑐎𑑀𑐩𑐟𑐶𑐟𑑀𑐕𑐾𑐥𑐸𑐣𑐳𑐶𑑄𑐴
bzz469b5,𑑊𑐳𑐩𑑂𑐧𑐟𑑂𑑘𑑕𑑖𑐁𑐏𑐵𑐝𑐱𑐸𑐡𑐶
6a711717,𑐠𑑂𑐰𑐟𑐾𑐫𑐵𑐐𑐸𑐠𑐶𑐖𑐫𑐥𑐟𑐶𑐎𑑂𑐬𑐖𑐸𑑌𑐠𑑂𑐰𑐬𑐮𑐎𑑂𑐲
2f5zac91,𑐳𑐴𑑍𑐨𑐵𑐬𑑂𑐫𑑂𑐫𑐵𑐩𑐣𑑀𑐳𑑂𑐫𑐵𑐟𑑂𑐩𑐖𑐰𑐖𑑂𑐬𑐵𑐔𑐵𑐫𑐶𑐏
a3d8d76z,𑐣𑐖𑑀𑐐𑐾𑐳𑐣𑐶𑐔𑐬𑐧𑐵𑐳𑐬𑐾𑑋𑑋𑐧𑐶𑐥𑑂𑐬𑐱𑑂𑐬𑐷𑐧𑐶𑐩𑐮𑐵
afd41468,𑐱𑐸𑐨𑑌𑐳𑐩𑑂𑐰𑐟𑑂𑑘𑑑𑑙𑐰𑐿𑐱𑐵𑐲𑐎𑐺𑐲𑑂𑐞
ac688b45,𑐎𑑂𑐰𑐔𑐥𑐵𑐡𑐰𑐳𑑂𑐎𑐾𑐕𑑀𑐫𑐎𑐾𑐩𑐵𑐬𑑍𑐠𑑂𑐰𑐣𑐳𑐟𑐶𑐎𑐸𑐣𑑂𑐴𑐸𑐳𑑄𑐐𑐫𑐵𑐟𑑍𑐳𑐩𑑂𑐴𑐔𑐧𑐶𑐫𑐩𑐵𑐬𑑍𑐰
ab8a94f8,𑐱𑑂𑐬𑐷𑑓𑐩𑐡𑐵𑐬𑑂𑐫𑑂𑐫𑐵𑐧𑐮𑑀
f83z1a80,𑐀𑐱𑑂𑐮𑐥𑐵𑐣𑐎𑑂𑐲𑐟𑑂𑐟𑑅𑐱𑐸𑐨𑐫𑑀𑐐𑐾𑑅𑐧𑐾𑐳𑐥𑐟𑐶𑐧𑐵𑐳𑐬𑐾𑑅
zb83f01b,𑐱𑑂𑐬𑐷𑑓
3aa93zb6,𑐁𑐬𑑂𑐫𑑂𑐫𑐟𑐵𑐬𑐵
042dfb63,𑐟𑑂𑐬𑑅𑐣𑐶𑐮𑐬𑐟𑑂‍𑐣𑐥𑐸𑐟𑑂𑐬𑐶𑐔𑐣𑑂𑐡𑑂𑐬𑐩𑐵𑐫𑐵𑐠𑑂𑐰𑐟𑐾𑐥𑐬𑐶𑐧𑐵
63bzd18b,𑐱𑑂𑐬𑐷𑑓
8b2d1dc9,𑐡𑐎𑑀𑐫𑐵𑐟𑑄𑐡𑐎𑑂𑐲𑐶𑐞𑐵𑐰𑐶𑐳𑑂𑐫𑑄𑐫𑐵𑐒𑐵𑐠𑑂𑐰𑐟𑐾
c68d4a6d,𑐖𑐮𑐵𑐏𑐸𑐧𑐸𑐬𑑀𑑑𑐎𑐵𑐳𑐵𑐎𑑂𑐰𑐧𑐸𑐬𑑀𑑒𑐎𑐬𑑂𑐲𑑑𑑍𑐎𑑀𑑄𑐮𑑂𑐴𑐵𑐡𑑀𑐮𑐧𑐸𑑍𑐬𑑀𑑒𑐩𑑄𑐢𑐮𑐵𑐧𑐸𑑍𑐬𑑀𑑒𑐥𑐸𑐟𑐶𑐮𑐵𑐧𑐸
8a3775d6,𑐖𑑂𑐘𑐮𑐫𑐟𑐵𑐕𑐾𑐬𑐵𑐰𑐟𑑍𑐰𑐶𑐟𑐸𑐳𑐶𑐴𑐣𑐳𑑂𑐰𑐴𑐳𑑂𑐟𑐣𑐳𑑂𑐰𑐰𑐶𑐡𑑂𑐫
a7603bz2,𑐥𑐸𑐟𑑂𑐬𑐳𑑂𑐫𑐨𑐵𑐬𑑂𑐫𑑂𑐫𑐵𑐡𑐡𑐸𑐩𑐞𑐷𑑍𑐡𑐸𑐴𑐶𑐟𑐐𑑂𑐜𑐞𑐵𑐡𑑂𑐢𑐶𑐣𑐷𑐫𑐥𑐸𑐟𑑂𑐬𑐷𑐀𑐣𑑂𑐣𑐧𑐸𑐥𑑁
2acca0f3,𑐱𑑂𑐬𑐵𑐟𑐟𑐳𑑀𑐨𑐸𑐥𑐵𑐟𑑂‍𑐩𑐳𑐾𑐣𑐩𑑅𑑌𑑌𑐳𑑂𑐰𑐳𑑂𑐟𑐶𑐱𑑂𑐬𑐷𑐐𑐶𑐬𑐶𑐬𑐵𑐖𑐾𑐣𑑂𑐡𑑂𑐬𑐔𑐎𑑂𑐬𑐔𑐸𑐜𑐵𑐩𑐣𑐾𑐟𑑂𑐫𑐵𑐡𑐶
2c5600d4,𑐣𑐶𑐩𑑂𑐟𑑂𑐬𑐷𑐥𑐸𑐬𑐸𑐲𑐣𑑍𑐥𑐸𑐟𑑂𑐬𑐢𑐶𑐬𑐖𑐩𑑂𑐟𑑂𑐬𑐷𑐂𑐣𑑂𑐡𑐮𑐎𑑂𑐲𑑂𑐩𑐷𑐩𑑂𑐟𑑂𑐬𑐷𑐢𑑄𑐣
36d36d9d,𑐬𑐶𑐴𑐬𑐴𑐬𑐴𑐬𑑂𑐩𑑂𑐫𑐴𑐬𑐰𑐵𑐴𑐣𑐨𑐬𑐴𑐬𑐶𑐞𑐵𑐎𑑂𑐲𑐷𑐴𑐵𑐳𑐴𑐷𑐬𑐎𑐴𑐶𑐞𑑂𑐜𑐷𑐬𑐥𑐶𑐞𑑂𑐜𑐴𑐮𑐢𑐬𑐢𑐰𑐮
19bf459a,𑐱𑑂𑐬𑐷𑑓𑐰𑐵𑐐𑑂𑐩𑐟𑑂𑐫𑐣𑐩𑑅𑑌
d75b8dbd,𑐳𑑂𑐠𑐵𑐣𑐳𑑂𑐫𑐂𑐴𑐾𑐰𑐥𑐹𑐞𑑂𑐫𑐨𑐹𑐩𑑁𑑌𑐀𑐡𑑂𑐫𑑅𑐱𑑂𑐬𑐵𑐰𑐞𑐩𑐵𑐳𑑂𑐫𑐱𑐎𑑂𑐬𑐥𑐎𑑂𑐲𑐟𑐺𑐟𑐶𑐫𑐵𑐟𑐶𑐠𑑁𑐥𑐹
0a408db2,𑐨𑐵𑐣𑐷𑐮𑐥𑐡𑑂𑐩𑐘𑐩𑐸𑐞𑑂𑐜𑑄𑑍𑐎𑐬𑐵𑐩𑑂𑐨𑑀𑐬𑐸𑐴𑐣𑐵𑐰𑐴𑐣𑑂𑐟𑐷𑑄𑐳𑑂𑐩𑐶𑐟𑐵𑐳𑑂𑐫𑐵𑑄𑑋𑐣𑐩𑐳𑑂𑐫𑐵𑑄𑐰𑐶𑐬𑑄𑐔𑐷𑐣𑑂𑐡𑑂𑐬𑐰𑐺𑐣𑑂𑐡𑐵𑐬𑐎𑑁𑐰𑑍𑐬
b9bcd69d,𑐟𑑂𑐬𑐱𑑂𑐬𑐷𑐬𑐟𑑂‍𑐣𑑅𑐡𑑂𑐧𑐶𑐟𑐶𑐫𑐥𑐸𑐟𑑂𑐬𑐢𑐣𑐬𑐟𑑂‍𑐣𑐟𑐺𑐟𑐶𑐫𑐥𑐸
1azcc0z2,𑑊𑑉𑐣𑐩𑑅𑐱𑑂𑐬𑐷𑐧𑐖𑑂𑐬𑐳𑐟𑑂‍𑐧𑐵𑐫𑑌𑐧𑐣𑑂𑐡𑐾𑐱𑑂𑐬𑐷
z044d82f,𑐥𑐬𑐵𑐐𑐥𑐶𑐘𑑂𑐖𑐬𑐶𑐟𑐩𑐸𑐟𑑂𑐟𑐩𑐵𑐡𑑂𑐐𑐱𑑂𑐬𑐷𑐱𑐎𑑂𑐟𑐶𑐳𑐶𑑄𑐴𑐬𑐵𑐩𑐬𑐵𑐖𑑂𑐬𑐸𑐳𑑂𑐫𑐧𑐶𑐖𑐫
116z8df5,𑐳𑐡𑐵𑐨𑐎𑑂𑐟𑐶𑐣𑑁𑐣𑐶𑐥𑑂𑐬𑐥𑐺𑐖𑑂𑐫𑑄𑑌𑐩𑐞𑐷𑐳𑐶𑑄
f893a6f5,𑐖𑐫𑐳𑐩𑐫𑐧𑐵𑐴𑐵𑐬𑐫𑐵𑐧
5d4f187z,𑐟𑑂‍𑐥𑐟𑑂𑐣𑐷𑐮𑐎𑑂𑐲𑑂𑐩𑐷𑐡𑐾𑐰𑐷𑐣𑐡𑐫
5bbz41dd,𑐎𑐸𑐬𑐖𑐸𑐢𑑂𑐰𑐣𑐾𑐴𑑂𑐩𑐳𑐾𑐣𑐔𑐶𑐣𑑂𑐟𑐵𑐫𑐵𑐒𑐵
42z4f121,𑐎𑑂𑐟𑐷𑐱𑑂𑐰𑐣𑐵𑐩𑑂𑐣𑐶𑐔𑐟𑐟𑑂𑐳𑐴𑑀𑐡𑐬𑐣𑐵𑐩𑐰𑑋𑑋𑐖
cad772a4,𑐳𑐶𑑄𑐴𑑀𑐡𑐫𑐵𑐥𑐬𑑅𑑋𑐨𑐷𑐩𑐳𑐾𑐣𑐳𑐩𑑅𑐳𑐵𑐬𑐾𑐳𑐬𑑂𑐰𑐱𑐟𑑂𑐬𑐸𑐰𑐶𑐣𑐵𑐱𑐎𑑅𑑌𑐀𑐖𑐷𑐖𑐣𑐔𑑂𑐕𑐷𑐖𑐫𑐰𑐶𑐲𑑂𑐞𑐸𑐩𑐮𑑂𑐮𑐳𑑂𑐟𑐳𑑂𑐫𑐵𑑄
73866771,𑑊𑐳𑐫𑑀𑐳𑑂𑐟𑐸𑑋𑑋𑐱𑑂𑐬𑐷𑑓𑐐𑑂𑐰𑐬𑑀𑐎𑐥𑐵𑐡𑐸𑐎𑐵𑐳𑐡𑐷
a1dzbd13,𑐰𑐟𑑂𑐳𑐬𑐾𑑋𑐔𑐟𑑂𑐬𑐾𑐩𑐵𑐳𑐶𑐳𑐶𑐟𑐾𑐡𑐶𑐣𑐾𑐬𑐸𑐐𑐸𑐬𑑀𑑅𑐲𑐲𑑂𑐛𑑂𑐫𑐵𑑄𑐟𑐶𑐠𑑁𑐳𑑄𑐫𑐟𑐾𑑋𑐱𑑂𑐬𑐷𑐩𑐡𑑂𑐨𑐬𑐰𑐩𑐹𑐬𑑂𑐟𑑂𑐟𑐶𑐱𑐎𑑂𑐟𑐶
9bf1ac99,𑐎𑑂𑐬𑐩𑐵𑐟𑐵𑐖𑐣𑑂𑐟𑐮𑐎𑑂𑐲𑑂𑐩𑐷𑐢𑐷𑐬𑑂𑐖𑐮𑐎𑑂𑐲𑑂𑐩𑐷
275bad77,𑐰𑐳𑑂𑐎𑐾𑐳𑐶𑐟𑑀𑐮𑐣𑐡𑐸𑐟𑐵𑐊𑐎𑐩𑐹𑐎𑐐𑑂𑐫𑐵𑐮𑐡𑑀𑐴𑑀𑐬𑐫𑐵
f9211007,𑐴𑐬𑑂𑐲𑐳𑑀𑐨𑐵𑐥𑑁𑐟𑑂𑐬𑐴𑐶𑐬𑐵𑐎𑐺𑐲𑑂𑐞𑐴𑐶𑐬𑐵𑐬𑐟𑑂𑐣𑐠𑐸𑐟𑐶𑐥𑐬𑐶𑐰𑐵𑐬𑐳𑐩𑐸𑐔𑑂𑐔𑐖𑐸𑐫𑐵𑐌𑐔𑑀𑐣𑐵𑐰𑐾𑐮𑐳𑐢𑐬𑑂𑐩𑐔𑐶𑐟𑑂𑐟𑐄𑐟𑑂𑐥𑐟𑐶𑐖𑐸𑐫𑐵𑐌𑐱𑑂𑐬𑐷𑑓𑐳𑑂𑐰𑐫𑑄𑐨𑐸𑐔𑐿𑐟𑑂𑐫𑐫𑐵𑐔𑐟𑐸𑐬𑑂𑐡𑐷𑐐𑐳𑐣𑑂𑐴𑐵𑐥𑐵𑐫𑐵𑐳𑐶𑐡𑑂𑐢𑐵𑐥𑐣𑐶𑐳𑑂𑐫𑐣𑑄𑐥𑑂𑐫𑐐𑑂𑐰
z5z673ab,𑑌𑐡𑑂𑐬𑑁𑐥𑐟𑐷𑐳𑐴𑐶𑐟𑑄𑐨𑐷𑐩𑑄𑑍𑐩𑑄𑐣𑑂𑐡𑐶𑐬𑐾𑐞𑐳𑐩𑐣𑑂𑐰𑐶𑐟𑑄𑑋𑐊𑐟𑐡𑑂𑐡𑐶
487z9c8d,𑐮𑑂𑐫𑑍𑐲𑐐𑐣𑐵𑐫𑐵𑑄𑑍𑐱𑑂𑐬𑐷𑑓𑐐𑐸𑐖𑐾𑐖𑑀𑐐𑐱𑑂𑐰𑐬𑐷𑐮𑐲𑐎𑐡𑐾𑐱𑐾𑑍𑐱𑑂𑐬𑐷𑑓𑐥𑐱𑐸𑐥𑐟𑐶𑐳𑑄𑐣𑑂𑐫
cfz21dd8,𑐕𑐥𑐬𑑂𑐧𑑂𑐧𑐟𑐫𑐵𑐧𑐵𑐮𑐳𑑚𑐔𑐿𑐟𑑂𑐫𑐡𑐫𑐎𑐵𑐟𑐫𑐵𑐖𑐸𑐮𑑌𑐠𑐸𑐐𑐸𑐥𑐸𑐞𑐾𑐣𑐡𑐶𑐧𑑄𑐐𑐟𑐥𑐶𑐟𑐵
81d25f5d,𑐱𑑂𑐬𑐷𑐩𑐩𑐴𑐵𑐬𑐵𑐖𑐵𑐢𑐷𑐬𑐵𑐖𑐱𑑂𑐬𑐷𑐱𑑂𑐬𑐷𑐱𑑂𑐬𑐷𑐥𑐺𑐠𑑂𑐧𑐷𑐧𑐷𑐬𑐧𑐶𑐎𑑂𑐬
4af56874,𑐩𑐟𑑂𑐫𑐵𑐥𑐹𑐬𑑂𑐰𑑂𑐰𑐎𑐸𑐬𑐾𑑍𑐱𑑂𑐬𑐷𑐩𑐎𑐵𑐟𑑂𑐟𑐶𑐥𑐸𑐮𑐶𑐩𑐵𑐴𑐵𑐣𑐐𑐬𑐾𑑍𑐱𑑂𑐬𑐷𑑒𑐫𑐩𑐩𑐬𑐾𑐱𑑂𑐰𑐬𑐨𑐚𑑂𑐚𑐵𑐬𑐎
z579c3c0,𑐎𑐵𑐳𑐎𑐾𑐣𑐎𑐰𑐶𑐴𑐵𑐬𑐶𑐮𑐶𑐰𑐶𑐕𑐾𑐫𑐵𑐥𑐸𑐬𑑂𑐞𑐶𑐩𑐵𑐳𑐾𑐰𑐵𑐐𑐸𑐠𑐶𑐫𑐵𑐫𑑀𑐐𑑂𑐰𑐵𑐬𑐨𑑀
95z93581,𑐳𑐴𑐶𑐟𑑄𑐳𑑄𑐳𑑂𑐠𑐵𑐥𑐫𑐵𑐩𑐵𑐳𑐳𑑍𑐎𑐺𑐟𑑂𑐰𑐵𑐟𑐟𑑂𑐬𑐣𑐬𑐾𑐣𑑂𑐡𑑂𑐬𑐨𑐹𑐥𑐟𑐶𑐩𑐞𑐶𑐴𑑀𑐩𑑄𑐔𑐎𑑀𑐚𑑂𑐫𑐵𑐴𑐸𑐟𑐶𑑄𑑌𑑐𑑌
c912919f,𑐁𑐬𑑂𑐫𑑂𑐫𑐟𑐵𑐬𑐵
b49z0b05,𑐠𑐳𑑂𑐫𑑄𑐮𑑀𑐨𑐩𑐫𑐵𑐎𑐵𑐮𑐾𑐄𑐟𑑂𑐟𑑀𑐟𑑂𑐟𑐬𑐖𑐸𑐬𑑀𑑌
zzb1cca7,𑐠𑑂𑐰𑐟𑐾𑑘𑐩𑑂𑐴𑐳𑐩𑐸𑐬𑑂𑐔𑐫𑐣𑐱𑑂𑐬𑐷𑑓𑐳𑐶𑐡𑑂𑐢𑐶
addz26ca,𑐳𑐸𑐏𑐩𑐫𑐡𑐾𑐴𑐶𑐣𑐵𑐩𑑀𑐎𑑂𑐲𑐴𑐾𑐟𑐸𑑌𑑑𑑌𑐁𑐟𑑂𑐩𑐬𑐎𑐵𑐬
8c30323c,𑐱𑑂𑐬𑐷𑐱𑑂𑐬𑐷𑐖𑐫𑐥𑑂𑐬𑐟𑐵𑐥𑐩𑐮𑑂𑐮𑐡𑐾𑐰𑐥𑑂𑐬𑐨𑐸𑐠𑐵𑐎𑐸𑐬𑐳𑑂𑐫𑐰𑐶𑐖𑐫𑐬𑐵𑐖𑑂𑐫𑑅𑑋𑑋𑐱𑑂𑐬𑐷𑐳𑐸𑐰𑐬𑑂𑐞𑑂𑐞𑐥𑐞𑐵𑐮𑐶𑐩𑐴𑐵
c399zadd,𑐎𑐾𑐢𑐎𑑄𑐢𑐵𑐬𑐳𑐵𑐡𑐾𑐰𑐫𑐵𑐳𑐸𑐡𑐶𑐳𑑂𑐟𑐷𑐮𑐵𑐎𑐖𑐸𑐬𑑀𑐨𑐶𑐒𑐵𑐱𑐸𑐨𑐩
cfd90zdc,𑐣𑐾𑐲𑑂𑐛𑑍𑐨𑐵𑐳𑑂𑐫𑐮𑐳𑐶𑑍𑐟𑐳𑑂𑐫𑐳𑑂𑐟𑑂𑐬𑐷𑐐𑑂𑐫𑐵𑐣𑐖𑑀𑐟𑐶𑑌𑐥𑐸𑐟𑑂𑐬𑐠𑐵𑐎𑐸𑐳𑐶𑑄𑐥𑑂𑐟
ffzb5f46,𑐳𑐶𑐡𑑂𑐢𑐶𑐎𑐵𑐮𑐷𑐩𑐫𑐵𑐡𑐟𑑂𑐟𑑄𑐡𑐾𑐰𑐷𑐥𑐸𑐬𑐶𑑄𑐰𑑂𑐬𑐖𑐵𑐩𑑂𑐫𑐴𑑄𑑋𑑋𑑒𑑋𑑋𑐀𑐡𑑂𑐫𑑍𑐱𑑂𑐰𑐟𑐧𑐵
dfaz4112,𑐳𑑄𑐰𑐟𑑂‌𑑘𑑘𑑕𑐱𑑂𑐬𑐵𑐰𑑄𑐎𑐺𑐲𑑂𑐞𑑍𑐀𑐩𑐵𑐰𑐵𑐳𑐶𑑍𑐠𑐸𑐎𑐸𑐣𑑂𑐴𑐸𑑍𑐱𑑂𑐬𑐷𑑓𑐨𑐐
7z5fddd6,𑐨𑐹𑐩𑐶𑐥𑐟𑐶𑑅𑐳𑐸𑐟𑑀𑐐𑐸𑐞𑐣𑐶𑐢𑐶𑐬𑑂𑐫𑑂𑐫𑐱𑑂𑐰𑐾𑐣𑑂𑐡𑑂𑐬𑐩𑐮𑑂𑐮𑐵𑐩𑐶𑐢𑑅𑐱𑐸𑐡𑑂𑐢𑐵𑐔𑐵𑐬𑐰𑐟𑐷𑐐𑐸𑐞𑐣𑐶𑐮𑐫𑐵𑐟𑐸𑐮𑑂𑐫𑐵𑐴𑐬𑐾𑑅𑐎𑐵𑐣𑑂𑐟𑐫𑐵𑑅𑑌𑐟
zfd9d1ab,𑐥𑐡𑐵𑐬𑐰𑐶𑐣𑑂𑐡𑐫𑐸𑐐𑐮𑐾𑐨𑐺𑐒𑑂𑐐𑐵𑐫𑐟𑐾𑐫𑐣𑑂𑐩𑐣𑑅𑑋𑐰𑐵𑐐𑑂𑐩𑐟𑑂𑐫𑐵𑐳𑑂𑐟𑑂𑐬𑐶𑐥𑐸𑐬𑐵𑐣𑑂𑐟𑐎𑐳𑑂𑐫𑐔𑐴𑐬𑐾𑐬𑑂𑐢𑑂𑐫𑐵𑐣𑐵𑐣𑐸𑐬𑐎𑑂𑐟𑑅𑐳𑐡𑐵𑑍𑐳𑑀𑐫𑐱𑑂𑐬𑐷𑐮𑐮𑐶𑐟𑐵𑐥𑐸𑐬𑐾𑐣𑐺𑐥𑐩𑐞𑐶𑑅
86542608,𑐑𑐾𑐮𑐎𑐳𑑂𑐟𑐶𑐕𑐥𑐵𑐟𑐡𑐸𑐡𑐸𑑍𑐣𑐵𑐐𑐬𑐵𑐖𑐵𑐫𑐵𑐣𑐵𑐩𑐣𑑄𑑍𑐥𑑂𑐬𑑑𑐖𑐵𑐎𑐶𑐥𑑂𑐬𑑑𑐡𑐸𑐡𑐸𑐂𑐟𑐶
1b343fzc,𑐔𑐶𑐣𑑂𑐴𑐾𑐰𑐟𑑂𑐳𑐬𑐾𑐰𑐶𑐲𑑂𑐞𑐸𑐴𑐾𑐟𑑀𑑅𑐎𑐣𑐎𑐬𑐔𑐶𑐟𑐎𑐸𑐩𑑂𑐨𑑄𑐩𑐾𑐡𑐶𑐣𑐷𑐱𑑀𑐰𑑂𑐫𑐢𑐣𑑂𑐟𑑌𑐱𑐸𑐨𑐩𑐳𑑂𑐟𑐸𑐳𑐬𑑂𑐰𑑂𑐰𑐖𑐐𑐟𑐵𑑄𑐱𑐶𑐰𑑄𑑌
1d078ca4,𑐟𑐶𑐳𑐸𑐧𑐬𑑂𑐞𑑂𑐞𑐥𑐣𑐵𑐬𑐶𑐩𑐴𑐵𑐣𑐐𑐬𑐾𑑍𑐟𑑄𑐧𑐮𑐵𑐕𑐶𑐟𑑂‍𑐰𑐵𑐮𑐫𑐵𑑍𑐟𑐸𑐮𑐵𑐢𑐬𑑍𑐢𑐬𑑂𑐩𑑂𑐩𑐞𑐵𑐬𑐵𑐫𑐞
409a5f50,𑐌𑐧𑐮𑐚𑑀𑐮𑐾𑐎𑐸𑐎𑑂𑐲𑐾𑐫𑐵𑐧𑑄𑐱𑐱𑐵𑐎𑑂𑐫𑐨𑐶𑐎𑑂𑐲𑐸𑑌𑐢
881cf45a,𑐩𑑂𑐫𑐳𑐵𑐟𑐴𑐵𑐬𑑂𑐫𑑂𑐫𑐵𑐐𑐸𑐞𑐳𑐸𑐣𑑂𑐡𑐬𑐷𑑌𑐟𑐣𑑂𑐩𑐢𑑂𑐫𑐩𑑀𑐰𑐶𑐱𑑂𑐰𑐳𑐶𑑄𑐴𑑀𑐩𑐸𑐜𑐳𑐶𑑄𑐴𑑅𑐎𑐣𑐶𑐲𑑂𑐛𑐎𑑅𑐫𑐵𑐟𑐵
6a3d9bfc,𑐰𑐳𑐟𑐶𑑄𑐎𑐸𑐬𑑂𑐰𑐣𑑂𑐴𑐶𑐎𑑀𑐚𑑂𑐫𑐵𑐴𑐸𑐟𑐶𑐔𑐎𑑂𑐬𑐾𑐎𑐮𑑂𑐥𑐟𑐬𑐸𑑄𑐢𑐬𑐵𑐡𑐶𑐰𑐶𑐲𑐡𑐾𑐡𑐟𑑂𑐰𑐵𑐔𑐟𑐥𑑂𑐟𑐸𑑄𑐐𑐟𑐁𑐳𑐷𑐟𑑂𑐳𑐶𑐡𑑂𑐢𑐶𑐟𑐺𑐳𑐶𑑄𑐴𑐩𑐮𑑂𑐮𑐣𑐺𑐥𑐟𑐶𑑅𑐥𑐸𑐟𑑂𑐬𑐵𑐫𑐬𑐵𑐖𑑂𑐫𑑄𑐡𑐡𑐣𑑂𑑋𑐟𑐳𑑂𑐫
7f3c2zad,𑐎𑑂𑐰𑐵𑐔𑐥𑐵𑐡𑐾𑐰𑐳𑑂𑐎𑐾𑐕𑑀𑐫𑐎𑐾𑐩𑐵𑐬𑐠𑑂𑐰𑐣𑐳𑐟𑐶𑐎𑐸𑐣𑑂𑐴𑐸𑐳𑐐𑐫𑐵𑐟𑐳𑐩𑑂𑐴𑐔𑐧𑐶𑐫𑐾𑐩𑐵𑐬𑐰
afff82c5,𑐟𑐬𑐎𑑂𑐲𑑂𑐩𑐶𑑍𑐢𑐩𑐂𑑍𑐠𑑂𑐰𑐳𑐾𑐣𑑍𑐱𑑂𑐰𑐐𑑂𑐫𑑂𑐬𑐴𑐾𑑍𑐩𑐣𑐳𑐂𑐔𑑂𑐕𑑂𑐫𑐵𑐢𑐩𑑂𑐩𑐔𑐶𑐟𑑂𑐟𑐄𑐟𑑂𑐫𑐖𑐸𑐫𑐵𑐌𑑍𑐳𑐶𑐬𑐵
2f75b9cf,𑐖𑑀𑐟𑐶𑐧𑐸𑐬𑑀𑑑𑑋𑑋𑐮𑐵𑐐𑑄𑐧𑐸𑐬𑑀𑑑𑐳𑐩𑑂𑐧𑐸𑐟𑐶𑑄𑐧𑐸𑐎𑑂𑐬
z623ddd1,𑐮𑑂𑐫𑑍𑐲𑐐𑐣𑐵𑐫𑐵𑑄𑑍𑐱𑑂𑐬𑐷𑑓𑐐𑐸𑐖𑐾𑐖𑑀𑐐𑐱𑑂𑐰𑐬𑐷𑐮𑐲𑐎𑐡𑐾𑐱𑐾𑑍𑐱𑑂𑐬𑐷𑑓𑐥𑐱𑐸𑐥𑐟𑐶𑐳𑑄𑐣𑑂𑐫
8438f0zf,𑐳𑑄𑐐𑐕𑐶𑐫𑐵𑐟𑐡𑑄𑐡𑐎𑑂𑐲𑐞𑐵𑐠𑐶𑐖𑐣𑐥𑐣𑐶𑐳𑐾𑐣𑐳𑐟𑐥𑑂𑐥𑑂𑐫𑐵
15c4z714,𑐱𑐵𑐎𑑂𑐫𑐩𑐸𑐣𑐶𑐱𑑂𑐬𑐷𑐢𑐣𑐱𑑂𑐬𑐷𑐢𑐩𑑂𑐩𑐐𑐶𑐬𑐶𑑍𑐎𑐶𑐣𑑂𑐴𑐳𑐶𑑄𑐴𑐨𑐵𑐰𑑍𑐟𑐰𑐢𑐶𑐎𑐨𑐵𑐰𑑍𑐧𑐶𑐣𑑂𑐴𑐸𑐨𑐵𑐰𑑍𑐣𑑂𑐴𑐰𑐣𑐨𑐵
f8a16c8b,𑐨𑐵𑐮𑐣𑐫𑐣𑐳𑐩𑐸𑐟𑑂𑐠𑐰𑐵𑐮𑐰𑐣𑑂𑐴𑐶𑐨𑐳𑑂𑐩𑐷𑐨𑐸𑐟𑐳𑑂𑐩𑐬𑐳𑑂𑐩𑐬𑐞𑐵𑐣𑐸𑐟𑑂𑐳𑐸𑐎𑐎𑐬𑐞𑐳𑐸𑐣𑑂𑐡𑐬𑐱𑑂𑐬𑐷𑐱𑑂𑐬𑐷𑐱𑑂𑐬𑐷
dfzz2ac9,𑐳𑑂𑐠𑐵𑐣𑐳𑑂𑐫𑑍𑐂𑐴𑐾𑐰𑐥𑐹𑐞𑑂𑐫𑐨𑐹𑐩𑑌𑐀𑐡𑑂𑐫𑑅𑐱𑑂𑐬𑐵𑐰𑐞𑐩𑐵𑐳𑑂𑐫𑐱𑐎𑑂𑐬𑐥𑐎𑑂𑐲𑐟𑐺𑐟𑐶𑐫𑐵𑐟𑐶𑐠𑑁𑑍𑐥𑐹
a8zb3bzf,𑐨𑐵𑐬𑑂𑐫𑑂𑐫𑐵𑐳𑐨𑐡𑑂𑐬𑐵𑐳𑐵𑐎𑑄𑐣𑐶𑐲𑑂𑐛𑐳𑑂𑐫𑐥𑑂𑐬𑐶𑐫𑐵𑐳𑐟𑐷𑑌𑐰𑐵𑐳𑐶𑑄𑐴𑐂𑐟𑐶𑐰𑐶𑐏𑑂𑐫𑐵𑐟𑑀𑐩𑐢𑑂𑐫𑐩𑐞𑐵𑐟𑑂𑐩𑐖𑑅
790ab5b4,𑐬𑐐𑑂𑐰𑐟𑑂𑐬𑐫𑐵𑐟𑐕𑐶𑑍𑐡𑐫𑐎𑐵𑐟𑐵𑐬𑐖𑐸𑐕𑐶𑑍𑐡𑐟𑐵
baz1c732,𑐨𑐵𑐐𑐸𑐞𑐩𑐵𑐳𑐶𑐬𑑂𑐎𑐬𑐟𑐶𑐠𑑁𑐟𑐾𑐔𑐣𑑂𑐡𑑂𑐬𑐥𑐿𑐧𑐾𑐡𑐸𑐢𑑀
b60c4c46,𑐥𑑂𑐬𑐟𑐶𑐩𑐵𑐳𑐥𑑄𑐔𑐩𑐷𑐳𑐾𑐰𑐵𑐖𑑀𑐳𑑂𑐫𑑄𑑍𑐀𑐟𑐶𑐩𑐴𑐵𑐩𑐣𑑀𑐴𑐬𑑂𑐲𑐞𑑍𑐱𑑂𑐬𑐷𑑓𑐀𑐎𑑂𑐲𑑀
3f123z5c,𑐬𑐵𑐖𑐵𑐢𑐶𑐬𑐵𑐖𑑍𑐬𑐵𑐖𑐬𑐵𑐖𑐾𑐣𑑂𑐡𑑂𑐬𑑍𑐎𑐰𑐷𑐣𑑂𑐡𑑂𑐬𑐱𑑂𑐬𑐷𑐱𑑂𑐬𑐷𑐖𑐫𑐥𑑂𑐬𑐟𑐵𑐥𑐩𑐮𑑂𑐮𑐡𑐾𑐰𑐥𑑂𑐬𑐨𑐸𑐠𑐵𑐎𑐸𑐮𑐳𑑂𑐫
5938755c,𑐎𑐳𑑂𑐫𑐥𑐸𑐟𑑂𑐬𑐴𑐬𑑂𑐲𑐣𑐬𑐳𑐶𑑄𑐣𑐷𑐩𑑂𑐴𑐢𑑄𑑍𑐩𑐸𑐣𑐶𑐢𑐣𑐎𑐳𑑂𑐫
b8c8a92b,𑐱𑑂𑐬𑐷𑐱𑐵𑑑𑑘𑑓𑑒𑐱𑑂𑐬𑐷𑐰𑐶𑑑𑑙𑑖𑑗𑐱𑑂𑐬𑐷
f14ac4z5,𑐢𑐣𑑍𑐮𑐎𑑂𑐲𑑂𑐩𑐷𑐁𑐫𑐸𑐁𑐬𑑀𑐖𑑂𑐘𑐾𑐰𑐺𑐡𑑂𑐢𑐶𑐬𑐳𑑂𑐟𑐸𑑋𑑋𑐂𑐴𑐾𑐟𑑂𑐬𑐳𑐸𑐏
z8dcc9fa,𑐖𑐩𑐎𑐞𑑂𑐜𑐶𑐎𑐵𑐫𑐳𑐴𑐶𑐟𑑀𑐫𑑀𑐐𑐩𑑂𑐧𑐬𑑀𑐣𑐵𑐫𑐎𑑅𑐳𑐬𑑂𑐰𑑂𑐰𑐥𑐬𑑂𑐞𑑂𑐞𑑅𑐥𑐬𑐩𑐵𑐡𑐶𑐧𑐸𑐡𑐨𑐐𑐰𑐵𑐣𑐰𑐣𑑂𑐡𑐾
c8c9f4d5,𑐖𑑂𑐘𑐵𑐟𑐫𑐵𑐮𑐶𑐱𑐶𑐟𑑅𑐄𑐟𑑂𑐥𑐵𑐡𑐰𑑂𑐫𑐫𑐰𑐬𑑂𑐖𑐶𑐟𑑀𑐎𑑂𑐲𑐫𑐳𑐸𑐏𑑀𑐴𑐵𑐳𑑂𑐫𑑂‌𑐫𑐡𑐶𑐳𑑀𑐏𑑂𑐫𑐵𑐣𑑂𑐰𑐶𑐟𑑅𑐮𑑀𑐎𑐵𑐣𑐵𑑄
z7b6374b,𑐬𑐰𑐶𑐡𑐶𑐣𑐱𑑂𑐬𑐰𑐞𑐬𑑂𑐎𑑂𑐲𑐾𑐎𑐸𑐩𑑂𑐨𑐳𑑄𑐳𑑂𑐠𑐾𑐱𑐸𑐩𑐵𑐮𑐵𑐩𑐣𑐳𑐶𑐖𑐟𑐶𑐠𑐶𑐩𑐵𑐑𑐾𑐎𑐺𑐲𑑂𑐞𑐵𑐥𑐎𑑂𑐲𑐾𑐟𑐶𑐬𑐩𑑂𑐫𑐾𑐆𑐟𑐸𑐰𑐳𑐸𑐬𑐳
86181f41,𑑊𑑉𑐣𑐩𑑅𑐱𑑂𑐬𑐷𑐧𑐖𑑂𑐬𑐳𑐟𑑂‍𑐧𑐵𑐫𑑌𑐧𑐣𑑂𑐡𑐾𑐱𑑂𑐬𑐷
885z68cf,𑐣𑐢𑐬𑑂‍𑐩𑐥𑑂𑐬𑐟𑐶𑐲𑑂𑐛𑐵𑐳𑐡𑐾𑐧𑐳𑐡𑑂𑐰𑐫𑐎𑐵𑑌𑐱𑑂𑐬𑐷𑐱𑑂𑐬𑐷𑐥𑐱𑐹𑐥𑐟𑐶𑐥𑐵𑐡𑐵𑐬𑐧𑐶𑐣𑑂𑐡
71004805,𑐫𑐵𑐒𑐵𑐖𑐸𑐬𑑀𑐢𑐶𑐖𑐶𑐠𑐶
727ba290,𑐫𑐵𑐟𑐡𑑄𑑒𑐡𑐾𑐰𑐳𑑂𑐟𑑄𑐡𑐎𑑂𑐲𑐶𑐞𑐵𑐡𑑄𑑘𑐥𑐹𑐖𑐵𑐰𑐵𑐬𑐶𑐳𑑂𑐰𑐩𑐳𑑂𑐟𑑄𑐠𑑂𑐰𑐟𑐾𑐡𑐫𑐎𑑄𑐥𑐹𑐖𑐵𑐫𑐵𑐫𑐩𑐵𑐮𑑌𑑌𑐠𑑂𑐰𑐟𑐾𑐄
2b5111c8,𑐥𑐩𑐢𑐮𑐶𑐥𑐸𑐟𑑂𑐬𑐀𑐲𑑂𑐟𑐳𑐶𑑄𑐴𑐎𑐳𑐾𑐨𑐵𑐬𑑂𑐫𑐵𑐖𑐫𑐰𑐣𑑂𑐟𑐷𑐡𑑂𑐰𑐶𑐟𑑂𑐫𑐢𑐬𑑂𑐩𑑂‍𑐩𑐵𑐟𑐳𑑂𑐫
9dfbzc2z,𑐫𑐵𑐟𑐵𑐳𑐶𑐣𑑂𑐡𑐸𑐡𑑂𑐟𑐸𑐡𑑂𑐬𑐵𑑄𑐳𑐸𑐡𑑂𑐟𑐡𑑂𑐫𑐵𑑍𑐩𑐢𑑀𑐔𑐵𑐩𑐥𑐵𑐞𑑁𑐱𑐬𑐞𑑂𑐫𑐵𑑄𑐳𑑂𑐩𑐬𑐵𑐩𑐶𑑌𑑖𑑌𑐳𑑂𑐰𑐎𑐷𑐫𑐵𑐳𑐣𑐵𑐨𑑂𑐫𑐵𑐳𑐐𑐵𑐨𑑂𑐫𑐩𑐸𑐨
ab4fzc17,𑐥𑐸𑐬𑑂𑐞𑑂𑐞𑐩𑐵𑐳𑐷𑐱𑑂𑐬𑐷𑐔𑐣𑑂𑐡𑑂𑐬𑐳𑐾𑐏𑐬𑐡𑐾𑐰
93bd5d0z,𑐬𑑀𑑌𑐱𑐸𑐨𑑄𑑌𑑅𑑌𑑛𑑌𑑐𑑌
48f8adb0,𑐥𑐶𑐞𑑄𑑋𑐥𑑄𑐔𑐟𑐟𑑂𑐟𑑂𑐰𑐵𑐟𑑂𑐩𑐎𑑄𑐡𑐾𑐰𑑄𑐥𑑂𑐬𑐵𑐳𑐵𑐡𑐾𑐳𑑂𑐠𑐵𑐥𑐶𑐟𑑀𑐣𑐺𑐥𑑌𑑋𑐥𑑂𑐬𑐵𑐳𑐵𑐡𑐩𑐾𑐣𑐩𑐟𑐶𑐨𑐎𑑂𑐟𑐶𑐩𑐟𑐵𑐰𑐶𑐟𑐷𑐫𑑂‌𑐬𑑂𑐫𑑍𑐣𑐵𑐬𑐵𑐫𑐞𑐵𑐫
ba6134ff,𑐣𑑂𑐟𑐵𑑍𑐬𑐵𑐩𑐨𑐡𑑂𑐬𑐨𑐵𑐬𑑀𑐳𑐡𑐵𑐡𑐾𑐰𑐨𑐵𑐬𑑀𑐮
48z3aa41,𑐳𑐶𑑄𑐴𑐣𑐎𑐀𑐥𑐸𑐞𑐵𑐎𑐵𑐊𑐳𑐩𑑄
8f75f562,𑐬𑐩𑑂𑐴𑑄𑑌𑑖𑑌𑐳𑐩𑐸𑐴𑐖𑐸𑐫𑐵𑐌𑐔𑑀𑐣𑐵𑐧𑐾𑐮𑐳𑐢𑐬𑑂𑐩𑑂𑐩
8130c254,𑐣𑐳𑐾𑐣𑐎𑐾𑐢𑐎𑑄𑐢𑐵𑐮𑐳𑐵𑐡𑐾𑐰𑐫𑐵𑐎𑐸𑐡𑐶𑐳𑑂𑐟𑐷𑐮𑐵𑐎𑐖𑐸𑐫𑐰𑐨𑐶𑐣
5f60z1f1,𑐎𑐬𑐵𑐎𑐖𑐸𑐬𑑀𑑌𑐩𑐳𑐾𑐣𑐎𑑄𑐨𑐶𑐣𑐎𑑂𑐬𑐳𑐵𑑍𑐄𑐟𑑂𑐬𑑀𑐎𑑂𑐟𑐦𑐮𑐬𑐵𑐎𑐖𑐸𑐬𑑀𑑌
4b9a9db9,𑐡𑐾𑐰𑐥𑑂𑐬𑐨𑐸𑐛𑐵𑐎𑐸𑐮𑐳𑐣𑐳𑑂𑐰𑐣𑐐𑐬𑑄𑐕𑐐𑐸𑐮𑐣𑐸𑐫𑐵𑐰𑐣𑐾𑐥𑐵𑐮𑐾𑐱𑑂𑐰𑐬𑐖𑐸𑐫𑐵𑐰𑐰𑐶𑐖𑐫𑐬𑐵𑐖𑑂𑐫𑐫𑐵𑐒𑐰𑐶𑐖𑑂𑐫𑐵𑐎𑑍𑐠𑐠𑐶𑑄𑐀𑐰𑐳𑐬𑐳𑐱𑑂𑐬𑐷𑑓𑐨𑐷𑐩𑐳𑐾
a0aacz75,𑐬𑑂𑐞𑑂𑐞𑑍𑐧𑐺𑐴𑐾𑐳𑑂𑐥𑐟𑐶𑐧𑐵𑐳𑐬𑐾𑑍𑐳𑐶𑑄𑐢𑐬𑐵𑐱𑐶𑐐𑐟𑐾𑑍𑐳𑐧𑐶𑐟𑐬𑐶𑐩𑐶𑐠𑐸𑐣𑐬𑐵𑐱𑐶𑐐𑐟𑐾𑐔𑑄𑐣𑑂𑐡𑑂𑐬𑐩𑐱𑐶𑑋𑑋
d856b68f,𑐣𑐐𑑂𑐰𑐮𑐖𑐸𑐎𑑂𑐰𑐄𑐠𑐵𑐫𑐳𑑄𑐟𑐫𑐩𑐵𑐬𑑍𑐎𑐬𑐵𑐔𑐶𑐟𑑀𑐥𑐶𑐄𑐠𑐵𑐫𑐳𑐩𑐟
4z43c7b5,𑑊𑐣𑐶𑐟𑑂𑐫𑑄𑐱𑑂𑐬𑐷𑐱𑐶𑐰𑐮𑐶𑑄𑐐𑐥𑐸𑐖𑐣𑐧𑐶𑐢𑑁𑐎𑐵𑐬𑑂‍𑐫𑑄𑐖𑐣𑐿𑐳𑑂𑐟𑐟𑑂‍𑐥𑐬𑐿𑑅𑐱𑑂𑐬𑐷𑐏
180zc860,𑐐𑑂𑐰𑐣𑐶𑐡𑐵𑐣𑐫𑐵𑐟𑐳𑐵𑐳𑑂𑐫𑐴𑐵𑐫𑐸𑐣𑐵𑐥𑐵𑐎𑐟𑐟𑐢𑐖𑐖𑐸𑐫𑐵𑐴𑐵𑐫𑐳𑐬𑐵𑐎𑐴𑐵𑐮𑑀𑑌𑐱𑐸𑐨
c075c77z,𑑊𑑉𑐱𑑂𑐬𑐷𑑓𑐨𑐷𑐩𑐳𑐾𑐣𑐵𑐫𑐣𑐩𑑅𑑌𑑌𑐡𑑀𑐬𑑂𑐡𑐞𑑂𑐜𑐾𑐣𑐧𑐮𑐾𑐣𑐫𑐾𑐣𑐣𑐶𑐴𑐟𑑀𑐡𑐸𑑅𑐱𑐵𑐣𑑂𑐟𑐡𑐸𑑅𑐱𑐵𑐳𑐣𑑀𑑍𑐫𑐸𑐡𑑂𑐢𑐾𑐨𑐷𑐲𑐞𑐫𑐵𑐖𑐑𑐵𑐣𑐐𑐡𑐫𑐵𑐡𑐸𑐂𑐬𑑂𑐫𑑀𑐢𑐣𑑄𑐫𑑀𑑇𑐢𑐩
d12ca229,𑐎𑐬𑑂𑐲𑑓𑐣𑐶𑐩𑐾𑐡𑐶𑐧𑐸𑐮𑑀𑑑𑐠𑑂𑐰𑐟𑐾𑐫𑐵𑐧𑐮𑐳𑐵𑐣𑐣𑐴𑑄𑐣𑐎𑐵𑐬𑑂𑐟𑑂𑐟𑐶𑐎𑐣
09a12a31,𑑍𑐎𑐸𑐟𑐸𑐳𑐶𑑄𑐴𑐰𑐡𑐾𑐖𑐸𑐠𑑂𑐰𑐟𑐾𑐳𑐾𑐣𑑍𑐳𑐾𑐮𑑂𑐴𑐳𑑍𑐰𑐬𑑂𑐲𑐥𑑂𑐬𑐟𑐶𑐀𑐰𑐶𑐔𑑂𑐕𑐶𑐣𑑂𑐣𑐫𑐵𑐒𑐔𑐶𑐣𑑂𑐟𑐵𑐫𑐵𑐫𑐩𑐵𑐮𑐖𑐸𑐬𑑀𑑌𑑌𑐨𑐹𑐫𑑌𑐟𑐰𑐡𑐴𑐳𑐶𑐎𑑂𑐲𑐾𑐟𑑂𑐬
c9c2z525,𑐄𑐟𑑂𑐬𑐨𑐡𑑂𑐬𑐱𑐸𑐨𑐖𑑀𑐐𑐧𑐸𑐢𑐰𑐵𑐬
50z446cf,𑑑𑐄𑑃𑐣𑐩𑑅𑐱𑑂𑐬𑐷𑐢𑐬𑑂𑐩𑑂𑐩𑐢𑐵𑐟𑐰𑐾𑑋𑑋𑐣𑐩𑐳𑑂𑐟𑐸𑐔𑐿𑐟𑑂𑐫𑐵𑐫𑐳𑐸𑐐𑐟𑐵𑐟𑑂𑐬𑐫𑐵𑐫𑐰𑐶𑐱𑐸𑐡𑑂𑐢𑐬𑐸𑐥𑐵𑐫𑐥𑐬𑑂𑐖𑑂𑐘𑐵𑐬
33d13c78,𑐰𑐵𑐳𑑁𑐨𑐰𑐵𑐧𑑂𑐢𑐾𑑅𑑌𑐣𑐾𑐥𑐵𑐮𑐾𑐰𑐟𑑂𑐳𑐸𑐬𑐾𑐳𑑂𑐩𑐶𑐣𑐣𑐫𑐣𑐱𑐬𑐐𑐖𑐬𑑄𑐎𑐶𑐟𑐾𑐖𑑂𑐫𑐾𑐲𑑂𑐛𑐩𑐵𑐳𑐾𑑍𑐥𑑄𑐔𑐩𑑂𑐫𑐵𑑄𑐱𑐸𑐎𑑂𑐮𑐥𑐎𑑂𑐲𑐾𑑍𑐳𑐸𑐬𑐐𑐞𑐐𑐸𑐬𑐸𑐨𑐾𑐰𑐺𑐡𑑂𑐢𑐶𑐫𑑀𑐐𑐾𑑇𑐣𑑂𑐴𑐶𑐳𑑁𑐩𑑂𑐫𑐾
861ccd83,𑐎𑐹𑑅𑐎𑑂𑐲𑐶𑐟𑐶𑐥𑐟𑐾𑑅𑐳𑐳𑑂𑐫𑐵𑐟𑑂𑐳𑐡𑐵𑐩𑐵𑐣𑑂𑐫𑐩𑐺𑐟𑑂𑑌𑐧𑑂𑐬𑐩𑑂𑐴𑐵𑐣𑐾𑐟𑑂𑐬𑐡𑐶𑐐𑐒𑑂𑐐𑐣𑐵𑐒𑑂𑐎𑐳𑐴𑐶𑐟𑐾𑐣𑐾𑐥𑐵𑐮𑐳
z4d27f15,𑐩𑐵𑐩𑐶𑐩𑐵𑑄𑐱𑐸𑐨𑐎𑐬𑐷𑐫𑐲𑑂𑐚𑐸𑑅𑐳𑐩𑐳𑑂𑐫𑐵𑐥𑐫𑐟𑑂𑑌𑑌𑐀𑐟𑑅𑐥𑐬𑑄𑐣𑐾𑐥𑐵𑐮𑐨𑐵𑐲𑐵𑑌𑐳𑑄𑐰𑐟𑑂𑑘𑑒𑑕𑐖𑐾𑐲𑑂𑐛𑐱𑐸𑐎𑑂𑐮𑐡𑑂𑐰𑐵𑐡𑐱𑑂𑐫𑐵𑑄𑐟𑐶𑐠𑑁
a4ccb4af,𑐱𑐸𑐨𑑌𑐳𑐩𑑂𑐰𑐟𑑂‌𑑙𑑘𑑑𑐩𑐵𑐑𑐎𑐺𑐲𑑂𑐞𑑌𑐡𑐱𑐩𑐷𑑌𑐥𑐸𑐬𑑂𑐑𑐵𑐲𑐵𑐝𑐵𑐣𑐎𑑂𑐲𑐟𑑂𑐬𑐾𑑌
87z65119,𑐬𑐵𑐰𑐟𑐖𑐱𑐶𑐬𑐵𑐖𑐫𑐵𑐰𑐾𑐬𑐳𑑍𑐖𑑀𑐖𑐩𑐵𑐣𑐫𑐟𑐵𑐏𑐵
a372b059,𑐫𑐵𑐒𑐣𑐱𑑂𑐬𑐷𑑓𑐧𑐖𑑂𑐬𑐵𑐳𑐣𑐀𑐎𑑂𑐲𑑀𑐨𑑂𑐫𑐳𑐎𑐾𑐱𑑂𑐬𑐷𑑓𑐔𑐎𑑂𑐬𑐳𑐩𑑂𑐧𑐬𑐴𑐾𑐬𑐸𑐎𑐳𑐎𑐾
f0d60b11,𑐔𑐸𑐬𑑒𑐠𑑂𑐰𑐟𑐾𑐧𑐸𑐫𑐵𑐌𑐬𑐳𑐵𑐣𑐣𑐡𑐸𑐠𑐾𑐴𑐣𑐾𑐩𑐵𑐬𑑍𑐡𑐶𑐬𑐵𑐥𑐸𑐣𑑂𑐴𑐶𑐳𑐶𑐎𑐸𑐣𑑂𑐴𑐸𑐩𑐵𑐴𑐵𑐡𑐶𑐥𑐥𑐸
f7c71973,𑐫𑐰𑐵𑑄𑐕𑐶𑐟𑐵𑐬𑑂𑐠𑐥𑑂𑐬𑐡𑐵𑐣𑐳𑐩𑐬𑑂𑐠𑐵𑑄𑑌𑑑𑑕𑑌𑐂𑐟𑐶𑐱𑑂𑐬𑐷𑐬𑐵𑐖𑐬𑐵𑐖𑐾𑐱𑑂𑐰𑐬𑐱𑑂𑐬𑐷𑐱𑑂𑐬𑐷𑐎𑐰𑐵𑐣𑑂𑐡𑑂𑐬𑐖𑐫𑐥𑑂𑐬𑐟𑐵𑐥
31808645,𑐊𑐩𑐟𑐶𑐡𑐫𑐎𑐵𑐖𑐸𑐬𑑀𑐦𑐵𑐮𑑂𑐐𑐸
d80a34z9,𑐴𑑀𑐔𑑂𑐔𑐱𑐶𑐏𑐬𑑀𑐩𑐵𑐮𑐵𑐫𑐟𑐾𑐖𑐵𑐣𑑂𑐴𑐰𑐷𑑋𑐥𑐹𑐬𑑂𑐞𑐾𑐡𑐸𑑅𑐎𑐮𑐱𑐵𑐫𑐟𑐾𑐡𑐶𑐩𑐞𑐶𑐱𑑂𑐰𑐎𑐵𑐫𑐟𑐾𑐳𑐬𑑂𑐰𑑂𑐰𑐡𑐵𑑋𑐫𑐟𑑂𑐬𑐵𑐫𑑄𑐣𑐰𑐣𑐷𑐮
392c163z,𑐰𑑂𑐫𑐟𑐶𑐥𑐵𑐟𑐥𑐬𑐰𑐬𑐶𑐫𑐵𑐣𑐫𑑀𑐐𑑌𑐧𑐸𑐢𑐧𑐵𑐬𑑌𑐠𑑂𑐰𑐲𑐸𑐣𑑂𑐴𑐸𑐱𑑂𑐬𑐷𑑓𑐨𑐷𑐩𑐳𑐾𑐣𑐡𑐾𑐰𑐟𑐵
701fc7f5,𑐟𑐶𑐧𑐸𑐫𑐵𑐰𑐬𑐳𑐵𑐣𑐣𑑍𑐣𑐶𑐟𑑂𑐫𑐀𑐳𑑂𑐟𑐵𑑑𑐔𑐾𑐎𑐟𑐳𑑂𑐫𑑄𑐩𑐟𑐕𑑀𑐫𑐎𑐾𑐩𑐵𑐮𑑍𑐂𑐣𑑂𑐡𑑂𑐬𑐖𑐵𑐟𑑂𑐬𑐵𑐫𑐵𑐥𑐹𑐬𑑂𑐞𑑂𑐞𑐩𑐵
3d4474c4,𑐱𑐸𑐎𑑂𑐮𑑑𑑐
0c617df3,𑐧𑐵𑐣𑐾𑐳𑑂‍𑐰𑐬𑐟𑐵𑐬𑐜𑑀𑐠𑐜𑐂𑐢𑐵𑐬𑐧𑐸𑐣𑑀𑑑𑐔𑐸𑐣𑑑𑐡𑑀𑐴𑐣𑐥𑐟𑐫𑐵𑐖𑐸𑐣𑑀𑑅𑐠𑑂‍𑐰𑐔𑐸𑐫𑐵
2038dc52,𑐩𑐶𑐖𑐾𑐰𑐞𑐳𑐶𑑄𑐴𑐱𑑂𑐬𑐷𑐥𑐸𑐬𑐸𑐲𑐣𑐎𑑂𑐰𑐵𑐨𑐡𑐷𑐟𑐰𑐳𑐵𑐴𑐵𑐳𑐣𑐟𑐵𑐜𑐵𑐖𑐳𑐎𑐮𑑂𑐫𑐵𑐞
5cz7f5d0,𑐢𑐵𑐩𑐢𑑀𑐬𑐒𑑂𑐞𑐬𑐡𑐹𑐬𑑂𑐒𑑂𑐐𑐬𑐡𑑂𑐰𑐶𑐬𑐡𑐫𑐸𑐠𑐥𑐟𑐶𑐥𑐵𑐡𑑀𑐴𑐸𑐟𑐢𑐸𑐩𑐵𑐎𑐵𑐬𑐢𑐸𑐮𑐶𑐢𑑂𑐞𑐳𑐬𑐶𑐟𑐡𑐶𑐎𑑂𑐎𑐞𑐸𑐮𑐵𑐟𑐵𑐟𑑂𑐬𑑂𑐫𑐩𑐵𑐣𑐎𑐾
98dd8d6f,𑐨𑐫𑑀𑑅𑐳𑑂𑐠𑐵𑐥𑐫𑐵𑑌𑑓𑑌
92f2z8a4,𑐳𑐸𑐬𑑂𑐖𑐬𑐵𑐩𑐨𑐵𑐮𑑀𑐥𑐱𑐸𑐬𑐵𑐩𑐣𑐾𑐴𑑂𑐩𑐦𑐸𑐎𑐶𑐖𑐥𑐸𑐟𑑂𑐬
21a80a49,𑐮𑑂𑐮𑐡𑐾𑐰𑐥𑑂𑐬𑐨𑐸𑐠𑐵𑐎𑐹𑐬𑐳𑐄𑐨𑐫𑐬𑐵𑐖𑑂𑐫𑐳𑐥𑑂𑐬𑐵𑐢𑐵𑐣𑐵𑐒𑑂𑐐𑐴𑐵𑐎𑐹
58b46c84,𑐖𑐸𑐬𑑀𑑍𑐳𑐵𑐮𑐚𑑀𑐮𑐫𑐵𑐩𑐵𑐣
6z8797z8,𑐳𑐶𑑄𑐴𑑀𑐡𑐫𑐵𑐥𑐬𑑅𑑋𑐨𑐷𑐩𑐳𑐾𑐣𑐳𑐩𑑅𑐳𑐵𑐬𑐾𑐳𑐬𑑂𑐰𑐱𑐟𑑂𑐬𑐸𑐰𑐶𑐣𑐵𑐱𑐎𑑅𑑌𑐀𑐖𑐷𑐖𑐣𑐔𑑂𑐕𑐷𑐖𑐫𑐰𑐶𑐲𑑂𑐞𑐸𑐩𑐮𑑂𑐮𑐳𑑂𑐟𑐳𑑂𑐫𑐵𑑄
z7084bz0,𑐬𑐰𑐶𑐡𑐶𑐣𑐱𑑂𑐬𑐰𑐞𑐬𑑂𑐎𑑂𑐲𑐾𑐎𑐸𑐩𑑂𑐨𑐳𑑄𑐳𑑂𑐠𑐾𑐱𑐸𑐩𑐵𑐮𑐵𑐩𑐣𑐳𑐶𑐖𑐟𑐶𑐠𑐶𑐩𑐵𑐑𑐾𑐎𑐺𑐲𑑂𑐞𑐵𑐥𑐎𑑂𑐲𑐾𑐟𑐶𑐬𑐩𑑂𑐫𑐾𑐆𑐟𑐸𑐰𑐳𑐸𑐬𑐳
97261362,𑐳𑐖𑐵𑐎𑑂𑐫𑐾𑐦𑑄𑑙𑑐𑐧𑐶𑐫𑐩𑐵𑐮𑑌𑑌𑐖𑑂𑐫𑐾𑐲𑑂𑐛𑐱𑐸𑐎𑑂𑐮𑐡𑑂𑐰𑐵𑐡𑐱𑐷𑐠𑑂𑐰𑐎𑐸𑐣𑑂𑐴𑐸𑐴𑑀𑐩𑐖𑑀𑐮𑐣𑐩𑐵𑐮𑐎𑑀𑐴𑑂𑐩𑑄𑑑𑐡𑐸𑐐𑐸𑐠𑑂𑐰𑐟𑐾𑐡𑐫𑐎𑑄𑐴𑑀𑐩𑐫𑐵𑐫𑐖𑐸
z8846623,𑐬𑐖𑐸𑐫𑐩𑐵𑐮𑐠𑑂𑐰𑐏𑑄𑐧𑐵𑐳𑑂𑐫𑑄𑐎𑐸𑐳𑐵𑑌
cbd0z36z,𑐟𑐐𑑂𑐬𑐎𑐾𑐟𑐎𑐎𑐸𑐩𑐸𑐡𑑄𑐎𑐵𑐱𑐎𑑁𑐩𑐸𑐡𑐷𑐎𑐵𑐩𑐶𑐣𑐷𑐎𑐥𑐎𑑂𑐲𑐎𑐵𑐣𑑂𑐟𑐵𑐎𑐬𑑂𑐞𑑂𑐜𑐸𑐬𑐖𑐟𑐎𑐸𑐞𑑂𑐜𑐮𑐎𑐵𑐣𑑂𑐟𑐶𑐎
327510d1,𑐎𑐵𑐳𑐎𑐾𑐣𑐎𑐰𑐶𑐴𑐵𑐬𑐶𑐮𑐶𑐰𑐶𑐕𑐾𑐫𑐵𑐥𑐸𑐬𑑂𑐞𑐶𑐩𑐵𑐳𑐾𑐰𑐵𑐐𑐸𑐠𑐶𑐫𑐵𑐫𑑀𑐐𑑂𑐰𑐵𑐬𑐨𑑀
b45b3fd9,𑐬𑑂𑐡𑑂𑐡𑐞𑑂𑐜𑐰𑐶𑐩𑐸𑐎𑑂𑐟𑐰𑐵𑐞𑐣𑐶𑐎𑐬𑐵𑐎𑑂𑐬𑐵𑐣𑑂𑐟𑑀𑐟𑑂𑐟𑐩𑐵𑐒𑑂𑐐𑑀𑐬𑐶𑐥𑐬𑑂𑐨𑐾𑐖𑐾𑐔𑐵𑐧𑑂𑐢𑐶𑐰𑐣𑐵𑐡𑑂𑐬𑐶𑐐𑐴𑑂𑐰𑐬𑐐𑐸𑐴𑐵𑑄𑐴𑐶𑐟𑑂𑐰𑐵𑐳𑑂𑐰𑐎𑐷𑐫𑐵𑑄𑐥𑐸𑐬𑐷𑑄
83099a8b,𑐳𑐠𑐵𑐥𑐸𑐖𑐵𑐫𑐵𑐫𑐩𑐵𑐬𑐧𑐸𑐳𑐵𑐢𑐣𑐎𑐸𑐣𑑂𑐴𑐸𑐟𑐶𑐔𑑀𑐡𑑀𑐬𑐧𑐸𑐫𑐵𑐰𑐬𑐳𑐵𑐣𑐥𑐾𑐧𑑀𑐳𑐕𑐶𑐰𑑀𑐣𑐔𑐵𑐌𑐠
da517602,𑐖𑐸𑐫𑐵𑐌𑐀𑐧𑐸𑐖𑐸𑐩𑐵𑐩𑐣𑐶𑐩𑑂𑐴𑐳𑐫𑐵𑐣𑐵𑐩𑐣𑐱𑑂𑐬𑐷𑑓𑐧𑐖𑑂𑐬
409bzb5c,𑐥𑐾𑐨𑐬𑐟𑐏𑐞𑑂𑐜𑑍𑐨𑐬𑐟𑐧𑐬𑑂𑐲𑐁𑐬𑑂𑐫𑐵𑐰𑐟𑑂𑐟𑐡𑐾𑐱𑐾𑐴𑐾𑐩𑐰𑐡𑑂𑐡𑐎𑑂𑐲𑐶𑐞𑐥𑐵𑐡𑑍𑐣𑐾𑐥𑐵𑐬𑐩
617033c4,𑐮𑐵𑐫𑐸𑑍𑐖𑐶𑐬𑑂𑐞𑑂𑐞𑐄𑐡𑑂𑐢𑐵𑐬𑐫𑐵𑐳𑐵𑐳𑐸𑐏𑐵𑐰
72ab6zd1,𑐣𑐵𑐣𑐵𑐬𑐸𑐥𑐖𑐶𑐣𑐾𑐣𑑂𑐡𑑂𑐬𑑄𑐟𑐶𑐩𑐶𑐬𑐨𑐫𑐥𑐴𑐬𑐣𑐶𑐬𑑂𑐩𑐶𑐥𑑂𑐟𑑄
866a0z8f,𑐬𑐩𑑂𑐴𑑄𑑌𑑖𑑌𑐳𑐩𑐸𑐴𑐖𑐸𑐫𑐵𑐌𑐔𑑀𑐣𑐵𑐧𑐾𑐮𑐳𑐢𑐬𑑂𑐩𑑂𑐩
c56dfff4,𑐥𑐶𑐰𑐣𑐳𑐶𑐑𑐾𑐣𑐶𑐰𑑂𑐫𑐵𑐑𑐾𑐣𑐶𑐡𑐾𑐰𑐡𑐫𑐎𑐵𑐳𑐶𑐟𑑀𑐮𑐣
82d80a02,𑐢𑐵𑐟𑐸𑐔𑐿𑐟𑑂𑐫𑐡𑐫𑐎𑐵𑐌𑐥𑑂𑐬𑐟𑐶𑐲𑑂𑐛𑐵𑐳𑑄𑐥𑐸𑐬𑑂𑐞𑑂𑐞𑐫𑐵𑐣𑐵𑐖𑐸𑐮𑑀𑑋𑑋
14110d43,𑑊𑑉𑐣𑐩𑑅𑐬𑐟𑑂‍𑐣𑐟𑑂𑐬𑐫𑐵𑐫𑑌𑐀𑐞𑐱𑑀𑐬𑐶𑐬𑑂𑐩𑑂𑐩𑐮𑑀𑐟𑑂𑐨𑐹𑐟𑑀𑑍𑐣𑐶𑐲𑑂𑐥𑑂𑐬𑐥𑐘𑑂𑐔𑑅𑐐𑐸𑐞𑐵𑐱𑑂𑐬𑐫𑑅𑐥𑐘𑑂𑐔𑐳𑑂𑐎𑐥𑐵𑐟𑑂‍𑐩𑐣𑑂𑐣
2fbcd802,𑐬𑑀𑑑𑑍𑐎𑑀𑐡𑑂𑐰𑐮𑐧𑐸𑐬𑑀𑑑𑐎𑐬𑑂𑐲𑑒𑐡𑑀𑐎𑑀𑐧𑐸𑐬𑑀𑑑𑐴𑐶𑐡𑐵𑐐𑐵𑐡𑐧𑐸𑐬𑑀𑑒𑐟𑐰𑐢𑐸𑐢𑑂𑐰𑐵𑐎𑑀𑐧𑐸𑑍𑐬𑑀𑑓
9d61d3fc,𑐖𑑂𑐘𑐮𑐫𑐟𑐵𑐕𑐾𑐬𑐵𑐰𑐟𑑍𑐰𑐶𑐟𑐸𑐳𑐶𑐴𑐣𑐳𑑂𑐰𑐴𑐳𑑂𑐟𑐣𑐳𑑂𑐰𑐰𑐶𑐡𑑂𑐫
0df98b33,𑑊𑑉𑐱𑑂𑐬𑐷𑐐𑑀𑐥𑐵𑐮𑐾𑐱𑑂𑐰𑐬𑐵𑐫𑑌𑐐𑑀𑐥𑐵𑐮𑐾𑐱𑑂𑐰𑐬𑐡𑐾𑐰𑑋
b666321a,𑐞𑐴𑑀𑐟𑑁𑑋𑐖𑐐𑐣𑑂𑐩𑐵𑐟𑐬𑐸𑐡𑑂𑐣𑐵𑐬𑐖𑐟𑑂𑐟𑑂𑐬𑐷𑐟𑑂𑐰𑐩𑐾𑐎𑐵𑑍𑐱𑐶𑐱𑑀𑐬𑑂𑐩𑑂𑐩𑐥𑐬𑐵𑐢𑐵𑐣𑐰𑐵𑐨𑐵𑐰𑐣𑐷𑐫𑐵𑑅𑑌𑑙𑑌𑐡𑐶𑐣𑐾𑐐𑑀𑐢𑐣𑐾𑐱𑑀𑐖
94c0af33,𑐡𑐎𑑀𑐫𑐵𑐟𑑄𑐡𑐎𑑂𑐲𑐶𑐞𑐵𑐰𑐶𑐳𑑂𑐫𑑄𑐫𑐵𑐒𑐵𑐠𑑂𑐰𑐟𑐾
2z1c9779,𑐬𑐶𑑍𑐩𑐷𑐣𑐬𑐵𑐱𑐶𑐐𑐟𑐾𑐔𑐣𑑂𑐡𑑂𑐬𑐩𑐳𑐶𑑌𑐟𑐳𑑂𑐩𑐶𑐣𑑂𑐡𑐶𑐣𑐾𑐎𑐶𑐬𑑂𑐟𑑂𑐟𑐶𑐥𑐸𑐬𑐶𑐫𑐵𑐔𑐵𑐦𑐬𑐰𑑄𑐟𑐵
cb2b29zf,𑐨𑐶𑐩𑐳𑐾𑐣𑑅𑐥𑑂𑐬𑐷𑐟𑐷𑐣𑑅𑐳𑐶𑑄𑐑𑐡𑐸𑐣𑑂𑐟𑐵𑐖𑐸𑐮𑑀𑑅𑐳𑐸𑐨𑑄𑑌
149f6dd0,𑐳𑐵𑐳𑐸𑐡𑐺𑐲𑑂𑐚𑐶𑐖𑐸𑐮𑐱𑐸𑐨𑑄𑐳𑑄𑐰𑐟𑑙𑑕𑑕
937c1757,𑑉𑐣𑐩𑑅𑐱𑑂𑐬𑐷𑐩𑐡𑑂𑐬𑐵𑐬𑑂𑐫𑑂𑐫𑐵𑐰𑐮𑑁𑐎𑐶𑐟𑐾
9823c629,𑑊𑐳𑐩𑑂𑐧𑐟𑑂𑑘𑑕𑑖𑐁𑐏𑐵𑐝𑐱𑐸𑐡𑐶
2df227f7,𑐳𑐮𑐖𑑀𑐡𑐸𑐕𑐾𑐫𑐵𑐟𑐸𑐬𑐵𑐢𑐮𑐖𑐾𑐲𑑂𑐚𑐐𑑀𑐰𑐢𑑄𑐳𑐶𑐟𑐳𑑂𑐫𑐨𑐵𑐬𑑂𑐫𑑂𑐫𑐵𑐖𑐐
4a1acz08,𑐡𑐷𑐰𑑂𑐫𑐩𑐚𑐣𑐬𑐰𑐶𑐎𑐸𑐮𑐟𑐶𑐮𑐎𑐴𑐣𑐸𑐩𑐢𑑂𑐰𑐖𑐣𑐾𑐥𑐵𑐮𑐾𑐱𑑂𑐰𑐬𑐩𑐴𑐵𑐬𑐵𑐖𑐵𑐢𑐶𑐬𑐵𑐖𑐨𑐸𑐥𑐎𑐾
21432d55,𑐱𑑂𑐬𑐷𑐣𑐬𑐣𑐵𑐬𑐵𑐫𑐞𑐠𑑂𑐰𑐫𑐵𑐣𑐥𑐸𑐟𑑂𑐬𑐩𑐴𑐵𑐬𑐵𑐖𑐵𑐢𑐶𑐬𑐵𑐖𑐱𑑂𑐬𑐷𑐱𑑂𑐬𑐷𑐮𑐎𑑂𑐲𑑂𑐩𑐷𑐣𑐵𑐬𑐵𑐫𑐞𑐠𑑂𑐰𑐫𑐵𑐣𑐥𑐸𑐟𑑂𑐬𑐩𑐴𑐵
7225f9f7,𑐧𑑓𑐳𑑂𑐠𑐵𑐥𑐣𑐵𑐫𑐵𑐣𑐵𑐖𑐸𑐮𑐠𑐸𑐐𑐸𑐢
68z7a325,𑐰𑐵𑐳𑐬𑐾𑑌𑐠𑑂𑐰𑐎𑐸𑐣𑑂𑐴𑐸𑐥𑑂𑐬𑐟𑐶𑐳𑑂𑐠𑐵𑐫𑐵𑐒𑐵𑐡𑐶𑐣𑐖𑐸𑐬𑑀𑐠𑑂𑐠𑑂𑐰𑐀𑐐𑐜𑐮𑑂𑐴𑑀𑐒𑐵𑐫𑐵𑐱𑑂𑐬𑐷𑐱𑑂𑐬𑐷𑐥𑐬𑐩𑐾
cf6dzcc2,𑑊𑐱𑐸𑐫𑑀𑐳𑑂𑐟𑐸𑐳𑐧𑐟𑑂𑑙𑑘𑑒𑐩𑑂𑐟𑐶𑐎𑐵𑐟𑑂𑐟𑐶𑐎𑐩𑐵𑐳𑐾𑐎𑐺𑐳𑑂𑐣𑐥𑐎𑑂𑐲
80532ddb,𑐩𑑄𑐖𑑀𑐱𑑂𑐬𑐷𑐮𑐣𑑂𑐴𑐾𑐳𑐵𑐎𑑂𑐫𑐰𑑄𑐱𑐱𑑂𑐬𑐷𑐎𑐮𑑂𑐫𑐵𑐣𑐳𑐶𑑄𑐒𑐖𑐸𑐨𑐵𑐟𑐺𑐥𑐸𑐟𑑂𑐬𑐱𑑂𑐬𑐷𑐖𑐫𑐬𑐟𑑂𑐣𑐖𑐸𑐊𑐣𑐰𑐰𑐎𑑀𑐩𑐟𑐶𑐟𑑀𑐕𑐾𑐥𑐸𑐣𑐳𑐶𑑄𑐴
0488993z,𑑋𑑋𑐨𑐵𑐏𑐵𑐠𑑂𑐰𑐬𑐵𑐕𑐾𑐫𑐵𑐀𑐟𑐐𑐮𑐶𑐣𑐡𑐸𑑍𑐳𑐎𑐬𑑂𑐫𑑄𑑍𑐠𑑂𑐰𑐰𑐶𑐴𑐵𑐬𑐳𑐳𑑄𑐎𑐮𑑂𑐥𑐫𑐵
d318f8z2,𑐣𑐶𑐰𑐵𑐳𑐵𑐟𑑂𑐥𑑂𑐬𑐠𑐶𑐟𑐵𑐨𑐶𑐢𑐵𑐣𑑅𑐱𑑂𑐬𑐷𑐱𑑂𑐬𑐷𑐣𑐶𑐰𑐵𑐳𑐵𑐏𑑂𑐫𑐩𑐰𑐵𑐞𑐨𑐹𑐥𑑅𑑌𑐟𑐳𑑂𑐩𑐵𑐡𑑂𑐬𑐸𑐡𑑂𑐬𑐸𑐩𑐟𑐷𑐰𑐨𑐹𑐰𑐖𑐮
c539d827,𑐬𑐐𑑂𑐰𑐟𑑂𑐬𑐫𑐵𑐟𑐕𑐶𑑍𑐡𑐫𑐎𑐵𑐟𑐵𑐬𑐖𑐸𑐕𑐶𑑍𑐡𑐟𑐵
zbzzac34,𑐳𑑂𑐫𑐥𑐶𑐟𑐵𑑄𑐩𑐴𑐶𑐐𑑂𑐫𑐵𑐣𑐮𑐕𑐶𑐩𑐶𑐠𑐸𑐮𑐶𑐳𑐩𑐸𑐔𑐫𑐣𑐢𑐬𑑂𑐩𑑂𑐩𑐔𑐶𑐟
f6fcc1d4,𑐟𑐶𑐦𑐮𑐾𑐡𑐫𑐎𑐵𑐰𑐸𑐥𑐟𑐶𑐳𑑂𑐠𑐵𑐫𑐵𑐒𑐵𑐡𑐶𑐣𑐖𑐸𑐬𑑀𑑋𑐬𑑂𑐰𑐏𑐬𑑂𑐰𑐏𑐞𑐰𑐸𑐱𑐵
6752a1cc,𑐨𑐎𑑂𑐟𑐶𑐖𑐣𑐰𑐶𑐥𑑂𑐬𑐱𑑂𑐬𑐷𑐰𑐶𑐩𑐬𑐵𑐖𑐡𑐾𑐰𑐫𑐖𑐩𑐵𑐣𑑍𑐖𑐏𑐬𑐵𑐖𑐨𑐵𑐬𑑀𑑍𑐳𑑂𑐰
4bdz9072,𑐡𑐸𑐡𑐵𑐟𑐵𑐫𑐵𑐧𑑄𑐳𑐡𑐟𑐾𑐔𑐶𑐟𑐵𑐫𑐵𑐒𑐵𑐌𑐟𑐫𑐩𑐵𑐬𑑌
f498a35d,𑐴𑐾𑐩𑐵𑐬𑑂𑐫𑐟𑐵𑐬𑐵𑐳𑐴𑐶𑐟𑐡𑑂𑐰𑐫𑐱𑐶𑐮𑐵𑐳𑑂𑐟𑑄
c91413bc,𑐢𑐬𑐵𑑄𑑋𑑋𑐲𑐲𑑂𑐚𑐷𑐰𑐬𑑂𑐲𑐳𑐴𑐩𑐵𑐞𑐶𑑍𑐰𑐶𑐲𑑂𑐚𑐵𑐫𑐵𑑄𑐖𑐵𑐫
90affz25,𑐬𑑂𑐟𑑂𑐟𑐶𑐖𑐵𑐎𑑂𑐫𑐎𑐸𑐜𑑑𑐣𑐶𑐟𑑂𑐫𑑄𑐧𑐶𑐫𑐩𑐵𑐮𑑋𑐖𑑂𑐫𑐾𑐲𑑂𑐛𑐱𑐸𑐎𑑂𑐮𑐥𑐣𑐔𑐩𑐷𑐎𑐸𑐣𑑂𑐴𑐸𑐡𑐶𑐣𑐫𑐖𑑂𑐘𑐫𑐵𑐒𑐧𑑀𑐳𑐵𑐢𑐣𑐫𑐵𑐫𑐩𑐵𑐮𑑋𑐎𑐵𑐬𑑂𑐟𑑂𑐟𑐶𑐎𑐱𑐸𑐎𑑂𑐮𑐡𑑂𑐰𑐵𑐡𑐱𑐷𑐎𑐸
9zd5zdz6,𑐱𑑂𑐬𑐷𑑕𑐩𑐴𑐵𑐬𑐵𑐖𑐢𑐶𑐬𑐵𑐖
d3a85ab5,𑐱𑐶𑐬𑑀𑐬𑐸𑐴𑐱𑑂𑐬𑐷𑐩𑐣𑑂𑐩𑐵𑐣𑐾𑐳𑑂𑐰𑐬𑐷𑐲𑑂𑐛𑐡𑐾𑐰𑐟𑐵𑐰𑐬𑐔𑑂𑐔𑐥𑑂𑐬𑐳𑐵
5b906b2f,𑐣𑐩𑑅𑐱𑑂𑐬𑐷𑐟𑑂𑐬𑐶𑐬𑐟𑑂𑐣𑐩𑐹𑐬𑑂𑐟𑑂𑐟𑐨𑑂𑐫𑑅𑑌𑐩𑐵𑐬𑐰𑐶𑐖𑐶𑐨𑑂𑐫𑐳𑐧𑐮𑑄𑐳𑐴𑐶𑐥𑐸𑐬𑐸𑐏𑐳𑐶𑑄𑐴𑐵𑑍𑐢𑑂𑐫𑐵𑐣𑐳𑐸𑐏𑐣𑐨𑐶𑐩𑐸𑐏
c0c2f3df,𑑅𑐎𑐺𑐟𑑋𑑋𑐳𑑄𑐰𑐟𑑂𑑗𑑗𑑒𑐠𑑂𑐰𑐡𑑄𑐳𑐬𑐵
d0z7fd71,𑐎𑐸𑐣𑐵𑐠𑐣𑐬𑐵𑐬𑑂𑐖𑑂𑐫𑐾𑐐𑐵𑐩𑐥𑐵𑐟𑐡𑐎𑑀𑐫𑐵
9bbzz49c,𑐨𑐵𑐖𑐹𑑌𑐠𑑂𑐰𑐧𑐾𑐮𑐳𑑍𑐱𑑂𑐬𑐷𑐧𑐣𑐶𑐎𑐵𑐥𑐹𑐬𑐶𑐳𑐠𑑂𑐰𑐡𑐾𑐰𑐮𑐥𑑂𑐬𑐟𑐶𑐲𑑂𑐛𑐵
zb85dz99,𑐳𑑄𑐩𑑂𑐰𑐟𑑂𑐬𑑙𑑑𑑙𑐳𑐡𑐫𑐎𑐵𑐖𑐸𑐬𑑀𑑌𑐩𑑂𑐟𑐶𑐔𑐐𑐸𑐬𑐵𑐠𑑂𑐰𑑑𑑓𑐳𑐥𑐬𑐶𑐠𑐵𑐡𑐶𑑄
30833b35,𑐢𑐬𑐐𑐸𑐠𑐶𑐳𑐡𑐸𑐣𑑂𑐟𑐵𑑍𑐢𑑀𑐬𑐏𑐵𑐧𑐸𑐬𑑀𑑑𑐔𑐸𑐬𑑓𑐎𑐶𑐡𑑀𑐬𑐶𑐌𑐧𑐸𑐬𑑀𑑒𑐴𑐵𑐎𑐸𑐟𑑂𑐰𑐵𑐦𑐮𑐌𑐬
8b2cb09f,𑐩𑐸𑐬𑐵𑐳𑐾𑐎𑐬𑐾𑐒𑐕𑐔𑐵𑐏𑐶𑐮𑐶𑐖𑐸𑐬𑑀𑐠𑑂𑐰𑐧𑐾𑐬𑐳𑐠𑐬𑐥𑐵𑐨𑐶𑐎𑑂𑐲𑐸𑐱𑑂𑐬𑐷𑐧𑐾𑐏𑐵𑐳𑐶𑑄𑐴𑐡𑐾𑐰𑐰𑐵𑐴𑐵𑐮𑐫𑐵𑐰𑐾𑐳𑐟𑐰𑐶𑐕𑐾𑐰𑐵𑐴𑐵𑐬𑐫𑐵𑐰𑐶𑐱𑑂𑐰𑐬𑐵𑐩𑐨𑐵
f6z7640a,𑐮𑐕𑐶𑐩𑐶𑐨𑑂𑐬𑐵𑐟𑐵𑐥𑐸𑐟𑑂𑐬𑐨𑐵𑐖𑐸𑐡𑐾𑐌𑐎𑐳𑑂𑐫𑐨𑐵𑐬𑑂𑐫𑑂𑐫𑐵𑐐𑐸𑐣𑐮𑐕𑐶𑐩𑐷𑑌𑐎
91z416zz,𑐟𑑂𑐫𑐰𑐵𑐬𑐠𑑂𑐰𑐎𑐸𑐣𑑂𑐴𑐸𑐎𑐶𑐟𑑂𑐟𑐶𑐥𑐸𑐬𑐶𑐫𑐵𑐱𑑂𑐬𑐷𑐖𑐵𑐖𑐸𑐰𑑂𑐫𑐵𑐢𑐾𑐱𑑂𑐰𑐬𑐫𑐵𑐥𑑂𑐬𑐳𑐵𑐡𑐣𑑍𑐐𑐸𑑄𑐡𑐾𑐱
bz3d368c,𑐥𑑁𑐬𑐾𑐫𑐔𑐹𑐜𑐵𑐩𑐞𑐷𑐬𑐵𑐢𑐵𑐎𑐵𑐣𑑂𑐟𑐣𑐶𑐟𑐵𑐣𑑂𑐟𑐔𑐶𑐣𑑂𑐟𑐣𑐔𑐩𑐟𑑂𑐎𑐵𑐬𑐷𑐰𑐶𑐔𑐵𑐬𑐷𑐳𑐟𑐵𑑄𑑋𑐡𑐵𑐣𑐎𑐬𑑂𑐞𑑂𑐞𑐳𑐩𑑀𑐐𑐸
1456fzz9,𑐧𑐬𑑂𑐞𑑂𑐞𑐥𑐩𑐴𑐵𑐣𑐐𑐬𑐾𑐢𑑂𑐰𑐵𑐎𑐵𑐧𑐵𑐴𑐵𑐡𑐵𑐟𑐏𑐵𑐬𑑄𑐰𑐣𑑂𑐟𑐵𑐕𑐾𑑍𑐐𑐺𑐴𑐵𑐢𑐶𑐧𑐵
zdcdf31d,𑐥𑐵𑐥𑐬𑐵𑐎𑐖𑐸𑐫𑐵𑐫𑑋𑑋𑐳𑐸𑐣𑐵𑐣𑑄𑑍𑐠𑑂𑐰𑐦𑐬𑐾𑐳𑐰𑑄𑐥𑐸𑐒𑐣𑑄𑑍𑐐𑐵𑐣𑐥𑐸𑐒𑐣𑐨𑐶𑐣𑐎𑑄𑐣𑐶𑐡𑐵𑐣
a1z5cc48,𑐫𑐵𑐧𑐵𑐴𑐵𑐬𑐫𑐵𑐧𑐵𑐳𑐡𑐾
052cz822,𑐐𑐷𑐟𑐰𑐶𑐢𑐵𑐣𑐶𑐢𑐾𑑅𑑋𑐫𑐳𑑂𑐫𑐥𑑂𑐬𑐾𑐩𑐟𑐩𑑀𑐰𑐬𑑀𑐣𑐬𑐴𑐬𑐶𑐣𑑂𑐣𑐷𑐩𑐵𑐩𑐴𑐟𑑂𑐳𑐾𑐰𑐎𑑀𑑍𑐡𑐵𑐳𑐵𑐣𑐵𑑄𑐐𑐞𑐣𑐵𑐫
b0356a0f,𑐧𑐵𑐣𑐣𑑂‍𑐡𑐎𑑀𑐴𑑀𑐡𑐔𑑂‍𑐟𑐔𑑀𑐣𑐵𑐰𑐾𑐬𑐳𑑅𑐢𑐬𑑂𑐩𑑂‍𑐩𑐔𑐶𑐟𑑂‍𑐟𑐄𑐟𑐥𑐟𑑂‍𑐟𑐶𑐖𑐸𑐫𑐵𑐜𑑀𑐠𑑂‍𑐰𑐎𑐸
z1z2103a,𑐥𑐸𑑑𑐩𑐵𑐴𑐵𑐡𑐶𑐥𑐕𑑀𑐔𑐎𑐾𑐩𑐵𑐮𑑍𑐁𑐲𑐵𑐕𑐶𑑑𑐑𑐾𑐮𑐦𑑄𑐕𑐶𑑑𑐔𑐾𑐎𑑄𑐡𑑄𑑒𑐡𑐾𑐰
0794241d,𑐧𑐵𑐣𑐣𑑂‍𑐡𑐎𑑀𑐴𑑀𑐡𑐔𑑂‍𑐟𑐔𑑀𑐣𑐵𑐰𑐾𑐬𑐳𑑅𑐢𑐬𑑂𑐩𑑂‍𑐩𑐔𑐶𑐟𑑂‍𑐟𑐄𑐟𑐥𑐟𑑂‍𑐟𑐶𑐖𑐸𑐫𑐵𑐜𑑀𑐠𑑂‍𑐰𑐎𑐸
050zd0a8,𑐩𑑄𑐖𑐸𑐬𑐵𑐩𑐰𑑀𑐢𑐬𑐵𑐩𑐐𑐸𑐡𑑄𑐡𑐮𑐾𑐰𑐴𑐶𑐬𑐶𑐳𑐖𑑂𑐫𑐵𑐒𑐵𑐖𑐸𑐬
1f09a6fz,𑐴𑐬𑐶𑐫𑐵𑐟𑐩𑐵𑐣𑑂𑐫𑐧𑐶𑐳𑐾𑐧𑐶𑐖𑑂𑐫𑐵𑐎𑑌𑐠𑑀𑐰𑐾𑐮𑐳𑐣𑐬𑐴𑐬𑐶𑐣𑐠𑐰𑐱𑐎𑑂𑐫𑐣𑐔𑐵𑐰𑐠𑐾𑑄𑑍𑐰𑐳𑑂𑐟𑐸𑐖𑐵
d55024bd,𑐱𑑄𑐏𑐔𑐎𑑂𑐬𑐐𑐡𑐵𑐰𑑂𑐖𑐶𑐣𑑄𑐟𑐵𑐬𑑂𑐎𑑂𑐲𑑂𑐫𑐵𑐳𑐣𑐳𑑂𑐠𑑄𑐡𑐾𑐰𑐾𑐱𑑄𑐥𑐷𑐟𑐵𑐩𑑂𑐧𑐬𑐳𑐸𑐱𑑀𑐨𑐶𑐟𑑄𑑌𑐰𑐺𑐲𑐳𑑄𑐴𑐵𑐳𑑂𑐠𑐶𑐟𑑄𑐱𑐵𑑄𑐟
1bd40b6d,𑐩𑑂𑐫𑐾𑐳𑐒𑑂𑐎𑐬𑑂𑐲𑐞𑑄𑐥𑑂𑐬𑐨𑐸𑑄𑑋𑐥𑑂𑐬𑐡𑑂𑐫𑐸𑐩𑑂𑐣𑑄𑐥𑐱𑑂𑐔𑐶𑐩𑐡𑑂𑐰𑐵𑐬𑐶𑐎𑑁𑐰𑐾𑐫𑐸𑐫𑑂‌𑐬𑑂𑐫𑐵𑐩𑐣𑐶𑐬𑐸𑐡𑑂𑐢𑑄𑐎𑑌𑐩𑐢𑑂𑐫𑐾𑐣𑐵𑐬𑐵𑐫𑐞𑐬𑐹𑐥𑑄𑑍𑐥𑐬𑑄𑐧𑑂𑐬𑐴𑑂𑐩𑐳𑑂𑐰
150f085c,𑐠𑑂𑐰𑐔𑐿𑐟𑑂𑐫𑐳𑐵𑐬𑐐𑑂𑐰𑐴𑐳𑑂𑐰𑐮𑐳𑐣𑐎𑐬𑐳𑐵𑐐𑑂𑐰𑐳𑐰𑐵𑐮𑐵𑐡𑐠𑐵𑐟𑐔𑐰𑐩𑐳𑐵𑐫𑐵𑐫𑐬𑐵𑐎𑐡𑐵𑐣
5b37a5c2,𑐡𑐩𑐫𑐶𑐟𑐸𑑄𑐟𑑂𑐬𑐵𑐟𑐸𑑄𑐳𑐸𑐴𑐺𑐟𑑂𑐳𑐖𑑂𑐖𑐣𑐵𑐣𑑂𑐨𑐹𑐩𑐶𑑄𑐨𑐹𑐲𑐫𑐶𑐟𑐸𑑄𑐟𑐩𑑅𑐳𑐩𑐫𑐶𑐟𑐸𑑄𑐎𑐬𑑂𑐟𑐸𑑄𑐰𑑂𑐫𑐰𑐳𑑂𑐠𑐵𑑄𑐳𑐟𑐷𑑄𑑋𑐰𑐶𑐡𑑂𑐰𑐵𑑄𑐳𑑀𑐣𑐩𑐫𑐣𑑂𑐟𑐶𑐨𑐹𑐥𑐟𑐶𑐐𑐖𑐵𑐣𑑂
6f6z1zzz,𑐡𑐶𑐣𑐾𑐮𑑀𑐎𑐣𑐵𑐠𑐾𑐏𑐬𑐵𑐐𑑂𑐬𑐿𑑌𑐫𑐵𑐱𑑂𑐬𑐷
57927170,𑐡𑐷𑐰𑑂𑐫𑐩𑐚𑐣𑐬𑐰𑐶𑐎𑐸𑐮𑐟𑐶𑐮𑐎𑐴𑐣𑐸𑐩𑐢𑑂𑐰𑐖𑐣𑐾𑐥𑐵𑐮𑐾𑐱𑑂𑐰𑐬𑐩𑐴𑐵𑐬𑐵𑐖𑐵𑐢𑐶𑐬𑐵𑐖𑐨𑐸𑐥𑐎𑐾
4399z9b9,𑐩𑐟𑑂𑐫𑐵𑐥𑐹𑐬𑑂𑐰𑑂𑐰𑐎𑐸𑐬𑐾𑐱𑑂𑐬𑐷𑐩𑐎𑐵𑐣𑑂𑐟𑐶𑐥𑐸𑐮𑐶𑐩𑐵𑐴𑐵𑐣𑐐𑐬𑐾𑐱𑑂𑐬𑐷𑑒𑐫𑐩𑐩𑐬𑐾𑐱𑑂𑐰𑐬𑐨𑐚𑑂𑐚𑐵𑐬𑐎
z780a690,𑐮𑐨𑐶𑐎𑑂𑐲𑐵𑐨𑑀𑐖𑐣𑐫𑐵𑐫𑐩𑐵𑐮𑐥𑑂𑐬𑐳𑐾𑐲𑐮𑐾𑐎𑑀𑐐𑐸𑐠𑐶
d84727b2,𑐥𑐟𑐾𑑅𑑋𑐥𑐡𑑂𑐩𑐮𑐎𑑂𑐲𑑂𑐩𑐷𑐩𑐴𑐵𑐬𑐵𑐣𑐷𑐳𑐡𑐵𑐨𑐬𑑂𑐟𑐺𑐥𑐬𑐵𑐫𑐞𑐵𑑌𑐬𑐵𑐖𑐵𑐳𑑄𑐥𑑂𑐬𑐟𑐶𑐰𑐶𑐲𑑂𑐞𑐸𑐳𑐶𑑄𑐴𑐣𑐺𑐥𑐟𑐶𑐎𑑂𑐲𑐷𑐬𑑀𑐡𑐢𑐾𑐬𑐸𑐴𑑂𑐫𑐟𑑀
5fc6613d,𑐟𑐳𑑂𑐫𑐵𑐟𑑂𑐩𑐖𑑀𑐣𑐷𑐟𑐶𑐰𑐡𑐵𑑄𑐰𑐬𑐶𑐲𑑂𑐛𑑅𑐳𑑁𑐣𑑂𑐡𑐬𑑂𑐫𑐫𑐬𑐟𑑂𑐣𑐵𑐎𑐬𑐁𑐰𑐶𑐬𑐳𑐷𑐟𑑂𑑋𑐎𑐺𑐲𑑂𑐞𑐎𑐔𑐶𑐟𑑀𑐰𑐶𑐱𑐡𑐵𑑄𑐟𑐬𑐵𑐟𑑂𑐩𑐵𑐱𑑂𑐬𑐷𑐆
b3cb9089,𑐐𑑂𑐬𑐞𑐷𑑅𑐳𑑁𑐣𑑂𑐡𑐬𑑂𑐫𑐬𑑂𑐖𑑂𑐖𑐶𑐟𑐩𑐷𑐣𑐎𑐾𑐟𑐸𑐬𑐖𑐶𑐟𑑀𑐰𑐶𑐡𑑂𑐫𑐵𑐥𑐬𑐷𑐟𑐵𑐱𑐰𑑀𑐡𑐶𑐎𑑂𑐳𑑂𑐟𑑂𑐬𑐷𑐎𑐬𑑂𑐞𑐰𑐶𑐨𑐹𑐲𑐞𑐷𑐎𑐺𑐟𑐫𑐱𑑀
2c2cb9c1,𑐱𑐸𑐨𑐳𑐩𑑂𑐰𑐟𑑂𑑘𑑑𑑙𑐰𑐿𑐱𑐵𑐲𑐎𑐺𑐲𑑂𑐞𑐫𑐬𑐶𑐡𑐾𑐰𑐟𑐟𑐵𑐨𑐵
6a1z12db,𑐩𑐸𑐴𑐣𑐖𑐸𑐬𑑀𑑌𑐥𑐸𑐣𑑅𑐠𑑂𑐰𑐟𑐸𑐮𑐳𑐷𑐦𑐮𑐳𑐐𑑀𑐩𑑂𑐴𑐣𑑄𑐢𑐬𑑂𑐩𑑂𑐩𑐨𑐵𑐬𑐥𑑄𑐟𑐸𑐮𑐱𑐷𑐥𑐾𑐫𑐩𑐵
bb841fc0,𑐢𑐵𑐣𑑂𑐫𑑍𑐁𑐬𑑂𑐫𑑂𑐫𑐵𑐰𑐬𑑂𑐟𑑂𑐟𑐡𑐾𑐱𑐾𑑍𑐱𑑂𑐬𑐷𑑒𑐩𑐢𑑂𑐫𑐾𑐥𑐸𑐬𑐷𑐠𑐵𑐣𑐾𑑍𑐱𑑂𑐬𑐷𑑓𑐧𑐵𑐮𑐎𑑀𑐩𑐵𑐮𑐷𑑍𑐣𑑄𑐮𑐲𑐎
58948931,𑐧𑐨𑐹𑐟𑐳𑑂𑐰𑐖𑐣𑐳𑐴𑐶𑐟𑐵𑐣𑑂𑐳𑐬𑑂𑐰𑐳𑐟𑑂𑐰𑐵
560a87fc,𑐳𑑂𑐰𑐟𑐶𑐣𑐎𑑂𑐲𑐟𑑂𑐬𑐾𑐥𑐬𑐶𑐢𑐫𑑀𑐐𑐾𑐰𑐺𑐴𑐳𑑂𑐥𑐟𑐶𑐰𑐵𑐳𑐬𑐾𑐠𑑂𑐰𑐎𑐸𑐣𑑂𑐴𑐸𑐱𑑂𑐬𑐷𑑒𑐬𑐸𑐡𑑂𑐬𑐩𑐟𑐷𑐠𑐎𑐸𑐣𑐷𑐖𑐸𑐳𑑂𑐣𑐮𑑀𑐴𑑀𑐡𑐾𑐰𑐮𑐡𑐫
14593f93,𑐳𑐶𑐟𑑋𑑋𑐎𑐵𑐱𑑂𑐫𑐥𑑍𑐐𑑀𑐟𑑂𑐬𑐳𑑂𑐫𑑍𑐐𑑀𑐥𑐵𑐮𑐬𑐵𑐩𑐨𑐵𑐬𑑀𑐩𑑂𑐟𑑂𑐬𑐷𑐢𑑄𑐮𑐵
23cffad9,𑐰𑐶𑐲𑐫𑐰𑐶𑐲𑐢𑐬𑐐𑑂𑐬𑐳𑑂𑐟𑐔𑐶𑐟𑑂𑐟𑑀𑐥𑐣𑐷𑐔𑑅𑑌𑐖𑑂𑐫𑐾𑐲𑑂𑐛𑐾𑐩𑐵𑐳𑐶𑐳𑐶𑐟𑐾𑐖𑐣𑐵𑐬𑑂𑐡𑑂𑐡𑐣𑐟𑐶𑐠𑑁𑐧𑐵𑐞𑐵𑐖𑐶𑐣𑐵𑐐𑐒𑑂𑐎𑐶𑐟𑐾𑐰𑐬𑑂𑐲𑐾𑐥𑑄𑐎𑑂𑐟𑐶
949b94b5,𑑉𑐀𑐡𑑂𑐫𑑅𑐧𑑂𑐬𑐩𑑂𑐴𑐞𑑀𑐡𑑂𑐢𑐶𑐟𑐷𑐫𑐥𑐬𑐵𑐡𑑂𑐢𑐾𑑍𑐱𑐷𑐫𑐟𑐧𑐬𑐵𑐴𑐵𑐎𑐬𑐥𑐾𑐰𑐿𑐰𑐰𑐱𑑂𑐰𑐟𑐩𑐣𑑂𑐰𑐎𑐬𑐾𑐀𑐲𑑂𑐚𑐵𑐰𑐶𑐱
7zf2d7b9,𑐫𑐠𑐵𑐎𑐬𑑂𑐞𑐩𑐸𑐴𑐸𑐟𑑂𑐬𑐾𑐱𑐸𑐎𑑂𑐬𑐧𑐵𑐮𑐳𑐮𑐾𑑌𑐧𑐶𑐕𑐸𑐮𑐵𑐳𑐶𑐐𑐟𑐾𑐳𑐧𑐶
cz576b88,𑐱𑑂𑐬𑐾𑐫𑑀𑐳𑑂𑐟𑐸𑐳𑐩𑑂𑐰𑐟𑑂𑑗𑑖𑑘𑐦𑐵𑐮𑑂𑐐𑐸𑐞𑐱𑐸𑐎𑑂𑐮𑑌𑐬𑑀𑐴𑐶𑐞𑐷𑐣𑐎𑑂𑐲𑐟𑑂𑐬𑐾𑐰𑐶𑐲𑑂𑐎𑐩𑑂𑐨𑐫𑑀𑐐𑐾𑐱𑐸𑐎
f807zd35,𑑊𑐳𑐩𑑂𑐧𑐟𑑂𑑘𑑕𑑖𑐁𑐏𑐵𑐝𑐱𑐸𑐡𑐶
z8f4ccdc,𑐬𑐵𑐴𑐎𑐵𑐮𑑂𑐫𑐾𑐟𑑂𑐫𑐵𑐡𑐶𑐩𑐢𑑂𑐫𑐵𑐥𑐸𑐬𑐶𑐳𑑂𑐠𑐵𑐣𑐾𑐱𑑂𑐬𑐷𑐧𑐵𑐮𑐎𑑁𑐩𑐵𑐬𑐷𑐣𑐶𑐰𑐵
918142f9,𑐕𑐾𑐨𑐶𑐎𑑂𑐲𑐸𑐱𑑂𑐬𑐷𑐖𑐫𑐬𑐵𑐫𑐖𑐸𑐥𑐸𑐟𑑂𑐬𑐖𑐐𑐟𑐩𑐸𑐣𑐶𑑍𑐟𑑂𑐬𑐶𑐢𑐣𑐰𑐟𑐶𑐥𑐸𑐟𑑂𑐬𑐶𑐁𑐡𑐬𑐎𑑂𑐲𑑂𑐩𑐶𑐖𑐐
0ba6f699,𑐐𑐸𑐖𑐸𑐬𑐶𑐕𑑀𑐎𑐵𑐳𑑂𑐫𑑄𑐥𑑂𑐬𑐟𑐶𑑄𑐳𑑂𑐠𑐵𑐫𑐵𑐒𑐵𑐖𑐸𑐬𑑀𑑍𑐐𑐖𑐸𑐬𑐷𑐕𑐵𑐳𑑂𑐫𑑄𑐢𑐸𑑄𑐐𑑂𑐰𑐖𑐸𑐬𑑀𑑌𑐠𑑂𑐰𑐰𑐾𑐬𑐳
a940b1bc,𑑌𑑒𑑌𑐣𑐰𑐩𑑂𑐫𑐵𑑄𑐥𑐺𑐞𑑂𑐫𑐟𑐶𑐠𑑁𑐖𑑂𑐫𑐟𑐶𑐱𑐸𑐨𑐱𑐸
bc2f6f5c,𑐫𑑀𑐐𑐾𑐫𑐠𑐵𑐎𑐬𑐞𑐩𑐺𑐴𑐹𑐬𑑂𑐟𑑂𑐟𑐎𑐾𑐁𑐡𑐶𑐟𑑂𑐫𑐰𑐵𑐳𑐬𑐾𑐰𑐺𑐲𑐬𑐵𑐱𑐶𑐐𑐟𑐾𑐳
f75df9a1,𑐟𑐺𑐟𑐷𑐫𑐵𑐣𑑂𑐟𑐶𑐠𑑁𑐧𑐺𑐴𑐳𑑂𑐥𑐟𑐶𑐰𑐵𑐬𑐠𑑂𑐰𑐟𑐾
b138c848,𑐖𑐐𑐟𑑂𑐎𑐵𑐬𑐶𑐞𑐷𑑋𑐳𑑄𑐳𑐵𑐬𑐵𑐩𑑂𑐧𑐸𑐢𑐶𑐟𑐵𑐬𑐶𑐞𑐷𑐣𑐶𑐖𑐥𑐡𑐵𑐳𑐎𑑂𑐟𑐢𑐶𑐳𑑄𑐴𑐵𑐬𑐶𑐞𑐷𑐱𑐩𑑂𑐨𑐸𑐎𑑂𑐬𑑀𑐜
daaf7za7,𑐟𑐳𑑂𑐫𑐟𑐱𑑂𑐬𑐷𑑍𑐱𑑂𑐬𑐷𑐟𑐰𑐟𑐷𑑍𑐱𑑂𑐬𑐷𑐐𑐸𑐞𑐖𑑀𑐟𑐶𑐎𑐳𑑂𑐫𑑍𑐎𑐣𑐾𑐲𑑂𑐚𑐵𑐩𑐵𑐟𑐵𑐴𑐾𑐬𑐸𑑋𑑋𑐠𑑂𑐰𑐟𑐾𑐥𑐸𑐩𑐸𑐏𑐣𑑍𑐠𑑂𑐰𑐐𑐸𑐞𑐵
0zc80af7,𑐟𑐶𑐧𑐸𑐫𑐵𑐰𑐬𑐳𑐵𑐣𑐣𑑍𑐣𑐶𑐟𑑂𑐫𑐀𑐳𑑂𑐟𑐵𑑑𑐔𑐾𑐎𑐟𑐳𑑂𑐫𑑄𑐩𑐟𑐕𑑀𑐫𑐎𑐾𑐩𑐵𑐮𑑍𑐂𑐣𑑂𑐡𑑂𑐬𑐖𑐵𑐟𑑂𑐬𑐵𑐫𑐵𑐥𑐹𑐬𑑂𑐞𑑂𑐞𑐩𑐵
0dz5dd0a,𑐬𑐖𑐸𑐫𑐩𑐵𑐮𑐠𑑂𑐰𑐏𑑄𑐧𑐵𑐳𑑂𑐫𑑄𑐎𑐸𑐳𑐵𑑌
25ad8248,𑐐𑐸𑐞𑐏𑐐𑐱𑐶𑐎𑐵𑐬𑑂𑐟𑐶𑐎𑐾𑐱𑐸𑐎𑑂𑐮𑐥𑐎𑑂𑐲𑐾
zz56844a,𑑊𑐩𑐏𑐣𑐟𑑀𑐬𑐫𑐵𑑍𑐱𑐶𑐰𑐮𑐎𑐨𑐵𑐬𑑀𑐣𑐳𑐾𑐐𑐸
06ddfz08,𑐬𑑂𑐟𑑂𑐟𑐶𑐖𑐵𑐎𑑂𑐫𑐎𑐸𑐜𑑑𑐣𑐶𑐟𑑂𑐫𑑄𑐧𑐶𑐫𑐩𑐵𑐮𑑋𑐖𑑂𑐫𑐾𑐲𑑂𑐛𑐱𑐸𑐎𑑂𑐮𑐥𑐣𑐔𑐩𑐷𑐎𑐸𑐣𑑂𑐴𑐸𑐡𑐶𑐣𑐫𑐖𑑂𑐘𑐫𑐵𑐒𑐧𑑀𑐳𑐵𑐢𑐣𑐫𑐵𑐫𑐩𑐵𑐮𑑋𑐎𑐵𑐬𑑂𑐟𑑂𑐟𑐶𑐎𑐱𑐸𑐎𑑂𑐮𑐡𑑂𑐰𑐵𑐡𑐱𑐷𑐎𑐸
33a6a6dc,𑐌𑐟𑐶𑑍𑐟𑐳𑑂𑐫𑐨𑐵𑐬𑑂𑐫𑑂𑐫𑐵𑐥𑐡𑐸𑐎𑐣𑐾𑐲𑑂𑐚𑐨𑐵𑐬𑑂𑐫𑑂𑐫𑐵𑐩𑐞𑐷𑐮
044a0920,𑐱𑑂𑐬𑐷𑐩𑐩𑐴𑐵𑐬𑐵𑐖𑐵𑐢𑐷𑐬𑐵𑐖𑐱𑑂𑐬𑐷𑐱𑑂𑐬𑐷𑐱𑑂𑐬𑐷𑐥𑐺𑐠𑑂𑐧𑐷𑐧𑐷𑐬𑐧𑐶𑐎𑑂𑐬
51d85f24,𑐧𑐵𑐣𑐣𑑂‍𑐡𑐎𑑀𑐴𑑀𑐡𑐔𑑂‍𑐟𑐔𑑀𑐣𑐵𑐰𑐾𑐬𑐳𑑅𑐢𑐬𑑂𑐩𑑂‍𑐩𑐔𑐶𑐟𑑂‍𑐟𑐄𑐟𑐥𑐟𑑂‍𑐟𑐶𑐖𑐸𑐫𑐵𑐜𑑀𑐠𑑂‍𑐰𑐎𑐸
cbca51b9,𑐡𑐸𑐣𑑂𑐟𑐵𑐖𑐸𑐬𑑀𑑌𑑌𑐱𑐸𑐨
z06f7z3c,𑐬𑐵𑐖𑐬𑐵𑐖𑐬𑐵𑐖𑐬𑐵𑐖𑐾𑐣𑑂𑐡𑑂𑐬𑐰𑐶𑐎𑑂𑐬𑐩𑐱𑐵𑐴𑐡𑐾𑐰𑐰𑐶𑐖𑐫𑐬𑐵𑐖𑑂𑐫𑑌
678667f6,𑐩𑐶𑐞𑑂𑐜𑐬𑐵𑐖𑐣𑐂𑐟𑐸𑑄𑐧𑐵𑐴𑐵
b61z9fba,𑑉𑐣𑐩𑑅𑐱𑑂𑐬𑐷𑐧𑐖𑑂𑐬𑐳𑐟𑑂𑐰𑐵𑐫𑑌𑑌𑐱𑑂𑐬𑐷𑐎𑐵𑐣𑑂𑐟𑐶𑐥𑐸𑐬𑐶𑐩𑐴𑐵𑐣𑐐𑐬𑐵𑐢𑐶𑐥𑐟𑐶𑑍𑐩𑐴𑐵
b18dd402,𑐱𑑂𑐬𑐷𑐴𑐾𑐬𑐸𑐎𑐔𑐮𑐞𑐳𑐾𑐰𑐎𑐱𑑂𑐬𑐷𑐰𑐶𑐱𑑂𑐰𑐎𑐬𑑂𑐩𑑂𑐩𑐵𑐀𑐰𑐟𑐵𑐬
a81b51d4,𑐩𑐾𑐴𑐾𑐬𑐩𑐵𑐣𑐥𑐸𑐟𑑂𑐬𑐳𑐸𑐲𑐸𑐨𑐵𑐖𑐸𑐠𑑂𑐰𑐟𑐾𑐳𑐎𑐮𑐥𑐬𑐶𑐰𑐵𑐬𑐳𑐩𑑀𑐴𑑅𑐖𑐸𑐫𑐵𑐌𑐱𑑂𑐬𑐷
a4bdzz51,𑐳𑑄𑐩𑑂𑐰𑐟𑑂𑐬𑑙𑑑𑑙𑐳𑐡𑐫𑐎𑐵𑐖𑐸𑐬𑑀𑑌𑐩𑑂𑐟𑐶𑐔𑐐𑐸𑐬𑐵𑐠𑑂𑐰𑑑𑑓𑐳𑐥𑐬𑐶𑐠𑐵𑐡𑐶𑑄
5cd9f330,𑐁𑐫𑐥𑑂𑐬𑐟𑑂𑐫𑐵𑐫𑐡𑐸𑐣𑑂𑐟𑐵𑑌𑐬𑑀𑑑𑑒𑐒𑐏𑑀𑐐𑐸𑐜𑑀𑐥𑐵𑐎𑑀𑐬𑑀𑑗𑐰𑑄𑐠𑐔𑑀𑐎𑑀𑐬𑑀𑑙𑐲𑐸𑐟𑐶𑑄𑐖𑑀𑐬𑐳𑐾𑑗𑐟𑐰𑐡𑐴𑐳𑐶𑐬𑑀𑑕𑐰𑐮𑐏𑑀
d4z0014d,𑐥𑐵𑐔𑐵𑐩𑐵𑐟𑐔𑐾𑐎𑐣𑐀𑐳𑑂𑐟𑐵𑑒𑐩𑐟𑐵𑐥𑑂𑐰𑐵𑑕𑑋𑑋𑐥𑐸𑐖𑐵𑐰𑐵𑐬𑐶𑐫𑐵𑐟𑐵𑐖𑐵𑐎𑐶
3afdz6fa,𑐀𑐩𑐱𑑁𑑌𑐀𑐡𑑂𑐫𑐦𑐵𑐮𑑂𑐐𑐸𑐞𑐩𑐵𑐳𑐾𑐱𑐸𑐎𑑂𑐮𑐥𑐎𑑂𑐲𑐾𑐀𑐲𑑂𑐚𑐩𑑂𑐫𑐵𑐣𑑂𑐟𑐶𑐠𑑁𑐩𑐺
zc884283,𑐱𑐸𑐨𑐱𑐣𑑂𑐟𑐸𑐳𑐬𑑂𑐰𑑂𑐰𑐡𑐵𑐎𑐵𑐮𑑄𑑋𑑋
4cbcbfcc,𑐎𑑂𑐮𑐡𑑂𑐰𑐵𑐡𑐱𑐷𑐱𑑂𑐬𑐵𑐰𑐞𑐎𑐺𑐲𑑂𑐞𑐀𑐲𑑂𑐚𑐩𑐷𑐎𑐵𑐬𑑂𑐟𑑂𑐟𑐶𑐎𑐱𑐸𑐎𑑂𑐮𑐡𑑂𑐰𑐵𑐡𑐱𑐷𑐦𑐵𑐮𑑂𑐐𑐸𑐞𑐱𑐸𑐎𑑂𑐮𑐥𑐹𑐬𑑂𑐞𑐶𑐩𑐵𑐠𑑂𑐰𑐒𑐵𑐑𑐵𑐟𑐣𑑄
b2181619,𑑌𑐡𑑂𑐬𑑁𑐥𑐟𑐷𑐳𑐴𑐶𑐟𑑄𑐨𑐷𑐩𑑄𑑍𑐩𑑄𑐣𑑂𑐡𑐶𑐬𑐾𑐞𑐳𑐩𑐣𑑂𑐰𑐶𑐟𑑄𑑋𑐊𑐟𑐡𑑂𑐡𑐶
3f222549,𑐟𑐮𑐨𑐹𑐲𑐞𑑀𑐰𑐶𑐖𑐫𑐰𑐵𑐣𑑂𑐱𑑂𑐬𑐷𑐎𑐷𑐬𑑂𑐟𑐶𑐳𑐶𑐴𑑀𑐣𑐺𑐥𑑅𑑌𑐀𑐖𑐣𑐶𑐎𑐸𑐳𑐸𑐩𑐳𑐶𑑄𑐴𑑅𑐱𑐟𑑂𑐬𑐸𑐩𑐟𑑂𑐟𑐾𑐩𑐳𑐶𑑄𑐴𑑅𑐩𑐩𑐬𑐨𑐸𑐰𑐶𑐎𑐬𑐵𑐮𑑀𑐩𑐾𑐡𑐶𑐣𑐷
31z3d3d4,𑐞𑐴𑑀𑐟𑑁𑑋𑐖𑐐𑐣𑑂𑐩𑐵𑐟𑐬𑐸𑐡𑑂𑐣𑐵𑐬𑐖𑐟𑑂𑐟𑑂𑐬𑐷𑐟𑑂𑐰𑐩𑐾𑐎𑐵𑑍𑐱𑐶𑐱𑑀𑐬𑑂𑐩𑑂𑐩𑐥𑐬𑐵𑐢𑐵𑐣𑐰𑐵𑐨𑐵𑐰𑐣𑐷𑐫𑐵𑑅𑑌𑑙𑑌𑐡𑐶𑐣𑐾𑐐𑑀𑐢𑐣𑐾𑐱𑑀𑐖
dd3133b5,𑐨𑐶𑐟𑐵𑐥𑐶𑐱𑐵𑐴𑐵𑑅𑑋𑐟𑐿𑐬𑑂𑐧𑑂𑐧𑐶𑐡𑑂𑐫𑐟𑐵𑐡𑐱𑐧𑐮𑐾𑐣𑐫𑐡𑐵𑐴𑐶𑐥𑑂𑐬𑐵𑐥𑑂𑐟𑐵𑑅𑑍𑐳𑑄𑐎𑐳𑑂𑐫𑐶𑐟𑐵𑑅𑐡𑐱𑐡𑐶
39405987,𑐥𑐟𑑂𑐬𑐵𑐬𑑂𑐠𑐾𑐡𑐺𑐲𑑂𑐚𑐳𑐵𑐎𑑂𑐲𑐶𑐱𑑂𑐬𑐷𑐱𑑂𑐬𑐷𑐖𑐫𑐖𑑂𑐫𑑀𑐟𑐶𑐥𑑂𑐬𑐎𑐵𑐱𑐩𑐮𑑂𑐮𑐡𑐾𑐰𑑌𑐳𑐩𑑂𑐰𑐟𑑂𑑘𑑘𑑑𑐩𑐵𑐑𑐱𑐸𑐡𑐶𑑑𑑕
64bc8d61,𑑅𑑌𑑑𑑒𑑌𑐰𑐶𑐥𑐟𑑂𑐟𑐵𑐬𑐞𑐵𑐡𑐸𑐐𑑂𑐬𑐟𑐵𑐬𑐵𑐥𑑂𑐬𑐳𑐶𑐡𑑂𑐢𑐵𑑍𑐖𑐚𑐵𑐢𑐵𑐬𑐞𑐵𑐡𑐾𑐰𑐥𑐸𑐬𑑂𑐰𑑂𑐰𑐵𑐖𑐚𑐵𑐳𑐶𑑋𑐳𑐡𑐵𑐮𑐷𑐮𑐫𑐵𑐰𑐵𑐎𑐥𑑂𑐬𑐡𑐵𑐡𑐾𑐰𑐶
cf9fbdbd,𑐎𑐵𑑄𑐟𑐶𑐥𑐹𑐬𑐩𑐵𑐴𑐵𑐣𑐐𑐬𑐾𑐀𑐳𑑂𑐰𑐎𑐩𑑄𑐡𑐥𑐠𑐵𑐣𑑂𑐫𑑅𑐎𑐶𑐳𑐶𑐢𑑂𑐰𑐵
11596d92,𑐎𑐸𑐮𑐩𑐵𑐣𑐨𑑀𑐕𑐶𑐫𑐵𑐢𑐬𑑂𑐩𑑂𑐩𑐔𑐶𑐟𑑂𑐟𑐖𑐸𑐫𑐵
d4bd1f7c,𑐬𑐵𑐖𑐾𑑌𑐀𑐱𑑂𑐰𑐱𑐹𑐔𑐶𑐱𑐬𑐾𑐱𑑂𑐰𑐵𑐬𑑂𑐎𑑂𑐲𑐾𑐣𑐾𑐥𑐵𑐮𑐶𑐎𑑂𑐫𑐵𑑄𑐧𑐶𑐣𑐶𑐬𑑂𑐐𑑂𑐐𑐟𑐾𑑋𑐥𑐎𑑂𑐲𑐾𑐩𑐵
3f358f1b,𑐧𑐵𑐎𑑄𑐟𑐒𑐣𑑌𑐩𑐣𑑀𑐴𑐬𑐵𑐩𑐫𑐶𑐫𑐵𑐣𑐵𑐩𑐣𑐬𑑀𑐴𑑀𑐬𑐧𑐸𑐬𑑀𑑒𑐠𑑂𑐰𑐟𑐾𑐧𑐸𑐫𑐧𑐶𑐬𑐳𑐵
9211z98c,𑐫𑐞𑐳𑐴𑐶𑐟𑑄𑐱𑑂𑐬𑐷𑐐𑑀𑐥𑐵𑐮𑐾𑐱𑑂𑐰𑐬𑐳𑑂𑐠𑐵𑐥𑐣𑐵𑐫𑐵
a8416bfa,𑐰𑐎𑐸𑐣𑑂𑐴𑐸𑐳𑐶𑑄𑐴𑐳𑐶𑑄𑐢𑐶𑐣𑐷𑑍𑐕𑐾𑐥𑐮𑐢𑐵𑐎
5c344b3a,𑐎𑐵𑐣𑐵𑐩𑐐𑐴𑐾𑑅𑐰𑐳𑑂𑐟𑐶𑐟𑐵𑑅𑐢𑐬𑑂𑐩𑐵𑐟𑐩𑐵𑐟𑑀𑐬𑐵𑐬𑑂𑐢𑑅𑐥𑐹𑐣𑑂𑐫𑐰𑐶𑐬
46a93337,𑐖𑐸𑐫𑐵𑐌𑐀𑐧𑐸𑐖𑐸𑐩𑐵𑐩𑐣𑐶𑐩𑑂𑐴𑐳𑐫𑐵𑐣𑐵𑐩𑐣𑐱𑑂𑐬𑐷𑑓𑐧𑐖𑑂𑐬
377zfb3d,𑐱𑐸𑐨𑑌𑐳𑐩𑑂𑐰𑐟𑑂𑑘𑑑𑑙𑐰𑐿𑐱𑐵𑐲𑐎𑐺𑐲𑑂𑐞
9afc43d0,𑑌𑑒𑑌𑐣𑐰𑐩𑑂𑐫𑐵𑑄𑐥𑐺𑐞𑑂𑐫𑐟𑐶𑐠𑑁𑐖𑑂𑐫𑐟𑐶𑐱𑐸𑐨𑐱𑐸
80702zzz,𑐠𑑂𑐰𑐟𑐾𑐫𑐵𑐐𑐸𑐠𑐶𑐖𑐫𑐥𑐟𑐶𑐎𑑂𑐬𑐖𑐸𑑌𑐠𑑂𑐰𑐬𑐮𑐎𑑂𑐲
54583fda,𑐮𑐨𑐶𑐎𑑂𑐲𑐵𑐨𑑀𑐖𑐣𑐫𑐵𑐫𑐩𑐵𑐮𑐥𑑂𑐬𑐳𑐾𑐲𑐮𑐾𑐎𑑀𑐐𑐸𑐠𑐶
f35ff184,𑐳𑐩𑑂𑐰𑐟𑑂𑑗𑑕𑑗𑐩𑐵𑐑𑐩𑐵𑐳𑐎𑐺𑐲𑑂𑐞𑐥𑐎𑑂𑐲
1329c338,𑐫𑐞𑐠𑑂𑐰𑐫𑐵𑐣𑐎𑐾𑐴𑐾𑐬𑐵𑐖𑐎𑐸𑐩𑐵𑐬𑐱𑑂𑐬𑐷𑐱𑑂𑐬𑐷𑐬𑐸𑐥𑐩𑐟𑐶𑐡𑐾𑐰𑐷𑐠𑑂𑐰𑐫𑐵𑐣𑐎𑐾𑐴𑐾𑐬𑐵𑐖𑐎𑐸𑐩𑐵𑐬𑐷𑐱𑑂𑐬𑐷𑐱𑑂𑐬𑐷
097df7db,𑐎𑑂𑐮𑐡𑑂𑐰𑐵𑐡𑐱𑐷𑐱𑑂𑐬𑐵𑐰𑐞𑐎𑐺𑐲𑑂𑐞𑐀𑐲𑑂𑐚𑐩𑐷𑐎𑐵𑐬𑑂𑐟𑑂𑐟𑐶𑐎𑐱𑐸𑐎𑑂𑐮𑐡𑑂𑐰𑐵𑐡𑐱𑐷𑐦𑐵𑐮𑑂𑐐𑐸𑐞𑐱𑐸𑐎𑑂𑐮𑐥𑐹𑐬𑑂𑐞𑐶𑐩𑐵𑐠𑑂𑐰𑐒𑐵𑐑𑐵𑐟𑐣𑑄
4199f50b,𑑉𑐣𑐩𑑅𑐱𑑂𑐬𑐷𑐩𑐡𑑂𑐬𑐵𑐬𑑂𑐫𑑂𑐫𑐵𑐰𑐮𑑁𑐎𑐶𑐟𑐾
bb7bfd50,𑐣𑐐𑐬𑐾𑑍𑐟𑑄𑐰𑐬𑐵𑐕𑐾𑑍𑐟𑑀𑐬𑐢𑑂𑐰𑐵𑐎𑐵𑐰𑐵𑐴𑐵𑐬𑐡𑐵𑐟𑐾𑐏𑐵𑐬𑐰𑑄𑐟𑐵𑐕𑐾𑐫𑐵𑐰𑐖𑐵𑐔𑐵𑐬𑑂𑐫𑑂𑐫𑐢𑐬𑑂𑐩𑑂𑐩𑐳𑑂𑐠𑑅𑐱𑑂𑐬𑐷𑐱𑐸𑐞
4fb07843,𑐬𑐶𑐏𑐡𑐾𑐰𑑍𑐟𑐳𑑂𑐫𑐣𑐵𑐬𑐷𑐢𑐣𑐰𑐟𑐷𑑍𑐀𑐳𑑂𑐫𑐥𑐸𑐟𑑂𑐬𑐷𑐬𑐟𑑂𑐣𑐡𑐾𑐰𑐷𑑍𑐢𑐣𑐳𑐶𑑄𑐴𑐳𑑂𑐫𑐡𑑂𑐰𑐴𑐶𑐟𑑂𑐫𑐢𑐰𑐟𑐷𑑍
d6ddz1d3,𑐐𑐸𑐞𑐏𑐐𑐱𑐶𑐎𑐵𑐬𑑂𑐟𑐶𑐎𑐾𑐱𑐸𑐎𑑂𑐮𑐥𑐎𑑂𑐲𑐾
a3d994d3,𑐟𑐶𑐠𑑁𑐳𑑀𑐩𑐡𑐶𑐣𑐥𑑂𑐬𑐟𑐶𑐳𑑂𑐛𑐵𑑄𑐳𑐰𑐎𑐵𑐬𑐴𑑌𑑌𑐀𑐠𑐣𑐾𑐥𑐵𑐮𑐨𑐵𑐏𑐵𑑌
3zab69b2,𑐳𑐵𑐐𑐬𑑄𑑋𑐀𑐩𑐺𑐟𑐵𑐨𑐵𑐨𑐶𑐟𑐩𑑁𑐮𑐶𑑍𑐴𑐬𑐵𑐴𑐬𑑄𑐣𑐬𑐵𑐩𑑂𑐫𑐴𑑄𑑋𑑋𑐧𑐸𑐡𑑂𑐰𑑄𑐢𑐬𑑂𑐩𑑂𑐩𑐣𑑂𑐟𑐠𑐵𑐳𑑄𑐑𑑍𑐊𑐎𑑀
bc6384ab,𑐬𑑂𑐩𑑂𑐩𑐔𑐶𑐟𑑂𑐟𑐖𑐵𑐥𑑍𑐠𑑂𑐰𑐰𑐶𑐴𑐵𑐬𑐡𑐫𑐎𑐵𑑌
d4623z6z,𑐧𑐨𑐹𑐟𑐳𑑂𑐰𑐖𑐣𑐳𑐴𑐶𑐟𑐵𑐣𑑂𑐳𑐬𑑂𑐰𑐳𑐟𑑂𑐰𑐵
z4bz922f,𑑊𑐳𑐩𑑂𑐰𑐟𑑂𑑗𑑑𑑘𑐎𑐵𑐬𑑂𑐟𑑂𑐟𑐶𑐎𑐱𑐸𑐎𑑂𑐮𑐲𑐲𑑂𑐚𑐶𑐬𑐰𑐶𑐰𑐵𑐬𑐳𑐱𑑂𑐬𑐷𑑓𑐐𑑄𑐢𑐸𑐬
47d226ab,𑐣𑐩𑐱𑑂𑐬𑐷𑐢𑐬𑑂𑐩𑐢𑐵𑐟𑐸𑐔𑐿𑐟𑑂𑐫𑐩𑐟𑐵𑐎𑐰𑐢𑐖𑐐𑐸𑐡𑐾𑐰𑐳𑑂𑐰𑐢𑐳𑐥𑑄𑐟𑐸𑐨𑐡𑐵𑐬𑐎𑐩𑐵𑐡𑐶𑐡𑐾𑐰𑑄𑐖𑐣𑐵
4fb79f7d,𑐣𑐵𑑄𑐱𑑂𑐬𑐷𑐡𑐾𑐐𑑀𑐮𑐡𑐫𑐎𑑄𑐖𑐥𑐟𑐶𑐳𑐴𑐶𑐟𑑄𑐣𑐱𑑂𑐬𑐷𑐨𑐷
z2403293,𑐩𑐡𑐸𑐥𑑄𑐔𑐥𑐵𑐟𑐎𑐬𑐵𑐎
20369ac0,𑐖𑐾𑑍𑐳𑐬𑑂𑐰𑑂𑐰𑐵𑐟𑑂𑐩𑐵𑐣𑐩𑐐𑐩𑑂𑐫𑐩𑐶𑐣𑑂𑐡𑑂𑐬𑐶𑐫𑐐𑐞𑑅𑐳𑐬𑑂𑐰𑑂𑐰𑐖𑑂𑐘𑐩𑐵𑐡𑑂𑐫𑑄𑐰𑐶𑐨𑐸𑑄𑑋𑐣𑐶𑐟𑑂𑐫𑐵𑐣𑐣𑑂𑐡𑐶𑐩𑐫𑑄𑐥𑐬𑐵𑐟𑑂𑐥𑐬𑐟𑐬𑑄𑐳𑑄𑐳𑐵𑐬
cfdd7fz8,𑐱𑐶𑐢𑑂𑐡𑐶𑐬𑐵𑐩𑐴𑐵𑐎𑐸𑐥𑐩𑑂𑐩𑐬𑐵𑐩𑐐𑐸𑐣𑐶𑐬𑐵𑐩𑐎𑐶𑐬𑑂𑐟𑑂𑐟𑐶𑐬𑐵𑐩
zd7zf27b,𑐫𑐞𑐠𑑂𑐰𑐫𑐵𑐣𑐎𑐾𑐴𑐾𑐬𑐵𑐖𑐎𑐸𑐩𑐵𑐬𑐱𑑂𑐬𑐷𑐱𑑂𑐬𑐷𑐬𑐸𑐥𑐩𑐟𑐶𑐡𑐾𑐰𑐷𑐠𑑂𑐰𑐫𑐵𑐣𑐎𑐾𑐴𑐾𑐬𑐵𑐖𑐎𑐸𑐩𑐵𑐬𑐷𑐱𑑂𑐬𑐷𑐱𑑂𑐬𑐷
3f4b2fdf,𑐩𑑂𑐫𑐾𑐳𑐒𑑂𑐎𑐬𑑂𑐲𑐞𑑄𑐥𑑂𑐬𑐨𑐸𑑄𑑋𑐥𑑂𑐬𑐡𑑂𑐫𑐸𑐩𑑂𑐣𑑄𑐥𑐱𑑂𑐔𑐶𑐩𑐡𑑂𑐰𑐵𑐬𑐶𑐎𑑁𑐰𑐾𑐫𑐸𑐫𑑂‌𑐬𑑂𑐫𑐵𑐩𑐣𑐶𑐬𑐸𑐡𑑂𑐢𑑄𑐎𑑌𑐩𑐢𑑂𑐫𑐾𑐣𑐵𑐬𑐵𑐫𑐞𑐬𑐹𑐥𑑄𑑍𑐥𑐬𑑄𑐧𑑂𑐬𑐴𑑂𑐩𑐳𑑂𑐰
0317a1zd,𑐱𑑂𑐬𑐷𑐩𑐮𑑂𑐮𑑀𑐎𑐾𑐱𑐡𑐿𑐰𑐳𑐬𑐞𑐩𑐥𑐶
90b11244,𑐣𑐢𑐬𑑂‍𑐩𑐥𑑂𑐬𑐟𑐶𑐲𑑂𑐛𑐵𑐳𑐡𑐾𑐧𑐳𑐡𑑂𑐰𑐫𑐎𑐵𑑌𑐱𑑂𑐬𑐷𑐱𑑂𑐬𑐷𑐥𑐱𑐹𑐥𑐟𑐶𑐥𑐵𑐡𑐵𑐬𑐧𑐶𑐣𑑂𑐡
4c55c8a5,𑐧𑐵𑐬𑐫𑐾𑐱𑑂𑐬𑐷𑑒𑐳𑑂𑐰𑐫𑐨𑐸𑐬𑑂𑐔𑐾𑐟𑑂𑐫𑐨𑐚𑑂𑐚𑐵𑐬𑐎𑐳𑐣𑐶𑐢𑐵𑐣𑐾𑐀𑐡𑑂𑐫𑐵𑐡𑐶𑑋𑑋𑐡𑐵𑐣𑐥𑐟𑐶𑐎𑐵𑐟𑐶𑐥𑐸
3z0909ca,𑐖𑑂𑐘𑐵𑐟𑐫𑐵𑐮𑐶𑐱𑐶𑐟𑑅𑐄𑐟𑑂𑐥𑐵𑐡𑐰𑑂𑐫𑐫𑐰𑐬𑑂𑐖𑐶𑐟𑑀𑐎𑑂𑐲𑐫𑐳𑐸𑐏𑑀𑐴𑐵𑐳𑑂𑐫𑑂‌𑐫𑐡𑐶𑐳𑑀𑐏𑑂𑐫𑐵𑐣𑑂𑐰𑐶𑐟𑑅𑐮𑑀𑐎𑐵𑐣𑐵𑑄
9z7c0ca5,𑐨𑐸𑐩𑐶𑐨𑐵𑐐𑑂𑐫𑐵𑐄𑐥𑐕𑐣𑑂𑐡𑐥𑐶𑐛𑐾𑐱𑑂𑐬𑐷𑐴𑐾𑐬𑐸𑐎𑐧𑐶𑐬𑐸𑐥𑐵𑐎𑑂𑐲𑐏𑐐𑐵𑐣𑐣𑐵𑐢𑐶𑐧𑐵𑐳𑐶𑐟𑐾𑐀𑐣𑐾𑐎𑐡𑐾
z85z4996,𑐣𑑂𑐡𑑂𑐬𑐩𑑁𑐮𑐶𑐩𑐸𑐎𑐸𑐚𑐵𑐟𑑂‌𑐳𑐬𑑂𑐰𑑂𑐰𑐵𑐬𑑂𑐠𑐔𑐶𑐣𑑂𑐟𑐵𑐩𑐞𑐾𑐳𑐵𑐎𑑂𑐲𑑂𑐫𑐵𑐔𑑂𑐕𑐷𑐖𑐐𑐡𑐷𑐱𑑂𑐰𑐬𑑀𑐣𑐺𑐥𑐰𑐥𑐸𑑅𑐱𑑂𑐬𑐷𑐰𑐶𑐲𑑂𑐞𑐸𑐳𑐴𑑀𑑇𑐖𑐣𑐶𑑋𑐡𑐺𑐲𑑂𑐚𑐵𑐣𑑂𑐡𑐞𑑂𑐜𑐫𑐶𑐟𑐸𑑄𑐡𑑂𑐰𑐶𑐲𑑀
f0daz91f,𑐧𑐖𑑂𑐬𑐵𑐬𑑂𑐫𑐵𑐥𑑂𑐥𑐴𑐰𑐿𑑌𑑑𑑌𑐢𑐬𑑂𑐩𑐔𑐶𑐟𑑂𑐟𑐿
2z7f2794,𑐟𑑂𑐟𑐬𑑄𑐬𑐵𑐖𑐟𑐾𑑍𑐫𑐟𑑂‌𑐥𑐵𑐡𑐵𑐟𑐥𑐡𑐥𑑂𑐬𑐴𑐵𑐬𑐰𑐱𑐟𑑀𑐨𑐹𑐩𑐶𑐬𑑂𑐩𑑂𑐩𑐸𑐴𑐸𑑅𑐎𑐩𑑂𑐥𑐟𑐾𑑋𑐫𑐟𑑂𑐟𑐾𑐖𑐳𑑂𑐟𑐥𑐣𑑀𑐡𑐫𑐾𑐳𑑂𑐟𑐩𑐐𑐩𑐣𑑂𑐨𑐹𑐥𑐵𑐮𑐰𑐺𑐣𑑂𑐡𑐾𑐣𑑂𑐡𑐰𑑅𑐳𑑀
f42d533a,𑑊𑑉𑐣𑐩𑑀𑐩𑐣𑐰𑐶𑐞𑐵𑐫𑐎𑐵𑐫𑑌𑐲𑐣𑑂𑐩𑐹𑐏𑐵𑐫𑐣𑐩𑐳𑑂𑐟𑐸𑐨𑐵𑑄𑐲𑐚𑑂𑐨𑐸𑐖𑐵𑐫
b781bf37,𑐳𑐸𑐏𑐩𑐫𑐡𑐾𑐴𑐶𑐣𑐵𑐩𑑀𑐎𑑂𑐲𑐴𑐾𑐟𑐸𑑌𑑑𑑌𑐁𑐟𑑂𑐩𑐬𑐎𑐵𑐬
b1z3a776,𑐥𑐥𑑂𑐬𑐖𑑂𑐰𑐵𑐬𑐶𑐟𑐫𑐵𑐒𑐵𑐡𑐬𑑂𑐱𑐣𑐢𑐵𑐬𑐷𑐡𑐵
a4ff5f3f,𑐒𑐵𑐡𑐶𑐣𑑋𑐰𑐬𑑂𑐲𑐥𑑂𑐬𑐟𑐶𑐠𑐰𑐦𑐸𑐎𑐶𑐖𑐖𑐸𑐎𑑀𑐳𑑂𑐫
bc21f118,𑐮𑐶𑐎𑐾𑑇𑐳𑑂𑐩𑐶𑐣𑑂𑐫𑐩𑐱𑐾𑐳𑐬𑐰𑐾𑐚𑐾𑐰𑐬𑑂𑐲𑐾𑐩𑐶𑐟𑐾𑐩𑐵
9dz733cc,𑐣𑐾𑐡𑐶𑐰𑐐𑐟𑐳𑑂𑐫𑐡𑐸𑐐𑐟𑐶𑐩𑑀𑐔𑐣𑑂𑐫𑐬𑑂𑐠𑐾𑐳𑐸𑐲𑐵𑐧𑐟𑐶𑐥𑑂𑐬𑐵𑐥𑑂𑐟𑐫𑐵𑐟𑐱𑐸𑐨𑑋𑑋
a1a7b1d1,𑑊𑑉𑐣𑐩𑑅𑐬𑐟𑑂‍𑐣𑐟𑑂𑐬𑐫𑐵𑐫𑑌𑐀𑐞𑐱𑑀𑐬𑐶𑐬𑑂𑐩𑑂𑐩𑐮𑑀𑐟𑑂𑐨𑐹𑐟𑑀𑑍𑐣𑐶𑐲𑑂𑐥𑑂𑐬𑐥𑐘𑑂𑐔𑑅𑐐𑐸𑐞𑐵𑐱𑑂𑐬𑐫𑑅𑐥𑐘𑑂𑐔𑐳𑑂𑐎𑐥𑐵𑐟𑑂‍𑐩𑐣𑑂𑐣
87z77929,𑐳𑑂𑐰𑐟𑐶𑐣𑐎𑑂𑐲𑐟𑑂𑐬𑐾𑐥𑐬𑐶𑐢𑐫𑑀𑐐𑐾𑐰𑐺𑐴𑐳𑑂𑐥𑐟𑐶𑐰𑐵𑐳𑐬𑐾𑐠𑑂𑐰𑐎𑐸𑐣𑑂𑐴𑐸𑐱𑑂𑐬𑐷𑑒𑐬𑐸𑐡𑑂𑐬𑐩𑐟𑐷𑐠𑐎𑐸𑐣𑐷𑐖𑐸𑐳𑑂𑐣𑐮𑑀𑐴𑑀𑐡𑐾𑐰𑐮𑐡𑐫
b473741a,𑐡𑐾𑐰𑐟𑐵𑐰𑐬𑐮𑐖𑑂𑐫𑐥𑑂𑐬𑐳𑐵𑐡𑐡𑐾𑐡𑐶𑐥𑑂𑐫𑐩𑐵𑐣𑑀𑐣𑐟𑐬𑐑𑐸𑐰𑑄𑐱𑐵𑐰𑐟𑐵𑐬𑐬𑐰𑐶𑐎𑐸𑐮𑐟𑐶𑐬𑐎𑐴𑐣𑐸𑐩𑐣𑑂𑐢𑑂𑐰𑐖𑐣𑐾𑐥𑐵𑐮𑐾𑐱𑑂𑐰𑐬𑐩𑐴𑐵𑐬𑐵𑐖𑐵𑐢𑐶𑐬𑐵𑐖𑐳𑐎𑐬𑐮𑐵
8b324c25,𑐥𑐱𑑂𑐰𑑍𑐳𑑄𑐑𑑂𑐮𑐥𑑂𑐬𑐰𑐟𑐳𑑂𑐫𑑍𑐳𑐣𑐶𑐡𑑂𑐫𑐾𑑍𑐳𑐩𑐸𑐬𑐵𑐎𑐵𑐬𑑂𑐫𑐩𑐣𑐞𑑂𑐜𑐬𑑂𑐫𑑍𑐄𑐥𑐕𑐡𑑀𑐴
391a9b24,𑐥𑐶𑐞𑑄𑑋𑐥𑑄𑐔𑐟𑐟𑑂𑐟𑑂𑐰𑐵𑐟𑑂𑐩𑐎𑑄𑐡𑐾𑐰𑑄𑐥𑑂𑐬𑐵𑐳𑐵𑐡𑐾𑐳𑑂𑐠𑐵𑐥𑐶𑐟𑑀𑐣𑐺𑐥𑑌𑑋𑐥𑑂𑐬𑐵𑐳𑐵𑐡𑐩𑐾𑐣𑐩𑐟𑐶𑐨𑐎𑑂𑐟𑐶𑐩𑐟𑐵𑐰𑐶𑐟𑐷𑐫𑑂‌𑐬𑑂𑐫𑑍𑐣𑐵𑐬𑐵𑐫𑐞𑐵𑐫
31fd055b,𑐡𑐩𑐞𑑂𑐜𑐮𑐧𑐖𑑂𑐬𑐢𑐵𑐟𑐸𑐳𑐬𑑂𑐧𑑂𑐧𑐵𑐣𑐣𑑂𑐡𑐿𑐎𑐬𑐸𑐥𑑄𑐳𑐴𑐖
zc43a348,𑐖𑐸𑐧𑐵𑐴𑐵𑐬𑐫𑐵𑐡𑐾𑐰𑐖𑐸𑐠𑑂𑐰𑐧𑐾𑐮𑐳𑑋𑑋𑐡𑐬𑑂𑐱
bf55c384,𑐬𑐵𑐖𑐾𑑌𑐀𑐱𑑂𑐰𑐱𑐹𑐔𑐶𑐱𑐬𑐾𑐱𑑂𑐰𑐵𑐬𑑂𑐎𑑂𑐲𑐾𑐣𑐾𑐥𑐵𑐮𑐶𑐎𑑂𑐫𑐵𑑄𑐧𑐶𑐣𑐶𑐬𑑂𑐐𑑂𑐐𑐟𑐾𑑋𑐥𑐎𑑂𑐲𑐾𑐩𑐵
1ca62b93,𑐐𑐸𑐞𑐏𑐐𑐱𑐶𑐎𑐵𑐬𑑂𑐟𑐶𑐎𑐾𑐱𑐸𑐎𑑂𑐮𑐥𑐎𑑂𑐲𑐾
25a12384,𑐔𑐩𑐶𑐱𑐸𑐎𑑂𑐬𑐧𑐵𑐬𑐲𑐸𑐬𑐸𑐱𑑂𑐬𑐷𑑓𑐧𑐖𑑂𑐬𑐳𑐟𑑂‍𑐧𑐠𑐵𑐥𑐣𑐵
060zd637,𑐩𑐸𑐴𑐣𑐖𑐸𑐬𑑀𑑌𑐥𑐸𑐣𑑅𑐠𑑂𑐰𑐟𑐸𑐮𑐳𑐷𑐦𑐮𑐳𑐐𑑀𑐩𑑂𑐴𑐣𑑄𑐢𑐬𑑂𑐩𑑂𑐩𑐨𑐵𑐬𑐥𑑄𑐟𑐸𑐮𑐱𑐷𑐥𑐾𑐫𑐩𑐵
7c57ff45,𑐮𑑂𑐮𑐡𑐾𑐰𑐥𑑂𑐬𑐨𑐸𑐠𑐵𑐎𑐹𑐬𑐳𑐄𑐨𑐫𑐬𑐵𑐖𑑂𑐫𑐳𑐥𑑂𑐬𑐵𑐢𑐵𑐣𑐵𑐒𑑂𑐐𑐴𑐵𑐎𑐹
abd56b81,𑐳𑐴𑐳𑑂𑐬𑐴𑑀𑐩𑐰𑐶𑐢𑐶𑐣𑐵𑐰𑐷𑐬𑐾𑐱𑑂𑐰𑐬𑑀𑐨𑐹𑐳𑐸𑐬𑑅𑑋𑐴𑑀𑐟𑐵𑐰𑐶𑐲𑑂𑐞𑐸𑐩𑐏𑑄𑐰𑐶𑐢𑐵𑐫𑐴𑐰𑐶𑐲𑐵𑐳𑑄𑐟𑐬𑑂𑐥𑑂𑐫𑐰𑐴𑑂𑐣𑐶𑑄𑐳𑐸𑐢𑐷𑑅𑐎𑐾𑐳𑐵𑐬𑐾𑑅𑐥𑑂𑐬𑐟𑐶
5a22094a,𑐥𑐸𑐣𑐬𑐎𑑂𑐲𑐩𑐶𑐟𑑂𑐫𑐵𑐟𑐶𑐨𑐵𑐫𑐸𑐟𑐷𑐬𑐕𑐶𑐢𑐮𑐷𑐔𑐟𑐸𑐫𑐰𑐵𑐮𑐫𑐟𑑂𑐬𑐷𑐎𑑂𑐲𑐣𑐳𑑂𑐰𑐮𑐷𑐟𑐵𑐮𑐵𑐡𑐸
df1d2182,𑐣𑐵𑐩𑐣𑐱𑑂𑐬𑐷𑐳𑐬𑐳𑑂𑐰𑐟𑐷𑑍𑐠𑑂𑐰𑐒𑐵𑐩𑑂𑐴𑐡𑐾𑐰𑐠𑑂𑐰𑐦𑐮𑑂𑐫𑐳𑐠𑐵𑐥𑐣𑐵𑐫𑐵𑐒𑐣
8417165b,𑐟𑐶𑐠𑑁𑐳𑑀𑐩𑐡𑐶𑐣𑐥𑑂𑐬𑐟𑐶𑐳𑑂𑐛𑐵𑑄𑐳𑐰𑐎𑐵𑐬𑐴𑑌𑑌𑐀𑐠𑐣𑐾𑐥𑐵𑐮𑐨𑐵𑐏𑐵𑑌
79644665,𑐟𑑍𑐳𑐶𑐰𑐣𑐵𑐮𑐵𑐫𑐣𑑌𑐢𑐬𑑂𑐩𑑂𑐩𑐢𑐮𑐔𑐶𑐎𑐶𑐟𑐶𑑍𑐀𑐳𑑄𑐟𑑀𑐮𑐎𑑀𑐠𑐸𑐥
54b895za,𑐣𑐬𑐎𑐵𑐣𑐵𑑄𑐳𑐸𑐡𑐵𑐬𑐸𑐞𑐵𑑅𑑌𑐎𑑂𑐬𑐩𑐾𑐞𑐟𑐵𑐳𑐸𑐥𑐟𑑂𑐫𑐣𑑂𑐟𑐾𑑍𑐡𑐾𑐰𑐧𑑂𑐬𑐴𑑂𑐩𑐳𑑂𑐰𑐴𑐵𑐬𑐶𑐞𑑅𑑌𑐠𑑂𑐰𑐐𑐸
fb1d8527,𑐢𑐎𑐠𑐵𑐥𑐣𑐵𑐫𑐵𑐣𑐵𑐐𑐸𑐡𑐾𑐰𑐐𑐸𑐬𑐸𑐩𑐵𑐩𑐰𑐧𑐵𑐫𑐵𑐟𑐧𑑀𑐩𑐧𑐶𑐫𑐵𑑅𑐳𑐶𑐡𑐣𑐵𑐫𑐵𑐣𑐵𑐴
bc9z7aba,𑐫𑐵𑐟𑐑𑐾𑐮𑐀𑐲𑑂𑐚𑐵𑑒𑐐𑐸𑐐𑑂𑐐𑐸𑐬𑐸𑐖𑑒𑐩𑐢𑐸𑐥𑐬𑑂𑐎𑑂𑐎𑐡𑑄𑑑𑐩𑐵𑐑𑐾𑐫𑐵𑐟𑐑𑐾𑐮𑐎𑐸𑐜𑑒𑐳𑐵𑐏𑐎𑐸𑐜𑑒𑐩𑐬𑐔𑐡𑑄𑑖𑐠𑑂𑐰𑐟𑐾𑐩𑐵𑐑𑐾𑐕𑐵𑐫
669218d9,𑐴𑐾𑐩𑐵𑐬𑑂𑐫𑐟𑐵𑐬𑐵𑐳𑐴𑐶𑐟𑐡𑑂𑐰𑐫𑐱𑐶𑐮𑐵𑐳𑑂𑐟𑑄
b2ad6f79,𑐟𑐬𑐵𑐳𑐶𑐐𑐟𑐾𑐳𑐰𑐶𑐟𑐬𑐾𑐳𑐶𑑄𑐴𑐬𑐵𑐳𑐶𑐐𑐟𑐾𑐔𑑄𑐡𑑂𑐬𑐩𑐳𑐶𑑌𑐟𑐳𑑂𑐩𑐶𑐡𑐶𑐣𑐾𑑌𑐂𑐟𑐸𑑄𑐧𑐵𑐴𑐵𑐬𑐁
9373a75z,𑐔𑐎𑑂𑐬𑐱𑐎𑑂𑐬𑑅𑑋𑐀𑐩𑐬𑐟𑐬𑐸𑐳𑐩𑐵𑐣𑑀𑐰𑐶𑐱𑑂𑐰𑐰𑐶𑐏𑑂𑐫𑐵𑐟𑐎𑐷𑐬𑑂𑐟𑐶𑑅𑐳𑐎𑐮𑐧𑐸𑐢𑐖𑐣𑐵𑐣𑐵𑐩𑐵𑐱𑑂𑐬𑐫𑑀𑐨𑐹𑐩𑐶𑐥𑐵𑐮𑑅𑑌𑐊𑐟𑐳𑑂𑐩𑐵𑐡𑑂𑐢𑐵𑐬𑐞𑐷
2cb7dzba,𑐣𑐵𑐰𑐁𑐔𑐵𑐬𑐐𑐸𑐠𑐶𑐎𑐟𑐎𑐣𑐔𑐶𑐟𑐵𑐫𑐵𑐒𑐵
35ff4045,𑐖𑐸𑑒𑐣𑐶𑐳𑐮𑐵𑐮𑑍𑐠𑑂𑐰𑐟𑐾𑐢𑐸𑐣𑐎𑐵𑐰𑑍𑐦𑐮𑐾𑐳𑑄𑐴𑐶𑐟𑐶𑐳𑑄𑐳𑐾𑐮𑑂𑐴𑑀𑐮𑑂𑐴𑑀𑐣𑐾𑐫𑐵𑐒𑐵
d3c3dba5,𑐖𑐸𑐬𑑀𑐟𑐟𑐵𑐖𑐰𑐚𑐫𑐵𑐥𑐵𑐎𑐧𑐹𑐮𑑀𑑔𑐧𑐵𑐴𑐵𑐬𑐖𑐸𑐮𑑀
a01bdd86,𑐫𑐶𑐣𑐾𑐬𑐟𑑂𑐟𑐸𑐟𑑂𑐫𑐵𑐰𑐶𑐱𑑂𑐰𑐳𑐺𑐖𑐵𑑄𑐳𑑂𑐰𑐫𑑄𑐰𑐟𑐬𑐟𑐾𑐎𑐺𑐲𑑂𑐞𑐵𑐫𑐨𑐹𑐫𑑀𑐣𑐩𑑅𑑌𑐫𑑀𑐫𑑀𑐮𑐷𑐮𑐫𑑀𑐡𑐢𑐸𑐟𑑂𑐫𑐐𑐶𑐬𑐶𑑄𑐩𑐴𑐵𑐣𑑂𑐟𑑄𑐐𑑀𑐐𑑀𑐥𑐶
cc1b944z,𑐞𑑀𑐡𑑂𑐰𑐶𑐟𑐷𑐫𑐥𑐬𑐵𑐬𑑂𑐡𑑂𑐰𑐟𑑂𑐫𑐵𑐡𑐶𑑋𑑋𑐀𑐡𑑂𑐫𑐖𑑂𑐫𑐾𑐲𑑂𑐛𑐩𑐵𑐳𑐾𑐎𑐺𑐲𑑂𑐞𑐥𑐎𑑂𑐲𑐾𑐣𑐰𑐩𑐷𑐥
8f303163,𑐣𑐾𑐡𑐶𑐰𑐐𑐟𑐳𑑂𑐫𑐡𑐸𑐐𑐟𑐶𑐩𑑀𑐔𑐣𑑂𑐫𑐬𑑂𑐠𑐾𑐳𑐸𑐲𑐵𑐧𑐟𑐶𑐥𑑂𑐬𑐵𑐥𑑂𑐟𑐫𑐵𑐟𑐱𑐸𑐨𑑋𑑋
dzc6d2z8,𑑌𑐡𑐵𑐣𑐥𑐟𑐶𑐖𑐖𑐩𑐵𑐣𑐎𑐵𑐲𑑂𑐛𑐩𑐞𑑂𑐜𑐥𑐩𑐴𑐵𑐣𑐐𑐬𑐾𑐩𑐶𑐔𑑂𑐫𑐵𑐎𑐩𑐸𑐐𑐬𑐟𑑀𑐬
ba40f26f,𑐴𑐾𑐩𑐵𑐬𑑂𑐫𑐟𑐵𑐬𑐵𑐳𑐴𑐶𑐟𑐡𑑂𑐰𑐫𑐱𑐶𑐮𑐵𑐳𑑂𑐟𑑄
z7d94f10,𑐐𑑂𑐰𑐣𑐶𑐡𑐵𑐣𑐫𑐵𑐟𑐳𑐵𑐳𑑂𑐫𑐴𑐵𑐫𑐸𑐣𑐵𑐥𑐵𑐎𑐟𑐟𑐢𑐖𑐖𑐸𑐫𑐵𑐴𑐵𑐫𑐳𑐬𑐵𑐎𑐴𑐵𑐮𑑀𑑌𑐱𑐸𑐨
3a0ddc2f,𑐏𑐬𑐡𑐾𑐰𑐟𑑂‍𑐥𑐟𑑂𑐣𑐷𑐮𑐎𑑂𑐲𑑂𑐩𑐷𑐡𑐾𑐰𑐷
83607942,𑐳𑑄𑐐𑐟𑑅𑐎𑑂𑐲𑑂𑐩𑐵𑐨𑐺𑐟𑐵𑑄𑐥𑐡𑐔𑑂𑐫𑐹𑐟𑐩𑐴𑐷𑐥𑐟𑐶𑐳𑑂𑐰𑐥𑐡𑐬𑐎𑑂𑐲𑐞𑐾𑐥𑐞𑑂𑐜𑐶𑐟𑑅𑐥𑐸𑐬𑐣𑑂𑐡𑐬𑐣𑐾𑐱𑑂𑐰𑐬𑑀𑐖𑐫𑐟𑐶𑐰𑐶𑐥𑑂𑐬𑐎𑐮𑑂𑐥𑐡𑑂𑐬𑐸𑐩𑑅
5b3580fd,𑐣𑐷𑐣𑐶𑐩𑑂𑐴𑐰𑐵𑐎𑐵𑐩𑐾𑐣𑐠𑑂𑐰𑐥𑐶𑐠𑐸𑐐𑑂𑐰𑐵𑐕𑐾𑐬𑐰𑐟
c149a633,𑐨𑐎𑑂𑐟𑐶𑐖𑐣𑐰𑐶𑐥𑑂𑐬𑐱𑑂𑐬𑐷𑐰𑐶𑐩𑐬𑐵𑐖𑐡𑐾𑐰𑐫𑐖𑐩𑐵𑐣𑑍𑐖𑐏𑐬𑐵𑐖𑐨𑐵𑐬𑑀𑑍𑐳𑑂𑐰
8a747504,𑑊𑐱𑐸𑐫𑑀𑐳𑑂𑐟𑐸𑐳𑐧𑐟𑑂𑑙𑑘𑑒𑐩𑑂𑐟𑐶𑐎𑐵𑐟𑑂𑐟𑐶𑐎𑐩𑐵𑐳𑐾𑐎𑐺𑐳𑑂𑐣𑐥𑐎𑑂𑐲
f6z09z7z,𑐁𑐫𑐥𑑂𑐬𑐟𑑂𑐫𑐵𑐫𑐡𑐸𑐣𑑂𑐟𑐵𑑌𑐬𑑀𑑑𑑒𑐒𑐏𑑀𑐐𑐸𑐜𑑀𑐥𑐵𑐎𑑀𑐬𑑀𑑗𑐰𑑄𑐠𑐔𑑀𑐎𑑀𑐬𑑀𑑙𑐲𑐸𑐟𑐶𑑄𑐖𑑀𑐬𑐳𑐾𑑗𑐟𑐰𑐡𑐴𑐳𑐶𑐬𑑀𑑕𑐰𑐮𑐏𑑀
c41a4zcd,𑑊𑐱𑑂𑐬𑐷𑐎𑐺𑐲𑑂𑐞𑐵𑐫𑐣𑐩𑑅𑑌𑐨𑐹𑐨𑐵𑐬𑑄𑐴𑐬𑐟𑐾𑐬𑐶𑐥𑐹𑐣𑑂𑐎𑐮𑐸𑐲𑐶𑐞𑑀𑐴𑐟𑑂𑐰𑐵𑐩𑐡𑐵𑐣𑑂𑐢𑐵𑐣𑑂𑐣𑐺𑐥𑐵𑐣𑑂𑐢𑐬𑑂𑐩𑐵𑐣𑑂𑐳𑑂𑐫𑐵
aadf0375,𑐬𑑂𑐲𑑓𑐎𑐵𑐡𑑀𑐰𑐸𑐎𑐬𑑂𑐲𑑒𑐐𑐵𑑄𑐰𑐸𑐠𑑂𑐰𑐟𑐾𑐰𑐸𑐡𑐸𑐣𑑂𑐟𑐵
538z547z,𑐠𑑄𑐴𑐬𑐫𑐾𑐳𑐸𑐰𑐵𑐳𑐶𑐟𑐟𑐬𑐹𑑄𑐐𑑀𑐥𑐵𑐮𑐡𑐵
4cf2ff39,𑐐𑐣𑐾𑐳𑐎𑐾𑐡𑐸𑐣𑑂𑐟𑐵𑐖𑐸𑐬𑑀𑑌𑐱𑐸𑐨𑑌
346fbd9a,𑐟𑑂𑐫𑐥𑐸𑐖𑐵𑐫𑐵𑐟𑐰𑐸𑐟𑐫𑐵𑐎𑐬𑑂𑐲𑑒𑐡𑑀𑐎𑑀𑐰𑐸𑐎
fd9f9zfd,𑐫𑐶𑐣𑐾𑐬𑐟𑑂𑐟𑐸𑐟𑑂𑐫𑐵𑐰𑐶𑐱𑑂𑐰𑐳𑐺𑐖𑐵𑑄𑐳𑑂𑐰𑐫𑑄𑐰𑐟𑐬𑐟𑐾𑐎𑐺𑐲𑑂𑐞𑐵𑐫𑐨𑐹𑐫𑑀𑐣𑐩𑑅𑑌𑐫𑑀𑐫𑑀𑐮𑐷𑐮𑐫𑑀𑐡𑐢𑐸𑐟𑑂𑐫𑐐𑐶𑐬𑐶𑑄𑐩𑐴𑐵𑐣𑑂𑐟𑑄𑐐𑑀𑐐𑑀𑐥𑐶
51a75534,𑐱𑑂𑐬𑐷𑑓
7024d66a,𑐥𑐬𑐡𑐟𑑂𑐟𑐵𑐩𑑂𑐰𑐵𑑍𑐫𑑀𑐴𑐬𑐾𑐟𑑂𑐳𑐸𑐬𑐰𑐶𑐥𑑂𑐬𑐫𑑀𑑅𑑋𑐲𑐲𑑂𑐛𑐷𑐰𑐬𑑂𑐲𑐳𑐴𑐳𑑂𑐟𑑂𑐬𑐵𑐞𑐶𑐰𑐶𑐲𑑂𑐛𑐵𑐫𑐵𑑄𑐖𑐵
z274bc47,𑐩𑑂𑐫𑐳𑐵𑐟𑐴𑐵𑐬𑑂𑐫𑑂𑐫𑐵𑐐𑐸𑐞𑐳𑐸𑐣𑑂𑐡𑐬𑐷𑑌𑐟𑐣𑑂𑐩𑐢𑑂𑐫𑐩𑑀𑐰𑐶𑐱𑑂𑐰𑐳𑐶𑑄𑐴𑑀𑐩𑐸𑐜𑐳𑐶𑑄𑐴𑑅𑐎𑐣𑐶𑐲𑑂𑐛𑐎𑑅𑐫𑐵𑐟𑐵
9b3633fb,𑐡𑐶𑑍𑐳𑐎𑐬𑐰𑐶𑐡𑑂𑐫𑐵𑐬𑐐𑑅𑐬𑐵𑐖𑐬𑐵𑐖𑐾𑐣𑑂𑐡𑑂𑐬𑐎𑐰𑐷𑑄𑐣𑑂𑐡𑑂𑐬𑐰𑐶𑐡𑐐𑑂𑐰𑐔𑐸𑐟𑑂𑐬𑐵𑐩𑐞𑐶𑑍𑐩𑐴𑐵𑐬𑐵𑐖𑐵𑐢𑐶𑐬𑐵𑐖
5b10dc3a,𑐠𑑂𑐰𑐟𑐾𑐔𑐿𑐟𑑂𑐫𑐫𑐵𑐨𑐐𑐰𑐵𑐣𑐫𑐵𑑍𑐰𑐬𑑂𑐲𑐧𑐣𑑂𑐢𑐣𑐫𑐵𑐫𑐟𑐐𑑂𑐮𑐵𑐳𑐳𑐮𑐐𑐵𑐧𑐸𑐬𑑀𑑒𑐮𑑂𑐴𑐸𑐟𑐶𑐎𑑂𑐰𑐧𑐸
364924a7,𑐴𑐵𑐡𑐾𑐰𑐳𑑂𑐎𑐾𑑍𑐱𑑂𑐬𑐷𑑓𑐣𑐵𑐬𑐵𑐫𑐣𑐳𑑂𑐎𑑄𑑍𑐣𑐾𑐩𑑂𑐴𑑄𑐳𑑂𑐟𑐵𑑍𑐖𑐸𑑑𑐥𑐸𑐖𑐵𑑍𑐡𑑄𑑒𑐡𑐎𑑂𑐲𑐶𑐣𑐵𑐡𑑄𑑒
9041a86c,𑐱𑑂𑐬𑐷𑐥𑐺𑐠𑐶𑐰𑐷𑐰𑐷𑐬𑐰𑐶𑐎𑑂𑐬𑐩
21z51aca,𑐥𑑄𑐔𑐬𑑀𑐥𑐞𑐶𑐎𑑄𑐬𑑀𑐰𑐒𑐵𑑕𑑍𑐀𑐦𑐮𑐰𑐸𑐎𑑂𑐲𑐾𑐟𑑂𑐬𑐟𑑂𑐬𑐫𑐬𑑀𑐥𑐞𑐶𑐎𑑄𑐬𑑀𑐰𑐳𑑂𑐰𑑓𑐕𑑀𑐀𑐦𑐮𑐎𑑂𑐲𑐾𑐟𑑂𑐬𑐥𑑄𑐔𑐬𑑀𑐥𑐞𑐶𑐎𑐬𑑀𑐰𑐒𑐵𑑕𑑍𑐂𑐡𑑀𑐮𑐎𑑂𑐲𑐾𑐟𑑂𑐬𑑄
529c6c31,𑐫𑑀𑐐𑐾𑐫𑐠𑐵𑐎𑐬𑐞𑐩𑐺𑐴𑐹𑐬𑑂𑐟𑑂𑐟𑐎𑐾𑐁𑐡𑐶𑐟𑑂𑐫𑐰𑐵𑐳𑐬𑐾𑐰𑐺𑐲𑐬𑐵𑐱𑐶𑐐𑐟𑐾𑐳
9010ccdf,𑐞𑐵𑐬𑐵𑐫𑐣𑐟𑐸𑐠𑐷𑐥𑑂𑐬𑐟𑐶𑐲𑑂𑐛𑐵𑐫𑐵𑐒𑐵
8378a32d,𑐐𑐶𑐫𑐵𑐟𑐣𑐶𑐟𑑂𑐫𑐥𑑂𑐬𑑒𑐖𑐵𑐎𑐶𑐧𑐶𑐫𑐩𑐵𑐮𑑍𑐣𑐶𑐟𑑂𑐫𑐧𑐥𑐸𑐫𑐩𑐵𑐮𑑍𑐖𑐷𑐐𑑂𑐬𑐶𑐳𑑄𑐣𑑂𑐫𑐵𑐳𑐶𑐣𑐠𑑀𑐩𑑄𑐞𑑂𑐜𑐥𑐳𑐖𑐵
a95zz730,𑐡𑐾𑐰𑐥𑑂𑐬𑐨𑐸𑐛𑐵𑐎𑐸𑐮𑐳𑐣𑐳𑑂𑐰𑐣𑐐𑐬𑑄𑐕𑐐𑐸𑐮𑐣𑐸𑐫𑐵𑐰𑐣𑐾𑐥𑐵𑐮𑐾𑐱𑑂𑐰𑐬𑐖𑐸𑐫𑐵𑐰𑐰𑐶𑐖𑐫𑐬𑐵𑐖𑑂𑐫𑐫𑐵𑐒𑐰𑐶𑐖𑑂𑐫𑐵𑐎𑑍𑐠𑐠𑐶𑑄𑐀𑐰𑐳𑐬𑐳𑐱𑑂𑐬𑐷𑑓𑐨𑐷𑐩𑐳𑐾
88226z7f,𑐢𑐣𑐫𑐵𑐫𑐩𑐵𑐮𑐩𑐴𑐵𑐡𑐾𑐰𑐫𑐵𑐟𑐥𑐵𑐔𑐩𑐵𑐟𑐖𑐸𑐕𑐣𑐵𑐬𑐵𑐫𑐞𑐫𑐵𑐟𑐥𑐵
c093z66c,𑐧𑐖𑑂𑐬𑐵𑐬𑑂𑐫𑐵𑐥𑑂𑐥𑐴𑐰𑐿𑑌𑑑𑑌𑐢𑐬𑑂𑐩𑐔𑐶𑐟𑑂𑐟𑐿
575ddzbz,𑐫𑐳𑐩𑐫𑐧𑐵𑐴𑐵𑐬𑐫𑐵𑐧𑐵𑐳
z6z29271,𑑑𑑐𑐁𑐡𑐶𑐟𑑂𑐫𑐰𑐵𑐬𑐎𑐸𑐣𑑂𑐴𑐸𑐥𑑂𑐬𑐟𑐶𑐲𑑂𑐛𑐵𑐫𑐵𑐒𑐵𑐡𑐶𑐣𑐖𑐸𑐮𑑀𑑋𑑋𑑋𑑋𑐢𑑄𑐖𑑂𑐰𑐣𑑂𑐟𑐣𑐵
10dfd052,𑐥𑐶𑐳𑐶𑑄𑐴𑐨𑐵𑐰𑑍𑐩𑐵𑐢𑐰𑐬𑐵𑐩𑐨𑐵𑐰𑑌𑐠𑐸𑐟𑐶𑐢𑐬𑑂𑐩𑑂𑐩𑐐𑑀𑐲𑑂𑐚𑐶𑐳𑐩𑐹𑐴𑐣𑑍𑐥𑐹𑐬𑑂𑐞𑑂𑐞𑐩𑐵𑐳𑐶𑐳𑐾𑐰𑐵𑐡𑐫𑐎𑑄𑑍
f43afac2,𑐳𑐰𑐶𑐔𑐵𑐮𑐫𑐵𑐫𑐟𑐵𑑍𑐩𑐢𑑄𑐡𑐵𑐣𑐵𑐫𑐎𑑍𑐠𑐎𑐸𑑄𑐩𑐫𑐷𑑍𑐢𑐣𑐩𑐫𑐷𑑍𑐡𑐾𑐰𑐮𑐎𑑂𑐲𑑂𑐩𑐷
da9b6f17,𑐣𑐶𑐱𑑂𑐔𑐬𑐰𑐵𑐳𑐬𑐾𑑍𑐎𑐸𑐩𑑂𑐨𑐬𑐵𑐱𑐶𑐐𑐟𑐾𑐳𑐰𑐷𑐟𑐬𑐷𑐎𑐬𑑂𑐎𑑂𑐎𑐚𑐬𑐵
762z7z01,𑐟𑐫𑐾𑐰𑐵𑐡𑑂𑐫𑐫𑑄𑑌𑑌𑐎𑐵𑐫𑐲𑑂𑐛𑐎𑐸𑐮𑐳𑑄𑐖𑐵𑐟𑑀𑐰𑐶𑐲𑑂𑐞𑐸𑐳𑐶𑑄𑐴𑐱𑑂𑐰𑐢𑐵𑐬𑑂𑐩𑐶𑐎𑑅𑐩𑐱𑐶𑐎𑐞𑑂𑐜𑐷𑐟𑐶𑐣𑐵
7f84f14z,𑐎𑐹𑐬𑑂𑐩𑑂𑐩𑐔𑐵𑐳𑐣𑑋𑑋𑐟𑐳𑑂𑐠𑐵𑐐𑐸𑐥𑐴𑑂𑐩𑑀𑐥𑐬𑐶𑐴𑐾
fb082c89,𑐡𑐶𑐣𑐾𑐮𑑀𑐎𑐣𑐵𑐠𑐾𑐏𑐬𑐵𑐐𑑂𑐬𑐿𑑌𑐫𑐵𑐱𑑂𑐬𑐷
2dfbaadf,𑐬𑐵𑐖𑐥𑑂𑐬𑐶𑐟𑐠𑐜𑐵𑐠𑐷𑐠𑐵𑐂𑐂𑐳𑑂‍𑐟𑐩𑐶𑐳𑑂‍𑐟𑑅𑐡𑐬𑐣𑐵𑐮𑐄𑐡𑐵𑐬𑐖𑐸𑐫𑐾𑐩𑐵𑐣𑐢𑐎𑐠𑐵𑐥𑐣
a8z15z51,𑐫𑐵𑐟𑐳𑐵𑑍𑐎𑑀𑐚𑐷𑐰𑐶𑐴𑐵𑐬𑐡𑐫𑐎𑐵𑐰𑑍𑐎𑑀𑐚𑐶𑐫𑐖𑑂𑐘𑐫𑐵𑐒𑐵𑐫𑐵𑐦𑐮𑐬𑐵𑐎𑐾𑐖𑐸𑐫𑐵𑐫
azdd2zbz,𑐨𑐵𑐐𑐸𑐞𑐩𑐵𑐳𑐶𑐬𑑂𑐎𑐬𑐟𑐶𑐠𑑁𑐟𑐾𑐔𑐣𑑂𑐡𑑂𑐬𑐥𑐿𑐧𑐾𑐡𑐸𑐢𑑀
17533db3,𑐟𑐺𑐟𑐷𑐫𑐵𑐣𑑂𑐟𑐶𑐠𑑁𑐧𑐺𑐴𑐳𑑂𑐥𑐟𑐶𑐰𑐵𑐬𑐠𑑂𑐰𑐟𑐾
7z174fb6,𑐫𑐖𑐩𑐵𑐣𑐦𑐕𑐶𑐬𑐵𑐩𑐨𑐵𑐬𑑀𑑍𑐴𑐬𑐶𑐣𑐵𑐬𑐵𑐫𑐞𑐨𑐵𑐬𑑀𑑍𑐱𑐶𑐰𑐎𑐺𑐲𑑂𑐞𑐨𑐵𑐬𑑀𑑍𑐳𑑂𑐰𑐩𑑂𑐴𑐳
b6dzz839,𑐳𑑄𑐣𑑂𑐟𑐵𑐣𑐣𑐰𑐬𑐟𑑂𑐣𑑋𑑋𑐔𑐟𑐸𑐲𑐲𑑂𑐛𑐶𑐰𑐶𑐴𑐶𑐥𑑂𑐬𑐵𑐥𑑂𑐟𑐫𑐳𑑂𑐟𑐸𑑍𑐥𑐾𑐊
f9520148,𑐱𑑂𑐬𑐷𑑓
a0670c2f,𑐣𑑂𑐢𑐫𑑀𑐐𑐾𑑍𑐖𑐠𑐵𑐎𑐬𑑂𑐞𑑂𑐞𑐩𑐸𑐴𑐸𑐟𑑂𑐬𑐾𑑍𑐰𑐺𑐴𑐳𑑂𑐥𑐟𑐶𑐰𑐵𑐳𑐬𑐾𑑍𑐎𑐣𑑂𑐫𑐬𑐵𑐱𑐶𑐐𑐟𑐾𑐳𑐰𑐶𑐟
6z4c2bz5,𑐫𑐩𑑂𑐩𑐵𑑍𑐡𑐟𑑀𑐮𑐷𑐮𑐥𑐸𑐬𑑂𑐰𑑂𑐰𑐵𑐳𑐬𑐳𑑂𑐰𑐟𑑂𑐫𑐳𑐶𑐟𑑂𑐰𑑄𑑌𑑑𑑓𑑌𑐂𑐟𑑂𑐠𑑄𑐳𑐡𑐵𑐳𑐵𑐢𑐎𑐵𑐳𑑂𑐰𑐵𑑄𑐩𑑂𑐟𑐸𑐰𑑂𑐬𑐣𑑂𑐟𑐶𑑍𑐟𑑂𑐰𑐩𑐎𑐵𑐖𑐐𑐟𑑂𑐬𑐵𑐞𑐎𑐬𑑂𑐟𑑂𑐟𑐷
2fb434z9,𑐳𑑄𑐐𑐕𑐶𑐫𑐵𑐟𑐡𑑄𑐡𑐎𑑂𑐲𑐞𑐵𑐠𑐶𑐖𑐣𑐥𑐣𑐶𑐳𑐾𑐣𑐳𑐟𑐥𑑂𑐥𑑂𑐫𑐵
08407290,𑐟𑐥𑐵𑐰𑐟𑐩𑐴𑐵𑐰𑑂𑐫𑐰𑐴𑐵𑐮𑐶𑐎𑐾𑑍𑐫𑐾𑐟𑐸𑑄𑐰𑐵𑐴𑐵𑐬𑐫𑐾𑐠𑐮𑐡𑑂𑐒𑐾
d5f2zf8b,𑐳𑐩𑑂𑐰𑐟𑑂𑑘𑑒𑑙𑐦𑐵𑐮𑑂𑐐𑐸𑐞𑐱𑐸𑐎𑑂𑐮𑐣𑐰𑐩𑐷𑐬𑑀𑐴𑐶𑐞𑐷𑐣𑐎𑑂𑐲𑐟𑑂𑐬𑐾𑐧𑐢𑐺𑐟𑐶𑐫𑐬𑐰𑐶𑐲𑑂𑐎𑑄𑐨
770418b5,𑐎𑐬𑑂𑐲𑑓𑐣𑐶𑐩𑐾𑐡𑐶𑐧𑐸𑐮𑑀𑑑𑐠𑑂𑐰𑐟𑐾𑐫𑐵𑐧𑐮𑐳𑐵𑐣𑐣𑐴𑑄𑐣𑐎𑐵𑐬𑑂𑐟𑑂𑐟𑐶𑐎𑐣
79z67a86,𑐧𑐸𑐢𑐰𑐶𑐬𑑀𑐖𑐬𑐵𑐖𑐳𑐶𑑄𑐴𑐳𑐩𑐸𑐬𑑂𑐔𑑂𑐔𑐫𑐣𑐡𑐫𑐎𑐵𑑋𑑋𑐱𑐶𑐮𑑂𑐥𑐷𑐴𑐵𑐫
1c45421d,𑐔𑐵𑐩𑐵𑐟𑐖𑐸𑐕𑐶𑐳𑐮𑐱𑑂𑐰𑐟𑐶𑐫𑐵𑐟𑐥𑐵𑐔𑐵𑐩𑐵𑐟𑐖𑐸𑐕𑐶𑐥𑐘𑑂𑐔𑐥𑐔𑐵𑐬𑐥𑐸𑐖𑐵
9061c868,𑐎𑑂𑐲𑑂𑐩𑐷𑐡𑐾𑐰𑐷𑐣𑐡𑐫𑐎𑐵𑐡𑐶𑐣𑐱𑐸𑐨𑑌
82488add,𑐨𑑀𑐕𑐶𑐩𑐸𑐒𑐵𑐰𑐧𑐶𑐔𑑂𑐕𑑂𑐫𑐵𑐨𑑀𑐖𑐣𑐫𑐵𑐫𑐩𑐵𑐮𑑋𑑋𑐎𑐵𑐬𑑂𑐟𑐶𑐎𑐥𑐸𑐣𑐶𑐩𑐵𑐎𑐸𑐣𑑂𑐴𑐸
2735db8c,𑑉𑐣𑐩𑑅𑐱𑑂𑐬𑐷𑑓𑐴𑐾𑐬𑐸𑐎𑐰𑐖𑑂𑐬𑐵𑐫𑑋𑑋𑐰𑐖𑑂𑐬𑐳𑐟𑑂𑐰𑐣𑐩𑐩𑑂𑐟𑐸𑐨𑑂𑐫𑑄𑑍𑐟𑐿
734f530c,𑐡𑑂𑐫𑐵𑐬𑑂𑐖𑑂𑐖𑐸𑐣𑐾𑐲𑐲𑑂𑐫𑐵𑑄𑐱𑐹𑐨𑐫𑑀𑐐𑐾𑐬𑐧𑐶𑐬𑑂𑐡𑑂𑐡𑐶𑐣𑐾𑑌𑐱𑐸𑐨𑐩𑐳𑑂𑐟𑐸𑐳𑐬𑑂𑐧𑑂𑐧𑐡𑐵𑑌𑑏𑑌
a394z2fc,𑐟𑐶𑑅𑑍𑐣𑐾𑐥𑐵𑐮𑐾𑐮𑐮𑐶𑐟𑐵𑐥𑐸𑐬𑐾𑐰𑐶𑐴𑐬𑐟𑐶𑐱𑑂𑐬𑐷𑐱𑑂𑐬𑐷𑐣𑐶𑐰𑐵𑐳𑑀𑐣𑐺𑐥𑑅𑑌𑐫𑐳𑑂𑐟𑐵𑐟𑑂𑐩𑐖𑑀𑐫𑑀𑐐𑐣𑐬𑐾𑐣𑑂𑐡𑑂𑐬𑐩𑐮𑑂𑐮𑑀𑐣𑐵𑐎𑐵𑐢𑐶𑐣𑐵𑐠𑐳𑑂𑐫𑐫𑐠𑐵𑐖𑐫𑐣𑑂𑐟𑑅𑑋𑐥𑑂𑐬𑐨𑐵𑐟
8499fz7d,𑐰𑐺𑐡𑑂𑐰𑐶𑐳𑑂𑐟𑐸𑑍𑐖𑐟𑑀𑐳𑐵𑐳𑑂𑐳𑐟𑑂𑐬𑐳𑐥𑑂𑐬𑐵𑐰𑑂𑐟𑐵𑐨𑐰𑐟𑐸𑑍𑐀
f06bcf1d,𑐔𑐵𑐟𑑂𑐣𑐩𑑀𑐎𑑂𑐲𑐐𑐟𑐶𑐥𑑂𑐬𑐵𑐦𑐖𑐸𑐥𑐵𑐫𑐐𑐸𑐨𑐳𑐬𑑂𑐰
0553z2f8,𑐴𑐩𑐴𑐵𑐰𑐶𑐴𑐵𑐬𑐾𑐲𑑂𑐛𑐶𑐟𑐩𑐥𑐶𑐎𑐸𑐮𑐩𑐵𑐣
56f8ffff,𑐥𑑂𑐬𑐵𑐟𑐶𑐣𑑍𑐎𑐵𑐫𑐧𑐵𑐱𑑂𑐬𑐣𑑀𑐖𑐣𑐶𑑄𑐟𑐳𑐎𑐮𑐥𑐵𑐥𑐲𑑂𑐚𑐫𑐵
040z7774,𑐩𑐮𑐵𑐳𑑂𑐰𑐴𑑂𑐩𑑄𑐳𑐾𑐣𑑄𑐳𑐩𑐸𑐔𑑂𑐔𑐫𑐣𑐟𑐸𑐬𑐳
z1715z59,𑐨𑐎𑑂𑐟𑑂𑐫𑐵𑐳𑑂𑐰𑐵𑐩𑐹𑐖𑐥𑐬𑑂𑐱𑐸𑐬𑐵𑐩𑐳𑐴𑐶𑐟𑑅𑐳𑑄𑐳𑑂𑐠𑐵𑐥𑑂𑐫𑐟𑐟𑑂𑐬𑐿𑐱𑑂𑐰𑐬𑑄𑑍𑐮𑐶𑑄𑐐𑑄𑐳𑑂𑐦
6a81bb34,𑐡𑑂𑐢𑐶𑐥𑐹𑐬𑑂𑐰𑐷𑐣𑐬𑐳𑐶𑑄𑐴𑐣𑐵𑐩𑐵𑑌𑐥𑑂𑐬𑐵𑐳𑐵𑐡𑑀𑐫𑑄𑐰𑐶𑐱𑐵𑐮𑑀𑐣𑐰𑐣𑐟𑐰𑐎𑐮𑐱𑐵𑐰𑐾𑐲𑑂𑐚𑐶𑐟𑐵𑐐𑑂𑐬𑑀𑐴𑐶𑐩𑐵𑑄𑐩𑑅𑐱𑑂𑐬𑐷𑐩𑐟𑑂𑐫𑐵𑐬𑐸𑐡𑑂𑐬𑐩𑐟𑑂𑐰𑐵𑐰𑐺𑐴𑐡𑐸
8d92z6bd,𑐮𑐵𑐣𑐶𑐩𑑂𑐟𑑂𑐬𑐷𑐥𑐸𑐬𑐸𑐲𑐫𑐵𑐣𑐵𑐩𑐣𑐡𑐫𑐎𑐵𑐟𑐐𑐸𑐥𑑄𑐔𑐵
24dz4caa,𑐴𑐾𑐩𑐵𑐬𑑂𑐫𑐟𑐵𑐬𑐵𑐳𑐴𑐶𑐟𑐡𑑂𑐰𑐫𑐱𑐶𑐮𑐵𑐳𑑂𑐟𑑄
961f9f5a,𑐎𑐹𑐥𑐹𑐟𑑂𑐬𑐡𑐾𑐧𑐷𑐢𑑄𑐫𑑀𑐐𑐬𑐵𑐖𑐩𑑀𑐟𑐶𑐮𑐵𑐮𑐡𑐾𑐰𑐬𑐖
b95z7390,𑐣𑐨𑐚𑑂𑐚𑐵𑐬𑐎𑐎𑐵𑐳𑐣𑑂𑐴𑐥𑐵𑐔𑐥𑐵𑐜𑐫𑐵𑐒𑐔𑑀𑐒𑐳𑐳𑐊𑐰𑐛𑐵𑐎𑐸𑐮𑐳𑐣𑐩𑐣𑑂𑐟𑑂𑐬𑐷𑐨𑐐𑐷𑐬𑐠𑐨𑐫𑐵𑐨𑐵𑐬𑑀𑐳𑐰𑐳𑑄𑐰𑐟𑐫𑐵𑐒𑐣𑐁𑐖𑑂𑐘𑐵𑐥𑑂𑐬𑐳𑐣𑑂𑐣𑐖𑐸
b495cf7b,𑐳𑐶𑐡𑑂𑐢𑐶𑐫𑑀𑐐𑐾𑑌𑐱𑐸𑐎𑑂𑐬𑐰𑐵𑐬𑑌𑐠𑑂𑐰𑐎𑐸𑐣𑑂𑐴𑐸𑐱𑑂𑐬𑐷𑐩𑐟𑑂𑐱𑑂𑐬𑐷𑐱𑑂𑐬𑐷𑐎𑑂𑐰𑐵𑐠𑐨𑑀𑑄𑐟𑐎𑑂𑐰𑐵𑐔𑐥𑐵𑐬𑐨𑐚𑑂𑐚𑐵𑐬
b802316b,𑐬𑐵𑐖𑐬𑐵𑐖𑐾𑐣𑑂𑐡𑑂𑐬𑐳𑐎𑐬𑐬𑐵𑐖𑐔𑐎𑑂𑐬𑐵𑐢𑐶𑐳𑑂𑐰𑐬𑑍𑐱𑑂𑐬𑐷𑐱𑑂𑐬𑐷𑐖𑐫𑐨𑐹𑐥𑐵𑐬𑐾𑐣𑑂𑐡𑑂𑐬𑐩𑐮𑑂𑐮𑐡𑐾𑐰
96c73f19,𑑘𑑓𑑐𑐔𑐟𑑂𑐬𑐎𑐺𑐲𑑂𑐞𑑍𑐀𑐩𑐵𑐰𑐵𑐱𑑂𑐫𑐵𑑍𑐳𑑀𑐩𑐧𑐵
a61a1c10,𑐟𑑄𑐥𑑂𑐬𑐵𑐥𑑂𑐟𑑄𑐦𑐮𑑄𑐔𑐵𑐎𑑂𑐲𑐥𑐾𑐟𑐡𑑂𑐰𑐡𑑂𑐫𑐵𑐱𑑂𑐔𑐬𑐞𑐵𑐬𑐰𑐶𑐣𑑂𑐡𑐫𑐸𑐐𑐮𑑄𑐰𑐣𑑂𑐡𑐵𑐩𑑀
a79zzcz4,𑐎𑐨𑐵𑐬𑑀𑑍𑐀𑐳𑐐𑐸𑐨𑐵𑐬𑑀𑑍𑐰𑐵𑐨𑐵𑐬𑑀𑑍𑐧𑐳𑐸𑐬𑐵𑐖𑐨𑐵𑐬𑑀𑑍𑐎𑐣𑐎𑐨𑐵𑐬𑑀𑐦𑑂𑐫𑐵
3bbc7cc1,𑐢𑐌𑐟𑐶𑐫𑐵𑐟𑐣𑐵𑐩𑐣𑐠𑑂𑐰𑐳𑐵𑐬𑐶𑐎𑐡𑐫𑐎𑐵𑐖𑐸𑐬𑑀𑑌𑐱𑐸𑐨𑐩𑐩
8f995f61,𑐒𑐵𑐰𑐥𑑂𑐬𑐟𑐶𑐲𑑂𑐛𑐵𑐫𑐵𑐒𑐣𑐳𑑄𑐥𑐹𑐬𑑂𑐞𑑂𑐞𑐵𑐬𑐵𑐔𑐎𑐵𑐖𑐸𑐬𑑀𑑌𑐊𑐟𑐟𑑂𑐥𑐸𑐞𑑂𑐫𑐵𑐣𑐨𑐵𑐰
a979z9fz,𑐮𑐔𑐿𑐟𑑂𑐫𑐡𑐫𑐎𑐵𑐌𑐟𑐮𑐐𑐸𑐠𑐸𑐐𑐸𑐔𑐿𑐟𑑂𑐫𑐐𑑂𑐰𑐮𑑑𑐟𑐵𑐎𑐵𑐮𑑄𑐖𑐶𑐬𑑂𑐞𑐖𑐸𑐫𑐵𑐌𑐔𑑀𑐣𑐐𑐸𑐠𑑂𑐰𑐔𑐿𑐟𑑂𑐫𑐖𑐶𑐬𑑂𑐞𑐄𑐡𑑂𑐢𑐵𑐬𑐫𑐵𑐣𑐵𑐠𑐸𑐐𑐸𑐥𑐸𑑄𑐞𑑂𑐫𑐫𑐵𑐥𑑂𑐬𑐨𑐵𑐰𑐣𑑄𑐖𑐐𑐟𑐳𑑄𑐳𑐵𑐬𑐳𑐟𑑂𑐰𑐥𑑂𑐬𑐵𑐞𑐶𑐄𑐡𑑂𑐢𑐵𑐬𑐖𑐸𑐫𑐾𑐩𑐵𑐮𑐡𑐵𑐣𑐥𑐟𑐶𑐖𑑀𑐐
406663cc,𑐖𑑂𑐘𑐮𑐫𑐟𑐵𑐕𑐾𑐬𑐵𑐰𑐟𑑍𑐰𑐶𑐟𑐸𑐳𑐶𑐴𑐣𑐳𑑂𑐰𑐴𑐳𑑂𑐟𑐣𑐳𑑂𑐰𑐰𑐶𑐡𑑂𑐫
26b505cz,𑐏𑐞𑑂𑐜𑐾𑐨𑐵𑐬𑐟𑐧𑐬𑑂𑐲𑑌𑐴𑐶𑐩𑐧𑐚𑑂𑐚𑐎𑑂𑐲𑐶𑐱𑐥𑐵𑐡𑐾𑐣𑐾𑐥𑐵𑐮𑐩𑐞𑑂𑐜𑐮𑐾𑐱𑑂𑐬𑐷𑑓𑐥𑐱𑐸𑐥𑐟𑐶
186z3daz,𑐫𑐵𑐫𑑍𑐦𑑄𑑕𑑐𑐳𑐨𑐸𑑄𑑍𑐥𑐵𑐣𑐧𑐶𑐫𑑍𑐨𑐹𑑄𑑑𑑐𑐳𑐧𑐸𑑄𑐮𑐵𑐴𑐵𑐟𑐶𑐣𑐧𑐶𑐫𑐎𑐸𑑓𑐩𑑂𑐰𑐵𑐟𑑍𑐎𑐸𑑒𑐮
7f83127d,𑑊𑐳𑐩𑑂𑐧𑐟𑑂𑑗𑑗𑑑𑐖𑑂𑐫𑐾𑐲𑑂𑐛𑐱𑐸𑐎𑑂𑐮
1af91966,𑐟𑐶𑐧𑐸𑐫𑐵𑐰𑐬𑐳𑐵𑐣𑐣𑑍𑐣𑐶𑐟𑑂𑐫𑐀𑐳𑑂𑐟𑐵𑑑𑐔𑐾𑐎𑐟𑐳𑑂𑐫𑑄𑐩𑐟𑐕𑑀𑐫𑐎𑐾𑐩𑐵𑐮𑑍𑐂𑐣𑑂𑐡𑑂𑐬𑐖𑐵𑐟𑑂𑐬𑐵𑐫𑐵𑐥𑐹𑐬𑑂𑐞𑑂𑐞𑐩𑐵
90z257a7,𑐳𑐶𑐎𑐸𑐣𑑂𑐴𑐸𑐬𑐵𑐖𑐐𑐸𑐬𑑂𑐰𑑂𑐰𑐵𑐴𑐵𑐬𑐣𑐱𑑂𑐬𑐷𑐨𑐬𑐰𑐩𑐹𑐬𑑂𑐟𑐶𑐥𑐹𑐖𑐵𑐫𑐵𑐫𑐩𑐵𑐮𑑌𑐦𑑄𑑑𑐳𑐶𑐫𑐵𑐦𑐮𑐎𑐶𑐥𑑂𑐬𑑒𑐩𑑂𑐰𑐵𑐟𑐎𑐸
975b15z4,𑑊𑐳𑑂𑐰𑐳𑑂𑐟𑐶𑑋𑑋𑐳𑐩𑑂𑐧𑐟𑑂𑑘𑑓𑑘𑐩𑐵𑐑𑐱𑐸𑐡𑐶
f7c3aaff,𑐨𑐵𑐣𑐷𑐮𑐥𑐡𑑂𑐩𑐘𑐩𑐸𑐞𑑂𑐜𑑄𑑍𑐎𑐬𑐵𑐩𑑂𑐨𑑀𑐬𑐸𑐴𑐣𑐵𑐰𑐴𑐣𑑂𑐟𑐷𑑄𑐳𑑂𑐩𑐶𑐟𑐵𑐳𑑂𑐫𑐵𑑄𑑋𑐣𑐩𑐳𑑂𑐫𑐵𑑄𑐰𑐶𑐬𑑄𑐔𑐷𑐣𑑂𑐡𑑂𑐬𑐰𑐺𑐣𑑂𑐡𑐵𑐬𑐎𑑁𑐰𑑍𑐬
2279b180,𑐫𑐵𑐲𑐸𑐣𑐣𑐖𑑀𑐖𑐩𑐵𑐣𑐳𑑂𑐫𑐁𑐫𑐸𑐁𑐬𑑀𑐐𑑂𑐫𑑍𑐖𑐣𑐢𑐣𑐰𑐺𑐡𑑂𑐢𑐶𑐬𑐳𑑂𑐟𑐸𑑋𑑋𑐂𑐴𑑀𑐬𑑀𑐎𑐾𑐳𑐸𑐲
24833112,𑐴𑐠𑑂𑐫𑐵𑐐𑐸𑐬𑐸𑐴𑐠𑑂𑐫𑐵𑐎𑑀𑐚𑐷𑐔𑐟𑑂𑐫𑐢𑑂𑐰𑐳𑐣𑐫𑐵𑐒𑐵𑐥𑐵𑐥𑐬𑐵𑐎𑐖𑐸𑐬𑑀𑐩𑐫𑐵𑐟𑐳𑐵𑐎𑑀𑐚𑐷𑐔𑐟𑑂𑐫𑐠𑐵𑐥𑐣𑐵𑐫𑐵𑐒𑐵𑐥𑐸𑐣𑑂𑐫𑐬𑐵𑐎𑐀𑐳𑐸𑐩𑐾𑐬𑐖𑐖𑑂𑐘𑐫𑐵𑐒𑐵
z3dcb55a,𑐞𑐴𑑄𑐟𑐰𑐾𑐳𑑄𑐰𑐾𑐳𑐩𑐵𑐬𑐵𑑄𑐎𑐺𑐟𑐰𑐵𑐣𑐟𑐳𑑂𑐩𑐶𑐩𑐺𑐳𑑂𑐛𑐵𑐰𑑂𑐫𑐱𑑂𑐬𑐷𑐴𑐬𑐶𑐄𑐩𑐵𑐩𑐴𑐾𑐱𑑂𑐰𑐬𑑄𑐟𑐟𑑂𑐬
136z0829,𑐩𑐟𑑂𑐫𑐵𑑅𑐥𑐸𑐬𑑂𑐧𑑂𑐧𑐎𑐸𑐮𑐾𑑌𑐐𑐵𑑄𑐐𑐸𑐮𑐥𑐚𑑂𑐚𑐣𑐾𑑌𑐁𑐬𑑂𑐫𑑂𑐫𑐵𑐧𑐬𑑂𑐟𑑂𑐟𑐡𑐾𑐱𑐾𑐱𑑂𑐬𑐷𑐩𑐟𑑂‍𑐎𑐵𑐣𑑂𑐟𑐶𑐥𑐹𑐬
b0caa398,𑐀𑐳𑑂𑐫𑐨𑐱𑑂𑐬𑐷𑐢𑐧𑐟𑑍𑐡𑑂𑐢𑐶𑐱𑑂𑐬𑐷𑐱𑐶𑐟𑐰𑐟𑐷𑑌𑐠𑑂𑐰𑐟𑐾𑐥𑑂𑐬𑐩𑐸𑐏
3168867c,𑐒𑐵𑐡𑐶𑐣𑑋𑐰𑐬𑑂𑐲𑐥𑑂𑐬𑐟𑐶𑐠𑐰𑐦𑐸𑐎𑐶𑐖𑐖𑐸𑐎𑑀𑐳𑑂𑐫
cd399bdd,𑑌𑑒𑑌𑐣𑐰𑐩𑑂𑐫𑐵𑑄𑐥𑐺𑐞𑑂𑐫𑐟𑐶𑐠𑑁𑐖𑑂𑐫𑐟𑐶𑐱𑐸𑐨𑐱𑐸
c98385bc,𑐖𑑀𑐟𑐶𑐧𑐸𑐬𑑀𑑑𑑋𑑋𑐮𑐵𑐐𑑄𑐧𑐸𑐬𑑀𑑑𑐳𑐩𑑂𑐧𑐸𑐟𑐶𑑄𑐧𑐸𑐎𑑂𑐬
9cb6fcf7,𑐎𑑄𑐟𑐡𑐸𑐥𑐬𑐶𑐳𑑂𑐰𑐬𑑂𑐞𑐎𑐮𑐱𑐕𑐵𑐫𑐵𑐰𑐱𑑂𑐬𑐷𑑓𑐐𑑀𑐥𑐷𑐣𑐵𑐠𑐩𑐹𑐬𑑂𑐟𑐶𑐥𑑂𑐬𑐟𑐶𑐲𑑂𑐛𑐵𑑌𑐟𑐟𑑅𑐥𑐷𑐬𑐥𑐵𑐟𑐶𑑌𑐳𑐊𑐰𑐳𑑂𑐰𑐾𑐲𑑂𑐚𑐡𑐾𑐰𑐟𑐵𑐥𑑂𑐬𑐶𑐟𑐶𑐣
9b6b63ca,𑐱𑑂𑐬𑐷𑑓
92921206,𑐎𑑂𑐲𑑂𑐩𑐶𑑍𑐔𑐟𑐸𑐬𑑂𑐠𑐥𑐸𑐟𑑂𑐬𑐩𑐹𑐣𑐶𑐢𑐬𑑍𑐣𑐵𑐔𑐷𑐩𑐸𑐣𑐶𑐠𑐎𑐸𑑄𑑍𑐟𑐳𑑂𑐫𑐖𑐾𑐲𑑂𑐛𑐨𑐐𑐶𑐣𑐶𑐔
9b44zc00,𑐡𑐩𑐞𑑂𑐜𑐮𑐧𑐖𑑂𑐬𑐢𑐵𑐟𑐸𑐳𑐬𑑂𑐧𑑂𑐧𑐵𑐣𑐣𑑂𑐡𑐿𑐎𑐬𑐸𑐥𑑄𑐳𑐴𑐖
88552538,𑐫𑐩𑐵𑐮𑐳𑑄𑐟𑐵𑐣𑐣𑐠𑑂𑐰𑐡𑐾𑐰𑐟𑐵𑐣𑐶𑐟𑑂𑐫𑐥𑐸
1z859f0c,𑐐𑑂𑐬𑐞𑐥𑐟𑐶𑑌𑐱𑑂𑐬𑐷𑐳𑐹𑐬𑑂𑐫𑑂𑐫𑑌𑐱𑑂𑐬𑐷𑐣𑐵𑐬𑐵𑐫𑐞𑑌𑐱𑑂𑐬𑐷𑐡𑐸𑐬𑑂𑐐𑑂𑐐𑐵𑐳𑐴𑐶𑐟𑑌𑐱𑑂𑐬𑐷𑑓𑐣𑐵𑐬𑐵𑐫𑐞𑐾𑐱𑑂𑐰𑐬
f4998456,𑐦𑑂𑐫𑐵𑐒𑐳𑐸𑐣𑐵𑐣𑑄𑐎𑐵𑐳𑐾𑐳𑐣𑐳𑐵𑑍𑐠𑑂𑐰𑐰𑐶𑐴𑐵𑐬𑑍𑐢𑑂𑐰𑑄𑐳𑐣𑐵𑐫𑐵𑐒𑐵𑐥𑑂𑐬𑐵𑐔𑐶𑐟𑑍𑐥𑑄𑐔𑐩𑐴𑐵
378372f7,𑐬𑐰𑐶𑐎𑐸𑐮𑐟𑐶𑐮𑐎𑐴𑐣𑐸𑐩𑐡𑑂𑐢𑑂𑐰𑐖𑐩𑐵𑐞𑐶𑐐𑑂𑐮𑐵𑐢𑐶𑐥𑐟𑐶𑐩𑐴𑐵𑐬𑐵𑐖𑐢𑐶𑐬𑐵𑐖𑐰𑐷𑐬𑐱𑑂𑐬𑐷𑐱𑑂𑐬𑐷𑐖𑐫𑐖𑑀
aaad490b,𑐠𑑂𑐰𑐟𑐾𑐧𑐸𑐫𑐵𑐰𑐬𑑂𑐲𑐥𑑂𑐬𑐟𑐶𑑄𑐰𑐬𑐳𑐵𑐣𑐣𑑄𑐣𑐶𑐟𑑂𑐫𑐥𑐹𑐖𑐵𑐫𑐵𑐟𑐥𑐹𑐖𑐵𑐎𑑂𑐫𑐾𑐀𑐲𑑂𑐚𑐵𑑒𑐰𑐖𑐶𑐎𑐸𑐜𑑑𑐢𑐮𑐶𑐥𑐵𑐟𑑒𑐡𑑄𑑔𑐟𑐸𑐟𑐎𑑄𑐩𑐢𑐶𑐟𑐵𑑒𑐡𑑄𑐱𑑂𑐑𑐮
94c3zc0c,𑑑𑑑𑐧𑐵𑐬𑑔𑐱𑐸𑐨𑑋𑑋𑐳𑑂𑐰𑐡𑐟𑑂𑐟𑐷𑐥𑐬𑐡𑐟𑑂𑐟𑐵𑑄𑐔𑐵𑑍𑐫𑑀𑐴𑐬𑐟𑐶𑐰𑐳𑐸𑑄
6a98ffb2,𑐔𑐸𑑒𑐠𑐸𑐮𑐶𑐌𑐮𑐳𑐵𑐣𑐞𑐡𑐸𑐠𑐾𑑍𑐳𑐾𑐐𑐸𑐳𑐟𑐶𑐳𑐵𑐔𑐶𑐣𑑂𑐣𑐵𑐮𑐫𑐵𑐫𑐧𑐵𑐟𑐮𑐳𑐔𑐿𑐟𑑂𑐫𑐫𑐵𑐧𑐸𑐳𑐵𑐢
5a77bf42,𑐎𑑂𑐲𑐸𑐱𑑂𑐬𑐷𑐰𑐵𑐳𑐶𑑄𑐴𑑍𑐱𑐵𑐎𑑂𑐫𑐨𑐶𑐎𑑂𑐲𑐸𑐱𑑂𑐬𑐷𑐩𑑄𑐎𑐳𑐶𑑄𑐴𑐱𑐵𑐎𑑂𑐫𑐨𑐶𑐎𑑂𑐲𑐸𑐖𑐫𑐳𑐶𑑄𑐴𑐡𑐾𑐰𑑍
5d4a53c4,𑐎𑑄𑐟𑐡𑐸𑐥𑐬𑐶𑐳𑑂𑐰𑐬𑑂𑐞𑐎𑐮𑐱𑐕𑐵𑐫𑐵𑐰𑐱𑑂𑐬𑐷𑑓𑐐𑑀𑐥𑐷𑐣𑐵𑐠𑐩𑐹𑐬𑑂𑐟𑐶𑐥𑑂𑐬𑐟𑐶𑐲𑑂𑐛𑐵𑑌𑐟𑐟𑑅𑐥𑐷𑐬𑐥𑐵𑐟𑐶𑑌𑐳𑐊𑐰𑐳𑑂𑐰𑐾𑐲𑑂𑐚𑐡𑐾𑐰𑐟𑐵𑐥𑑂𑐬𑐶𑐟𑐶𑐣
685f089d,𑐬𑐶𑐴𑐬𑐴𑐬𑐴𑐬𑑂𑐩𑑂𑐫𑐴𑐬𑐰𑐵𑐴𑐣𑐨𑐬𑐴𑐬𑐶𑐞𑐵𑐎𑑂𑐲𑐷𑐴𑐵𑐳𑐴𑐷𑐬𑐎𑐴𑐶𑐞𑑂𑐜𑐷𑐬𑐥𑐶𑐞𑑂𑐜𑐴𑐮𑐢𑐬𑐢𑐰𑐮
29748cba,𑐳𑑂𑐫𑐔𑐬𑐣𑐥𑐵𑐡𑐸𑐎𑐵𑐳𑐾𑐧𑐶𑐟𑐱𑑂𑐬𑐷𑐱𑑂𑐬𑐷𑐳𑐶𑐡𑑂𑐢𑐶𑐣𑐬𑐳𑐶𑑄𑐴𑐩𑐮𑑂𑐮𑐡𑐾𑐰𑐳𑑂𑐫𑐰𑐶𑐖𑐫𑐬𑐵𑐖𑑂𑐫𑐾𑐮𑐮𑐶𑐟𑐣𑐐𑐬𑐾𑐥𑐹𑐬𑑂𑐰𑑂𑐰𑐡𑐶𑐱𑐶𑐣𑑀𑐐𑑂𑐮𑐨𑑀𑐣𑑂𑐟𑐳𑑂𑐫𑐄𑐟𑑂𑐟𑐬𑐥𑐵
940z9732,𑐧𑐵𑐳𑐡𑐾𑐰𑐣𑐖𑐬𑐢𑐵
35bd8a81,𑐣𑐐𑐬𑐾𑑍𑐟𑑄𑐰𑐬𑐵𑐕𑐾𑑍𑐟𑑀𑐬𑐢𑑂𑐰𑐵𑐎𑐵𑐰𑐵𑐴𑐵𑐬𑐡𑐵𑐟𑐾𑐏𑐵𑐬𑐰𑑄𑐟𑐵𑐕𑐾𑐫𑐵𑐰𑐖𑐵𑐔𑐵𑐬𑑂𑐫𑑂𑐫𑐢𑐬𑑂𑐩𑑂𑐩𑐳𑑂𑐠𑑅𑐱𑑂𑐬𑐷𑐱𑐸𑐞
d14c20b6,𑐣𑐫𑐵𑐫𑐩𑐵𑐮𑐖𑐸𑐮𑐱𑐸𑐨𑑌𑐳𑑄𑐧𑐟𑑙𑑔𑑕𑐩𑐵𑐑𑐧𑐡𑐶𑑕𑐳𑐥𑑂𑐬𑐟𑐶𑐲𑑂𑐛𑐵𑐫𑐵𑐒𑐵𑐡𑐶𑐣𑐖𑐸𑐮𑐱𑐸𑐨
c4zz9d21,𑐬𑐵𑐖𑐬𑐵𑐖𑐾𑐣𑑂𑐡𑑂𑐬𑐳𑐎𑐬𑐬𑐵𑐖𑐔𑐎𑑂𑐬𑐵𑐢𑐶𑐳𑑂𑐰𑐬𑑍𑐱𑑂𑐬𑐷𑐱𑑂𑐬𑐷𑐖𑐫𑐨𑐹𑐥𑐵𑐬𑐾𑐣𑑂𑐡𑑂𑐬𑐩𑐮𑑂𑐮𑐡𑐾𑐰
5d19fb63,𑐩𑐸𑐴𑐣𑐖𑐸𑐬𑑀𑑌𑐥𑐸𑐣𑑅𑐠𑑂𑐰𑐟𑐸𑐮𑐳𑐷𑐦𑐮𑐳𑐐𑑀𑐩𑑂𑐴𑐣𑑄𑐢𑐬𑑂𑐩𑑂𑐩𑐨𑐵𑐬𑐥𑑄𑐟𑐸𑐮𑐱𑐷𑐥𑐾𑐫𑐩𑐵
406b61c7,𑐳𑐶𑑄𑐴𑐨𑐵𑐰𑑋𑐔𑐣𑑂𑐡𑑂𑐬𑐳𑐶𑑄𑐴𑐨𑐵𑐰𑑍𑐖𑐶𑐰𑐣𑐎𑐾𑐱𑐨𑐵𑐰𑑍𑐰𑐫𑐎𑐸𑐟𑐨𑐵𑐰𑑍𑐱𑐶𑐰𑐨𑐵𑐰𑑍𑐨𑐵𑐐𑐶𑐳𑐶𑑄𑐴
zb1417d6,𑐟𑑀𑐮𑐐𑑂𑐰𑐵𑐥𑐳𑐮𑐟𑑀𑐮𑐫𑐵𑐡𑐎𑑂𑐲𑐳𑐵𑐮𑐳𑐔𑑀𑐣𑐩𑑂𑐴𑑚𑐩𑐵𑐣𑐢
37c6dbb5,𑐬𑐵𑐖𑐵𑐢𑐶𑐬𑐵𑐖𑑍𑐬𑐵𑐖𑐬𑐵𑐖𑐾𑐣𑑂𑐡𑑂𑐬𑑍𑐎𑐰𑐷𑐣𑑂𑐡𑑂𑐬𑐱𑑂𑐬𑐷𑐱𑑂𑐬𑐷𑐖𑐫𑐥𑑂𑐬𑐟𑐵𑐥𑐩𑐮𑑂𑐮𑐡𑐾𑐰𑐥𑑂𑐬𑐨𑐸𑐠𑐵𑐎𑐸𑐮𑐳𑑂𑐫
70184df5,𑐩𑐣𑐬𑐶𑐳𑐟𑐶𑐮𑐨𑐣𑑂𑐟𑐾𑐳𑑂𑐩𑐬𑐣𑑂𑐟𑑅𑑌𑑒𑑌𑐬𑐞𑐾𑐔𑐞𑑂𑐜𑐩𑐸𑐞𑑂𑐜𑐵𑐡𑑂𑐬𑐶𑐣𑐸𑐞𑑂𑐜𑑄𑐣𑐶𑐎𑐺𑐳𑑂𑐫𑐵𑑍𑐡𑑂𑐨𑐚𑐵𑑄𑐣𑐶𑐬𑑂𑐩𑑂𑐩𑐟
7fd5db9d,𑐰𑐮𑐖𑑂𑐫𑐵𑐳𑐔𑐶𑐣𑑂𑐟𑐵𑐫𑐵𑐎𑐥𑐵𑐟𑑂𑐬𑐰𑑄𑐱𑐬𑐵𑐰𑐸𑐟𑐟𑐰𑐨𑑂𑐫𑐵𑐮𑑄𑐨𑐵𑐎𑐟𑐸𑐎𑑀𑐠𑑂𑐫𑐟𑐰𑐨𑑂𑐫𑐵𑐮𑐥𑐵𑐟𑑂𑐬𑐰𑑄𑐱𑐬𑐵𑐰𑐸𑐟𑑂𑐟𑐬𑐟𑑂𑐣𑐬𑐵𑐖𑐨𑐵𑐬𑑀𑐨𑑂𑐬𑐵𑐟𑑂𑐟𑐾𑐳
74cb4834,𑐫𑐵𑐀𑐦𑐧𑐹𑐮𑑀𑑔𑐢𑐮𑐶𑐏𑐾𑐮𑐎𑑀𑐧𑐸𑐮𑑀𑑗𑐎𑐬𑑂𑐲𑑒𑐀𑐟𑐥𑐵𑐧𑐹𑐮𑑀𑑑
d060c786,𑑋𑑋𑐡𑑂𑐰𑐶𑐟𑐶𑐫𑐵𑐣𑑂𑐟𑐶𑐠𑑁𑐱𑐸𑐨𑐱𑑂𑐬𑐷𑑓𑐖𑐰𑐫𑐡𑐾𑐰𑐫𑐵𑐟𑑍𑐱𑐶𑐖
b240z6a2,𑐎𑑄𑐣𑐶𑐧𑐾𑐡𑐣𑐫𑐵𑐒𑐵𑐖𑐸𑐬
85da5353,𑐱𑑂𑐬𑐷𑐩𑐩𑐴𑐵𑐬𑐵𑐖𑐵𑐢𑐷𑐬𑐵𑐖𑐱𑑂𑐬𑐷𑐱𑑂𑐬𑐷𑐱𑑂𑐬𑐷𑐥𑐺𑐠𑑂𑐧𑐷𑐧𑐷𑐬𑐧𑐶𑐎𑑂𑐬
141d4baf,𑐥𑑂𑐬𑐟𑐶𑐩𑐵𑐳𑐥𑑄𑐔𑐩𑐷𑐳𑐾𑐰𑐵𑐖𑑀𑐳𑑂𑐫𑑄𑑍𑐀𑐟𑐶𑐩𑐴𑐵𑐩𑐣𑑀𑐴𑐬𑑂𑐲𑐞𑑍𑐱𑑂𑐬𑐷𑑓𑐀𑐎𑑂𑐲𑑀
49fb6z97,𑐫𑐵𑐀𑐦𑐧𑐹𑐮𑑀𑑔𑐢𑐮𑐶𑐏𑐾𑐮𑐎𑑀𑐧𑐸𑐮𑑀𑑗𑐎𑐬𑑂𑐲𑑒𑐀𑐟𑐥𑐵𑐧𑐹𑐮𑑀𑑑
41z0932z,𑐬𑐵𑐖𑐾𑑌𑐀𑐱𑑂𑐰𑐱𑐹𑐔𑐶𑐱𑐬𑐾𑐱𑑂𑐰𑐵𑐬𑑂𑐎𑑂𑐲𑐾𑐣𑐾𑐥𑐵𑐮𑐶𑐎𑑂𑐫𑐵𑑄𑐧𑐶𑐣𑐶𑐬𑑂𑐐𑑂𑐐𑐟𑐾𑑋𑐥𑐎𑑂𑐲𑐾𑐩𑐵
6b010z4a,𑐰𑐵𑐳𑐶𑑄𑐴𑐨𑐵𑐬𑑀𑐴𑐬𑐶𑐎𑐺𑐲𑑂𑐞𑐨𑐵𑐬𑑀𑐡𑑄𑐖𑑂𑐥𑐵𑐞𑐶𑐨𑐵𑐬𑑀𑐳𑐶𑐡𑑂𑐢𑐶𑐬𑐵𑐖𑐨𑐵𑐬𑑀𑐠𑑂𑐰𑐟𑐳𑑂𑐟𑑄𑐠𑑂𑐰𑐔𑐵𑐳𑑂𑐫𑑄𑐟𑐎𑑀𑐰𑐬𑑂𑐲𑐥𑑂𑐬𑐟𑐶𑐀𑐰𑐶𑐕𑐶
c808cc6a,𑐱𑐵𑐎𑑂𑐫𑐩𑐸𑐣𑐶𑐱𑑂𑐬𑐷𑐢𑐣𑐱𑑂𑐬𑐷𑐢𑐩𑑂𑐩𑐐𑐶𑐬𑐶𑑍𑐎𑐶𑐣𑑂𑐴𑐳𑐶𑑄𑐴𑐨𑐵𑐰𑑍𑐟𑐰𑐢𑐶𑐎𑐨𑐵𑐰𑑍𑐧𑐶𑐣𑑂𑐴𑐸𑐨𑐵𑐰𑑍𑐣𑑂𑐴𑐰𑐣𑐨𑐵
8cd3094c,𑐬𑐰𑐶𑐎𑐸𑐮𑐟𑐶𑐮𑐎𑐴𑐣𑐸𑐩𑐡𑑂𑐢𑑂𑐰𑐖𑐩𑐵𑐞𑐶𑐐𑑂𑐮𑐵𑐢𑐶𑐥𑐟𑐶𑐩𑐴𑐵𑐬𑐵𑐖𑐢𑐶𑐬𑐵𑐖𑐰𑐷𑐬𑐱𑑂𑐬𑐷𑐱𑑂𑐬𑐷𑐖𑐫𑐖𑑀
b5952c2c,𑐥𑑂𑐬𑐵𑐟𑐶𑐣𑑍𑐎𑐵𑐫𑐧𑐵𑐱𑑂𑐬𑐣𑑀𑐖𑐣𑐶𑑄𑐟𑐳𑐎𑐮𑐥𑐵𑐥𑐲𑑂𑐚𑐫𑐵
bdd6d0f2,𑐐𑐶𑐫𑐵𑐟𑐣𑐶𑐟𑑂𑐫𑐥𑑂𑐬𑑒𑐖𑐵𑐎𑐶𑐧𑐶𑐫𑐩𑐵𑐮𑑍𑐣𑐶𑐟𑑂𑐫𑐧𑐥𑐸𑐫𑐩𑐵𑐮𑑍𑐖𑐷𑐐𑑂𑐬𑐶𑐳𑑄𑐣𑑂𑐫𑐵𑐳𑐶𑐣𑐠𑑀𑐩𑑄𑐞𑑂𑐜𑐥𑐳𑐖𑐵
b11aa2a4,𑐰𑐵𑐳𑑁𑐨𑐰𑐵𑐧𑑂𑐢𑐾𑑅𑑌𑐣𑐾𑐥𑐵𑐮𑐾𑐰𑐟𑑂𑐳𑐸𑐬𑐾𑐳𑑂𑐩𑐶𑐣𑐣𑐫𑐣𑐱𑐬𑐐𑐖𑐬𑑄𑐎𑐶𑐟𑐾𑐖𑑂𑐫𑐾𑐲𑑂𑐛𑐩𑐵𑐳𑐾𑑍𑐥𑑄𑐔𑐩𑑂𑐫𑐵𑑄𑐱𑐸𑐎𑑂𑐮𑐥𑐎𑑂𑐲𑐾𑑍𑐳𑐸𑐬𑐐𑐞𑐐𑐸𑐬𑐸𑐨𑐾𑐰𑐺𑐡𑑂𑐢𑐶𑐫𑑀𑐐𑐾𑑇𑐣𑑂𑐴𑐶𑐳𑑁𑐩𑑂𑐫𑐾
658zcz84,𑐰𑐺𑐴𑐡𑑂𑐰𑐥𑐶𑐳𑐶𑑄𑐴𑐵𑐳𑐣𑐵𑐨𑑂𑐫𑐵𑑄𑐳𑑂𑐴𑐬𑐣𑑂𑐟𑐷𑑄𑑋𑐳𑐡𑐵𑐡𑐵𑐳𑐶𑐎𑐵𑐨𑑂𑐫𑐵𑐩𑑄𑐩𑐸𑐡𑐵𑐡𑐎𑑂𑐲𑐰𑐵𑐩𑐾𑑍𑐴𑐬𑐥𑑂𑐬𑐾𑐫𑐳𑐷𑑄𑐱𑑂𑐬𑐾𑐫𑐳𑐷𑑄𑐟𑑂𑐟𑑁𑐩𑐶𑐳𑑁
55587c93,𑐱𑑂𑐰𑐬𑐵𑐫𑑅𑑌
4d76b5cd,𑐰𑐣𑐐𑐵𑐣𑐵𑐐𑐵𑐣𑐬𑐵𑑅𑐎𑐶𑐣𑑂𑐣𑐬𑐵𑑅𑑋𑑋𑐟𑐔𑐾𑐟𑑅𑐳𑐾𑐎𑐮𑑄𑐩𑐣𑑀𑑓𑐨𑐶𑐮𑐳𑑂𑐰𑐶
70dc4843,𑐀𑐡𑑂𑐫𑐵𑐱𑑂𑐬𑐷𑐩𑐱𑑂𑐬𑐷𑐱𑐵𑐎𑑂𑐫𑐳𑐶𑑄𑐴𑐾𑐟𑑂𑐫𑐵𑐡𑐶𑑋𑑋𑐳𑑂𑐰𑐳𑑂𑐟𑐶𑐱𑑂𑐬𑐷𑐱𑑂𑐬𑐷𑐩𑐴𑐵𑐬𑐵𑐖𑐢𑐶
bz338276,𑐲𑑒𑐎𑑀𑐠𑐸𑐡𑑀𑐎𑑀𑐔𑐸𑑍𑐠𑑂𑐰𑐟𑐾𑐔𑐸𑐫𑐵𑐌𑐮𑐳𑐵𑐣𑑍𑐱𑑂𑐬𑐷𑐳𑐶
b94z4822,𑐳𑐶𑐡𑑂𑐢𑐶𑐎𑐵𑐮𑐷𑐩𑐫𑐵𑐡𑐟𑑂𑐟𑑄𑐡𑐾𑐰𑐷𑐥𑐸𑐬𑐶𑑄𑐰𑑂𑐬𑐖𑐵𑐩𑑂𑐫𑐴𑑄𑑋𑑋𑑒𑑋𑑋𑐀𑐡𑑂𑐫𑑍𑐱𑑂𑐰𑐟𑐧𑐵
200a9f69,𑐬𑐷𑐩𑐫𑐶𑐣𑐾𑐴𑑂𑐩𑑄𑐟𑐶𑐬𑐷𑐥𑐸𑐬𑐸𑐏
a2c1a702,𑐟𑑂𑐫𑐵𑐳𑐺𑐬𑐖𑐮𑐥𑐵𑐫𑐶𑐣𑐷𑐳𑑂𑐰𑐣𑐺𑐫𑐱𑑀𑐢𑐬𑐵𑐢𑐬𑐵𑐱𑑀𑐨𑐶𑐣𑐷𑑋𑐥𑐵𑐲𑐞𑑂𑐜𑐵𑐱𑐫
6c5d3z99,𑐎𑐩𑐮𑐾𑐱𑑂𑐰𑐬𑑍𑐩𑐵𑐟𑐵𑐢𑐣𑐩𑐶𑐟𑐨𑐵𑐨𑐺𑐔𑐶𑐎𑐶𑐢𑐶𑐥𑐸𑐳𑐸𑐏𑑄𑐳𑐬𑑂𑐧𑑂𑐧𑐳𑐟𑑂‍𑐰𑐄𑐡𑑂𑐢𑐵𑐮𑐖𑐸𑐌𑐖𑐸
90525067,𑐱𑑅𑐥𑑂𑐬𑐎𑐵𑐱𑐶𑐟𑐵𑐣𑐶𑐟𑑂𑐫𑑄𑐥𑑂𑐬𑐖𑐵𑐥𑐵𑐮𑐣𑐟𑐟𑑂𑐥𑐬𑐵𑑌𑐰𑐵𑐐𑑂𑐩𑐟𑑂𑐫𑐵𑐳𑑂𑐟𑐷𑐬𑐡𑐾𑐱𑐾𑐣𑐫𑐣𑐳𑐸𑐏𑐎𑐬𑐵𑐢𑐬𑑂𑐩𑐱𑐵𑐮𑐵𑐰𑐶𑐱𑐵𑐮𑐵𑑍𑐫𑑀𑐐𑐵𑐣𑐵𑑄𑐳𑑂𑐠𑐵𑐣𑐨𑐹𑐟𑐵𑐬𑐶
9c3ffdc9,𑑊𑑉𑐀𑐡𑑂𑐫𑑅𑐧𑑂𑐬𑐩𑑂𑐴𑐞𑑀𑐔𑑂𑐰𑐶𑐟𑐷𑐫𑐥𑐬𑐵𑐡𑑂𑐰𑐾𑑍𑐱𑑀𑐫𑐟𑐧𑐬𑐵𑐴𑐵𑐎𑐬𑑍𑐥𑐾𑐰𑐿𑐰𑐳𑑂𑐰𑐬
764ac2df,𑐧𑐬𑑂𑐞𑑂𑐞𑐥𑐩𑐴𑐵𑐣𑐐𑐬𑐾𑐢𑑂𑐰𑐵𑐎𑐵𑐧𑐵𑐴𑐵𑐡𑐵𑐟𑐏𑐵𑐬𑑄𑐰𑐣𑑂𑐟𑐵𑐕𑐾𑑍𑐐𑐺𑐴𑐵𑐢𑐶𑐧𑐵
8a82acc5,𑐱𑑂𑐬𑐷𑐩𑐔𑑂𑐕𑐷𑐮𑐥𑐸𑐬𑐣𑑂𑐡𑐬𑑀𑐰𑐶𑐖𑐫𑐟𑐾𑐮𑑀𑐎𑑀𑐟𑑂𑐟𑐬𑐱𑑂𑐰𑐣𑑂𑐡𑑂𑐬𑐰𑐟𑑂𑑌𑐀𑐴𑑄𑐎𑐺𑐟𑐰𑐳𑐸𑐣𑑂𑐢𑐬𑐵𑐢𑐶𑐥𑐩𑐴𑐾𑐨𑐩𑐹𑐬𑑂𑐢𑐵𑐎𑐸𑐱𑑀𑐩𑐴𑐵𑐎𑐸𑐮𑐶𑐳𑐥𑑄𑐘𑑂𑐖𑐬𑑅
a513c403,𑐩𑐴𑐵𑐬𑐵𑐖𑐵𑐢𑐶𑐬𑐵𑐖𑐱𑑂𑐬𑐷𑐱𑑂𑐬𑐷𑐣𑐬𑐳𑐶𑑄𑐴𑐩𑐮𑑂𑐮𑐡𑐾𑐰𑐥𑑂𑐬𑐨𑐸𑐠𑐵𑐎𑐸𑐮𑐮𑑄𑐖𑐸𑐬𑑀𑑍𑐔
675f839d,𑐟𑐺𑐟𑐷𑐫𑐵𑐣𑑂𑐟𑐶𑐠𑑁𑐧𑐺𑐴𑐳𑑂𑐥𑐟𑐶𑐰𑐵𑐬𑐠𑑂𑐰𑐟𑐾
4ba09251,𑑊𑐳𑑂𑐰𑐳𑑂𑐟𑐶𑐱𑑂𑐬𑐶𑐫𑑀𑐳𑑂𑐟𑐸𑑋𑑋𑐥𑐎𑑂𑐲𑐵𑐡𑑂𑐬𑐶
zd3079a0,𑐣𑐾𑐲𑑂𑐛𑑍𑐨𑐵𑐳𑑂𑐫𑐮𑐳𑐶𑑍𑐟𑐳𑑂𑐫𑐳𑑂𑐟𑑂𑐬𑐷𑐐𑑂𑐫𑐵𑐣𑐖𑑀𑐟𑐶𑑌𑐥𑐸𑐟𑑂𑐬𑐠𑐵𑐎𑐸𑐳𑐶𑑄𑐥𑑂𑐟
1672faa6,𑐩𑑅𑐱𑑂𑐬𑐷𑐮𑑀𑐎𑐣𑐵𑐠𑐵𑐫𑑌𑐡𑐵𑐎𑑂𑐲𑐶𑐞𑑂𑐫𑑀𑐟𑑂𑐟𑐬𑐡𑐶𑐐𑑂𑐐𑐟𑑅𑐎𑐬𑐟𑐮𑐾𑐥𑐒𑑂𑐎𑐾𑐬𑐸𑐴𑑅𑐳𑐵𑐬𑐠𑐶𑑄𑐎𑐺𑐟𑑂𑐰𑐵𑐔𑐵𑐞𑑂𑐜
2b3c7972,𑐰𑐱𑑂𑐬𑐷𑐨𑐹𑐥𑐟𑐷𑐣𑐵𑑄𑐳𑐨𑐵𑐳𑑂𑐠𑐵𑐣𑑄𑐳𑐣𑑂𑐩𑐞𑐶𑐩𑐞𑑂𑐜𑐥𑑄𑐳𑐸𑐮𑐮𑐶𑐟𑐖𑐷𑐬𑑂𑐞𑐟𑑂𑐰𑐥𑐵𑐳𑑂𑐫𑐡𑑂𑐬𑐸𑐟𑑄𑐳𑑄𑐐𑐷𑐟𑐵𑐬𑑂𑐞𑑂𑐞𑐰𑐥𑐵
353551fa,𑐮𑑂𑐫𑑍𑐲𑐐𑐣𑐵𑐫𑐵𑑄𑑍𑐱𑑂𑐬𑐷𑑓𑐐𑐸𑐖𑐾𑐖𑑀𑐐𑐱𑑂𑐰𑐬𑐷𑐮𑐲𑐎𑐡𑐾𑐱𑐾𑑍𑐱𑑂𑐬𑐷𑑓𑐥𑐱𑐸𑐥𑐟𑐶𑐳𑑄𑐣𑑂𑐫
34dffzfd,𑐔𑐩𑐶𑐱𑐸𑐎𑑂𑐬𑐧𑐵𑐬𑐲𑐸𑐬𑐸𑐱𑑂𑐬𑐷𑑓𑐧𑐖𑑂𑐬𑐳𑐟𑑂‍𑐧𑐠𑐵𑐥𑐣𑐵
dfz8cza8,𑐰𑐷𑐣𑑂𑐡𑑂𑐬𑐥𑑂𑐬𑐟𑐵𑐥𑐎𑑂𑐲𑐶𑐟𑐶𑐣𑑂𑐡𑑂𑐬𑑅𑐩𑑂𑐟𑐸𑐟𑐶𑑄𑐣𑐶𑐬𑑂𑐩𑑂𑐩𑐩𑐡𑐾𑐰𑐡𑐾𑐰𑑂𑐫𑐵𑐨𑐰𑐵𑐣𑑂𑐫𑐵𑑅𑑋𑐂𑐩𑐵𑐩𑐩𑑂𑐰𑐶𑐎𑐵𑐥𑑂𑐬𑐷𑐟𑐶𑐴𑐾𑐟𑑀𑐲𑑂𑐫𑐛𑐾𑐟𑑍𑐱𑑂𑐬𑐶
5c770054,𑐫𑐵𑐒𑐵𑐖𑐸𑐬𑑀𑐢𑐶𑐖𑐶𑐠𑐶
c354a6db,𑐱𑑂𑐬𑐷𑐐𑐬𑐸𑐜𑐣𑐵𑐬𑐵𑐫𑐞𑑍𑐱𑑂𑐬𑐷𑐮𑐎𑑂𑐲𑑂𑐩𑐷𑐣𑐵𑐬𑐵𑐫𑐞𑑍𑐨𑐰𑐵𑐣𑐷𑐱𑑄𑐎𑐬𑑍𑐰𑑄𑐱𑐐𑑀𑐥𑐵𑐮𑑍𑐩𑐵𑐢𑐰
z6dz742b,𑐣𑐷𑐣𑐶𑐩𑑂𑐴𑐰𑐵𑐎𑐵𑐩𑐾𑐣𑐠𑑂𑐰𑐥𑐶𑐠𑐸𑐐𑑂𑐰𑐵𑐕𑐾𑐬𑐰𑐟
cab70379,𑑊𑐳𑑂𑐰𑐳𑑂𑐟𑐶𑑌𑐏𑑂𑐫𑐵𑐟𑐎𑐸𑑄𑐖𑐣𑐾𑐟𑑂𑐬
fz2f8fz1,𑑌𑐎𑐵𑐱𑑂𑐫𑐥𑐐𑑀𑐟𑑂𑐬𑐳𑑂𑐫𑐠𑐶𑐬𑐖𑐟𑑂𑐫𑐬𑑀𑐩𑑂𑐟𑑂𑐬𑐷𑐂𑐣𑑂𑐡𑐮𑐎𑑂𑐲𑑂𑐩𑐷
27997a4c,𑐥𑐬𑐾𑐲𑐸𑐳𑑂𑐰𑐬𑑂𑐐𑑂𑐐𑐥𑑂𑐬𑐵𑐥𑑂𑐟𑑂𑐫𑐬𑑂𑐠𑐬
ca0daz47,𑐧𑐸𑐢𑐥𑑂𑐬𑐩𑐸𑐏𑐣𑑍𑐨𑐵𑐬𑑂𑐫𑐵𑐩𑐒𑑂𑐐𑐬𑐵𑐮𑐎𑑂𑐲𑑂𑐩𑐷𑐱𑐵𑐎𑑂𑐫𑐨𑐶𑐎𑑂𑐲𑐸𑐱𑑂𑐬𑐷𑐩𑐣𑐖𑐟𑐶𑑍𑐱𑐵𑐎𑑂𑐫𑐨𑐶
00b7583f,𑐐𑐣𑐬𑐾𑐣𑑂𑐡𑑂𑐬𑐩𑐮𑑂𑐮𑐥𑑂𑐬𑐨𑐸𑐠𑐵𑐎𑐸𑐬𑐣𑑍𑐣𑑂𑐴𑐥𑐵𑐫𑐵𑐩𑐞𑐶𑐩𑐞𑑂𑐜𑐥𑐖𑐷𑐬𑑂𑐞𑐖𑐸𑐫𑐵𑐰𑐣𑑂𑐴𑐸𑐬𑐡𑐫𑐎𑑄𑐧𑐶𑐖𑑂𑐫𑐵𑐒𑐵𑐰
cbf26153,𑐱𑑂𑐬𑐷𑐐𑐬𑐸𑐜𑐣𑐵𑐬𑐵𑐫𑐞𑑍𑐱𑑂𑐬𑐷𑐮𑐎𑑂𑐲𑑂𑐩𑐷𑐣𑐵𑐬𑐵𑐫𑐞𑑍𑐨𑐰𑐵𑐣𑐷𑐱𑑄𑐎𑐬𑑍𑐰𑑄𑐱𑐐𑑀𑐥𑐵𑐮𑑍𑐩𑐵𑐢𑐰
fz79078z,𑐡𑑂𑐫𑐕𑐵𑐫𑐩𑐵𑐮𑐥𑑄𑐔𑑀𑐥𑐔𑐵𑐬𑐥𑐸𑐖𑐵𑑌𑐥𑐸𑐖𑐵𑐫𑐵𑐎𑐧𑑂𑐬𑐵𑐩𑑂𑐴𑐞𑐫𑐵𑐟𑐎𑐾𑐦𑑄𑑔𑑕𑐧𑑂𑐬𑐵𑐩𑑂𑐴𑐞
85z2f3d1,𑐱𑑂𑐬𑐷𑐣𑐬𑐣𑐵𑐬𑐵𑐫𑐞𑐠𑑂𑐰𑐫𑐵𑐣𑐥𑐸𑐟𑑂𑐬𑐩𑐴𑐵𑐬𑐵𑐖𑐵𑐢𑐶𑐬𑐵𑐖𑐱𑑂𑐬𑐷𑐱𑑂𑐬𑐷𑐮𑐎𑑂𑐲𑑂𑐩𑐷𑐣𑐵𑐬𑐵𑐫𑐞𑐠𑑂𑐰𑐫𑐵𑐣𑐥𑐸𑐟𑑂𑐬𑐩𑐴𑐵
z010c72b,𑐱𑑂𑐬𑐵𑐟𑐟𑐳𑑀𑐨𑐸𑐥𑐵𑐟𑑂‍𑐩𑐳𑐾𑐣𑐩𑑅𑑌𑑌𑐳𑑂𑐰𑐳𑑂𑐟𑐶𑐱𑑂𑐬𑐷𑐐𑐶𑐬𑐶𑐬𑐵𑐖𑐾𑐣𑑂𑐡𑑂𑐬𑐔𑐎𑑂𑐬𑐔𑐸𑐜𑐵𑐩𑐣𑐾𑐟𑑂𑐫𑐵𑐡𑐶
8c417351,𑐎𑑂𑐬𑐩𑐵𑐟𑐵𑐖𑐣𑑂𑐟𑐮𑐎𑑂𑐲𑑂𑐩𑐷𑐢𑐷𑐬𑑂𑐖𑐮𑐎𑑂𑐲𑑂𑐩𑐷
03c7a1b6,𑐡𑐸𑐠𑑂𑐰𑑍𑐦𑑄𑑑𑐎𑐐𑐸𑐦𑑀𑐫𑐵𑑋𑑋𑐄𑐥𑐬𑐵𑑄𑐣𑑂𑐟𑐬𑐣𑑄𑐴𑐵𑐣𑐾𑑍𑐐𑐸𑐣𑐶𑐮𑐵𑐫𑐵𑑍𑐳𑐵𑐥𑐵𑐡𑐸𑐎𑑀𑐣𑑂𑐴𑐸𑐱𑑂𑐬𑐷
30f6a166,𑐬𑐵𑐰𑐟𑐖𑐱𑐶𑐬𑐵𑐖𑐫𑐵𑐰𑐾𑐬𑐳𑑍𑐖𑑀𑐖𑐩𑐵𑐣𑐫𑐟𑐵𑐏𑐵
83f05092,𑐖𑑂𑐬𑐵𑐔𑐵𑐫𑐾𑐱𑑂𑐬𑐷𑐰𑑂𑐫𑐏𑐵𑐳𑐶𑑄𑐴𑐡𑐾𑐰𑑍𑐔𑐎𑐾𑐱𑑂𑐰𑐬𑐷𑐫𑐵𑐒𑐣𑐡𑐵𑐣𑐥𑐟𑐶𑐨𑐵𑐳𑑂𑐎𑐬𑐡𑐾𑐰𑐳𑑄𑐳𑑂𑐎𑐵
30add360,𑐬𑑂𑐩𑑂𑐩𑐖𑐐𑐟𑐳𑑄𑐳𑐵𑐬𑐳𑐮𑐥𑑂𑐬𑐵𑐞𑐶𑐄𑐢𑐵
b02cz63d,𑐎𑐵𑐐𑑀𑐥𑐎𑐸𑐮𑐵𑐣𑑂𑐟𑐬𑐎𑑂𑐲𑑌𑐀𑐏𑐞𑑂𑐜𑐮𑑀𑐟𑑂𑐳𑐺𑐲𑑂𑐚𑐱𑐶𑐮𑐵𑐟𑐶𑐰𑐺𑐲𑑂𑐚𑐾𑑅𑐟𑐳𑑂𑐩𑐣𑐩𑑀𑐣𑐣𑑂𑐡𑐳𑐸𑐟𑐵𑐫𑐣𑐶𑐟𑑂𑐰𑑄𑑌𑐁𑐳𑐷𑐬𑐟𑑂𑐳𑐶𑐡𑑂𑐢𑐶
2fa684c8,𑐠𑐵𑐥𑐶𑐟𑐢𑐬𑑂𑐩𑑂𑐩𑐬𑐵𑐖𑐥𑑂𑐬𑐩𑐸𑐏𑐣𑐥𑐸𑐟𑑂𑐬𑐳𑑄𑐑𑐬𑐵𑐖𑑍𑐠𑑂𑐰𑐥
b7b706b3,𑐱𑐸𑐨𑑌𑐳𑐩𑑂𑐰𑐟𑑂𑑘𑑑𑑙𑐰𑐿𑐱𑐵𑐲𑐎𑐺𑐲𑑂𑐞
69913641,𑐞𑑂𑐜𑐿𑐳𑐟𑐶𑐮𑐵𑐎𑑂𑐲𑐟𑑄𑐔𑐳𑐫𑐧𑑄𑐳𑐶𑐣𑑂𑐡𑐹𑐬𑐥𑑄𑐔𑐵𑐩𑐺𑐟𑑄𑑋𑐢𑐹𑐥𑑄𑐡𑐷𑐥𑑄𑐳𑐵𑐫𑑄𑐥𑐹𑐣
7246d9fb,𑐳𑑂𑐰𑐟𑐶𑐣𑐎𑑂𑐲𑐟𑑂𑐬𑐾𑐥𑐬𑐶𑐢𑐫𑑀𑐐𑐾𑐰𑐺𑐴𑐳𑑂𑐥𑐟𑐶𑐰𑐵𑐳𑐬𑐾𑐠𑑂𑐰𑐎𑐸𑐣𑑂𑐴𑐸𑐱𑑂𑐬𑐷𑑒𑐬𑐸𑐡𑑂𑐬𑐩𑐟𑐷𑐠𑐎𑐸𑐣𑐷𑐖𑐸𑐳𑑂𑐣𑐮𑑀𑐴𑑀𑐡𑐾𑐰𑐮𑐡𑐫
c6303czb,𑐰𑐶𑐖𑐫𑐬𑐵𑐖𑑂𑐫𑐱𑑂𑐬𑐷𑐩𑐟𑑂𑐎𑐵𑐣𑑂𑐟𑐶𑐥𑐸𑐮𑐶𑐩𑐴𑐵𑐣𑐐𑐬𑐾𑐱𑑂𑐬𑐷𑐥𑐵𑐬𑐵𑐰𑐟𑑂𑐩𑐴𑐵𑐰𑐶𑐴𑐵𑐬𑐾𑐔𑐾𑐎𑐣𑐀𑐟𑐣𑐳𑐶𑐫𑐵𑐠𑑂𑐰𑐰𑐵𑐴𑐵𑐬𑐫𑐵𑐦𑐬𑐾𑐳𑐬𑑀𑐴𑑀𑐣
d48z4af7,𑐡𑐸𑐡𑐵𑐟𑐵𑐫𑐵𑐧𑑄𑐳𑐡𑐟𑐾𑐔𑐶𑐟𑐵𑐫𑐵𑐒𑐵𑐌𑐟𑐫𑐩𑐵𑐬𑑌
1a9c2b5d,𑐠𑑂𑐰𑐟𑐾𑐧𑐸𑐫𑐵𑐰𑐬𑑂𑐲𑐥𑑂𑐬𑐟𑐶𑑄𑐰𑐬𑐳𑐵𑐣𑐣𑑄𑐣𑐶𑐟𑑂𑐫𑐥𑐹𑐖𑐵𑐫𑐵𑐟𑐥𑐹𑐖𑐵𑐎𑑂𑐫𑐾𑐀𑐲𑑂𑐚𑐵𑑒𑐰𑐖𑐶𑐎𑐸𑐜𑑑𑐢𑐮𑐶𑐥𑐵𑐟𑑒𑐡𑑄𑑔𑐟𑐸𑐟𑐎𑑄𑐩𑐢𑐶𑐟𑐵𑑒𑐡𑑄𑐱𑑂𑐑𑐮
1da7449a,𑐏𑐳𑐩𑐵𑐣𑐰𑐬𑑂𑐞𑑂𑐞𑑄𑑍𑐏𑐐𑐾𑐱𑐏𑐾𑐟𑑂𑐰𑑄𑐣𑐏𑐏𑐜𑑂𑐐𑐩𑐸𑐏𑑂𑐫𑑄𑑋𑐏𑐬𑑂𑐰𑐵𑐰𑐟𑐵𑐬𑑄𑐳𑐸𑐏𑐡𑐵𑐡𑐶𑐮𑐾𑐏𑑄𑑍𑐏𑐶𑐮𑐵𑐨𑐶𑐢𑐵𑐣𑑄𑐥𑑂𑐬𑐞𑐩𑐵𑐩𑐶𑐰𑐶𑐲𑑂𑐞𑐸𑑄𑑌𑐀𑐟𑑅𑐥𑐬𑑄𑐣
29bcd4db,𑑊𑑉𑐱𑑂𑐬𑐷𑑓𑐨𑐷𑐩𑐳𑐾𑐣𑐵𑐫𑐣𑐩𑑅𑑌𑑌𑐡𑑀𑐬𑑂𑐡𑐞𑑂𑐜𑐾𑐣𑐧𑐮𑐾𑐣𑐫𑐾𑐣𑐣𑐶𑐴𑐟𑑀𑐡𑐸𑑅𑐱𑐵𑐣𑑂𑐟𑐡𑐸𑑅𑐱𑐵𑐳𑐣𑑀𑑍𑐫𑐸𑐡𑑂𑐢𑐾𑐨𑐷𑐲𑐞𑐫𑐵𑐖𑐑𑐵𑐣𑐐𑐡𑐫𑐵𑐡𑐸𑐂𑐬𑑂𑐫𑑀𑐢𑐣𑑄𑐫𑑀𑑇𑐢𑐩
89f657fz,𑐣𑐾𑐬𑐹𑐱𑐵𑐳𑑂𑐟𑐵𑑌𑐢𑐬𑑂𑐩𑑂𑐩𑐢𑐵𑐬𑑄𑐩𑐸𑐣𑐷𑐣𑐵𑑄𑐖𑐶𑐣𑐐𑐸𑐬𑐸𑐱𑐸𑐨
dd3z899d,𑐣𑐳𑐬𑐳𑑂𑐰𑐟𑐶𑐫𑐵𑐟𑐥𑐵𑐔𑐵𑐩𑐵𑐟𑑋𑑋𑑋𑑋𑐱𑐶𑐰𑐬𑐵𑐟𑑂𑐬𑐶𑐣𑐣𑐾𑐴𑑂𑐩𑐵𑐳𑑂𑐟𑐵𑑄
a0292af9,𑐫𑐵𑐟𑑄𑐔𑐾𑐎𑐣𑐦𑑄𑑖𑐰𑐬𑑂𑐲𑐥𑑂𑐬𑐟𑐶𑐧𑐶𑐫𑐩𑐵𑐮𑑋𑐣𑐶𑐟𑑂𑐫𑐥𑐹𑐖𑐵𑐰𑐵𑐬𑐶𑐫𑐵𑐟𑑍𑐖𑐵𑐎𑑂𑐫𑐦𑑄𑑙𑑐𑐧𑐶𑐫𑐩𑐵𑐮𑑋𑐥𑐸𑐣𑐬𑑂𑐨𑐵𑐲𑐵𑐳𑐡𑐵𑐰
79d84aaa,𑐬𑑀𑑋𑑋𑐥𑐸𑐣𑐨𑐵𑐏𑐵𑐠𑑂𑐰𑐕𑐾𑐳𑐢𑐬𑑂𑐩𑑂𑐩𑐬𑐵𑐖𑐵𑐫𑐵𑐰𑑄𑐳𑐡𑐟𑑀
c56d38ba,𑐟𑑂𑐬𑐶𑐨𑐸𑐰𑐣𑐳𑐰𑐵𑐳𑐮𑐫𑐸𑐖𑐸𑐮𑐱𑐸𑐨𑑌
38b15151,𑐜𑐵𑐌𑐌𑐫𑐵𑐟𑐔𑐿𑐟𑐱𑐸𑐎𑑂𑐬𑐫𑐵𑐐𑑂𑐰𑑑𑐠𑐫𑐩𑐵𑐬𑐧𑐡𑐾𑐖𑐸𑐥𑐣𑐶𑐳𑑂𑐟
5z15c66a,𑐣𑐖𑐬𑐢𑐵𑐮𑐵𑐳𑐶𑐢𑐎𑑄𑐣𑐶
49f0404b,𑐣𑐳𑐾𑐣𑐎𑐾𑐢𑐎𑑄𑐢𑐵𑐮𑐳𑐵𑐡𑐾𑐰𑐫𑐵𑐎𑐸𑐡𑐶𑐳𑑂𑐟𑐷𑐮𑐵𑐎𑐖𑐸𑐫𑐰𑐨𑐶𑐣
0df3940c,𑐱𑑂𑐬𑐷𑑓
6d9c5dzz,𑐟𑑂𑐫𑐴𑐵𑑍𑐥𑐵𑐥𑐵𑐣𑐶𑐫𑐵𑐣𑑂𑐟𑐶𑐰𑐶𑐮𑐫𑑄𑐥𑐹𑐞𑑂𑐫𑑄𑐨𑐰𑐣𑐶𑐔𑐵𑐳𑐵𑐎𑐠𑑄𑐟𑐸𑐮𑐳𑐷𑐮𑑀𑐎𑐾
848f2698,𑐩𑑅𑐱𑑂𑐬𑐷𑐮𑑀𑐎𑐣𑐵𑐠𑐵𑐫𑑌𑐡𑐵𑐎𑑂𑐲𑐶𑐞𑑂𑐫𑑀𑐟𑑂𑐟𑐬𑐡𑐶𑐐𑑂𑐐𑐟𑑅𑐎𑐬𑐟𑐮𑐾𑐥𑐒𑑂𑐎𑐾𑐬𑐸𑐴𑑅𑐳𑐵𑐬𑐠𑐶𑑄𑐎𑐺𑐟𑑂𑐰𑐵𑐔𑐵𑐞𑑂𑐜
d35f6990,𑑌𑑒𑑌𑐣𑐰𑐩𑑂𑐫𑐵𑑄𑐥𑐺𑐞𑑂𑐫𑐟𑐶𑐠𑑁𑐖𑑂𑐫𑐟𑐶𑐱𑐸𑐨𑐱𑐸
78dad8a3,𑐬𑐳𑑄𑐩𑐶𑐟𑐾𑐧𑐸𑐢𑐡𑐶𑐣𑐾𑐣𑐾𑐥𑐵𑐮𑐳𑐵𑐎𑐾
8163f151,𑐳𑐶𑑄𑑅𑐟𑐳𑑂𑐫𑐨𑐵𑐬𑑂𑐖𑑂𑐫𑐵𑐎𑐺𑐲𑑂𑐞𑐩𑐵𑐫𑐵𑑅𑐟𑐳𑑂𑐫𑑅𑐖𑐾𑐳𑑂𑐟𑐥𑐸𑐟𑑂𑐬𑑅𑐩𑐣𑐶
cc0z4024,𑐫𑐵𑐒𑐵𑐖𑐸𑐬𑑀𑐢𑐶𑐖𑐶𑐠𑐶
1d8c6183,𑐴𑑍𑐡𑐠𑐸𑐮𑐵𑐕𑐾𑐥𑐵𑐟𑑂𑐬𑐰𑐱𑐬𑐵𑐰𑐟𑐎𑐵𑐱𑐶𑐬𑐵𑐖𑐨𑐵𑐬𑑀𑐡𑐢𑐰𑐵𑐴𑐵𑐬𑐥𑐵𑐟𑑂𑐬𑐰𑑄𑐱𑐬𑐵𑐰𑐸𑐟𑑂𑐟𑐩𑐫𑐵𑐳𑐶𑑄𑐴𑐨𑐵𑐬𑑀𑑍𑐣𑐎𑐧𑐵𑐴𑐬𑐰𑐶
159157b2,𑐩𑐴𑐵𑐣𑐠𑐬𑐾𑐱𑑂𑐬𑐷𑐫𑑄𑐐𑑂𑐮𑐎𑐵𑐲𑑂𑐚𑐩𑐞𑑂𑐜𑐥𑐳𑑂𑐠𑐵𑐣𑐾𑐂𑐴𑐿𑐰𑐥𑐹𑐞𑑂𑐫𑐨𑐸𑐩𑑁𑑌𑐱𑑂𑐬𑑀𑐫𑑀𑐬𑐳𑑂𑐟𑐸𑐳
69z49abd,𑐁𑐫𑐥𑑂𑐬𑐟𑑂𑐫𑐵𑐫𑐡𑐸𑐣𑑂𑐟𑐵𑑌𑐬𑑀𑑑𑑒𑐒𑐏𑑀𑐐𑐸𑐜𑑀𑐥𑐵𑐎𑑀𑐬𑑀𑑗𑐰𑑄𑐠𑐔𑑀𑐎𑑀𑐬𑑀𑑙𑐲𑐸𑐟𑐶𑑄𑐖𑑀𑐬𑐳𑐾𑑗𑐟𑐰𑐡𑐴𑐳𑐶𑐬𑑀𑑕𑐰𑐮𑐏𑑀
5597114a,𑐩𑐸𑐬𑐵𑐳𑐾𑐎𑐬𑐾𑐒𑐕𑐔𑐵𑐏𑐶𑐮𑐶𑐖𑐸𑐬𑑀𑐠𑑂𑐰𑐧𑐾𑐬𑐳𑐠𑐬𑐥𑐵𑐨𑐶𑐎𑑂𑐲𑐸𑐱𑑂𑐬𑐷𑐧𑐾𑐏𑐵𑐳𑐶𑑄𑐴𑐡𑐾𑐰𑐰𑐵𑐴𑐵𑐮𑐫𑐵𑐰𑐾𑐳𑐟𑐰𑐶𑐕𑐾𑐰𑐵𑐴𑐵𑐬𑐫𑐵𑐰𑐶𑐱𑑂𑐰𑐬𑐵𑐩𑐨𑐵
a61cbd3b,𑑊𑐳𑑂𑐣𑐵𑐟𑐸𑐬𑑂𑐖𑑂𑐖𑐣𑑂𑐩𑐣𑐶𑐰𑐵𑐬𑐶𑐞𑐷𑐖𑐜𑐢𑐶𑐫𑐵𑑄𑐖𑐵𑐜𑐔𑑁𑐢𑐰𑐶𑐢𑑂𑐰𑑄𑐳𑐶𑐣𑐷𑑍𑐩𑐺𑐟𑑂𑐎𑐣𑑂𑐡𑐬𑐡𑐵𑐬𑐶𑐞𑐷𑐴𑐬𑐩𑐸𑐏𑐵𑐖𑑂𑐖𑐵𑐟𑐵𑐖𑐐𑐟𑑂𑐥𑐵𑐰𑐣𑐷𑑋
72fb36a8,𑐩𑐣𑐨𑐫𑐳𑐎𑐮𑐎𑐮𑐵𑐰𑐶𑐮𑐵𑐳𑐩𑐫𑐎𑐩𑐣𑑂𑐣𑐵𑐢𑐬𑐵𑐢𑐶𑐥𑐳𑐩𑐳𑑂𑐟𑐥𑑂𑐬𑐎𑑂𑐬𑐶𑐫𑐵𑐰𑐶𑐬𑐵𑐖
affz4b17,𑐣𑑂𑐴𑐸𑐥𑐹𑐬𑑂𑐞𑐵𑐫𑐵𑐒𑐵𑐳𑑄𑑘𑑓𑑕
zf5599az,𑐔𑐶𑐣𑑂𑐴𑐾𑐰𑐟𑑂𑐳𑐬𑐾𑐰𑐶𑐲𑑂𑐞𑐸𑐴𑐾𑐟𑑀𑑅𑐎𑐣𑐎𑐬𑐔𑐶𑐟𑐎𑐸𑐩𑑂𑐨𑑄𑐩𑐾𑐡𑐶𑐣𑐷𑐱𑑀𑐰𑑂𑐫𑐢𑐣𑑂𑐟𑑌𑐱𑐸𑐨𑐩𑐳𑑂𑐟𑐸𑐳𑐬𑑂𑐰𑑂𑐰𑐖𑐐𑐟𑐵𑑄𑐱𑐶𑐰𑑄𑑌
c29z97dc,𑐬𑑀𑐥𑐩𑐎𑐺𑐟𑐾𑐡𑐵𑐩𑑀𑐡𑐬𑐾𑑅𑐳𑐬𑑂𑐰𑑂𑐰𑐡𑐵𑐥𑑂𑐬𑐷
z5113793,𑐡𑐶𑐣𑐳𑐩𑑂𑐧𑐟𑑘𑑑𑑒𑐖𑑂𑐫𑐾𑐲𑑂𑐛
bb12212a,𑐰𑑒𑐢𑐸𑐣𑐶𑐖𑐰𑑑𑐡𑑄𑑘𑐟𑐸𑐟𑐸𑐎𑑄𑐳𑐾𑐳𑐵𑐣𑐶𑐱𑑂𑐬𑐵𑐰𑐖𑑀𑑓𑐩𑐵𑐑𑐾𑐟𑑀𑐕𑐵𑐫𑐫𑐵𑐟𑐑𑐾𑐮𑐎𑐸𑐜𑑒𑐳𑐵𑐏𑐎𑐸𑐜𑑒𑐩𑐬𑐔𑐡𑑖𑐠𑑂𑐰𑐟𑐾𑐟𑐸𑐟𑐎𑑄𑐩𑐵
f831f0a2,𑐳𑐮𑐖𑑀𑐡𑐸𑐕𑐾𑐫𑐵𑐟𑐸𑐬𑐵𑐢𑐮𑐖𑐾𑐲𑑂𑐚𑐐𑑀𑐰𑐢𑑄𑐳𑐶𑐟𑐳𑑂𑐫𑐨𑐵𑐬𑑂𑐫𑑂𑐫𑐵𑐖𑐐
9a44zd1b,𑐣𑑂𑐴𑐸𑐥𑐹𑐬𑑂𑐞𑐵𑐫𑐵𑐒𑐵𑐳𑑄𑑘𑑓𑑕
ab7fz3d9,𑐮𑐎𑑂𑐲𑑂𑐩𑐷𑐮𑐎𑑂𑐲𑐶𑐟𑐨𑐹𑐩𑐶𑐩𑑄𑐜𑐮𑐢𑐬𑑅𑐎𑐵𑐣𑑂𑐟𑑂𑐫𑐵𑐖𑐐𑐟𑑂𑐎𑐵𑐣𑑂𑐟𑐫𑐣𑑂𑑋𑐰𑐬𑐶𑐎𑑂𑐲𑑂𑐩𑐵𑐥𑐟𑐶𑐮𑑀𑐎𑐎𑑀𑐎𑐴𑐺𑐡𑐫𑐾𑐱𑑀𑐎𑑄𑐣𑐶𑐟𑐵𑐣𑑂𑐟𑑄𑐡𑐶𑐱𑐣𑑂
35z73fd6,𑐳𑐶𑐎𑐸𑐣𑑂𑐴𑐸𑐬𑐵𑐖𑐐𑐸𑐬𑑂𑐰𑑂𑐰𑐵𑐴𑐵𑐬𑐣𑐱𑑂𑐬𑐷𑐨𑐬𑐰𑐩𑐹𑐬𑑂𑐟𑐶𑐥𑐹𑐖𑐵𑐫𑐵𑐫𑐩𑐵𑐮𑑌𑐦𑑄𑑑𑐳𑐶𑐫𑐵𑐦𑐮𑐎𑐶𑐥𑑂𑐬𑑒𑐩𑑂𑐰𑐵𑐟𑐎𑐸
8zb4616c,𑑍𑐎𑐸𑐟𑐸𑐳𑐶𑑄𑐴𑐰𑐡𑐾𑐖𑐸𑐠𑑂𑐰𑐟𑐾𑐳𑐾𑐣𑑍𑐳𑐾𑐮𑑂𑐴𑐳𑑍𑐰𑐬𑑂𑐲𑐥𑑂𑐬𑐟𑐶𑐀𑐰𑐶𑐔𑑂𑐕𑐶𑐣𑑂𑐣𑐫𑐵𑐒𑐔𑐶𑐣𑑂𑐟𑐵𑐫𑐵𑐫𑐩𑐵𑐮𑐖𑐸𑐬𑑀𑑌𑑌𑐨𑐹𑐫𑑌𑐟𑐰𑐡𑐴𑐳𑐶𑐎𑑂𑐲𑐾𑐟𑑂𑐬
0zb6ab35,𑐱𑑂𑐬𑐷𑐳𑑂𑐰𑐳𑑂𑐟𑐶𑐡𑐾𑐰𑐡𑐵𑐬𑐵𑐰𑐱𑐸𑑄𑐢𑐬𑐶𑐥𑐸𑐟𑑂𑐬𑐨𑐶𑐎𑑂𑐲𑐸𑐱𑑂𑐬𑐷𑐱𑐸𑐎𑐖𑐚𑐶𑐠𑑂𑐰𑐥𑐣𑐶𑐳𑑂𑐰𑐩𑑂𑐴𑐳𑐨𑐵𑐟𑐾𑐠𑑂𑐰𑐟𑐷𑐢𑐬𑑂𑐩𑑂𑐩𑐔𑐶𑐟𑐖𑐸𑐫𑐵𑐌𑐠𑑂𑐰𑐧𑐵𑐴𑐵𑐬𑐳𑐱𑐎𑐬𑐒𑐔𑐾𑐎𑐣𑐀𑐟𑐣
53190f27,𑐱𑑂𑐬𑐷𑐩𑐔𑑂𑐕𑐷𑐮𑐥𑐸𑐬𑐣𑑂𑐡𑐬𑑀𑐰𑐶𑐖𑐫𑐟𑐾𑐮𑑀𑐎𑑀𑐟𑑂𑐟𑐬𑐱𑑂𑐰𑐣𑑂𑐡𑑂𑐬𑐰𑐟𑑂𑑌𑐀𑐴𑑄𑐎𑐺𑐟𑐰𑐳𑐸𑐣𑑂𑐢𑐬𑐵𑐢𑐶𑐥𑐩𑐴𑐾𑐨𑐩𑐹𑐬𑑂𑐢𑐵𑐎𑐸𑐱𑑀𑐩𑐴𑐵𑐎𑐸𑐮𑐶𑐳𑐥𑑄𑐘𑑂𑐖𑐬𑑅
3a8a6b60,𑐡𑐩𑐫𑐶𑐟𑐸𑑄𑐟𑑂𑐬𑐵𑐟𑐸𑑄𑐳𑐸𑐴𑐺𑐟𑑂𑐳𑐖𑑂𑐖𑐣𑐵𑐣𑑂𑐨𑐹𑐩𑐶𑑄𑐨𑐹𑐲𑐫𑐶𑐟𑐸𑑄𑐟𑐩𑑅𑐳𑐩𑐫𑐶𑐟𑐸𑑄𑐎𑐬𑑂𑐟𑐸𑑄𑐰𑑂𑐫𑐰𑐳𑑂𑐠𑐵𑑄𑐳𑐟𑐷𑑄𑑋𑐰𑐶𑐡𑑂𑐰𑐵𑑄𑐳𑑀𑐣𑐩𑐫𑐣𑑂𑐟𑐶𑐨𑐹𑐥𑐟𑐶𑐐𑐖𑐵𑐣𑑂
b631c397,𑐌𑐧𑐮𑐚𑑀𑐮𑐾𑐎𑐸𑐎𑑂𑐲𑐾𑐫𑐵𑐧𑑄𑐱𑐱𑐵𑐎𑑂𑐫𑐨𑐶𑐎𑑂𑐲𑐸𑑌𑐢
8477d80f,𑐧𑑄𑐮𑐵𑐣𑐶𑐩𑑂𑐴𑐫𑐵𑐰𑐶𑐥𑑂𑐬𑐱𑑂𑐬𑐷𑐥𑐬𑐱𑐸𑐬𑐵𑐩𑐣𑐱𑑂𑐬𑐷𑐱𑑂𑐬𑐷𑐰𑐷𑐬𑐖𑐫𑐖𑑀𑐐𑐣𑐬𑐾𑐣𑑂𑐡𑑂𑐬𑐩𑐮𑑂𑐮𑐡𑐾𑐰𑐥𑑂𑐬𑐨𑐸𑐠𑐵𑐎𑐸𑐮𑐫𑐵
z56055d2,𑐩𑐵𑐩𑑂𑐫𑐴𑑄𑑋𑑋𑐱𑑂𑐬𑐷𑐴𑐾𑐬𑐸𑐎𑐥𑑂𑐬𑐷𑐟𑐶𑐣𑐎𑐵𑐣𑑂𑐟𑐶𑐥𑐸𑐬𑐶𑐩𑐴𑐵𑐣𑐐𑐬𑐾
2fz20886,𑐀𑐖𑑂𑐘𑐵𑐣𑐔𑑀𑐫𑐵𑐖𑐸𑐬𑑀𑑌𑐱𑐸𑐨𑐩𑐳𑑂𑐟𑐟𑑂𑐬𑐶𑐖𑐐𑐟𑐵𑐩𑑂𑑌
4cc9b514,𑐮𑐎𑑂𑐲𑑂𑐩𑐷𑐮𑐎𑑂𑐲𑐶𑐟𑐨𑐹𑐩𑐶𑐩𑑄𑐜𑐮𑐢𑐬𑑅𑐎𑐵𑐣𑑂𑐟𑑂𑐫𑐵𑐖𑐐𑐟𑑂𑐎𑐵𑐣𑑂𑐟𑐫𑐣𑑂𑑋𑐰𑐬𑐶𑐎𑑂𑐲𑑂𑐩𑐵𑐥𑐟𑐶𑐮𑑀𑐎𑐎𑑀𑐎𑐴𑐺𑐡𑐫𑐾𑐱𑑀𑐎𑑄𑐣𑐶𑐟𑐵𑐣𑑂𑐟𑑄𑐡𑐶𑐱𑐣𑑂
0a029379,𑐧𑐵𑐣𑐣𑑂‍𑐡𑐎𑑀𑐴𑑀𑐡𑐔𑑂‍𑐟𑐔𑑀𑐣𑐵𑐰𑐾𑐬𑐳𑑅𑐢𑐬𑑂𑐩𑑂‍𑐩𑐔𑐶𑐟𑑂‍𑐟𑐄𑐟𑐥𑐟𑑂‍𑐟𑐶𑐖𑐸𑐫𑐵𑐜𑑀𑐠𑑂‍𑐰𑐎𑐸
7z7d02az,𑐠𑐰𑐰𑑀𑐡𑐖𑐣𑐡𑐎𑑀𑐰𑑀𑐒𑐵𑐰𑐫𑐵𑐒𑐵𑐠𑑂𑐰𑐟𑐾
b4c638b3,𑐳𑑄𑐒𑐨𑐵𑐬𑑀𑑍𑐮𑐐𑐸𑐬𑐵𑐩𑐨𑐵𑐬𑑀𑑍𑐳𑐸𑐏𑐸𑐣𑐨𑐵𑐬
5bf8b5aa,𑐠𑑂𑐰𑐟𑐾𑐫𑐵𑐐𑐸𑐠𑐶𑐖𑐣𑐫𑐥𑐟𑐶𑐎𑑂𑐬𑐖𑐸𑑌
7895f2dc,𑐩𑐣𑐨𑐫𑐳𑐎𑐮𑐎𑐮𑐵𑐰𑐶𑐮𑐵𑐳𑐩𑐫𑐎𑐩𑐣𑑂𑐣𑐵𑐢𑐬𑐵𑐢𑐶𑐥𑐳𑐩𑐳𑑂𑐟𑐥𑑂𑐬𑐎𑑂𑐬𑐶𑐫𑐵𑐰𑐶𑐬𑐵𑐖
03b33f48,𑐳𑐳𑐵𑐧𑐔𑐥𑑂𑐬𑐔𑐵𑐧𑑂‍𑐰𑐮𑑅𑐥𑑂𑐬𑐵𑐣𑐶𑐡𑐎𑑀𑐄𑐡𑐵𑐬𑐖𑐸𑐫𑐵𑐩𑐵𑐮𑐢𑐎𑐠𑑂‍𑐰𑐱𑑂𑐬𑐷𑑓𑐔𑐂𑐟𑐾𑐠𑑂‍
6ad560a9,𑐄𑐟𑑂𑐟𑐨𑐡𑑂𑐬𑐣𑐎𑑂𑐲𑐟𑑂𑐬𑐾𑐥𑑂𑐬𑐷𑐟𑐶𑐖𑑀𑐐𑐾𑐳𑑂𑐰𑐩𑐰𑐵𑐳𑐬𑐾𑐠𑑂𑐰𑐎𑐸𑐣𑑂𑐴𑐸𑐳𑑄𑐥𑐹𑐬𑑂𑐞𑐥𑑂𑐬𑐟𑐶𑐲𑑂𑐛𑐵𑐫𑐵𑐒𑐵𑐡𑐶𑐣𑐖𑐸𑐬𑑀𑐱𑐸𑐨
8ca743b2,𑐨𑐵𑑍𑐥𑑂𑐬𑐷𑐟𑐶𑐣𑐠𑑂𑐰𑐀𑐒𑐖𑐶𑐬𑑂𑐞𑑂𑐞𑐖𑐸𑐫𑐵𑐰𑐔𑑀𑐣𑐾𑑍𑐖𑐶𑐣𑑀𑐡𑑂𑐢𑐵𑐬𑐞𑐫𑐵𑐒𑐣𑑍𑐮𑑂𑐴𑑀
cd9bd7a5,𑐐𑐣𑑂𑐢𑐫𑑀𑐐𑐀𑑄𑐐𑐵𑐬𑐰𑐵𑐮𑐠𑑂𑐰
f70fd0df,𑐟𑑄𑐟𑐾𑐟𑑌𑐰𑐣𑑂𑐡𑐾𑐟𑐵𑐬𑑂𑐖𑑂𑐫𑐵𑐳𑐣𑑄𑐡𑐾𑐰𑑄𑑍𑐮𑐎𑑂𑐲𑑂𑐩𑐷𑐣𑐵𑐬𑐵𑐫𑐵𑐞𑑄𑐥𑐸𑐣𑐨𑐰𑐵𑐣𑐶𑐱𑑄𑐎𑐬𑑄𑐔𑐰𑐐𑑀
9z1d93a4,𑐄𑐟𑑂𑐫𑐖𑐸𑐫𑐵𑐌𑐳𑐶𑐬𑐵𑐢𑐬𑐐𑐸𑐠𑐶𑐳𑐡𑐸𑐣𑑂𑐟𑐵𑑍𑐢𑐵𑐬𑐏𑐵𑐧𑐸𑐬𑑀𑑑𑐔𑐸𑐬𑑓𑐎𑐶𑐡𑑀𑐬𑐶𑐌𑐧𑐸𑐬𑑀𑑒𑐴𑐵𑐎𑐸𑐟𑑂𑐰𑐵𑐦𑐟𑐌𑐬
dd01d056,𑐣𑐠𑑀𑐩𑐞𑑂𑐜𑐥𑐡𑐫𑐎𑐵𑐫𑐵𑐳𑐩𑐳𑑂𑐟𑑄𑐔𑐶𑑄𑐟𑐵𑐫𑐵𑐒𑐵𑐰𑐩𑐴𑐵𑐎𑐲𑑂𑐚𑐫𑐵𑐒𑐵𑐰𑐩𑐴𑐵𑐬𑐵𑐖𑐵𑐫𑐵𑐳𑐾
31ca3z1f,𑐣𑐺𑐥𑐟𑑁𑐱𑑂𑐬𑐷𑐨𑐸𑐥𑐟𑐷𑐣𑑂𑐡𑑂𑐬𑐾𑐩𑐸𑐡𑐵𑐫𑐵𑑍𑐡𑑂𑐫𑑄𑐱𑐵𑐳𑐟𑐶𑐡𑐶𑐰𑑂𑐫𑐰𑐿𑐨𑐰𑐫𑐸𑐟𑐾𑐣𑐾𑐥𑐵𑐮
5c12b037,𑐳𑐵𑐴𑐡𑐾𑐰𑐫𑐵𑐬𑐵𑐖𑑂𑐫𑐾𑑌𑑑𑑌
16ba71b5,𑐖𑑂𑐰𑐵𑐮𑐵𑐫𑐎𑑀𑐚𑑂𑐫𑐵𑐴𑐸𑐟𑐶𑑅𑑋𑐰𑐶𑐥𑑂𑐬𑐵𑐫𑐵𑐠𑐢𑐬𑐵𑐐𑐖𑐵𑐱𑑂𑐔𑐳𑐡𑐣𑐳𑑂𑐰𑐬𑑂𑐞𑐵𑐣𑑂𑐣𑐎𑐮𑑂𑐥𑐡𑑂𑐬𑐸𑐩𑐵𑐮𑐎𑑂𑐲𑐥𑑂𑐬𑐳𑑂𑐠
zf098a9b,𑐱𑑂𑐬𑐷𑐴𑐾𑐬𑐸𑐎𑐔𑐮𑐞𑐳𑐾𑐰𑐎𑐱𑑂𑐬𑐷𑐰𑐶𑐱𑑂𑐰𑐎𑐬𑑂𑐩𑑂𑐩𑐵𑐀𑐰𑐟𑐵𑐬
a7a43207,𑐔𑐵𑐟𑑂𑐣𑐩𑑀𑐎𑑂𑐲𑐐𑐟𑐶𑐥𑑂𑐬𑐵𑐦𑐖𑐸𑐥𑐵𑐫𑐐𑐸𑐨𑐳𑐬𑑂𑐰
b0f19d4c,𑐥𑐹𑐖𑐵𑐨𑐵𑑄𑐜𑐷𑐖𑑀𑑑𑐣𑐶𑐱𑑂𑐬𑐵𑐰𑐖𑑀𑑑𑐩𑐵𑐑𑐾𑐟𑐵𑑒𑐡𑐶𑐰𑐵𑐑𑐾𑐮𑐀𑑒𑐐𑐸𑐐𑐸𑐮𑐖𑑑𑐡𑑄𑑔𑐡𑐎𑑂𑐲𑐶𑐞𑐡𑐾𑐰𑐳𑑂𑐟𑐰𑐧𑑂𑐬𑐵𑐴𑑂𑐩
51c5zab7,𑐰𑐷𑐥𑐡𑐥𑑂𑐬𑐷𑐟𑐫𑐾𑐟𑐾𑐣𑐳𑑂𑐰𑐬𑑂𑐞𑑂𑐞𑐰𑐶𑐨𑐹𑐲𑐶𑐟𑑄𑐐𑐺𑐴𑐩𑐶𑐡𑑄𑐨𑐰𑑂𑐫𑐵𑐳𑑂𑐥𑐡𑑄𑐎𑐵𑐬𑐶𑐟𑑄𑑌𑐳𑐩𑑂𑐰𑐟𑑂𑑗𑑖𑑑𑐦𑐵
3baab6af,𑐖𑐷𑐰𑐨𑐵𑐬𑑀𑑍𑐰𑐵𑐰𑐸𑐡𑐷𑑄𑐟𑐨𑐵𑐬𑑀𑑋𑑋𑐟𑐳𑑂𑐫𑐢𑐬𑑂𑐩𑑂𑐩𑐥𑐸𑐞𑑂𑐫𑐾𑐦𑐮𑐾𑐣𑐖𑐣
9f1cb59c,𑐬𑐩𑐴𑐵𑐣𑐐𑐬𑐀𑐳𑑂𑐰𑐎𑐩𑐡𑐥𑐢𑐵𑐮𑐵𑐗𑑂𑐫𑐾𑐟𑐵𑐩𑐐𑐮𑐥𑐸𑐊𑐎𑐎𑑂𑐲𑐫𑐵
217fc489,𑐮𑐎𑑂𑐲𑑂𑐩𑐷𑐱𑑂𑐔𑐎𑐵𑐩𑐶𑐣𑐶𑐟𑐾𑐲𑐵𑑄𑐔𑐳𑑂𑐰𑐬𑑂𑐐𑐵𑐥𑑂𑐬𑐵
z3z725dd,𑐱𑑂𑐬𑐷𑑓
0a23015d,𑐖𑐵𑐬𑐵𑐴𑐣𑐫𑐵𑐒𑐵𑑍𑐳𑐹𑐬𑑂𑐫𑑂𑐫𑐬𑐵𑐩𑑍𑐥𑐬𑑂𑐱𑐸𑐬𑐵𑐩𑐨𑐵𑐮𑑀𑐣𑐾𑐩𑑂𑐴𑑄𑐦𑐸𑐎𑐶𑐖𑐣
d86167d9,𑐣𑐵𑐔𑐵𑐬𑑂‍𑐫𑐱𑑂𑐬𑐷𑐖𑐷𑐰𑐱𑑂𑐬𑐩𑐖𑐹𑐳𑐨𑐵𑐬𑑂‍𑐫𑐵𑐱𑑂𑐬𑐷𑐥𑐞𑑂𑐞𑐸𑐣𑐶𑐮𑐎𑑂𑐲𑑂𑐩𑐷𑐳𑑌𑐥𑐡𑑂𑐩𑐮
a63f8a21,𑐬𑐶𑐟𑑍𑐱𑐟𑐱𑑂𑐬𑐷𑐎𑐾𑐱𑐔𑐣𑑂𑐡𑑂𑐬𑐎𑐺𑐟𑐥𑐵𑐬𑐵𑐰𑐬𑑂𑐟𑐩𑐴𑐵𑐰𑐶𑐴𑐵𑐬𑐢𑐶𑐲𑑂𑐛𑐶𑐟𑑍𑐧𑐖𑑂𑐬𑐵𑐔𑐵𑐬𑑂𑐫𑐱𑑂𑐬𑐷
50994d19,𑐱𑑂𑐬𑐷𑐳𑑂𑐰𑐳𑑂𑐟𑐶𑐡𑐾𑐰𑐡𑐵𑐬𑐵𑐰𑐱𑐸𑑄𑐢𑐬𑐶𑐥𑐸𑐟𑑂𑐬𑐨𑐶𑐎𑑂𑐲𑐸𑐱𑑂𑐬𑐷𑐱𑐸𑐎𑐖𑐚𑐶𑐠𑑂𑐰𑐥𑐣𑐶𑐳𑑂𑐰𑐩𑑂𑐴𑐳𑐨𑐵𑐟𑐾𑐠𑑂𑐰𑐟𑐷𑐢𑐬𑑂𑐩𑑂𑐩𑐔𑐶𑐟𑐖𑐸𑐫𑐵𑐌𑐠𑑂𑐰𑐧𑐵𑐴𑐵𑐬𑐳𑐱𑐎𑐬𑐒𑐔𑐾𑐎𑐣𑐀𑐟𑐣
25z8zb33,𑐒𑐵𑐖𑐸𑐮𑑀𑑍𑐊𑐟𑐾𑐲𑐵𑐖𑐖𑐩𑐵𑐣𑐳𑑂𑐫𑑋𑑋𑐁𑐫𑐸𑐬𑐵𑐮𑑀𑐐𑑂𑐫𑐖𑐣𑐢𑐣
d0504a6z,𑐫𑐵𑐟𑐳𑐵𑑍𑐎𑑀𑐚𑐷𑐰𑐶𑐴𑐵𑐬𑐡𑐫𑐎𑐵𑐰𑑍𑐎𑑀𑐚𑐶𑐫𑐖𑑂𑐘𑐫𑐵𑐒𑐵𑐫𑐵𑐦𑐮𑐬𑐵𑐎𑐾𑐖𑐸𑐫𑐵𑐫
f7af387c,𑐟𑐶𑐣𑐡𑐫𑐎𑐵𑐖𑐸𑐬𑑀𑑍𑑌𑐱𑐸𑐨𑑌
f1d813b3,𑐬𑑀𑐡𑐶𑐣𑐳𑐩𑑂𑐧𑐟𑑘𑑑𑑒𑐖𑑂𑐫𑐾𑐲𑑂𑐛
d07z1d21,𑐩𑐶𑐖𑐾𑐰𑐞𑐳𑐶𑑄𑐴𑐱𑑂𑐬𑐷𑐥𑐸𑐬𑐸𑐲𑐣𑐎𑑂𑐰𑐵𑐨𑐡𑐷𑐟𑐰𑐳𑐵𑐴𑐵𑐳𑐣𑐟𑐵𑐜𑐵𑐖𑐳𑐎𑐮𑑂𑐫𑐵𑐞
9zz8a0f6,𑐨𑐎𑑂𑐟𑑂𑐫𑐵𑐳𑑂𑐰𑐵𑐩𑐹𑐖𑐥𑐬𑑂𑐱𑐸𑐬𑐵𑐩𑐳𑐴𑐶𑐟𑑅𑐳𑑄𑐳𑑂𑐠𑐵𑐥𑑂𑐫𑐟𑐟𑑂𑐬𑐿𑐱𑑂𑐰𑐬𑑄𑑍𑐮𑐶𑑄𑐐𑑄𑐳𑑂𑐦
46cca166,𑐡𑐡𑐶𑐧𑐾𑐩𑐵𑐣𑑀𑐬𑐰𑐷𑐎𑐸𑐬𑐟𑐶𑐮𑐎𑐴𑐣𑐸𑐩𑐢𑑂𑐰𑐖𑐣𑐾𑐥𑐵𑐬𑐱𑑂𑐰𑐬𑐩𑐴𑐵𑐬𑐵𑐖𑐵
9aa3c230,𑐥𑑁𑐬𑐾𑐫𑐔𑐹𑐜𑐵𑐩𑐞𑐷𑐬𑐵𑐢𑐵𑐎𑐵𑐣𑑂𑐟𑐣𑐶𑐟𑐵𑐣𑑂𑐟𑐔𑐶𑐣𑑂𑐟𑐣𑐔𑐩𑐟𑑂𑐎𑐵𑐬𑐷𑐰𑐶𑐔𑐵𑐬𑐷𑐳𑐟𑐵𑑄𑑋𑐡𑐵𑐣𑐎𑐬𑑂𑐞𑑂𑐞𑐳𑐩𑑀𑐐𑐸
9537bf2b,𑐰𑐮𑑂𑐮𑐶𑑅𑐥𑑂𑐬𑐟𑐵𑐥𑑀𑐖𑑂𑐰𑐮𑑅𑑌𑐟𑐳𑑂𑐫𑐵𑐟𑑂𑐩𑐖𑑀𑐨𑐹𑐩𑐶𑐢𑐬𑐾𑐱𑐎𑐣𑑂𑐫𑐵𑐥𑐵𑐡𑐵𑐩𑑂𑐰𑐸𑐖𑐵𑐱𑐎𑑂𑐟𑐰𑐶𑐱𑐸𑐡𑑂𑐢𑐔𑐾𑐟𑐵𑑅𑑋𑐮𑐎𑑂𑐲𑑂𑐩𑐷
9c21bz82,𑐳𑐣𑐶𑐬𑑂𑐩𑐮𑑀𑐨𑐸𑐧𑐷𑐣𑐶𑐥𑑂𑐬𑐧𑐔𑐐𑐸𑐣𑐵𑐱𑑂𑐬𑐫𑐥𑑄𑐔𑐧𑐸𑐢𑑂𑐫𑐟𑑂𑐩𑐎‌𑑄𑐳𑑂𑐫
0ad9488z,𑐥𑐟𑑂𑐬𑐵𑐬𑑂𑐠𑐾𑐡𑐺𑐲𑑂𑐚𑐳𑐵𑐎𑑂𑐲𑐶𑐱𑑂𑐬𑐷𑐱𑑂𑐬𑐷𑐖𑐫𑐖𑑂𑐫𑑀𑐟𑐶𑐥𑑂𑐬𑐎𑐵𑐱𑐩𑐮𑑂𑐮𑐡𑐾𑐰𑑌𑐳𑐩𑑂𑐰𑐟𑑂𑑘𑑘𑑑𑐩𑐵𑐑𑐱𑐸𑐡𑐶𑑑𑑕
4977596c,𑐎𑑄𑐰𑐸𑐎𑐬𑐷𑐰𑐖𑑍𑐩𑐵𑐢𑐰𑑄𑐬𑐹𑐐𑑂𑐩𑐳𑑄𑐎𑐵𑐱𑑄𑑍𑐥𑑂𑐬𑐨𑐸𑐡𑐾𑐰𑐣𑐩𑑀𑑇𑐳𑑂𑐟𑐸𑐟𑐾𑑋𑑋𑐱𑑂𑐬𑐷𑐱𑑂𑐬𑐷
40512fa1,𑐡𑐎𑐣𑐶𑐬𑑂𑐩𑑂𑐩𑐶𑐟𑑄𑐳𑐸𑐰𑐶𑐢𑐶𑐧𑐟𑑂𑐕𑐟𑑂𑐰𑐵𑐥𑑂𑐬𑐟𑐶𑐲𑑂𑐛𑐵𑑄𑐥𑐬𑐵𑑄𑐳𑑂𑐰𑐾𑐲𑑂𑐛𑐱𑑂𑐬𑐷𑐥𑐳𑐶𑐟𑐸𑐲𑑂𑐛
acf6c535,𑐬𑐎𑐸𑐣𑑂𑐴𑐸𑐡𑐸𑐣𑑂𑐟𑐵𑐖𑐸𑐬𑑀𑐱𑐸𑐨𑑌
01z054b6,𑐠𑐸𑐐𑐸𑐥𑐸𑐞𑑂𑐫𑐣𑐥𑐸𑐐𑐸𑐐𑐟𑐶𑐥𑐾𑐐𑐸𑐖𑑀𑐣𑐶𑐣𑑄𑐄𑐟𑑂𑐥𑐟𑑂𑐟𑐶𑐖𑐸𑐫𑐵𑐌𑐔𑑀𑐰𑐥𑐶𑑄𑐳𑐎
2adbbf1d,𑐱𑑂𑐬𑐷𑑓𑐩𑐡𑐵𑐬𑑂𑐫𑑂𑐫𑐵𑐧𑐮𑑀
1b6159ab,𑐮𑐕𑐶𑐩𑐶𑐨𑑂𑐬𑐵𑐟𑐵𑐥𑐸𑐟𑑂𑐬𑐨𑐵𑐖𑐸𑐡𑐾𑐌𑐎𑐳𑑂𑐫𑐨𑐵𑐬𑑂𑐫𑑂𑐫𑐵𑐐𑐸𑐣𑐮𑐕𑐶𑐩𑐷𑑌𑐎
0ab5zf66,𑐎𑐹𑐥𑐹𑐟𑑂𑐬𑐡𑐾𑐧𑐷𑐢𑑄𑐫𑑀𑐐𑐬𑐵𑐖𑐩𑑀𑐟𑐶𑐮𑐵𑐮𑐡𑐾𑐰𑐬𑐖
7672480d,𑐔𑐶𑐟𑑂𑐟𑐄𑐟𑑂‍𑐥𑐟𑑂𑐟𑐶𑐖𑐸𑐫𑐵𑐌𑑌𑐳𑑄𑐩𑑂𑐧𑐟𑑑𑑐𑑑𑑐𑐩𑑂𑐟𑐶
b40406zc,𑐥𑐥𑑂𑐬𑐖𑑂𑐰𑐵𑐬𑐶𑐟𑐫𑐵𑐒𑐵𑐡𑐬𑑂𑐱𑐣𑐢𑐵𑐬𑐷𑐡𑐵
f5c7554c,𑐩𑐣𑑂𑐰𑐎𑐬𑐾𑐀𑐲𑑂𑐚𑐵𑐰𑐶𑐱𑐟𑐶𑐟𑐩𑐾𑐔𑐟𑐸𑐫𑐸𑐐𑐳𑑂𑐫𑐎𑐬𑐾𑐥𑑂𑐬𑐠𑐩𑐥𑐵𑐡𑐾𑐖𑐩𑑂𑐧𑐸𑐡𑑂𑐢𑐶
05098b73,𑑊𑑉𑐣𑐩𑑀𑐩𑐣𑐰𑐶𑐞𑐵𑐫𑐎𑐵𑐫𑑌𑐲𑐣𑑂𑐩𑐹𑐏𑐵𑐫𑐣𑐩𑐳𑑂𑐟𑐸𑐨𑐵𑑄𑐲𑐚𑑂𑐨𑐸𑐖𑐵𑐫
1789b222,𑐌𑐟𑐶𑑍𑐟𑐳𑑂𑐫𑐨𑐵𑐬𑑂𑐫𑑂𑐫𑐵𑐥𑐡𑐸𑐎𑐣𑐾𑐲𑑂𑐚𑐨𑐵𑐬𑑂𑐫𑑂𑐫𑐵𑐩𑐞𑐷𑐮
7az47414,𑐣𑐹𑐐𑐵𑐩𑐺𑐟𑑂𑐫𑐡𑐮𑐶𑐎𑐰𑐖𑐰𑐎𑑂𑐲𑐟𑑂𑐬𑐡𑐸𑐂𑐩𑐡𑐩𑐳𑑂𑐟𑐣𑐾𑐥𑐵𑐮𑐖𑐩𑐟𑐶𑐟𑐵𑐟𑐶𑐩𑐸𑐂𑐐𑐣𑐳𑐥𑐕𑐾
db25b743,𑐫𑐵𑐟𑐳𑐵𑐣𑐬𑐔𑐮𑐎𑐫𑐵𑐟𑐳𑐾𑐣𑐎𑐬𑐳𑐵𑑍𑐥𑑄𑐔𑐩𑐴𑐵𑐥𑐵𑐟𑐎𑐬𑐵𑐎𑐱𑑂𑐬𑐷
cc069896,𑐫𑐵𑐒𑐵𑐖𑐸𑐬𑑀𑐡𑐶𑐣𑐳𑐩𑑂𑐧
829791d7,𑐎𑐬𑐞𑐔𑐵𑐟𑑂𑐟𑐸𑐬𑐷𑐢𑐸𑐬𑐷𑐞𑐳𑐟𑐟𑐎𑐸𑐟𑐩𑐷𑐩𑐵𑑄𑐳𑐵𑐣𑑂𑐫𑐵𑐫𑐥𑐵𑐟𑐖𑐒𑑂𑐬𑐮𑐰𑐾𑐡𑐵𑐣𑑂𑐟𑐰𑐱𑐾𑐲𑐶𑐎𑐰𑑂𑐫𑐵𑐎𑐬𑐞
0d7cafdc,𑐟𑐮𑐨𑐹𑐲𑐞𑑀𑐰𑐶𑐖𑐫𑐰𑐵𑐣𑑂𑐱𑑂𑐬𑐷𑐎𑐷𑐬𑑂𑐟𑐶𑐳𑐶𑐴𑑀𑐣𑐺𑐥𑑅𑑌𑐀𑐖𑐣𑐶𑐎𑐸𑐳𑐸𑐩𑐳𑐶𑑄𑐴𑑅𑐱𑐟𑑂𑐬𑐸𑐩𑐟𑑂𑐟𑐾𑐩𑐳𑐶𑑄𑐴𑑅𑐩𑐩𑐬𑐨𑐸𑐰𑐶𑐎𑐬𑐵𑐮𑑀𑐩𑐾𑐡𑐶𑐣𑐷
7652bf94,𑐎𑑄𑐟𑐡𑐸𑐥𑐬𑐶𑐳𑑂𑐰𑐬𑑂𑐞𑐎𑐮𑐱𑐕𑐵𑐫𑐵𑐰𑐱𑑂𑐬𑐷𑑓𑐐𑑀𑐥𑐷𑐣𑐵𑐠𑐩𑐹𑐬𑑂𑐟𑐶𑐥𑑂𑐬𑐟𑐶𑐲𑑂𑐛𑐵𑑌𑐟𑐟𑑅𑐥𑐷𑐬𑐥𑐵𑐟𑐶𑑌𑐳𑐊𑐰𑐳𑑂𑐰𑐾𑐲𑑂𑐚𑐡𑐾𑐰𑐟𑐵𑐥𑑂𑐬𑐶𑐟𑐶𑐣
bbbbbf87,𑐬𑐎𑐸𑐣𑑂𑐴𑐸𑐡𑐸𑐣𑑂𑐟𑐵𑐖𑐸𑐬𑑀𑐱𑐸𑐨𑑌
0f232b81,𑐐𑐶𑐫𑐵𑐟𑐣𑐶𑐟𑑂𑐫𑐥𑑂𑐬𑑒𑐖𑐵𑐎𑐶𑐧𑐶𑐫𑐩𑐵𑐮𑑍𑐣𑐶𑐟𑑂𑐫𑐧𑐥𑐸𑐫𑐩𑐵𑐮𑑍𑐖𑐷𑐐𑑂𑐬𑐶𑐳𑑄𑐣𑑂𑐫𑐵𑐳𑐶𑐣𑐠𑑀𑐩𑑄𑐞𑑂𑐜𑐥𑐳𑐖𑐵
37cf6097,𑐫𑑍𑐫𑐡𑑂𑐡𑐟𑑂𑐟𑑄𑐡𑐾𑐰𑐩𑐣𑑂𑐡𑐶𑐬𑑄𑑋𑐐𑑀𑐥𑐵𑐮𑐬𑐵𑐩𑐔𑐵𑐕𑐵𑐫𑐥𑐸𑐟𑑂𑐬𑐾𑐞𑐳𑑂𑐠𑐵
c8c53dcz,𑐥𑐮𑐔𑐫𑐬𑑂𑐣𑐣𑑂𑐡𑐳𑐹𑐣𑑀𑐎𑐵𑐬𑐶𑑋𑐫𑐳𑑂𑐩𑐶𑐣𑑂𑐱𑑂𑐬𑐷𑐎𑐺𑐲𑑂𑐞𑐩𑐸𑐬𑑂𑐟𑐶𑑅𑐱𑐱𑐶𑐣𑐶𑐱𑐱𑐱𑑂𑐰𑐵𑐨𑐵𑐟𑐶𑐩𑐸𑐔𑐾𑐡𑐢𑑁𑐑𑑄𑐫𑐵𑑄𑐡𑐺𑐲𑑂𑐚𑑂𑐰𑐰𑐩𑐬𑑂𑐟𑑂𑐫𑑀
9f9788c2,𑑊𑐳𑐩𑑂𑐰𑐟𑑘𑑖𑑑𑐩𑐸𑑋𑐱𑐸𑐣𑐰𑐡𑐶𑑑𑑔𑐬𑐸𑐥𑑂𑐬𑐵𑐳𑐣𑐶𑐡𑐸𑐟𑐵𑑄𑑌𑐱𑐸𑐨𑑄𑑌
89b2f868,𑐥𑐎𑑂𑐲𑐾𑐥𑐣𑑂𑐔𑐩𑑂𑐫𑐵𑐫𑐵𑐣𑑂𑐟𑐶𑐠𑑁𑐩𑐺𑐐𑐱𑐶𑐬𑐣𑐎𑑂𑐲𑐟𑑂𑐬𑐾𑐳𑑀𑐨𑐣𑐫𑑀𑐐𑐾𑑍𑐫𑐠𑐵𑐎𑐬𑑂𑐞𑑂𑐞𑐩𑐸𑐴𑐸𑐬𑑂𑐟𑐾𑐰𑐺𑐴𑐳𑑂𑐥
445abz02,𑐣𑐵𑐣𑐟𑐳𑑂𑐫𑐨𑐵𑐬𑑂𑐖𑑂𑐫𑐵𑐩𑑀𑐟𑐶𑐩𑐵𑐫𑐵
9416594b,𑐖𑐮𑐵𑐏𑐸𑐧𑐸𑐬𑑀𑑑𑐎𑐵𑐳𑐵𑐎𑑂𑐰𑐧𑐸𑐬𑑀𑑒𑐎𑐬𑑂𑐲𑑑𑑍𑐎𑑀𑑄𑐮𑑂𑐴𑐵𑐡𑑀𑐮𑐧𑐸𑑍𑐬𑑀𑑒𑐩𑑄𑐢𑐮𑐵𑐧𑐸𑑍𑐬𑑀𑑒𑐥𑐸𑐟𑐶𑐮𑐵𑐧𑐸
ccff6dc0,𑐟𑑂‍𑐥𑐟𑑂𑐣𑐷𑐮𑐎𑑂𑐲𑑂𑐩𑐷𑐡𑐾𑐰𑐷𑐣𑐡𑐫
3cb5z825,𑐨𑐵𑐬𑑂𑐫𑑂𑐫𑐵𑐖𑐐𑐮𑐎𑑂𑐲𑑂𑐩𑐷𑐥𑐸𑐟𑑂𑐬𑐎𑐸𑐮𑐧𑐣𑑂𑐟𑑚𑐠𑑂𑐰𑐟𑐾𑐫𑐵𑐢𑐬𑑂𑐩𑑂𑐩𑐔𑐶𑐟𑑂𑐟𑐄𑐟𑑂‍𑐥𑐟𑑂𑐟𑐶𑐖𑐸𑐫𑐵𑐌𑐱𑑂𑐬𑐷𑑓𑐐𑑀𑐥𑐸
z6cd68a1,𑐳𑑄𑐐𑐟𑑅𑐎𑑂𑐲𑑂𑐩𑐵𑐨𑐺𑐟𑐵𑑄𑐥𑐡𑐔𑑂𑐫𑐹𑐟𑐩𑐴𑐷𑐥𑐟𑐶𑐳𑑂𑐰𑐥𑐡𑐬𑐎𑑂𑐲𑐞𑐾𑐥𑐞𑑂𑐜𑐶𑐟𑑅𑐥𑐸𑐬𑐣𑑂𑐡𑐬𑐣𑐾𑐱𑑂𑐰𑐬𑑀𑐖𑐫𑐟𑐶𑐰𑐶𑐥𑑂𑐬𑐎𑐮𑑂𑐥𑐡𑑂𑐬𑐸𑐩𑑅
7z2fa0dd,𑐩𑐮𑑂𑐮𑐡𑐾𑐰𑐰𑐶𑐬𑐔𑐶𑐟𑑄𑐖𑐵𑐟𑑂𑐬𑑂𑐫𑐩𑐸𑐒𑑂𑐐𑐬𑐳𑑂𑐟𑑀𑐟𑑂𑐬𑑄𑐳𑐩𑐵𑐥𑑂𑐟𑑌𑑌𑐳𑑂𑐰𑐳𑑂𑐟𑐶𑑌𑐣𑐵𑐣𑐵𑐐𑐸𑐞𑐵𑐢𑐵𑐬𑐢𑐵𑐩𑐵𑐢𑐶𑐥
z644757d,𑐣𑑂𑐴𑐸𑐔𑐵𑐎𑑂𑐬𑐩𑐟𑐕𑑀𑐫𑐎𑐾𑐔𑐾𑐎𑑄𑑒𑐡𑐸𑐠𑐾𑐥𑑄𑐔𑑀𑐥𑐔𑐵𑐬𑐥𑐸𑐖𑑌𑐳𑑄𑐎𑑂𑐬𑐵𑐣𑑂𑐟𑐶𑐥𑐟𑐶𑐎𑑄𑐩𑐧𑐾
cbc5af8f,𑐥𑐎𑑂𑐲𑐾𑐥𑐣𑑂𑐔𑐩𑑂𑐫𑐵𑐫𑐵𑐣𑑂𑐟𑐶𑐠𑑁𑐩𑐺𑐐𑐱𑐶𑐬𑐣𑐎𑑂𑐲𑐟𑑂𑐬𑐾𑐳𑑀𑐨𑐣𑐫𑑀𑐐𑐾𑑍𑐫𑐠𑐵𑐎𑐬𑑂𑐞𑑂𑐞𑐩𑐸𑐴𑐸𑐬𑑂𑐟𑐾𑐰𑐺𑐴𑐳𑑂𑐥
bfcz723d,𑐬𑑂𑐞𑑂𑐞𑐩𑐸𑐴𑐸𑐟𑑂𑐟𑐬𑐱𑐣𑐶𑐱𑑂𑐔𑐬𑐧𑐵𑐬𑐩𑐾𑐲𑐬𑐵𑐳𑐶𑐐𑐟𑐾𑐳𑐧𑐶𑐟𑐬𑐶𑐩𑐶𑐠𑐸𑐣𑐬𑐵𑐳𑐶𑐔𑐣𑑂𑐡𑑂𑐬𑐩𑐳𑐶
31625642,𑐥𑐬𑐾𑐲𑐸𑐳𑑂𑐰𑐬𑑂𑐐𑑂𑐐𑐥𑑂𑐬𑐵𑐥𑑂𑐟𑑂𑐫𑐬𑑂𑐠𑐬
f97f1316,𑐥𑑂𑐬𑐶𑐫𑐵𑐡𑐾𑐰𑐷𑐮𑐎𑑂𑐲𑑂𑐩𑐷𑑅𑐥𑐸𑐣𑐬𑑂𑐮𑐎𑑂𑐲𑑂𑐩𑐷𑐞𑐵𑐨𑑂𑐫𑑅𑐟𑐶𑐳𑐟𑐳𑑂𑐳𑐟𑐷𑑌𑐖𑑂𑐫𑐾𑐲𑑂𑐛𑐳𑑂𑐫𑐥𑐸𑐟𑑂𑐬𑐳𑐸𑐐𑐸
4f0d1488,𑐌𑐟𑐶𑑍𑐟𑐳𑑂𑐫𑐨𑐵𑐬𑑂𑐫𑑂𑐫𑐵𑐥𑐡𑐸𑐎𑐣𑐾𑐲𑑂𑐚𑐨𑐵𑐬𑑂𑐫𑑂𑐫𑐵𑐩𑐞𑐷𑐮
7cz5cf0b,𑐬𑑂𑐩𑑂𑐩𑐵𑐟𑑂𑐩𑐵𑐩𑐞𑐶𑐬𑐟𑑂𑐣𑑅𑐟𑐳𑑂𑐫𑐨𑐵𑐬𑑂𑐫𑑂𑐫𑐵𑐐𑑄𑐐𑐵𑐖𑐾𑐲𑑂𑐚𑐥𑐸
zb660226,𑐡𑐶𑐣𑐾𑐮𑑀𑐎𑐣𑐵𑐠𑐾𑐏𑐬𑐵𑐐𑑂𑐬𑐿𑑌𑐫𑐵𑐱𑑂𑐬𑐷
a694f580,𑐨𑐶𑐩𑐳𑐾𑐣𑑅𑐥𑑂𑐬𑐷𑐟𑐷𑐣𑑅𑐳𑐶𑑄𑐑𑐡𑐸𑐣𑑂𑐟𑐵𑐖𑐸𑐮𑑀𑑅𑐳𑐸𑐨𑑄𑑌
41a7c27z,𑐎𑐮𑑄𑐥𑐟𑐵𑐎𑐵𑐖𑐸𑑓𑐥𑑄𑐘𑑂𑐔𑐥𑐟𑐵𑐎𑐵𑐖𑐸𑑓𑐀𑐡𑐸𑐰𑐵𑐮𑑍𑐥𑑂𑐬𑑒𑐖𑐵𑐎𑐶𑐥𑐸𑐖𑐵𑐖𑐵𑐠𑐸
2c1145d2,𑐟𑑂𑐬𑐳𑐸𑐡𑑂𑐢𑐶𑐫𑑀𑐐𑐱𑐣𑐶𑐱𑑂𑐔𑐬𑐰𑐵𑐬𑑋𑑋𑐳𑑂𑐠𑐵𑐥𑐣𑐵𑐫𑐵
96zcdb52,𑐣𑑂𑐴𑐸𑐧𑐥𑐸𑐎𑐾𑐫𑐵𑐟𑐖𑐵𑐎𑐾𑐦𑑄𑑒𑐬𑐫𑐬𑐳𑑄𑐰𑐷𑐫𑐩𑐵𑐬𑐐𑐸𑐠𑐶𑐣𑐧𑐥𑐸𑐎𑐩𑑂𑐴𑐫𑐵𑐟𑐳𑐵𑐬𑐳𑐶𑐬𑐰𑐵𑐫𑐣𑐬𑐔𑐮𑐥𑐶𑐟
10b7zbz3,𑐳𑑄𑐩𑑂𑐢𑐰𑑂𑐬𑐶𑑑𑐔𑐶𑐬𑐶𑐠𑐎𑐸𑑃𑑑𑐎𑐾𑐔𑐩𑐵𑑑𑐣𑐖𑐬𑐎𑐸𑐩𑐵𑐬𑐷𑐳𑑄𑐑𑐬𑐟𑑂‍𑐣𑑑𑐴𑐬𑐶𑐎𑐸𑐮𑐶𑑑𑐮𑐟𑑂‍𑐣𑐧𑐵𑐴
7z49b3f0,𑐰𑐮𑑂𑐮𑐶𑑅𑐥𑑂𑐬𑐟𑐵𑐥𑑀𑐖𑑂𑐰𑐮𑑅𑑌𑐟𑐳𑑂𑐫𑐵𑐟𑑂𑐩𑐖𑑀𑐨𑐹𑐩𑐶𑐢𑐬𑐾𑐱𑐎𑐣𑑂𑐫𑐵𑐥𑐵𑐡𑐵𑐩𑑂𑐰𑐸𑐖𑐵𑐱𑐎𑑂𑐟𑐰𑐶𑐱𑐸𑐡𑑂𑐢𑐔𑐾𑐟𑐵𑑅𑑋𑐮𑐎𑑂𑐲𑑂𑐩𑐷
75fc3b30,𑐡𑐶𑐣𑐾𑐮𑑀𑐎𑐣𑐵𑐠𑐾𑐏𑐬𑐵𑐐𑑂𑐬𑐿𑑌𑐫𑐵𑐱𑑂𑐬𑐷
553bb105,𑐬𑐩𑐴𑐵𑐣𑐐𑐬𑐀𑐳𑑂𑐰𑐎𑐩𑐡𑐥𑐢𑐵𑐮𑐵𑐗𑑂𑐫𑐾𑐟𑐵𑐩𑐐𑐮𑐥𑐸𑐊𑐎𑐎𑑂𑐲𑐫𑐵
65c096c4,𑐨𑐫𑑀𑑅𑐳𑑂𑐠𑐵𑐥𑐫𑐵𑑌𑑓𑑌
5f22224z,𑐒𑐵𑐌𑑍𑐌𑐫𑐵𑐟𑐔𑐿𑐟𑐱𑐸𑐎𑑂𑐬𑐫𑐵𑐀𑐲𑑂𑐚𑐩𑐶𑐬𑐐𑑂𑐰𑑑𑐠𑐫𑐩𑐵𑐬𑑍𑐧𑐰𑐡𑐾𑐖𑐸𑐥𑐣𑐶𑐳𑑂𑐠
681bff36,𑐧𑐖𑑂𑐬𑐵𑐬𑑂𑐫𑐵𑐥𑑂𑐥𑐴𑐰𑐿𑑌𑑑𑑌𑐢𑐬𑑂𑐩𑐔𑐶𑐟𑑂𑐟𑐿
b2c08c95,𑐣𑐖𑑀𑐖𑐩𑐵𑐣𑐳𑐐𑐣𑐵𑐣𑐵𑑄𑑍𑐁𑐫𑐸𑐁𑐬𑑀𑐐𑐾𑑍𑐖𑐣𑐢𑐣𑐳𑑄𑐟𑐵𑐣𑐮𑐎𑑂𑐲𑑂𑐩𑐷𑐰𑐺
d6ddabdd,𑐰𑐶𑐴𑐵𑐬𑐶𑐞𑐷𑐰𑐶𑐖𑐫𑐟𑐾𑐱𑐮𑐵𑐢𑐶𑐬𑐵𑐖𑐵𑐟𑑂𑐩𑐖𑐵𑑌𑐟𑐟𑑂𑐥𑐵𑐡𑐵𑐩𑑂𑐧𑐸𑐖𑐣𑐶𑑅𑐳𑐺𑐣𑐵𑐩𑐺𑐟𑐬𑐳𑐥𑑂𑐬𑐵𑐫𑐥𑑂𑐬𑐨𑐵𑐎𑑂𑐲𑐵
cfac75b2,𑐟𑐥𑐵𑐰𑐟𑐩𑐴𑐵𑐰𑑂𑐫𑐰𑐴𑐵𑐮𑐶𑐎𑐾𑑍𑐫𑐾𑐟𑐸𑑄𑐰𑐵𑐴𑐵𑐬𑐫𑐾𑐠𑐮𑐡𑑂𑐒𑐾
1adz52da,𑐩𑐡𑐸𑐧𑐴𑐷𑐬𑐣𑐿𑐆𑐟𑑂𑐫𑐕𑐾𑐫𑐵𑐟𑐵𑐩𑑂𑐬𑐎𑐵𑐬𑐡𑐶𑐰𑑄𑐐𑐟𑐥𑐶𑐟𑐵𑐩𑐴
00f3f418,𑐨𑐵𑐡𑑂𑐬𑐱𑐸𑐎𑑂𑐬𑐡𑐳𑐩𑐶𑐫𑑄𑐧𑐵𑐠𑐣𑐵𑐨𑐵𑐡𑑂𑐬𑐎𑐺𑐳𑑂𑐣𑐥𑑄
d6b95f64,𑐎𑐵𑐲𑑂‍𑐛𑐩𑐞𑑂‍𑐡𑐥𑐩𑐴𑐵𑐣𑐐𑐬𑐾𑐟𑐬𑐰𑑀𑐟𑑀𑐮𑐧𑐜𑐣𑐣𑐶𑐫𑐾𑐟𑐵𑐕𑐾𑑃𑐫𑐵𑐥𑐶𑐟
z6426a2c,𑐒𑐵𑐰𑐥𑑂𑐬𑐟𑐶𑐲𑑂𑐛𑐵𑐫𑐵𑐒𑐣𑐳𑑄𑐥𑐹𑐬𑑂𑐞𑑂𑐞𑐵𑐬𑐵𑐔𑐎𑐵𑐖𑐸𑐬𑑀𑑌𑐊𑐟𑐟𑑂𑐥𑐸𑐞𑑂𑐫𑐵𑐣𑐨𑐵𑐰
8c1zb383,𑐣𑐩𑐱𑑂𑐬𑐷𑐢𑐬𑑂𑐩𑐢𑐵𑐟𑐸𑐔𑐿𑐟𑑂𑐫𑐩𑐟𑐵𑐎𑐰𑐢𑐖𑐐𑐸𑐡𑐾𑐰𑐳𑑂𑐰𑐢𑐳𑐥𑑄𑐟𑐸𑐨𑐡𑐵𑐬𑐎𑐩𑐵𑐡𑐶𑐡𑐾𑐰𑑄𑐖𑐣𑐵
4225d619,𑐠𑑂𑐰𑐟𑐾𑑍𑐬𑑀𑐰𑑔𑐲𑑀𑐣𑐵𑐠𑐬𑐶𑐰𑐸𑐬𑑀𑐰𑑔𑐀𑐦𑐮𑐰𑐸𑐬𑑀𑐰𑑕𑐡𑐸𑐰𑐡𑐸𑐰𑐸𑑍𑐬𑑀𑐰𑑑𑐫𑐵𑐐𑐰𑐸𑑍𑐬𑑀𑐰𑑕𑐖𑐶𑐰𑐶𑐮𑐰𑐸𑑍𑐬𑑀𑐰𑑒𑐦𑐵𑐡𑑀𑐬𑐰𑐸
1bz28zz4,𑑊𑑉𑐀𑐡𑑂𑐫𑐱𑑂𑐰𑐫𑐟𑐧𑐵𑐮𑐵𑐖𑑂𑐘𑐵𑐎𑐮𑑂𑐥𑐾𑐧𑐰𑐱𑑂𑐰𑐟𑐩𑐣𑑀𑑄𑐟𑐬𑑍𑐎𑐮𑐶𑐐𑐸𑐖𑐸𑐐𑐨
aza9z09z,𑐧𑐵𑐬𑐾𑑋𑑋𑐱𑐸𑐨𑐣𑑂𑐴𑐶𑐮𑐐𑑂𑐣𑐾𑐥𑐶𑐔𑐳𑑁𑐬𑐩𑐣𑐵𑐣
dz79c13b,𑐎𑑂𑐮𑐡𑑂𑐰𑐵𑐡𑐱𑐷𑐱𑑂𑐬𑐵𑐰𑐞𑐎𑐺𑐲𑑂𑐞𑐀𑐲𑑂𑐚𑐩𑐷𑐎𑐵𑐬𑑂𑐟𑑂𑐟𑐶𑐎𑐱𑐸𑐎𑑂𑐮𑐡𑑂𑐰𑐵𑐡𑐱𑐷𑐦𑐵𑐮𑑂𑐐𑐸𑐞𑐱𑐸𑐎𑑂𑐮𑐥𑐹𑐬𑑂𑐞𑐶𑐩𑐵𑐠𑑂𑐰𑐒𑐵𑐑𑐵𑐟𑐣𑑄
4fda5038,𑐳𑑂𑐠𑐵𑐣𑐳𑑂𑐫𑑍𑐂𑐴𑐾𑐰𑐥𑐹𑐞𑑂𑐫𑐨𑐹𑐩𑑌𑐀𑐡𑑂𑐫𑑅𑐱𑑂𑐬𑐵𑐰𑐞𑐩𑐵𑐳𑑂𑐫𑐱𑐎𑑂𑐬𑐥𑐎𑑂𑐲𑐟𑐺𑐟𑐶𑐫𑐵𑐟𑐶𑐠𑑁𑑍𑐥𑐹
bf4fz74a,𑐣𑐩𑐱𑑂𑐬𑐷𑐢𑐬𑑂𑐩𑐢𑐵𑐟𑐸𑐔𑐿𑐟𑑂𑐫𑐩𑐟𑐵𑐎𑐰𑐢𑐖𑐐𑐸𑐡𑐾𑐰𑐳𑑂𑐰𑐢𑐳𑐥𑑄𑐟𑐸𑐨𑐡𑐵𑐬𑐎𑐩𑐵𑐡𑐶𑐡𑐾𑐰𑑄𑐖𑐣𑐵
d11zdb55,𑐡𑐾𑐐𑐸𑐠𑐶𑐳𑐡𑐸𑐣𑑂𑐟𑐵𑐳𑐫𑐰𑐧𑐵𑐴𑐵𑐬𑐌𑐣𑑂𑐟𑐵𑐕𑐾𑐖𑐵𑐌𑐏𑐵𑐠𑑂𑐰𑐎𑐸𑑑𑑔𑐂𑐳𑐵𑐣𑐎𑐸𑐣𑐥𑐵
c4fa45a1,𑐳𑐶𑑄𑐴𑑀𑐡𑐫𑐵𑐥𑐬𑑅𑑋𑐨𑐷𑐩𑐳𑐾𑐣𑐳𑐩𑑅𑐳𑐵𑐬𑐾𑐳𑐬𑑂𑐰𑐱𑐟𑑂𑐬𑐸𑐰𑐶𑐣𑐵𑐱𑐎𑑅𑑌𑐀𑐖𑐷𑐖𑐣𑐔𑑂𑐕𑐷𑐖𑐫𑐰𑐶𑐲𑑂𑐞𑐸𑐩𑐮𑑂𑐮𑐳𑑂𑐟𑐳𑑂𑐫𑐵𑑄
25d345c4,𑐖𑑂𑐰𑐵𑐮𑐵𑐫𑐎𑑀𑐚𑑂𑐫𑐵𑐴𑐸𑐟𑐶𑑅𑑋𑐰𑐶𑐥𑑂𑐬𑐵𑐫𑐵𑐠𑐢𑐬𑐵𑐐𑐖𑐵𑐱𑑂𑐔𑐳𑐡𑐣𑐳𑑂𑐰𑐬𑑂𑐞𑐵𑐣𑑂𑐣𑐎𑐮𑑂𑐥𑐡𑑂𑐬𑐸𑐩𑐵𑐮𑐎𑑂𑐲𑐥𑑂𑐬𑐳𑑂𑐠
dfcf41f0,𑐣𑑋𑑋𑐱𑑂𑐬𑐾𑐫𑑀𑑇𑐳𑑂𑐟𑐸𑑋𑑋𑐳𑐩𑑂𑐧𑐟𑑖𑑓𑑖𑐩𑐵𑐑𑐩𑐵𑐳𑐾𑐱𑐸𑐎𑑂𑐮𑐥𑐎𑑂𑐲𑑅
z9zbd420,𑐨𑐹𑐩𑐶𑐥𑐟𑐶𑑅𑐳𑐸𑐟𑑀𑐐𑐸𑐞𑐣𑐶𑐢𑐶𑐬𑑂𑐫𑑂𑐫𑐱𑑂𑐰𑐾𑐣𑑂𑐡𑑂𑐬𑐩𑐮𑑂𑐮𑐵𑐩𑐶𑐢𑑅𑐱𑐸𑐡𑑂𑐢𑐵𑐔𑐵𑐬𑐰𑐟𑐷𑐐𑐸𑐞𑐣𑐶𑐮𑐫𑐵𑐟𑐸𑐮𑑂𑐫𑐵𑐴𑐬𑐾𑑅𑐎𑐵𑐣𑑂𑐟𑐫𑐵𑑅𑑌𑐟
87f2705f,𑐳𑐶𑑄𑐴𑑍𑐱𑐵𑐎𑑂𑐫𑐨𑐶𑐎𑑂𑐲𑐸𑐱𑑂𑐬𑐷𑐥𑐩𑑍𑐳𑐶𑐎𑑂𑐰𑐩𑐐𑐸𑐜𑐶𑐰𑐶𑐴𑐵𑐬𑑍𑐧𑐖𑐵𑐔𑐵𑐬𑑂𑐫𑐱𑑂𑐬𑐷𑐬𑐣𑑂𑐴𑐡𑐾
24c3zf3c,𑐑𑐶𑐬𑐵𑐖𑐩𑐾𑐣𑑋𑑋𑐟𑐳𑑂𑐩𑐶𑐣𑑂𑐡𑐶𑐣𑐾𑐎𑐵𑐱𑑂𑐫𑐥𑐖
943aac81,𑐥𑐡𑐵𑐬𑐰𑐶𑐣𑑂𑐡𑐫𑐸𑐐𑐮𑐾𑐨𑐺𑐒𑑂𑐐𑐵𑐫𑐟𑐾𑐫𑐣𑑂𑐩𑐣𑑅𑑋𑐰𑐵𑐐𑑂𑐩𑐟𑑂𑐫𑐵𑐳𑑂𑐟𑑂𑐬𑐶𑐥𑐸𑐬𑐵𑐣𑑂𑐟𑐎𑐳𑑂𑐫𑐔𑐴𑐬𑐾𑐬𑑂𑐢𑑂𑐫𑐵𑐣𑐵𑐣𑐸𑐬𑐎𑑂𑐟𑑅𑐳𑐡𑐵𑑍𑐳𑑀𑐫𑐱𑑂𑐬𑐷𑐮𑐮𑐶𑐟𑐵𑐥𑐸𑐬𑐾𑐣𑐺𑐥𑐩𑐞𑐶𑑅
f7c4d277,𑐁𑐬𑑂𑐫𑑂𑐫𑐟𑐵𑐬𑐵
d8zz18f5,𑐎𑐸𑐬𑐫𑐵𑐔𑐬𑐞𑐬𑐰𑐶𑐣𑑂𑐡𑐥𑐹𑐖𑐵𑐫𑐵𑐎𑑌𑑌𑐨𑐵𑐲𑐵𑐧𑐸𑐬𑑀𑐰𑑙𑐟𑐾𑐐𑐵𑑄𑐰𑐸𑐬𑑀𑐏𑑀𑑄𑐣𑐵𑐐𑐬𑐶𑐠𑑂𑐰𑑀
2d62aa26,𑐦𑑄𑑓𑑐𑐠𑐸𑐟𑐶𑐴𑐵𑐣𑐾𑑋𑑋𑐠𑑂𑐰𑐎𑐵𑐬𑑂𑐖𑐟𑑂𑐰𑐵𑐮𑐥𑐘𑑂𑐔𑐳𑐩𑐸𑐔𑐫𑐣𑐠𑑂𑐰𑐥𑐸𑐏𑐸𑐬
ad3cddz3,𑐖𑐵𑐬𑐵𑐴𑐣𑐫𑐵𑐒𑐵𑑍𑐳𑐹𑐬𑑂𑐫𑑂𑐫𑐬𑐵𑐩𑑍𑐥𑐬𑑂𑐱𑐸𑐬𑐵𑐩𑐨𑐵𑐮𑑀𑐣𑐾𑐩𑑂𑐴𑑄𑐦𑐸𑐎𑐶𑐖𑐣
019bbc9d,𑐳𑐟𑐸𑐖𑐷𑐧𑐮𑐵𑐣𑐶𑐠𑐎𑐹𑐥𑐹𑐟𑑂𑐬𑐡𑐾𑐧𑐷𑐢𑑄𑐫𑑀𑐐𑐬𑐵𑐖𑐩𑑀
f4z9517b,𑐳𑐡𑐵𑐨𑐎𑑂𑐟𑐶𑐣𑑁𑐣𑐶𑐥𑑂𑐬𑐥𑐺𑐖𑑂𑐫𑑄𑑌𑐩𑐞𑐷𑐳𑐶𑑄
fbcd31zc,𑐫𑐵𑐔𑐎𑑄𑑍𑐨𑐵𑐏𑐵𑐠𑐠𑐸𑐮𑑂𑐴𑐟𑐶𑐎𑑂𑐰𑐧𑐸𑐬𑐰𑑒𑐨𑐸𑐫𑐎𑑂𑐰𑐠𑐸𑐮𑑂𑐴𑐸𑐟𑐶𑐎𑑂𑐰𑐧𑐸𑐮𑐰𑑒𑐔𑐸𑐬𑑒𑐨𑐸𑐫𑐟𑐶𑐔𑑀𑐡𑑂𑐰𑐬𑐧𑐸𑐬𑐰𑑕𑐠𑑂𑐰𑐟𑐾𑐫𑐵
da762f2a,𑐫𑐵𑐥𑐵𑐴𑐵𑐳𑐶𑑄𑐨𑐵𑐬𑑀𑐠𑑂𑐰𑐟𑐾𑐒𑐵𑐩𑑂𑐴𑐵𑑕𑐳𑐩𑐸𑐔𑐫𑐣𑐔𑐵𑐠𑑂𑐰𑐮𑐖𑐐
b1f5zc1d,𑐥𑐸𑐟𑑂𑐬𑐳𑑂𑐫𑐨𑐵𑐬𑑂𑐫𑑂𑐫𑐵𑐡𑐡𑐸𑐩𑐞𑐷𑑍𑐡𑐸𑐴𑐶𑐟𑐐𑑂𑐜𑐞𑐵𑐡𑑂𑐢𑐶𑐣𑐷𑐫𑐥𑐸𑐟𑑂𑐬𑐷𑐀𑐣𑑂𑐣𑐧𑐸𑐥𑑁
f54726f4,𑐨𑐵𑐮𑐣𑐫𑐣𑐳𑐩𑐸𑐟𑑂𑐠𑐰𑐵𑐮𑐰𑐣𑑂𑐴𑐶𑐨𑐳𑑂𑐩𑐷𑐨𑐸𑐟𑐳𑑂𑐩𑐬𑐳𑑂𑐩𑐬𑐞𑐵𑐣𑐸𑐟𑑂𑐳𑐸𑐎𑐎𑐬𑐞𑐳𑐸𑐣𑑂𑐡𑐬𑐱𑑂𑐬𑐷𑐱𑑂𑐬𑐷𑐱𑑂𑐬𑐷
31691a27,𑐩𑑄𑐖𑐸𑐬𑐵𑐩𑐰𑑀𑐢𑐬𑐵𑐩𑐐𑐸𑐡𑑄𑐡𑐮𑐾𑐰𑐴𑐶𑐬𑐶𑐳𑐖𑑂𑐫𑐵𑐒𑐵𑐖𑐸𑐬
51853464,𑐬𑐣𑐎𑑂𑐲𑐟𑑂𑐬𑐥𑑂𑐬𑐷𑐟𑐶𑐫𑑀𑐐𑐧𑐹𑐢𑐧𑐵𑐬𑐠𑑂𑐰𑐎𑐸𑐴𑑂𑐣𑐸𑐥𑑂𑐬𑐟𑐶𑐲𑑂𑐛𑐵𑐡𑐶𑐣𑐱𑐸𑐨
106z354z,𑐎𑐵𑐣𑐵𑐩𑐐𑐴𑐾𑑅𑐰𑐳𑑂𑐟𑐶𑐟𑐵𑑅𑐢𑐬𑑂𑐩𑐵𑐟𑐩𑐵𑐟𑑀𑐬𑐵𑐬𑑂𑐢𑑅𑐥𑐹𑐣𑑂𑐫𑐰𑐶𑐬
d02z5fz1,𑐱𑑂𑐬𑐷𑑓𑐔𑐎𑑂𑐬𑐳𑐰𑐮𑑍𑐡𑐾𑐰𑐥𑑂𑐬𑐷𑐟𑐶𑐣𑑍𑐏𑐳𑑂𑐟𑐶𑐱𑑂𑐬𑐷𑐱𑑂𑐬𑐷𑐖𑐫𑐫𑐟𑐵
1205d1dc,𑐬𑑂𑐩𑑂𑐩𑐖𑐐𑐟𑐳𑑄𑐳𑐵𑐬𑐳𑐮𑐥𑑂𑐬𑐵𑐞𑐶𑐄𑐢𑐵
755901bb,𑐣𑐢𑐬𑐢𑐣𑐳𑐶𑐒𑐩𑐴𑐾𑐱𑑂𑐰
765z199a,𑐱𑐸𑐨𑑄
f09ffz01,𑐡𑐶𑐣𑐾𑐮𑑀𑐎𑐣𑐵𑐠𑐾𑐏𑐬𑐵𑐐𑑂𑐬𑐿𑑌𑐫𑐵𑐱𑑂𑐬𑐷
1zd4z83a,𑐣𑐵𑐩𑐣𑐱𑑂𑐬𑐷𑐳𑐬𑐳𑑂𑐰𑐟𑐷𑑍𑐠𑑂𑐰𑐒𑐵𑐩𑑂𑐴𑐡𑐾𑐰𑐠𑑂𑐰𑐦𑐮𑑂𑐫𑐳𑐠𑐵𑐥𑐣𑐵𑐫𑐵𑐒𑐣
47f7b186,𑐰𑐮𑐳𑐵𑐞𑑄𑐣𑐡𑐰𑐠𑑂𑐫𑑄𑐔𑐐𑐸𑐬𑐵𑐠𑑂𑐰𑐎𑑍𑐔𑐠𑐵𑐎𑐎𑐸𑐣𑑂𑐴𑐸𑐧𑐸𑐳𑐵𑐢𑐣𑐫𑐵𑐫𑐩𑐵𑐬𑑍𑐨𑐵𑐲𑐵𑐮𑐳𑐕𑐥𑑀𑐬𑐥𑐹𑐬𑑂𑐞𑑂𑐞𑐩𑐵𑐳𑐶𑐎𑐸
10cd0d18,𑐣𑐾𑐐𑐸𑐬𑐶𑐡𑐫𑐎𑐵𑐥𑐘𑑂𑐔𑐣𑑄𑐳𑐾𑐮𑑂𑐴𑑀𑐰𑐶𑐔𑐵𑐬𑐫𑐵𑐎𑐾𑐩𑐵𑐮𑑋𑐏𑑄𑐴𑑂𑐩𑐵
c30d70fc,𑐳𑐸𑐣𑐵𑐣𑑄𑐠𑑂𑐰𑐳𑐵𑐴𑐵𑐳𑐣𑐫𑐶𑐔𑐾𑐬𑐾𑐠𑐶𑐔𑐾𑐬𑐫𑐵𑐟
c692b2z5,𑐔𑐵𑐬𑑂𑐫𑑂𑐫𑐥𑐬𑐶𑐏𑐡𑐾𑐰𑐣𑐠𑐌𑐟𑐣𑐵𑐩𑐣𑐱𑑂𑐬𑐷𑑓𑐧𑐖𑑂𑐬𑐳𑐟𑑂𑐰𑐥𑑂𑐬𑐟𑐶𑐩𑐵𑐡𑐫𑐎𑐵𑐖𑐸𑐬𑑀𑑌
5f71dd10,𑐢𑐩𑑂𑐩𑐡𑐾𑐰𑐨𑐵𑐬𑑀𑑌𑐥𑐬𑐨𑐵
0443d5d4,𑐩𑐸𑐴𑐣𑐖𑐸𑐬𑑀𑑌𑐥𑐸𑐣𑑅𑐠𑑂𑐰𑐟𑐸𑐮𑐳𑐷𑐦𑐮𑐳𑐐𑑀𑐩𑑂𑐴𑐣𑑄𑐢𑐬𑑂𑐩𑑂𑐩𑐨𑐵𑐬𑐥𑑄𑐟𑐸𑐮𑐱𑐷𑐥𑐾𑐫𑐩𑐵
137d2b35,𑐖𑐳𑐰𑑂𑐖𑐐𑑅𑐥𑑂𑐬𑐟𑐶𑐡𑐶𑑄𑐱𑐳𑑂𑐠𑐶𑐟𑑂𑐰𑐵𑐥𑑂𑐬𑐩𑐟𑑂𑐳𑑂𑐫𑐣𑑂𑐡𑐣𑐾𑑌𑐀𑑄𑐐𑐵𑐣𑐵𑑄𑐥𑑂𑐬𑐨𑐰𑑀𑐟𑐣𑑀𑐟𑐸𑐴𑐶𑐳𑐡𑐵𑐩𑑀𑐡𑑄𑐥𑐬𑑄𑐥𑑂𑐬𑐵𑐞𑐶
3z614784,𑐟𑑍𑐎𑐵𑐱𑐶𑐬𑐵𑐖𑐫𑐵𑐕𑐾𑐣𑐡𑐎𑑂𑐲𑐶𑐞𑐟𑐢𑐬𑑂𑐩𑑂𑐩𑐬𑐵𑐖𑐫𑐵
17d87584,𑑊𑐳𑑂𑐰𑐳𑑂𑐟𑐶𑐱𑑂𑐬𑐷𑑓𑐔𑐞𑑂𑐜𑐾𑐱𑑂𑐰𑐬𑐷𑐨𑐰𑐵𑐣𑑂𑐫𑐣𑐩𑑅𑑋𑑋𑐐𑐞𑐾𑐱𑐵𑐫𑐩𑐴𑐾𑐱𑐵𑐫𑐣𑐵𑐛𑐾
26acbb03,𑐥𑐶𑐰𑐣𑐳𑐶𑐑𑐾𑐣𑐶𑐰𑑂𑐫𑐵𑐑𑐾𑐣𑐶𑐡𑐾𑐰𑐡𑐫𑐎𑐵𑐳𑐶𑐟𑑀𑐮𑐣
d2a17694,𑐔𑐵𑐬𑑂𑐫𑑂𑐫𑐥𑐬𑐶𑐏𑐡𑐾𑐰𑐣𑐠𑐌𑐟𑐣𑐵𑐩𑐣𑐱𑑂𑐬𑐷𑑓𑐧𑐖𑑂𑐬𑐳𑐟𑑂𑐰𑐥𑑂𑐬𑐟𑐶𑐩𑐵𑐡𑐫𑐎𑐵𑐖𑐸𑐬𑑀𑑌
cbfz52a2,𑐔𑑀𑐳𑑂𑐫𑐟𑐎𑑀𑐫𑐵𑐖𑐵𑐎𑑂𑐫𑐾𑐩𑐰𑐶𑐫𑐩𑐡𑐸𑑌𑐱𑐸𑐨𑐩𑐳𑑂𑐟𑐸𑐎𑐮𑑂𑐫𑐵𑐣𑐨𑐰𑐣𑑂𑐟𑐸𑐳𑐬𑑂𑐰𑑂𑐰𑐡𑐵𑑌𑐱𑐸𑐨𑑌
75981656,𑑒
09z7zc03,𑐬𑑀𑐥𑐹𑐖𑐵𑐨𑐞𑑂𑐜𑐷𑐖𑑀𑑑𑐳𑐵𑐢𑐮𑐶𑐥𑐵𑐟𑑔𑐳𑐵𑐡𑐸𑐡𑐸𑐥𑐵𑐟𑑔𑐑𑐾𑐮𑐀𑐲𑑂𑐚𑐵𑑑𑐎𑐳𑑂𑐟𑐶𑐀𑐲𑑂𑐚𑐵𑑑𑐳𑐵𑐏𑐀𑐲𑑂𑐚𑐵𑐡𑐶𑐰𑐵𑐑𑐾𑐮𑐀𑐲𑑂𑐚𑐵𑑒𑐐𑐸𑐐𑑂𑐐𑐸𑐬𑐸𑐖
4836b68z,𑐧𑐨𑐹𑐟𑐳𑑂𑐰𑐖𑐣𑐳𑐴𑐶𑐟𑐵𑐣𑑂𑐳𑐬𑑂𑐰𑐳𑐟𑑂𑐰𑐵
75d362d1,𑑑𑑑𑐧𑐸𑐢𑐧𑐵𑐬𑐎𑐹𑐣𑑂𑐴𑐹𑑍𑐱𑑂𑐬𑐷𑑒𑐐𑐬𑐹𑐜
56a5b920,𑐳𑑄𑐩𑑂𑐢𑐰𑑂𑐬𑐶𑑑𑐔𑐶𑐬𑐶𑐠𑐎𑐸𑑃𑑑𑐎𑐾𑐔𑐩𑐵𑑑𑐣𑐖𑐬𑐎𑐸𑐩
2c2a909a,𑐔𑐵𑐩𑐵𑐟𑐖𑐸𑐕𑐶𑐳𑐮𑐱𑑂𑐰𑐟𑐶𑐫𑐵𑐟𑐥𑐵𑐔𑐵𑐩𑐵𑐟𑐖𑐸𑐕𑐶𑐥𑐘𑑂𑐔𑐥𑐔𑐵𑐬𑐥𑐸𑐖𑐵
4ab9db51,𑐬𑐵𑐰𑐟𑐖𑐱𑐶𑐬𑐵𑐖𑐫𑐵𑐰𑐾𑐬𑐳𑑍𑐖𑑀𑐖𑐩𑐵𑐣𑐫𑐟𑐵𑐏𑐵
2659f876,𑐳𑐡𑐵𑐨𑐎𑑂𑐟𑐶𑐣𑑁𑐣𑐶𑐥𑑂𑐬𑐥𑐺𑐖𑑂𑐫𑑄𑑌𑐩𑐞𑐷𑐳𑐶𑑄
a466746a,𑐟𑑀𑐮𑐐𑑂𑐰𑐵𑐥𑐳𑐮𑐟𑑀𑐮𑐫𑐵𑐡𑐎𑑂𑐲𑐳𑐵𑐮𑐳𑐔𑑀𑐣𑐩𑑂𑐴𑑚𑐩𑐵𑐣𑐢
dad2a303,𑐬𑑂𑐞𑑂𑐞𑑍𑐧𑐺𑐴𑐾𑐳𑑂𑐥𑐟𑐶𑐧𑐵𑐳𑐬𑐾𑑍𑐳𑐶𑑄𑐢𑐬𑐵𑐱𑐶𑐐𑐟𑐾𑑍𑐳𑐧𑐶𑐟𑐬𑐶𑐩𑐶𑐠𑐸𑐣𑐬𑐵𑐱𑐶𑐐𑐟𑐾𑐔𑑄𑐣𑑂𑐡𑑂𑐬𑐩𑐱𑐶𑑋𑑋
2da03a2a,𑐮𑐮𑐶𑐟𑑄𑐎𑐺𑐟𑑄𑑋𑐔𑐵𑐟𑐸𑐬𑑂𑐰𑐬𑑂𑐐𑐦𑐮𑐵𑐥𑑂𑐬𑐵𑐥𑑂𑐟𑐶𑑍𑐢𑐬𑑂𑐩𑐱𑐵𑐮𑐵𑐩𑐶𑐩𑐵𑑄𑐱𑐸𑐨𑑄𑑋𑑋
a653z55f,𑐠𑑂𑐰𑐀𑐒𑐳𑑂𑐫𑐬𑐒𑐵𑐳𑐾𑑄𑑍𑐳𑐸𑐣𑐵𑐣𑑄𑐮𑑂𑐴𑑀𑐣𑐾𑐟𑐾𑐰𑐖𑐸𑐬𑑀𑑍𑐠𑑂𑐰𑐳𑐵𑐴𑐵𑐳𑐣𑑍𑐬𑑀𑐴𑑀
253c6866,𑐱𑑂𑐬𑐷𑐥𑐺𑐠𑐶𑐰𑐷𑐰𑐷𑐬𑐰𑐶𑐎𑑂𑐬𑐩
a8a55770,𑐬𑐵𑐩𑑍𑐩𑐵𑐢𑐰𑐬𑐵𑐩𑑍𑐢𑑄𑐖𑐹𑐬𑐵𑐩𑐨𑐵𑐮𑑀𑐠𑑂𑐰𑐟𑐾𑐳𑐩𑐸𑐔𑑂𑐔𑐫𑐣𑐟
c1ca03b1,𑐔𑑄𑑍𑐳𑐵𑐣𑐣𑑂𑐡𑑄𑐎𑐶𑐮𑐳𑐹𑐬𑑂𑐫𑑂𑐫𑐬𑐵𑐩𑐎𑐂𑐟𑐶𑐥𑑂𑐬𑐏𑑂𑐫𑐵𑐟𑐣𑐵𑐩𑐵𑐳𑐸𑐢𑐷𑑅𑑋
d70b784z,𑐖𑑂𑐰𑐵𑐮𑐵𑐫𑐎𑑀𑐚𑑂𑐫𑐵𑐴𑐸𑐟𑐶𑑅𑑋𑐰𑐶𑐥𑑂𑐬𑐵𑐫𑐵𑐠𑐢𑐬𑐵𑐐𑐖𑐵𑐱𑑂𑐔𑐳𑐡𑐣𑐳𑑂𑐰𑐬𑑂𑐞𑐵𑐣𑑂𑐣𑐎𑐮𑑂𑐥𑐡𑑂𑐬𑐸𑐩𑐵𑐮𑐎𑑂𑐲𑐥𑑂𑐬𑐳𑑂𑐠
f2zaaa63,𑐰𑐵𑐳𑐶𑑄𑐴𑐨𑐵𑐬𑑀𑐴𑐬𑐶𑐎𑐺𑐲𑑂𑐞𑐨𑐵𑐬𑑀𑐡𑑄𑐖𑑂𑐥𑐵𑐞𑐶𑐨𑐵𑐬𑑀𑐳𑐶𑐡𑑂𑐢𑐶𑐬𑐵𑐖𑐨𑐵𑐬𑑀𑐠𑑂𑐰𑐟𑐳𑑂𑐟𑑄𑐠𑑂𑐰𑐔𑐵𑐳𑑂𑐫𑑄𑐟𑐎𑑀𑐰𑐬𑑂𑐲𑐥𑑂𑐬𑐟𑐶𑐀𑐰𑐶𑐕𑐶
313dc3b0,𑐫𑐳𑐾𑑄𑐰𑐵𑐫𑐩𑐵𑐬𑐖𑐸𑐬𑑀𑐨𑐵𑐏𑐵𑐠𑑂𑐰𑐫𑐵𑐐𑐸𑐠𑐶𑐎𑐟𑐎𑐾𑐐𑐸𑐬𑐸𑐥𑐡𑑂𑐩𑐢𑑂𑐬𑐢𑐬𑑂𑐩𑑂𑐩𑐎𑑂𑐬𑑍𑐟𑐥𑐵𑐡𑐾𑐌𑑍𑐳𑑂𑐰𑐳𑑂𑐟𑐶𑐡𑐾𑐌𑐬𑐕𑐾𑐩
c0a73748,𑐟𑑂𑐬𑐥𑐶𑐔𑐱𑐶𑐧𑐧𑑂𑐬𑐩𑑂𑐴𑐳𑐸𑐟𑑂𑐬𑑄𑐔𑐣𑐶𑐟𑑂𑐫𑑄𑐣𑐿𑐧𑐾𑐡𑑂𑐫𑐵𑐣𑑂𑐟𑑄𑐩𑐡𑐵𑐟𑑄𑑅𑐱𑐶𑐧𑐥𑐡𑐎𑐩𑐮𑐍𑐨𑐵𑑍
12z0f11b,𑐬𑑂𑐰𑐦𑐵𑐮𑑂𑐐𑐸𑐞𑐷𑐣𑐎𑑂𑐲𑐾𑐟𑐬𑐾𑐱𑐶𑐰𑐾𑐖𑑀𑐐𑐾𑐖𑐠𑐵𑐎𑐬𑑂𑐞𑑂𑐞𑐩𑑀𑐴𑑀𑐟𑐾𑐬𑐾𑐧𑐾𑐴𑐳𑑂𑐫𑐥𑐟𑐶𑐰𑐵𑐳𑐬𑐾𑐧𑐺𑐟
b965cz07,𑐩𑑂𑐧𑐟𑑗𑑙𑑖𑐖𑐾𑐲𑑂𑐛𑐱𑐸𑐎𑑂𑐬𑐡𑑂𑐰𑐶𑐟𑐷𑐫𑐵𑑄𑐟𑐶𑐠𑑁𑐩𑐺𑐐𑐱𑐶𑐬𑐣𑐎𑑂𑐲𑐟𑑂𑐬𑐱𑐹𑐮𑐫𑑀𑐐𑐾𑐁𑐡𑐶
z036dfbf,𑐥𑐹𑐟𑑂𑐬𑑍𑐳𑐶𑐡𑑂𑐢𑐶𑐬𑐵𑐩𑐴𑐵𑐎𑐹𑐬𑐵𑐩𑑍𑐥𑐡𑑂𑐩𑐬𑐵𑐩𑑍𑐐𑐸𑐞𑐶𑐬𑐵𑐩𑐎𑐷𑐬𑑂𑐟𑑂𑐟𑐶
141989c4,𑐒𑐵𑐌𑑍𑐌𑐫𑐵𑐟𑐔𑐿𑐟𑐱𑐸𑐎𑑂𑐬𑐫𑐵𑐀𑐲𑑂𑐚𑐩𑐶𑐬𑐐𑑂𑐰𑑑𑐠𑐫𑐩𑐵𑐬𑑍𑐧𑐰𑐡𑐾𑐖𑐸𑐥𑐣𑐶𑐳𑑂𑐠
94643231,𑐬𑑀𑐎𑑂𑐫𑐾𑐰𑐬𑐡𑐵𑐫𑐎𑑍𑐰𑐣𑑂𑐡𑐾𑐟𑑂𑐰𑑄𑐖𑐐𑐟𑐣𑐵𑐠𑑄𑐱𑐟𑐐𑐸𑐬𑐸𑐣
c9120fb5,𑐟𑑂𑐬𑐥𑐶𑐔𑐱𑐶𑐧𑐧𑑂𑐬𑐩𑑂𑐴𑐳𑐸𑐟𑑂𑐬𑑄𑐔𑐣𑐶𑐟𑑂𑐫𑑄𑐣𑐿𑐧𑐾𑐡𑑂𑐫𑐵𑐣𑑂𑐟𑑄𑐩𑐡𑐵𑐟𑑄𑑅𑐱𑐶𑐧𑐥𑐡𑐎𑐩𑐮𑐍𑐨𑐵𑑍
44f14z82,𑐩𑐴𑐾𑐱𑑂𑐰𑐬𑐳𑑂𑐠𑐵𑐥𑐣𑐵𑐫𑐵𑐒𑐵𑑌𑐠𑑂𑐰𑐰𑐬𑑀𑐳𑐸𑐨𑐱𑑂𑐬𑐷𑑓𑐮𑐎𑑂𑐲𑑂𑐩𑐷
730b23aa,𑐡𑐾𑐧𑐥𑑂𑐬𑐩𑐹𑐲𑐣𑐖𑐖𑐩𑐵𑐣𑐖𑐏𑐬𑐵𑐖𑐨𑐵𑐬𑑀
1zb5227c,𑐒𑐵𑐰𑐥𑑂𑐬𑐟𑐶𑐲𑑂𑐛𑐵𑐫𑐵𑐒𑐣𑐳𑑄𑐥𑐹𑐬𑑂𑐞𑑂𑐞𑐵𑐬𑐵𑐔𑐎𑐵𑐖𑐸𑐬𑑀𑑌𑐊𑐟𑐟𑑂𑐥𑐸𑐞𑑂𑐫𑐵𑐣𑐨𑐵𑐰
7c97z7bf,𑐢𑑂𑐬𑐸𑐰𑐥𑑂𑐬𑐰𑑂𑐫𑐵𑐑𑐵𑐚𑐫𑑀𑐐𑐾𑑌𑐧𑐸𑐢𑐰𑐵𑐳𑐬𑐾𑑌𑐠𑑂𑐰𑐎𑐸𑐣𑑂𑐴𑐸𑐠𑑂𑐰𑐡𑐾𑐰𑐮𑐥𑑂𑐬𑐟𑐶𑐲𑑂𑐛𑐵𑐫𑐵𑐳𑑂𑐫𑑄𑐳𑐸𑐰𑐬𑑂𑐞𑐵𑐎𑐮𑐱𑐢𑑂𑐰𑐖𑐵𑐰𑐬𑑀𑐴𑐣𑐫𑐵𑐒𑐵𑐡𑐶𑐣𑐖𑐸𑐬𑑀𑑌𑐨𑐵𑐲𑐵
bfz8773a,𑑌𑑒𑑌𑐣𑐰𑐩𑑂𑐫𑐵𑑄𑐥𑐺𑐞𑑂𑐫𑐟𑐶𑐠𑑁𑐖𑑂𑐫𑐟𑐶𑐱𑐸𑐨𑐱𑐸
c52421b4,𑐖𑐩𑐟𑐳𑐶𑑄𑐴𑐖𑐸𑑄𑐐𑐸𑐬𑐵𑐩𑐖𑐫𑐔𑐣𑑂𑐡𑑂𑐬𑐖𑐶𑐰𑐾𑐬𑐵𑐩𑐀𑐩𑐶𑐳𑐶𑑄𑐴𑐳𑑂𑐰𑐦𑐸𑐜𑑍𑐐𑑀𑐥𑐶𑐬𑐵𑐩
f5f78c58,𑐰𑐎𑐸𑐣𑑂𑐴𑐸𑐳𑐶𑑄𑐴𑐳𑐶𑑄𑐢𑐶𑐣𑐷𑑍𑐕𑐾𑐥𑐮𑐢𑐵𑐎
7z81zfa9,𑐠𑑂𑐰𑐟𑐾𑑍𑐬𑑀𑐰𑑔𑐲𑑀𑐣𑐵𑐠𑐬𑐶𑐰𑐸𑐬𑑀𑐰𑑔𑐀𑐦𑐮𑐰𑐸𑐬𑑀𑐰𑑕𑐡𑐸𑐰𑐡𑐸𑐰𑐸𑑍𑐬𑑀𑐰𑑑𑐫𑐵𑐐𑐰𑐸𑑍𑐬𑑀𑐰𑑕𑐖𑐶𑐰𑐶𑐮𑐰𑐸𑑍𑐬𑑀𑐰𑑒𑐦𑐵𑐡𑑀𑐬𑐰𑐸
1d84626b,𑐬𑐩𑐴𑐵𑐣𑐐𑐬𑐀𑐳𑑂𑐰𑐎𑐩𑐡𑐥𑐢𑐵𑐮𑐵𑐗𑑂𑐫𑐾𑐟𑐵𑐩𑐐𑐮𑐥𑐸𑐊𑐎𑐎𑑂𑐲𑐫𑐵
azd9df74,𑐧𑐵𑐳𑐡𑐾𑐰𑐣𑐖𑐬𑐢𑐵
2z91da96,𑐔𑑄𑐔𑐟𑑂𑐎𑑀𑐚𑐶𑐟𑐬𑑄𑐐𑐶𑐞𑐷𑐩𑐞𑐶𑐩𑐟𑐷𑐳𑑄𑐐𑐩𑑂𑐫𑐳𑑄𑐰𑐵𑐴𑐶𑐣𑐷𑑍𑐳𑐾𑐫𑑄𑐧𑑂𑐬𑐴𑑂𑐩𑐳𑐬𑐳𑑂𑐰𑐟𑐷𑐰𑐶𑐖𑐫𑐟𑐾𑐐𑑀𑐒𑑂𑐐𑑀𑐥𑐩𑐵𑐰𑐵𑐐𑑂𑐩𑐟𑐷𑑌
zd9792a3,𑑌𑐎𑐵𑐱𑑂𑐫𑐥𑐐𑑀𑐟𑑂𑐬𑐳𑑂𑐫𑐠𑐶𑐬𑐖𑐟𑑂𑐫𑐬𑑀𑐩𑑂𑐟𑑂𑐬𑐷𑐂𑐣𑑂𑐡𑐮𑐎𑑂𑐲𑑂𑐩𑐷
z2dd9aab,𑐱𑐢𑑂𑐰𑐖𑐵𑐰𑐬𑑀𑐴𑐣𑐫𑐵𑐒𑐣𑐥𑑂𑐬𑐟𑐶𑐲𑑂𑐛𑐵𑐫𑐵𑐒𑐵𑐡𑐶𑐣𑐖𑐸𑐬𑑀𑑌𑐱𑐸𑐨𑐩𑐳𑑂𑐟𑐸𑑌𑐳𑐬𑑂𑐰𑑂𑐰𑐡𑐵𑑌
d28380cc,𑐨𑐺𑐔𑑂𑐕𑐒𑑂𑐐𑐵𑐚𑐰𑐷𑐩𑐞𑑂𑐜𑐶𑐣𑐷𑐩𑑀𑐴𑐢𑑂𑐰𑐵𑐣𑑂𑐟𑐰𑐶𑐣𑐵𑐱𑐶𑐣𑐷𑐳𑐸𑐬𑐨𑐫𑐔𑑂𑐕𑐾𑐡𑑀𑐟𑑂𑐳𑐰𑑀
c5f86d48,𑐰𑐱𑐵𑐎𑑂𑐫𑐱𑐵𑐎𑑂𑐫𑐨𑐶𑐎𑑂𑐲𑐸𑐱𑑂𑐬𑐷𑐖𑐸𑐐𑐶𑐡𑐾𑐰𑐠𑐸𑐟𑐶𑐢𑐬𑑂𑐩𑐐𑑀𑐲𑑂𑐛𑐶𑐳𑐩𑐹𑐔𑐫𑐳𑑄𑐨𑐵𑐲𑐣
3aa776fb,𑐰𑐣𑐐𑐵𑐣𑐵𑐐𑐵𑐣𑐬𑐵𑑅𑐎𑐶𑐣𑑂𑐣𑐬𑐵𑑅𑑋𑑋𑐟𑐔𑐾𑐟𑑅𑐳𑐾𑐎𑐮𑑄𑐩𑐣𑑀𑑓𑐨𑐶𑐮𑐳𑑂𑐰𑐶
b384a869,𑐱𑑂𑐬𑐷𑑓
293b7b7b,𑐴𑐩𑐴𑐵𑐰𑐶𑐴𑐵𑐬𑐾𑐲𑑂𑐛𑐶𑐟𑐩𑐥𑐶𑐎𑐸𑐮𑐩𑐵𑐣
6a994a51,𑐎𑑂𑐰𑐵𑐔𑐥𑐵𑐡𑐾𑐰𑐳𑑂𑐎𑐾𑐕𑑀𑐫𑐎𑐾𑐩𑐵𑐬𑐠𑑂𑐰𑐣𑐳𑐟𑐶𑐎𑐸𑐣𑑂𑐴𑐸𑐳𑐐𑐫𑐵𑐟𑐳𑐩𑑂𑐴𑐔𑐧𑐶𑐫𑐾𑐩𑐵𑐬𑐰
6d5b246a,𑐳𑐟𑐸𑐖𑐷𑐧𑐮𑐵𑐣𑐶𑐠𑐎𑐹𑐥𑐹𑐟𑑂𑐬𑐡𑐾𑐧𑐷𑐢𑑄𑐫𑑀𑐐𑐬𑐵𑐖𑐩𑑀
863a283a,𑑋𑑋𑐡𑑂𑐰𑐶𑐟𑐶𑐫𑐵𑐣𑑂𑐟𑐶𑐠𑑁𑐱𑐸𑐨𑐱𑑂𑐬𑐷𑑓𑐖𑐰𑐫𑐡𑐾𑐰𑐫𑐵𑐟𑑍𑐱𑐶𑐖
99666zbc,𑐧𑐵𑐎𑑄𑐟𑐒𑐣𑑌𑐩𑐣𑑀𑐴𑐬𑐵𑐩𑐫𑐶𑐫𑐵𑐣𑐵𑐩𑐣𑐬𑑀𑐴𑑀𑐬𑐧𑐸𑐬𑑀𑑒𑐠𑑂𑐰𑐟𑐾𑐧𑐸𑐫𑐧𑐶𑐬𑐳𑐵
7za820z4,𑐎𑐮𑑄𑐥𑐟𑐵𑐎𑐵𑐖𑐸𑑓𑐥𑑄𑐘𑑂𑐔𑐥𑐟𑐵𑐎𑐵𑐖𑐸𑑓𑐀𑐡𑐸𑐰𑐵𑐮𑑍𑐥𑑂𑐬𑑒𑐖𑐵𑐎𑐶𑐥𑐸𑐖𑐵𑐖𑐵𑐠𑐸
504f483a,𑐫𑐎𑑄𑐡𑐸𑐣𑑂𑐟𑐵𑐬𑑀𑐧𑐸𑑓𑐔𑐲𑐸𑑄𑐟𑐶𑐧𑐸𑐬𑑀𑑑𑐳𑑂𑐰𑐟𑑂𑐰𑐧𑐸𑐬𑑀𑑑
b1z97089,𑐔𑐎𑐾𑐩𑐵𑐬𑑌𑐠𑑂𑐰𑐡𑐟𑑂𑐟𑑄𑐬𑑀𑐥𑐫𑐵𑐟𑐳𑐵𑐡𑐾𑐔𑐵𑐮𑐫𑑄𑐧𑐶𑐢𑐩𑐫𑐵𑐟𑐳𑐵𑐐𑑀𑐴𑐟𑑂𑐫𑐵
7745c12z,𑐟𑐶𑐩𑐣𑑂𑐫𑐾𑑋𑐩𑐸𑐡𑐵𑐣𑐣𑑂𑐡𑐳𑐣𑑂𑐡𑑀𑐴𑐩𑐐𑑂𑐬𑑄𑐰𑐫𑐸𑐬𑑂𑐩𑑂𑐩𑑍𑐰𑐶𑐢𑐾𑐴𑐶𑐎𑑂𑐰𑐞𑐟𑑂𑐎𑐶𑑄𑐎𑐶𑐞𑐷𑐎𑐾𑐎𑐬𑐵𑐮𑐾𑑌𑑑𑑔𑑌𑐂𑐟𑐶𑐱𑑂𑐬𑐷𑐎
1b83589a,𑐥𑐵𑐫𑑚𑐢𑐬𑑂𑐩𑑂𑐩𑐞𑐵𑐬𑐵𑐫𑐣𑐥𑑂𑐬𑐩𑐸𑐏𑐥𑐬𑐶𑐧𑐵𑐬𑐡𑐎𑑀𑐩𑑀𑐎𑑂𑐲𑐐𑐟𑐶𑐬𑐵𑐎𑐖𑐸𑐥𑐵𑐫𑑌
323535dd,𑐱𑐶𑐢𑑂𑐡𑐶𑐬𑐵𑐩𑐴𑐵𑐎𑐸𑐥𑐩𑑂𑐩𑐬𑐵𑐩𑐐𑐸𑐣𑐶𑐬𑐵𑐩𑐎𑐶𑐬𑑂𑐟𑑂𑐟𑐶𑐬𑐵𑐩
11zdf61c,𑑅𑑌𑑑𑑒𑑌𑐰𑐶𑐥𑐟𑑂𑐟𑐵𑐬𑐞𑐵𑐡𑐸𑐐𑑂𑐬𑐟𑐵𑐬𑐵𑐥𑑂𑐬𑐳𑐶𑐡𑑂𑐢𑐵𑑍𑐖𑐚𑐵𑐢𑐵𑐬𑐞𑐵𑐡𑐾𑐰𑐥𑐸𑐬𑑂𑐰𑑂𑐰𑐵𑐖𑐚𑐵𑐳𑐶𑑋𑐳𑐡𑐵𑐮𑐷𑐮𑐫𑐵𑐰𑐵𑐎𑐥𑑂𑐬𑐡𑐵𑐡𑐾𑐰𑐶
0bf9fa64,𑐟𑐵𑐫𑐵𑑅𑐡𑐶𑐣𑐳𑑅𑐱𑑂𑐬𑐷𑑓𑐁𑐬𑑂𑐖𑑂𑐫𑐵𑐰𑐬𑑀𑐎𑐶𑐟𑐾𑐳𑑂𑐰𑐬𑐖𑐩𑐬𑐾𑐳𑑂𑐰𑐬𑐫𑐵𑐰𑐶
11ba0f28,𑐬𑐵𑐖𑐾𑑌𑐀𑐱𑑂𑐰𑐱𑐹𑐔𑐶𑐱𑐬𑐾𑐱𑑂𑐰𑐵𑐬𑑂𑐎𑑂𑐲𑐾𑐣𑐾𑐥𑐵𑐮𑐶𑐎𑑂𑐫𑐵𑑄𑐧𑐶𑐣𑐶𑐬𑑂𑐐𑑂𑐐𑐟𑐾𑑋𑐥𑐎𑑂𑐲𑐾𑐩𑐵
8b44za42,𑐬𑑂𑐲𑑓𑐎𑐵𑐡𑑀𑐰𑐸𑐎𑐬𑑂𑐲𑑒𑐐𑐵𑑄𑐰𑐸𑐠𑑂𑐰𑐟𑐾𑐰𑐸𑐡𑐸𑐣𑑂𑐟𑐵
4d304023,𑐠𑑂𑐰𑐟𑐾𑐫𑐵𑐐𑐸𑐠𑐶𑐖𑐣𑐫𑐥𑐟𑐶𑐎𑑂𑐬𑐖𑐸𑑌
z6290373,𑑌𑐡𑐵𑐣𑐥𑐟𑐶𑐖𑐖𑐩𑐵𑐣𑐎𑐵𑐲𑑂𑐛𑐩𑐞𑑂𑐜𑐥𑐩𑐴𑐵𑐣𑐐𑐬𑐾𑐩𑐶𑐔𑑂𑐫𑐵𑐎𑐩𑐸𑐐𑐬𑐟𑑀𑐬
3fzdbaz1,𑐑𑐵𑐟𑐳𑐡𑐾𑐰𑐥𑐹𑐖𑐵𑐫𑐵𑐎𑐧𑑂𑐬𑐵𑐴𑑂𑐩𑐞𑑍𑐩𑑂𑐴𑑄𑑑𑐱𑑂𑐬𑐷𑐐𑑁𑐬𑐷𑐱𑑄𑐎𑐬𑑍𑐩𑑂𑐴𑑄𑑑𑐱𑑂𑐬𑐷𑐩𑐸𑐣𑐶𑐨𑐵𑐖𑐸𑑍𑐩𑑂𑐴𑑓𑐖𑑀𑐳𑐶𑐩𑑂𑐴𑑑𑐁𑐔𑐵𑐬𑑂𑐫𑑂𑐫𑑍𑐠𑑂𑐰𑐟𑐾𑐳𑑂𑐟𑑄𑐡𑐎𑑂𑐲𑐶𑐞𑐵𑐟𑐳
z296f815,𑐴𑐣𑐡𑐸𑐣𑑂𑐟𑐵𑐖𑐸𑐬𑑀𑑍𑐱𑐸𑐨𑑄𑑌𑑌
7442zaa3,𑐮𑐵𑐳𑐶𑐢𑐎𑑄𑐣𑐶𑐧𑐾𑐡𑐣𑐫
cf0579db,𑐡𑐾𑐰𑐳𑐎𑐾𑐮𑐸𑐫𑐵𑐩𑐸𑐡𑐫𑐡𑐫𑐎𑑄𑐡𑑀𑐴𑑀𑐬𑐰𑐵𑐖𑐸𑐬𑑀𑑌𑐳𑐸𑐨𑐩𑐳𑑂𑐟𑐸𑐳𑐬𑑂𑐰𑑂𑐰𑐡𑐵𑑌
885dcb88,𑐜𑑑𑐬𑐵𑐎𑐸𑐜𑑑𑐧𑐖𑐶𑐡𑑄𑑔𑐢𑐬𑐶𑐎𑐸𑐜𑑑𑐎𑑂𑐬𑐩𑐸𑐦𑑀𑐫𑐵𑑍𑐠𑑂𑐰𑐟𑐶𑐡𑐵𑐣𑐧𑐶𑐫𑐩𑐵𑐮𑑌𑐐𑐸𑐬𑑂𑐰𑑂𑐰𑐵𑐴𑐵𑐬𑐩𑐟𑐕𑑀𑐫𑐎
725z1b18,𑐎𑐬𑑂𑐲𑑓𑐣𑐶𑐩𑐾𑐡𑐶𑐧𑐸𑐮𑑀𑑑𑐠𑑂𑐰𑐟𑐾𑐫𑐵𑐧𑐮𑐳𑐵𑐣𑐣𑐴𑑄𑐣𑐎𑐵𑐬𑑂𑐟𑑂𑐟𑐶𑐎𑐣
18749d24,𑐮𑐳𑐖𑐮𑐢𑐸𑐣𑐶𑐳𑑂𑐠𑐵𑐥𑐣𑐵
0959b6a3,𑐒𑐣𑐟𑐫𑐵𑐳𑑍𑐳𑐸𑐣𑐵𑐣𑑄𑑍𑐔𑐵𑐳𑐣𑐫𑐵𑐫𑐩𑐡𑐸𑑍𑐡𑐾𑐰𑐫𑐵𑐨𑐸𑐖𑐸𑐬𑑀𑑋𑑋𑑐𑑋𑑋
36561561,𑐩𑐡𑐸𑐧𑐴𑐷𑐬𑐣𑐿𑐆𑐟𑑂𑐫𑐕𑐾𑐫𑐵𑐟𑐵𑐩𑑂𑐬𑐎𑐵𑐬𑐡𑐶𑐰𑑄𑐐𑐟𑐥𑐶𑐟𑐵𑐩𑐴
1843z4b3,𑐧𑐖𑑂𑐬𑐵𑐬𑑂𑐫𑐵𑐥𑑂𑐥𑐴𑐰𑐿𑑌𑑑𑑌𑐢𑐬𑑂𑐩𑐔𑐶𑐟𑑂𑐟𑐿
5fbfdd97,𑐟𑐮𑐨𑐹𑐲𑐞𑑀𑐰𑐶𑐖𑐫𑐰𑐵𑐣𑑂𑐱𑑂𑐬𑐷𑐎𑐷𑐬𑑂𑐟𑐶𑐳𑐶𑐴𑑀𑐣𑐺𑐥𑑅𑑌𑐀𑐖𑐣𑐶𑐎𑐸𑐳𑐸𑐩𑐳𑐶𑑄𑐴𑑅𑐱𑐟𑑂𑐬𑐸𑐩𑐟𑑂𑐟𑐾𑐩𑐳𑐶𑑄𑐴𑑅𑐩𑐩𑐬𑐨𑐸𑐰𑐶𑐎𑐬𑐵𑐮𑑀𑐩𑐾𑐡𑐶𑐣𑐷
fz52z7az,𑐄𑐟𑑂𑐬𑐵𑐲𑐵𑐝𑐣𑐎𑑂𑐲𑐟𑑂𑐬𑐾𑐱𑑁𑐨𑐣𑐫𑑀𑐐𑐾𑐧𑐺𑐴𑐳𑑂𑐥𑐟𑐶𑐰𑐵𑐳𑐬𑐾𑑌𑐠𑑂𑐰𑐎𑐸𑐣𑑂𑐴𑐸𑐠𑐵𑐣𑐥𑐟𑐶𑐱𑑂𑐬𑐷𑑓𑐐𑐞𑐾𑐱𑑂𑐰𑐬𑐨𑐚𑑂𑐚𑐵
00za422a,𑐥𑐬𑐵𑐐𑐥𑐶𑐘𑑂𑐖𑐬𑐶𑐟𑐩𑐸𑐟𑑂𑐟𑐩𑐵𑐡𑑂𑐐𑐱𑑂𑐬𑐷𑐱𑐎𑑂𑐟𑐶𑐳𑐶𑑄𑐴𑐬𑐵𑐩𑐬𑐵𑐖𑑂𑐬𑐸𑐳𑑂𑐫𑐧𑐶𑐖𑐫
507zb35f,𑐩𑐟𑑂𑐫𑐵𑐥𑐹𑐬𑑂𑐰𑑂𑐰𑐎𑐸𑐬𑐾𑑍𑐱𑑂𑐬𑐷𑐩𑐎𑐵𑐟𑑂𑐟𑐶𑐥𑐸𑐮𑐶𑐩𑐵𑐴𑐵𑐣𑐐𑐬𑐾𑑍𑐱𑑂𑐬𑐷𑑒𑐫𑐩𑐩𑐬𑐾𑐱𑑂𑐰𑐬𑐨𑐚𑑂𑐚𑐵𑐬𑐎
zfazbb1z,𑐑𑐾𑐮𑐎𑐳𑑂𑐟𑐶𑐕𑐥𑐵𑐟𑐡𑐸𑐡𑐸𑑍𑐣𑐵𑐐𑐬𑐵𑐖𑐵𑐫𑐵𑐣𑐵𑐩𑐣𑑄𑑍𑐥𑑂𑐬𑑑𑐖𑐵𑐎𑐶𑐥𑑂𑐬𑑑𑐡𑐸𑐡𑐸𑐂𑐟𑐶
733bbd22,𑐣𑑂𑐴𑐶𑐟𑐵𑐬𑑂𑐠𑑌𑐣𑐾𑐥𑐵𑐮𑐳𑐩𑑂𑐰𑐟𑐿𑐳𑑂𑐩𑐶𑐣𑐥
7204bdfc,𑐳𑐶𑐎𑑅𑐎𑐣𑑂𑐡𑐬𑑂𑐥𑑂𑐥𑐰𑐟𑑂𑐳𑐸𑐣𑑂𑐡𑐬𑑀𑑍𑐰𑐷𑐞𑐵𑐟𑐵𑐮𑐩𑐺𑐡𑐒𑑂𑐐𑐐𑐷𑐟𑐣𑐶𑐥𑐸𑐞𑑅𑐳𑐒𑑂𑐐𑐷𑐟𑐰𑐶𑐡𑑂𑐫𑐵𑐣𑐶𑐢𑐶𑑅𑑋𑐨𑐵𑐳𑑂𑐰𑐡𑑂𑐩𑐵𑐣𑐸𑐣𑐶𑐨𑑅𑐥𑑂𑐬𑐟𑐵𑐥𑐣𑐶𑐴𑐟𑐥𑑂𑐬𑑀𑐡𑑂𑐫𑐟𑑂𑐥𑑂𑐬𑐟𑐷𑐥𑐡𑑂𑐫𑐸
44z26fzb,𑐟𑐬𑐵𑐳𑐶𑐐𑐟𑐾𑐳𑐰𑐶𑐟𑐬𑐾𑑍𑐳𑐶𑑄𑐴𑐬𑐵𑐳𑐶𑐐𑐟𑐾𑐔𑑄𑐡𑑂𑐬𑐩𑐳𑐶𑑌𑐟𑐳𑑂𑐩𑐶𑐡𑐶𑐣𑐾𑑌𑐂𑐟𑐸𑑄𑐧𑐵𑐴𑐵𑐬𑐌
4904bcz2,𑐠𑐸𑐥𑐸𑐲𑐸𑐬𑐦𑐬𑐾𑐩𑑄𑐡𑐥𑐡𑐫𑐎𑐵𑐰𑐥𑐟𑐶𑐳𑑂𑐠𑐵𑐫𑐵𑐒𑐵𑐡𑐶𑐣𑐳𑐩𑑂𑐰
31c8z72z,𑐡𑑂𑐫𑐵𑐬𑑂𑐖𑑂𑐖𑐸𑐣𑐾𑐲𑐲𑑂𑐫𑐵𑑄𑐱𑐹𑐨𑐫𑑀𑐐𑐾𑐬𑐧𑐶𑐬𑑂𑐡𑑂𑐡𑐶𑐣𑐾𑑌𑐱𑐸𑐨𑐩𑐳𑑂𑐟𑐸𑐳𑐬𑑂𑐧𑑂𑐧𑐡𑐵𑑌𑑏𑑌
zc7z7cc9,𑐊𑐎𑐵𑐫𑑅𑑋𑐱𑐳𑑂𑐟𑑂𑐬𑐱𑐵𑐳𑑂𑐟𑑂𑐬𑐳𑑄𑐐𑐷𑐟𑐵𑐡𑐶𑐳𑐎𑐬𑐧𑐶𑐡𑑂𑐫𑐵𑐥𑐵𑐬𑐐𑑅𑐬𑐵𑐖𑐬𑐵𑐖𑐾𑐣𑑂𑐡𑑂𑐬𑐎𑐧𑐷𑐡𑑂𑐬𑐡𑐶𑐐𑑂𑐢
55b44502,𑐱𑑂𑐬𑐷𑐱𑑂𑐬𑐷𑐖𑐫𑐳𑐶𑐡𑑂𑐢𑐶𑐣𑐬𑐳𑐶𑑄𑐴𑐩𑐮𑑂𑐮𑐡𑐾𑐰𑐛𑐵𑐎𑐸𑐬𑐳𑐣𑐒𑐵𑐟𑑄𑐥𑑀𑐮𑐮𑐡𑐾𑐰𑐬𑐡𑑀𑐫𑐎𑑄𑐳𑐸𑐰𑐬𑑂𑐞𑑂𑐞
5cb8dc65,𑐰𑐮𑑂𑐮𑐶𑑅𑐥𑑂𑐬𑐟𑐵𑐥𑑀𑐖𑑂𑐰𑐮𑑅𑑌𑐟𑐳𑑂𑐫𑐵𑐟𑑂𑐩𑐖𑑀𑐨𑐹𑐩𑐶𑐢𑐬𑐾𑐱𑐎𑐣𑑂𑐫𑐵𑐥𑐵𑐡𑐵𑐩𑑂𑐰𑐸𑐖𑐵𑐱𑐎𑑂𑐟𑐰𑐶𑐱𑐸𑐡𑑂𑐢𑐔𑐾𑐟𑐵𑑅𑑋𑐮𑐎𑑂𑐲𑑂𑐩𑐷
1zc5dd4d,𑐰𑐶𑐩𑐵𑐣𑐱𑑂𑐬𑐷𑑓𑐖𑐐𑐣𑑂𑐣𑐵𑐠𑐥𑑂𑐬𑐟𑐶𑐩𑐵𑐳𑐴𑐶
a24d6113,𑑉𑐣𑐩𑑅𑐱𑑂𑐬𑐷𑐩𑐡𑑂𑐬𑐵𑐬𑑂𑐫𑑂𑐫𑐵𑐰𑐮𑑁𑐎𑐶𑐟𑐾
03cfbz34,𑐥𑐹𑐬𑑂𑐞𑑂𑐞𑐩𑐵𑐳𑑂𑐫𑐵𑐫𑐵𑐟𑐶𑐠𑑁𑐥𑐸𑐲𑑂𑐫𑐣𑐎𑑂𑐲𑐾𑐟𑑂𑐬𑐁𑐫𑐹𑐲𑐩𑐵
78955cb2,𑐣𑑂𑐴𑐶𑐟𑐵𑐬𑑂𑐠𑑌𑐣𑐾𑐥𑐵𑐮𑐳𑐩𑑂𑐰𑐟𑐿𑐳𑑂𑐩𑐶𑐣𑐥
6zf17a32,𑐱𑑂𑐬𑐷𑑓𑐩𑐡𑐵𑐬𑑂𑐫𑑂𑐫𑐵𑐧𑐮𑑀
5zb07068,𑐟𑑂𑐬𑑀𑐫𑑄𑐥𑐸𑐬𑐸𑐲𑑀𑐟𑑂𑐟𑐩𑑀𑐰𑐶𑐖𑐫𑐟𑐾𑐥𑐹𑐬𑑂𑐞𑐾𑐣𑑂𑐡𑐸𑐩𑐸𑐐𑑂𑐢𑐵𑐣𑐣𑑀𑐫𑐳𑑂𑐟𑐵𑐟𑐳𑑂𑐫𑐩𑐸𑐡𑑄𑐟𑐣𑑀𑐟𑐶𑐐𑐶𑐬𑐶𑐖𑐾𑐱𑐳𑑂𑐫𑐾𑐰𑐮𑑄𑐧𑑀𑐡𑐬𑑅𑑌𑐎𑐶𑑄𑐧𑑂𑐬𑐸𑐩𑑀𑐩𑐢𑐸
737f6a15,𑐫𑐵𑐒𑐣𑐱𑑂𑐬𑐷𑑓𑐧𑐖𑑂𑐬𑐵𑐳𑐣𑐀𑐎𑑂𑐲𑑀𑐨𑑂𑐫𑐳𑐎𑐾𑐱𑑂𑐬𑐷𑑓𑐔𑐎𑑂𑐬𑐳𑐩𑑂𑐧𑐬𑐴𑐾𑐬𑐸𑐎𑐳𑐎𑐾
8z67df25,𑑉𑐣𑐩𑑅𑐱𑑂𑐬𑐷𑑓𑐎𑐸𑐮𑐶𑐐𑐵𑐳𑐣𑐵𑐎𑑂𑐲𑑀𑐨𑑂𑐫𑑌𑐳𑑂𑐰𑐳𑑂𑐟𑐶𑑌𑐳𑐩𑑂𑐧𑐟𑑗𑑘𑑓𑐔𑐿𑐟𑑂𑐬𑐩𑐵𑐳𑐾𑐱𑐸𑐎𑑂𑐮
b01aafba,𑐮𑐶𑐟𑐎𑐣𑑂𑐡𑐬𑑂𑐑𑐲𑐬𑑂𑐫𑑂𑐫𑐱𑐵𑐣𑑂𑐟𑐶𑐖𑑂𑐘𑐵𑐣𑐖𑐣𑐶𑐟𑐳𑐸𑐬𑐐𑐸𑐬𑐸𑐨𑑂𑐬𑐵𑐣𑑂𑐟𑐶𑑋𑐱𑑂𑐬𑐷𑐖𑐟𑑂𑐩𑐷𑐱𑐔𑐬𑐞𑐳𑑂𑐩𑐬𑐞𑐱𑐩𑐶𑐟𑐎𑐾
8b6295c3,𑐣𑐾𑐴𑑂𑐩𑐵𑐳𑑂𑐟𑐵𑐥𑐵𑐔𑐵𑐫𑐵𑐟𑐔𑐾𑐎𑐣𑐀𑐳𑑂𑐟𑐵𑑒𑐩𑐟𑐵𑐰𑑂𑐰𑐵𑐟𑑕𑑋𑑋𑐱𑑂𑐬𑐷𑐥𑐘𑑂𑐔𑐩𑐶
8c381090,𑐱𑑄𑐏𑐔𑐎𑑂𑐬𑐐𑐡𑐵𑐰𑑂𑐖𑐶𑐣𑑄𑐟𑐵𑐬𑑂𑐎𑑂𑐲𑑂𑐫𑐵𑐳𑐣𑐳𑑂𑐠𑑄𑐡𑐾𑐰𑐾𑐱𑑄𑐥𑐷𑐟𑐵𑐩𑑂𑐧𑐬𑐳𑐸𑐱𑑀𑐨𑐶𑐟𑑄𑑌𑐰𑐺𑐲𑐳𑑄𑐴𑐵𑐳𑑂𑐠𑐶𑐟𑑄𑐱𑐵𑑄𑐟
98a01b6f,𑐮𑐮𑐶𑐟𑑄𑐎𑐺𑐟𑑄𑑋𑐔𑐵𑐟𑐸𑐬𑑂𑐰𑐬𑑂𑐐𑐦𑐮𑐵𑐥𑑂𑐬𑐵𑐥𑑂𑐟𑐶𑑍𑐢𑐬𑑂𑐩𑐱𑐵𑐮𑐵𑐩𑐶𑐩𑐵𑑄𑐱𑐸𑐨𑑄𑑋𑑋
d7az3d74,𑑅𑐎𑐺𑐟𑑋𑑋𑐳𑑄𑐰𑐟𑑂𑑗𑑗𑑒𑐠𑑂𑐰𑐡𑑄𑐳𑐬𑐵
328a5f46,𑐰𑐷𑐬𑐥𑑂𑐬𑐨𑐷𑐟𑐶𑑄𑐥𑐬𑐶𑐰𑐵𑐬𑐕𑐶𑐫𑐵𑐠𑐸𑐐𑐸𑐖𑐣𑑂𑐩𑐳𑐩𑐣𑑀𑐬𑐠𑐥𑐸𑐬𑑂𑐞𑐖𑐸𑐫𑐾𑐩𑐵𑐮𑐥𑐬𑐟𑑂𑐬𑐳𑐩𑑀𑐎𑑂𑐲𑐥𑐡𑐧𑐶𑐮𑐵𑐫𑐡𑐫𑐩𑐵𑐮𑑅𑑌𑐱𑑂𑐬𑐷𑐳𑐩𑑂𑐰𑐟𑑂𑑑𑑐𑑒𑑐𑐳𑑂𑐟𑐶𑐦𑐵𑐮𑑂𑐐𑐸𑐞𑐱𑐸𑐎𑑂𑐮𑐥𑐵𑐡𑐸𑐄𑐟𑑂𑐬𑐨𑐡𑑂𑐬𑐣𑐎𑑂𑐲𑐟𑑂𑐬𑐳𑐵𑐏𑑂𑐫𑐫𑑀𑐐
0f776bzb,𑑊𑐳𑐩𑑂𑐰𑐟𑑘𑑑𑑐𑐁𑐱𑐶𑐸𑐣𑐷𑐱𑐸𑐎𑑂𑐮𑑌𑐡𑐱𑐩𑐷
zb6034ab,𑐬𑑂𑐖𑑂𑐫𑐵𑐬𑐵𑐩𑐵𑐫𑐵𑑅𑐎𑐣𑑂𑐫𑐳𑑂𑐟𑐨𑐵𑐬𑑂𑐖𑑂𑐫𑐵𑐬𑐟𑑂𑐣𑐡𑐾𑐰𑐶𑑅𑐩𑑀𑐟𑐶
c6z206a0,𑐣𑐳𑐬𑐳𑑂𑐰𑐟𑐶𑐫𑐵𑐟𑐥𑐵𑐔𑐵𑐩𑐵𑐟𑑋𑑋𑑋𑑋𑐱𑐶𑐰𑐬𑐵𑐟𑑂𑐬𑐶𑐣𑐣𑐾𑐴𑑂𑐩𑐵𑐳𑑂𑐟𑐵𑑄
888zb0ba,𑐟𑑀𑐮𑐐𑑂𑐰𑐵𑐥𑐳𑐮𑐟𑑀𑐮𑐫𑐵𑐡𑐎𑑂𑐲𑐳𑐵𑐮𑐳𑐔𑑀𑐣𑐩𑑂𑐴𑑚𑐩𑐵𑐣𑐢
7fz8f9c4,𑐞𑐴𑑀𑐟𑑁𑑋𑐖𑐐𑐣𑑂𑐩𑐵𑐟𑐬𑐸𑐡𑑂𑐣𑐵𑐬𑐖𑐟𑑂𑐟𑑂𑐬𑐷𑐟𑑂𑐰𑐩𑐾𑐎𑐵𑑍𑐱𑐶𑐱𑑀𑐬𑑂𑐩𑑂𑐩𑐥𑐬𑐵𑐢𑐵𑐣𑐰𑐵𑐨𑐵𑐰𑐣𑐷𑐫𑐵𑑅𑑌𑑙𑑌𑐡𑐶𑐣𑐾𑐐𑑀𑐢𑐣𑐾𑐱𑑀𑐖
a3c9fc3a,𑐬𑑂𑐡𑑂𑐡𑐞𑑂𑐜𑐰𑐶𑐩𑐸𑐎𑑂𑐟𑐰𑐵𑐞𑐣𑐶𑐎𑐬𑐵𑐎𑑂𑐬𑐵𑐣𑑂𑐟𑑀𑐟𑑂𑐟𑐩𑐵𑐒𑑂𑐐𑑀𑐬𑐶𑐥𑐬𑑂𑐨𑐾𑐖𑐾𑐔𑐵𑐧𑑂𑐢𑐶𑐰𑐣𑐵𑐡𑑂𑐬𑐶𑐐𑐴𑑂𑐰𑐬𑐐𑐸𑐴𑐵𑑄𑐴𑐶𑐟𑑂𑐰𑐵𑐳𑑂𑐰𑐎𑐷𑐫𑐵𑑄𑐥𑐸𑐬𑐷𑑄
02d2z37a,𑐰𑐶𑐖𑐫𑐬𑐵𑐖𑑂𑐫𑐱𑑂𑐬𑐷𑐩𑐟𑑂𑐎𑐵𑐣𑑂𑐟𑐶𑐥𑐸𑐮𑐶𑐩𑐴𑐵𑐣𑐐𑐬𑐾𑐱𑑂𑐬𑐷𑐥𑐵𑐬𑐵𑐰𑐟𑑂𑐩𑐴𑐵𑐰𑐶𑐴𑐵𑐬𑐾𑐔𑐾𑐎𑐣𑐀𑐟𑐣𑐳𑐶𑐫𑐵𑐠𑑂𑐰𑐰𑐵𑐴𑐵𑐬𑐫𑐵𑐦𑐬𑐾𑐳𑐬𑑀𑐴𑑀𑐣
ac8bcdf3,𑐫𑐠𑐵𑐎𑐬𑑂𑐞𑐩𑐸𑐴𑐸𑐟𑑂𑐬𑐾𑐱𑐸𑐎𑑂𑐬𑐧𑐵𑐮𑐳𑐮𑐾𑑌𑐧𑐶𑐕𑐸𑐮𑐵𑐳𑐶𑐐𑐟𑐾𑐳𑐧𑐶
981f9a57,𑐎𑐶𑐟𑐾𑐖𑑂𑐰𑐬𑐫𑐵𑐠𑐵𑐣𑐾
ac17b224,𑐣𑑂𑐣𑐴𑐣𑑂𑐣𑐾𑐩𑐵𑐮𑐖𑐸𑐬𑑀𑐮𑑀𑐥𑐫𑐵𑐎𑐵𑐮𑐾𑐐𑑀𑐧𑑂𑐬𑐵𑐴𑑂𑐩𑐞𑐵𑐡𑐶𑐥𑑄𑐔𑐩𑐴𑐵𑐥𑐵𑐟𑐎𑐵𑐡𑐶𑐮𑐵𑐎𑐖𑐸𑐬𑑀𑐮𑑀𑐥𑐩𑐫𑐵
b805225d,𑑅𑑌𑑑𑑒𑑌𑐰𑐶𑐥𑐟𑑂𑐟𑐵𑐬𑐞𑐵𑐡𑐸𑐐𑑂𑐬𑐟𑐵𑐬𑐵𑐥𑑂𑐬𑐳𑐶𑐡𑑂𑐢𑐵𑑍𑐖𑐚𑐵𑐢𑐵𑐬𑐞𑐵𑐡𑐾𑐰𑐥𑐸𑐬𑑂𑐰𑑂𑐰𑐵𑐖𑐚𑐵𑐳𑐶𑑋𑐳𑐡𑐵𑐮𑐷𑐮𑐫𑐵𑐰𑐵𑐎𑐥𑑂𑐬𑐡𑐵𑐡𑐾𑐰𑐶
dd26fcb6,𑐥𑐸𑐣𑐬𑐎𑑂𑐲𑐩𑐶𑐟𑑂𑐫𑐵𑐟𑐶𑐨𑐵𑐫𑐸𑐟𑐷𑐬𑐕𑐶𑐢𑐮𑐷𑐔𑐟𑐸𑐫𑐰𑐵𑐮𑐫𑐟𑑂𑐬𑐷𑐎𑑂𑐲𑐣𑐳𑑂𑐰𑐮𑐷𑐟𑐵𑐮𑐵𑐡𑐸
8779c72b,𑐣𑐖𑐸𑐬𑑀𑐱𑐸𑐨𑑌𑐩𑐟𑐕𑑀𑐫𑐎𑐾𑐫𑐵𑐟𑐎𑐸𑐬𑑑𑐔𑐶𑐎𑑄𑐕𑑀𑐫𑐾𑐎𑐾𑐩𑐵𑐬𑐱𑐸𑐨𑑋𑑋
fz6fzzz5,𑐑𑐾𑐕𑐵𑐫𑐱𑐸𑐎𑐶𑑑𑐖𑑀𑐣𑐵𑐫𑐵𑐫𑐩𑐢𑐸𑐥𑐬𑑂𑐎𑑂𑐎𑐫𑐵𑐟𑐡𑑄𑑑𑐡𑐾𑐰𑐳𑑂𑐟𑐡𑐎𑑂𑐲𑐶𑐞𑐵𑐡𑑄𑑒𑐴𑑀𑐩𑐫𑐵𑐟𑐡𑑄𑑖𑐥𑐹𑐖𑐵𑐰𑐵𑐬𑐶𑐥𑐵𑐴𑑂𑐩𑐳𑑂𑐟𑑄𑐡𑑄𑑑𑑐𑐠𑑂𑐰𑐟𑐾𑐡
513z002d,𑐣𑐵𑐩𑐣𑐱𑑂𑐬𑐷𑐳𑐬𑐳𑑂𑐰𑐟𑐷𑑍𑐠𑑂𑐰𑐒𑐵𑐩𑑂𑐴𑐡𑐾𑐰𑐠𑑂𑐰𑐦𑐮𑑂𑐫𑐳𑐠𑐵𑐥𑐣𑐵𑐫𑐵𑐒𑐣
cf876233,𑐳𑐵𑐣𑑂𑐡𑑂𑐬𑐖𑐮𑐡𑑀𑐣𑐷𑐮𑐷𑐣𑐶𑐔𑑀𑐮𑐵𑐫𑐟𑐾𑐣𑐎𑑂𑐲𑐟𑑂𑐬𑑄𑐎𑐸𑐳𑐸𑐩𑐵𑐫𑐟𑐾𑐳𑐸𑐏𑐢𑐸𑐥𑑂𑐬𑐎𑑂𑐲𑐶𑐥𑑂𑐟𑐥𑐸𑐥𑑂𑐥𑐵𑑄𑐖𑐮𑑁𑑋𑐰𑐵𑐳𑐸𑐡𑐾𑐰𑐘𑑂𑐔𑐥𑐹𑐬𑑂𑐰𑐾𑐲𑐫𑐵
c079z6d7,𑐥𑐹𑐬𑑂𑐞𑐶𑐩𑐵𑐎𑐸𑐣𑑂𑐴𑐸𑐥𑐹𑐖𑐵𑐨𑑄𑐜𑐶𑐖𑑀𑑑𑐳𑐵𑐢𑐬𑐶𑐥𑐵𑑔𑐡𑐸𑐡𑐸𑐥𑐵𑑔𑐑𑐾𑐮𑐀𑐲𑑂𑐚𑐵𑑑𑐎𑐳𑑂𑐟𑐶𑐀𑑑𑐳𑐵𑐏𑐀𑑑𑐣𑐶𑐱𑑂𑐬𑐵𑐰𑐖𑑀𑑓𑐡𑑄𑑘𑐳𑐾𑐳𑐡𑐰𑐵
6bc0c870,𑐧𑐸𑐢𑐰𑐶𑐬𑑀𑐖𑐬𑐵𑐖𑐳𑐶𑑄𑐴𑐳𑐩𑐸𑐬𑑂𑐔𑑂𑐔𑐫𑐣𑐡𑐫𑐎𑐵𑑋𑑋𑐱𑐶𑐮𑑂𑐥𑐷𑐴𑐵𑐫
d87ca1az,𑐖𑐵𑐢𑐶𑐬𑐵𑐖𑐱𑑂𑐬𑐷𑐱𑑂𑐬𑐷𑐖𑐫𑐨𑐵𑐳𑑂𑐎𑐬𑐩𑐮𑑂𑐮𑐡𑐾𑐰𑐳𑑂𑐫𑐢𑐶𑐖𑑀𑐬𑐵𑐖𑑌𑐡𑐵𑐣𑐥𑐟𑐶𑐎𑐵𑐎𑐶𑐥𑐹𑐬𑐳𑐡𑐵𑐣
5b87cc32,𑑑𑑑𑐧𑐵𑐬𑑔𑐱𑐸𑐨𑑋𑑋𑐳𑑂𑐰𑐡𑐟𑑂𑐟𑐷𑐥𑐬𑐡𑐟𑑂𑐟𑐵𑑄𑐔𑐵𑑍𑐫𑑀𑐴𑐬𑐟𑐶𑐰𑐳𑐸𑑄
ab191a6z,𑐳𑑄𑐎𑐬𑐾𑐎𑐬𑑂𑐟𑑂𑐟𑐸𑐎𑐵𑑄𑐰𑐶𑐱𑑂𑐰𑐎𑐬𑑂𑐟𑑂𑐬𑐷𑑍𑐩𑐨𑐶𑐨𑐬𑑂𑐠𑐡𑐵𑐟𑑂𑐬𑐷𑑄𑐳𑐡𑐵𑐔𑐶𑐣𑑂𑐟𑐫𑐵𑐩𑑅𑑌𑑓𑑌𑐱𑑂𑐩𑐱𑐵𑐣𑐵𑐣𑐮𑐵𑐨𑑂𑐫𑐣𑑂𑐟𑐬𑐾𑐱𑐵𑐰
657d2d78,𑑉𑐣𑐩𑑅𑐱𑑂𑐬𑐷𑐩𑐡𑑂𑐬𑐵𑐬𑑂𑐫𑑂𑐫𑐵𑐰𑐮𑑁𑐎𑐶𑐟𑐾
14z2b450,𑐰𑐵𑐳𑐬𑐾𑑌𑐠𑑂𑐰𑐎𑐸𑐣𑑂𑐴𑐸𑐥𑑂𑐬𑐟𑐶𑐳𑑂𑐠𑐵𑐫𑐵𑐒𑐵𑐡𑐶𑐣𑐖𑐸𑐬𑑀𑐠𑑂𑐠𑑂𑐰𑐀𑐐𑐜𑐮𑑂𑐴𑑀𑐒𑐵𑐫𑐵𑐱𑑂𑐬𑐷𑐱𑑂𑐬𑐷𑐥𑐬𑐩𑐾
6cz6dz9b,𑐰𑐷𑐬𑐥𑑂𑐬𑐨𑐷𑐟𑐶𑑄𑐥𑐬𑐶𑐰𑐵𑐬𑐕𑐶𑐫𑐵𑐠𑐸𑐐𑐸𑐖𑐣𑑂𑐩𑐳𑐩𑐣𑑀𑐬𑐠𑐥𑐸𑐬𑑂𑐞𑐖𑐸𑐫𑐾𑐩𑐵𑐮𑐥𑐬𑐟𑑂𑐬𑐳𑐩𑑀𑐎𑑂𑐲𑐥𑐡𑐧𑐶𑐮𑐵𑐫𑐡𑐫𑐩𑐵𑐮𑑅𑑌𑐱𑑂𑐬𑐷𑐳𑐩𑑂𑐰𑐟𑑂𑑑𑑐𑑒𑑐𑐳𑑂𑐟𑐶𑐦𑐵𑐮𑑂𑐐𑐸𑐞𑐱𑐸𑐎𑑂𑐮𑐥𑐵𑐡𑐸𑐄𑐟𑑂𑐬𑐨𑐡𑑂𑐬𑐣𑐎𑑂𑐲𑐟𑑂𑐬𑐳𑐵𑐏𑑂𑐫𑐫𑑀𑐐
1d421888,𑐨𑐵𑐐𑐸𑐞𑐩𑐵𑐳𑐶𑐬𑑂𑐎𑐬𑐟𑐶𑐠𑑁𑐟𑐾𑐔𑐣𑑂𑐡𑑂𑐬𑐥𑐿𑐧𑐾𑐡𑐸𑐢𑑀
65414022,𑐞𑑂𑐜𑐬𑐾𑑍𑐧𑐵𑐳𑐸𑐎𑐶𑐎𑑂𑐲𑐾𑐟𑑂𑐬𑐾𑑍𑐱𑑂𑐬𑐷𑑓𑐥𑐱𑐸𑐥𑐟𑐶𑐳𑐣𑐶𑐢𑐵𑐣𑐾𑐧𑐵𑐐𑑂𑐩𑐟𑑂𑐫𑐵𑑄𑐥𑐱𑑂𑐔𑐶𑐩𑐎𑐸𑐬𑐾𑑍𑐧𑐶𑐲𑑂𑐞𑐸
6f5b8094,𑐬𑑀𑑌𑐱𑐸𑐨𑑄𑑌𑑅𑑌𑑛𑑌𑑐𑑌
bbc595a5,𑐕𑐾𑐱𑑂𑐬𑐷𑑓𑐁𑐐𑑂𑐩𑐖𑐸𑐫𑐵𑐕𑐾𑐣𑐄𑐟𑑂𑐟𑑂𑐬𑐟𑐩𑐸𑐐𑐬𑐣𑐥𑐸𑐬𑑂𑐰𑑂𑐰
19az8122,𑐨𑐷𑐩𑐳𑐾𑐣𑐥𑑂𑐬𑐵𑐳𑐵𑐡𑐩𑐾𑐣𑑄𑐣𑐫𑐣𑐵𑐨𑐶𑐬𑐵𑐩𑑄𑑌𑐣𑐾𑐥𑐵𑐮𑐵𑐰𑑂𑐡𑐾𑐱𑐱𑐢𑐬𑐣𑐩𑑅𑐎𑐸𑐘𑑂𑐖𑐬𑐾𑐨𑐵𑐳𑐶𑐨𑐵𑐬𑑂𑐐𑑂𑐐𑐾𑑍𑐱𑐸𑐎𑑂𑐮𑐾𑐥𑐎𑑂𑐲𑐾𑐐𑐸𑐴𑐟𑐶𑐠𑐶𑐫𑐸𑐟𑐾𑐰𑐵𑐳𑐬𑐾𑐔𑐣𑑂𑐡𑑂𑐬𑐥𑐸
f6b96a4b,𑑌𑐎𑐵𑐱𑑂𑐫𑐥𑐐𑑀𑐟𑑂𑐬𑐳𑑂𑐫𑐠𑐶𑐬𑐖𑐟𑑂𑐫𑐬𑑀𑐩𑑂𑐟𑑂𑐬𑐷𑐂𑐣𑑂𑐡𑐮𑐎𑑂𑐲𑑂𑐩𑐷
f125d73b,𑐱𑑂𑐬𑐷𑐩𑐕𑑂𑐬𑐷𑐱𑐵𑐎𑑂𑐫𑐳𑐶𑑄𑐴𑐾𑐟𑑂𑐫𑐵𑐡𑐶𑑐𑑌𑐡𑐵𑐣𑐥𑐟𑐶𑐖𑐖𑐩𑐵𑐣𑐣𑐾𑐥𑐵𑐮𑐩𑐞𑑂𑐜𑐮𑐾𑐱𑐵𑐣𑑂𑐟𑐶𑑄𑐑𑐟𑐳𑑂𑐠𑐵𑐣𑐾𑐠𑐵𑐫𑐩𑐡𑐸𑐟𑑀𑐮𑐣𑑂𑐴𑐸𑐧𑐵𑐴𑐵𑐮𑐳𑐔𑑀𑐣𑐩𑑂𑐴𑐳𑑂𑐠𑐵𑐥𑐶𑐟𑐣𑐵𑐫𑐎𑐖𑑀𑐐𑐰𑐷𑐬𑐟𑐳𑑂𑐫𑐨𑐵𑐬𑑂𑐫𑑂𑐫𑐵𑐖𑑂𑐘𑐵𑐣𑐶𑐠𑐎𑐸𑑄
487b8491,𑐣𑑂𑐩𑐹𑐬𑑂𑐟𑑂𑐟𑐫𑐾𑑋𑐦𑐞𑐵𑐳𑐥𑑂𑐟𑐧𑐶𑐨𑐹𑐲𑐵𑐫𑐮𑑀𑐎𑐵𑐬𑑂𑐟𑑂𑐟𑐶𑐨𑐫𑐴𑐵𑐬𑐶𑐞𑐾𑑌𑐫𑐖𑐩
cfb4a241,𑐔𑐵𑐩𑐵𑐟𑐖𑐸𑐕𑐶𑐳𑐮𑐱𑑂𑐰𑐟𑐶𑐫𑐵𑐟𑐥𑐵𑐔𑐵𑐩𑐵𑐟𑐖𑐸𑐕𑐶𑐥𑐘𑑂𑐔𑐥𑐔𑐵𑐬𑐥𑐸𑐖𑐵
8598z8a8,𑐬𑐵𑐫𑐞𑐣𑐣𑑂𑐡𑐳𑐶𑑄𑐴𑐵𑐲𑑂𑐚𑑁𑐚𑐵𑐎𑐢𑑄𑐖𑐸𑐳𑐸𑐖𑐣𑐵𑑅𑐳𑐸𑐨𑐎𑑂𑐣𑐵𑑅𑑋𑑋𑑋𑑋𑐊𑐟𑐩𑐶
29f9b46c,𑑉𑐣𑐩𑑅𑐱𑑂𑐬𑐷𑐧𑐖𑑂𑐬𑐢𑐵𑐟𑐸𑐔𑐿𑐟𑑂𑐫𑐵𑐫𑑌𑑌𑐱𑑂𑐬𑑀𑐳𑑂𑐟𑐸𑐳𑐩𑑂𑐰𑐟𑑂𑑙𑑔𑑘
2c098986,𑐦𑑂𑐫𑐵𑐒𑐳𑐸𑐣𑐵𑐣𑑄𑐎𑐵𑐳𑐾𑐳𑐣𑐳𑐵𑑍𑐠𑑂𑐰𑐰𑐶𑐴𑐵𑐬𑑍𑐢𑑂𑐰𑑄𑐳𑐣𑐵𑐫𑐵𑐒𑐵𑐥𑑂𑐬𑐵𑐔𑐶𑐟𑑍𑐥𑑄𑐔𑐩𑐴𑐵
1c6c24d0,𑐐𑐞𑐾𑐱𑐵𑐫𑑌𑐱𑑂𑐬𑐷𑐫𑑀𑑇𑐳𑑂𑐟𑐸𑐳𑐩𑑂𑐰𑐟𑑂𑑘𑑐𑑓𑐨𑐵𑐡𑑂𑐬𑐥𑐡𑐩𑐵𑐳𑐾𑐱𑐸𑐎𑑂𑐬𑐥𑐎𑑂𑐲𑐾𑐡𑑂𑐰𑐵𑐡𑐱𑑂𑐫𑐵𑑄𑐟𑐶𑐠𑑁
65zad186,𑐰𑐱𑑂𑐬𑐷𑐨𑐹𑐥𑐟𑐷𑐣𑐵𑑄𑐳𑐨𑐵𑐳𑑂𑐠𑐵𑐣𑑄𑐳𑐣𑑂𑐩𑐞𑐶𑐩𑐞𑑂𑐜𑐥𑑄𑐳𑐸𑐮𑐮𑐶𑐟𑐖𑐷𑐬𑑂𑐞𑐟𑑂𑐰𑐥𑐵𑐳𑑂𑐫𑐡𑑂𑐬𑐸𑐟𑑄𑐳𑑄𑐐𑐷𑐟𑐵𑐬𑑂𑐞𑑂𑐞𑐰𑐥𑐵
dza7bb1b,𑐟𑑂𑑘𑑓𑑒𑐰𑐱𑐵𑐲𑐱𑐸𑐡𑐶𑑙𑐏𑑄𑐠𑐸𑐟𑐶𑐥𑐵𑐎𑑀𑐰𑐸𑐬𑑀𑑕𑐠𑑂𑐰𑐟𑐾𑐫𑐵𑐰𑐬
5691az47,𑐐𑐖𑐴𑐬𑐶𑐞𑐵𑐰𑐶𑐲𑑂𑐞𑐸𑐩𑐮𑑂𑐮𑐾𑐣𑐬𑐵𑐖𑑂𑐘𑐵𑑋𑐩𑑀𑐎𑑂𑐲𑐵𑐬𑑂𑐠𑐾𑐰𑐎𑐺𑐟𑐵𑐳𑐵𑐣𑐶𑐖𑐎𑐸𑐮𑐩𑐞𑐶𑐣𑐵𑐢𑐬𑑂𑐩𑑂𑐩𑐔𑐶𑐟𑐾𑐣𑐬𑐩𑑂𑐫𑐵𑐡𑑂𑐬𑐲𑑂𑐚𑐸𑑄𑐰𑐳𑑂𑐟𑐸𑑄𑐔𑐫𑑀𑐐𑑂𑐫𑐵𑐖𑐐𑐟𑐶𑐣𑐶𑐬𑐹𑐥𑐩𑐵𑐣𑐾
0a18cfb5,𑐥𑐵𑐔𑐵𑐩𑐵𑐟𑐔𑐾𑐎𑐣𑐀𑐳𑑂𑐟𑐵𑑒𑐩𑐟𑐵𑐥𑑂𑐰𑐵𑑕𑑋𑑋𑐥𑐸𑐖𑐵𑐰𑐵𑐬𑐶𑐫𑐵𑐟𑐵𑐖𑐵𑐎𑐶
5037f224,𑐥𑐥𑑂𑐬𑐖𑑂𑐰𑐵𑐬𑐶𑐟𑐫𑐵𑐒𑐵𑐡𑐬𑑂𑐱𑐣𑐢𑐵𑐬𑐷𑐡𑐵
076d9548,𑐱𑐵𑐎𑑂𑐫𑐩𑐸𑐣𑐶𑐱𑑂𑐬𑐷𑐢𑐣𑐱𑑂𑐬𑐷𑐢𑐩𑑂𑐩𑐐𑐶𑐬𑐶𑑍𑐎𑐶𑐣𑑂𑐴𑐳𑐶𑑄𑐴𑐨𑐵𑐰𑑍𑐟𑐰𑐢𑐶𑐎𑐨𑐵𑐰𑑍𑐧𑐶𑐣𑑂𑐴𑐸𑐨𑐵𑐰𑑍𑐣𑑂𑐴𑐰𑐣𑐨𑐵
0781471a,𑐎𑑂𑐲𑐸𑐱𑑂𑐬𑐷𑐰𑐵𑐳𑐶𑑄𑐴𑑍𑐱𑐵𑐎𑑂𑐫𑐨𑐶𑐎𑑂𑐲𑐸𑐱𑑂𑐬𑐷𑐩𑑄𑐎𑐳𑐶𑑄𑐴𑐱𑐵𑐎𑑂𑐫𑐨𑐶𑐎𑑂𑐲𑐸𑐖𑐫𑐳𑐶𑑄𑐴𑐡𑐾𑐰𑑍
45823c23,𑐳𑐱𑑂𑐩𑐾𑐬𑐩𑐾𑐱𑑀𑑍𑐨𑐰𑐨𑑂𑐫𑐵𑐲𑑂𑐥𑑂𑐬𑐳𑐵𑐡𑐵𑐟𑑂𑐫𑐬𑐵𑑄𑐳𑐶𑐡𑑂𑐰𑐶𑐩𑐵𑐥𑐸𑑅𑑋𑐩𑐩𑐵𑐖𑑂𑐘𑐵𑐣𑐳𑐶𑐣𑑂𑐢𑑀𑑅𑐱𑐶𑐰𑑀𑐡𑐷𑐣𑐰𑐣𑐢𑐸𑑍𑐬𑑂𑐖𑑂𑐖𑐣𑐣𑑂𑐫𑐵𑐴𑐶𑐟𑐵
125cz082,𑐖𑐩𑑂𑐴𑑄𑑑𑐐𑑀𑑄𑐐𑐮𑑍𑐴𑐶𑐟𑐶𑐳𑐳𑑂𑐠𑐵𑐥𑐣𑐵𑐫𑐵𑐒𑐵𑐩𑑂𑐴𑑄𑐱𑑂𑐬𑐷𑑓𑐩𑐵𑐴𑐵𑐡𑐾𑐰𑑍𑐱𑑂𑐬𑐷𑑓𑐣𑐵𑐬𑐵𑐫𑐣𑐡𑐾
0866fdc9,𑐱𑑂𑐬𑐷𑐴𑐾𑐬𑐸𑐎𑐔𑐮𑐞𑐳𑐾𑐰𑐎𑐱𑑂𑐬𑐷𑐰𑐶𑐱𑑂𑐰𑐎𑐬𑑂𑐩𑑂𑐩𑐵𑐀𑐰𑐟𑐵𑐬
a8c960dd,𑑊𑐳𑑂𑐰𑐳𑑂𑐟𑐶𑐱𑑂𑐬𑐶𑐫𑑀𑐳𑑂𑐟𑐸𑑋𑑋𑐥𑐎𑑂𑐲𑐵𑐡𑑂𑐬𑐶
bz367770,𑐣𑐐𑐬𑐾𑑍𑐟𑑄𑐰𑐬𑐵𑐕𑐾𑑍𑐟𑑀𑐬𑐢𑑂𑐰𑐵𑐎𑐵𑐰𑐵𑐴𑐵𑐬𑐡𑐵𑐟𑐾𑐏𑐵𑐬𑐰𑑄𑐟𑐵𑐕𑐾𑐫𑐵𑐰𑐖𑐵𑐔𑐵𑐬𑑂𑐫𑑂𑐫𑐢𑐬𑑂𑐩𑑂𑐩𑐳𑑂𑐠𑑅𑐱𑑂𑐬𑐷𑐱𑐸𑐞
7db3b708,𑑊𑑉𑐱𑑂𑐬𑐷𑑓𑐨𑐷𑐩𑐳𑐾𑐣𑐵𑐫𑐣𑐩𑑅𑑌𑑌𑐡𑑀𑐬𑑂𑐡𑐞𑑂𑐜𑐾𑐣𑐧𑐮𑐾𑐣𑐫𑐾𑐣𑐣𑐶𑐴𑐟𑑀𑐡𑐸𑑅𑐱𑐵𑐣𑑂𑐟𑐡𑐸𑑅𑐱𑐵𑐳𑐣𑑀𑑍𑐫𑐸𑐡𑑂𑐢𑐾𑐨𑐷𑐲𑐞𑐫𑐵𑐖𑐑𑐵𑐣𑐐𑐡𑐫𑐵𑐡𑐸𑐂𑐬𑑂𑐫𑑀𑐢𑐣𑑄𑐫𑑀𑑇𑐢𑐩
4c6b2c4a,𑐧𑐖𑑂𑐬𑐵𑐬𑑂𑐫𑐵𑐥𑑂𑐥𑐴𑐰𑐿𑑌𑑑𑑌𑐢𑐬𑑂𑐩𑐔𑐶𑐟𑑂𑐟𑐿
3df8958a,𑐑𑐾𑐮𑐎𑐳𑑂𑐟𑐶𑐕𑐥𑐵𑐟𑐡𑐸𑐡𑐸𑑍𑐣𑐵𑐐𑐬𑐵𑐖𑐵𑐫𑐵𑐣𑐵𑐩𑐣𑑄𑑍𑐥𑑂𑐬𑑑𑐖𑐵𑐎𑐶𑐥𑑂𑐬𑑑𑐡𑐸𑐡𑐸𑐂𑐟𑐶
39bz10b2,𑐟𑐫𑐵𑐟𑐳𑐵𑐥𑑄𑐔𑐩𑑋𑑋𑐔𑑄𑐡𑐵𑐎𑐩𑐾𑐠𑐶𑐬𑑋𑑋𑑐𑑋𑑋𑐱𑐸𑐨𑑋𑑋
cz66705z,𑐫𑑍𑐫𑐡𑑂𑐡𑐟𑑂𑐟𑑄𑐡𑐾𑐰𑐩𑐣𑑂𑐡𑐶𑐬𑑄𑑋𑐐𑑀𑐥𑐵𑐮𑐬𑐵𑐩𑐔𑐵𑐕𑐵𑐫𑐥𑐸𑐟𑑂𑐬𑐾𑐞𑐳𑑂𑐠𑐵
ca6162c4,𑐴𑐬𑐶𑐫𑐵𑐟𑐩𑐵𑐣𑑂𑐫𑐧𑐶𑐳𑐾𑐧𑐶𑐖𑑂𑐫𑐵𑐎𑑌𑐠𑑀𑐰𑐾𑐮𑐳𑐣𑐬𑐴𑐬𑐶𑐣𑐠𑐰𑐱𑐎𑑂𑐫𑐣𑐔𑐵𑐰𑐠𑐾𑑄𑑍𑐰𑐳𑑂𑐟𑐸𑐖𑐵
83z792cz,𑐣𑑂𑐟𑐵𑐫𑐵𑐒𑐵𑐰𑐡𑐫𑐎𑐵𑑋𑑋𑐳𑑂𑐠𑐵𑐥𑐣𑐵𑐡𑐶𑐣𑑋𑑋𑐳𑐩𑑂𑐧𑐟𑑂
b89a4a0d,𑐰𑑒𑐲𑑀𑐣𑐵𑐠𑐬𑐶𑐰𑐸𑑍𑐬𑑀𑐰𑑔𑐳𑐟𑐸𑐒𑑂𑐐𑐮𑐰𑐸𑐬𑑀𑐰𑑑𑐰𑐬𑐰𑐸𑐐𑐮𑐳𑐶𑑍𑐬𑑀𑐰𑑔𑐳𑑀𑐩𑐲𑑂𑐰𑐵𑐟𑐰𑐸𑑍𑐠𑑂𑐰𑐟𑐾𑐧𑐸𑐫𑐵𑐰𑐬𑑂𑐲
bf2bfc6f,𑐚𑐩𑐴𑐵𑐳𑑂𑐠𑐵𑐣𑐾𑐬𑐟𑑂‍𑐣𑐩𑐞𑑂𑐜𑐮𑐩𑐴𑐵𑐧𑐶𑐴𑐵𑐬𑐾𑑌𑐣
21b88d57,𑐳𑐶𑐎𑑅𑐎𑐣𑑂𑐡𑐬𑑂𑐥𑑂𑐥𑐰𑐟𑑂𑐳𑐸𑐣𑑂𑐡𑐬𑑀𑑍𑐰𑐷𑐞𑐵𑐟𑐵𑐮𑐩𑐺𑐡𑐒𑑂𑐐𑐐𑐷𑐟𑐣𑐶𑐥𑐸𑐞𑑅𑐳𑐒𑑂𑐐𑐷𑐟𑐰𑐶𑐡𑑂𑐫𑐵𑐣𑐶𑐢𑐶𑑅𑑋𑐨𑐵𑐳𑑂𑐰𑐡𑑂𑐩𑐵𑐣𑐸𑐣𑐶𑐨𑑅𑐥𑑂𑐬𑐟𑐵𑐥𑐣𑐶𑐴𑐟𑐥𑑂𑐬𑑀𑐡𑑂𑐫𑐟𑑂𑐥𑑂𑐬𑐟𑐷𑐥𑐡𑑂𑐫𑐸
46b5bz3z,𑐬𑑀𑑍𑐎𑑂𑐰𑐥𑐹𑐕𑐾𑐫𑐵𑐧𑐷𑐮𑐳𑐶𑑄𑐴𑐨𑐵𑐬𑑀𑐄𑐗𑐵𑐣𑐕𑐾𑐫𑐵𑐢𑑄𑐖𑐸𑐨𑐵𑐬𑑀𑐠𑑂𑐰𑐟𑐾𑐳𑑂𑐟𑐳𑐩𑐢𑐵𑐬𑐫𑐵𑐒𑐵𑐌𑐂𑐟𑐸𑑄𑐰𑐵𑐴𑐵𑐬𑐟𑑀𑐮𑐟𑑄𑐰𑐟𑐩𑐸𑐐𑐬𑐫𑐣𑑂𑐟𑐵𑐕𑐾𑐫𑐵𑐨𑐶𑐎𑑂𑐲𑐸
aa0118b1,𑐩𑐨𑐵𑐬𑑂𑐫𑑂𑐫𑐵𑐫𑐵𑑄𑑍𑐥𑑂𑐬𑐠𑐩𑐥𑐸𑐟𑑂𑐬𑑍𑐢𑐣𑐳𑐶𑑄𑐴𑐀𑐳𑑂𑐫𑐥𑐟𑑂𑐣𑐷𑐩𑐣𑑀𑐢𑐬𑐷𑐟𑐳𑑂𑐫𑐵𑐟𑑂𑐩𑐖𑐰𑐖𑐵𑐔𑐵𑐬𑑂𑐫𑑂𑐫𑑍𑐱𑑂𑐬𑐷𑐥
f4adfa57,𑐎𑐳𑑂𑐫𑐥𑐸𑐟𑑂𑐬𑐴𑐬𑑂𑐲𑐣𑐬𑐳𑐶𑑄𑐣𑐷𑐩𑑂𑐴𑐢𑑄𑑍𑐩𑐸𑐣𑐶𑐢𑐣𑐎𑐳𑑂𑐫
892fb8f6,𑐡𑑂𑐢𑐶𑐎𑐵𑐩𑐣𑐵𑐬𑑂𑐠𑑍𑐫𑐠𑐵𑐱𑐵𑐱𑑂𑐟𑑂𑐬𑑀𑐎𑑂𑐟𑐟𑐠𑐵𑐦𑐮𑐥𑑂𑐬𑐵𑐥𑑂𑐟𑐾𑐟𑐶𑑌𑐥𑐸𑐣𑐨𑐵𑐥𑐵
b2b8f800,𑐣𑑂𑐢𑐫𑑀𑐐𑐾𑑍𑐖𑐠𑐵𑐎𑐬𑑂𑐞𑑂𑐞𑐩𑐸𑐴𑐸𑐟𑑂𑐬𑐾𑑍𑐰𑐺𑐴𑐳𑑂𑐥𑐟𑐶𑐰𑐵𑐳𑐬𑐾𑑍𑐎𑐣𑑂𑐫𑐬𑐵𑐱𑐶𑐐𑐟𑐾𑐳𑐰𑐶𑐟
df4a09zf,𑐰𑐶𑐟𑐬𑐶𑐩𑐷𑐣𑐬𑐵𑐱𑐶𑐐𑐟𑐾𑐔𑐣𑑂𑐡𑑂𑐬𑐩𑐳𑐶𑑋𑑋𑑋𑑋𑐳𑐩𑑂𑐧𑐟𑑂𑑙𑑐𑑗𑐖𑑂𑐫𑐾𑐲𑑂𑐛𑐎𑐺𑐲𑑂𑐞
1b5zz75a,𑐩𑑄𑐐𑐮𑐳𑐮𑐸𑐫𑐠𑑂𑐰𑐎𑑀𑐣𑑂𑐴𑐸𑐩𑑂𑐴𑑄𑐒𑐵𑑕𑐳𑐵𑐴𑐫𑐵𑐌𑐂𑐣𑐵𑐫𑐎𑑀𑐳𑑄𑐳𑐵𑐣𑐎𑐾
a8zaac0z,𑑉𑐣𑐩𑑅𑐱𑑂𑐬𑐷𑑓𑐴𑐬𑐵𑐴𑐬𑐮𑑀𑐎𑐾𑐱𑑂𑐰𑐬𑐵𑐫𑑋𑑋𑐮𑑀𑐎𑐾𑐱𑑂𑐰𑐬𑑄𑐱𑐶𑐬𑑄𑐳𑐵𑐣𑑂𑐟𑑄𑑍𑐀𑐩𑑀𑐑𑐐𑐸𑐞
54c5ba64,𑐄𑐟𑑂𑐥𑐟𑑂𑐟𑐶𑐖𑐸𑐳𑑂𑐫𑑄𑐣𑑂𑐴𑐵𑐥𑐵𑐫𑐵𑐐𑐸𑐔𑐿𑐟𑑂𑐫𑐖𑐶𑐣𑐖𑐸𑐫𑐵𑐌𑐒𑐐𑐸𑑌𑐩
a15fa07f,𑐳𑐳𑐾𑐒𑐵𑐌𑐰𑐣𑐳𑐵𑐳𑐸𑐣𑐵𑐞𑑄𑐮𑑂𑐴𑑂𑐰𑐣𑐾𑐡𑐸𑐖𑐸𑐬𑑀𑐨𑐵𑐳𑑂𑐎𑐮𑐡𑐾𑐌𑐳𑐣𑑂𑐎𑐵𑐮𑐶𑐟𑐱𑑂𑐬𑐷𑐎𑐾𑐳𑑀𑐔𑐣𑑂𑐡𑑂𑐬𑐎𑐺𑐟𑐥𑐵𑐬𑐵𑐰𑐬𑑂𑐟𑑂𑐟𑐩𑐴𑐵𑐰𑐶𑐴𑐵𑐬𑐳𑑂𑐛𑐶𑐟𑑍𑐱𑐸
azzaf08c,𑐡𑐶𑐰𑐵𑐣𑐶𑐥𑑀𑐮𑐫𑐵𑐟𑑄𑐐𑐸𑐐𑐸𑐬𑐖𑐧𑑑𑐠𑑂𑐰𑐟𑐾𑐣𑐶𑐟𑑂𑐫𑐥𑐹𑐖𑐵𑐫𑐵𑐟𑐖𑐸𑐬𑑀𑐩𑑀𑐚𑑄𑑑𑐱𑑂𑐬𑐷𑐏𑑄𑐜𑐡𑑄𑐕𑐶𑐫𑐵𑐟𑑄𑑌𑑌𑐡𑐾𑐰𑐮𑐴𑐶𑐎𑐧𑑂𑐬𑐵𑐴𑑂𑐩𑐞𑐫𑐵𑐟𑐡𑑄
1fd735d9,𑐩𑐣𑑄𑑍𑐂𑐟𑐶𑐩𑑄𑐐𑐮𑐳𑑄𑑍𑐮𑐸𑐫𑐟𑐵𑑍𑐥𑑂𑐬𑑑𑐡𑐸𑐡𑐸𑑍𑐥𑑂𑐬𑑑𑐖𑐵𑐎𑐶𑑍𑐠𑑂𑐰𑐟𑐾𑐢𑐸𑐣𑐎𑐵𑐰𑐦𑐮𑐾𑐳𑐡𑐵𑐣
0f6zf6f3,𑐔𑐎𑑂𑐬𑐱𑐎𑑂𑐬𑑅𑑋𑐀𑐩𑐬𑐟𑐬𑐸𑐳𑐩𑐵𑐣𑑀𑐰𑐶𑐱𑑂𑐰𑐰𑐶𑐏𑑂𑐫𑐵𑐟𑐎𑐷𑐬𑑂𑐟𑐶𑑅𑐳𑐎𑐮𑐧𑐸𑐢𑐖𑐣𑐵𑐣𑐵𑐩𑐵𑐱𑑂𑐬𑐫𑑀𑐨𑐹𑐩𑐶𑐥𑐵𑐮𑑅𑑌𑐊𑐟𑐳𑑂𑐩𑐵𑐡𑑂𑐢𑐵𑐬𑐞𑐷
64a9c930,𑐰𑐺𑐡𑑂𑐰𑐶𑐳𑑂𑐟𑐸𑑍𑐖𑐟𑑀𑐳𑐵𑐳𑑂𑐳𑐟𑑂𑐬𑐳𑐥𑑂𑐬𑐵𑐰𑑂𑐟𑐵𑐨𑐰𑐟𑐸𑑍𑐀
72a536az,𑑉𑐣𑐩𑑀𑐬𑐟𑑂‍𑐣𑐟𑑂𑐬𑐫𑐵𑐫𑐳𑐎𑐮𑐣𑐣𑐵𑐠𑐎𑐵𑐰𑐣𑐵𑐴𑐾𑐖𑐶𑐣𑐾𑐣𑑂‍𑐡𑐸𑐡𑐐𑐾𑐰𑐮
6843898d,𑐳𑐩𑑂𑐰𑐟𑑂𑑘𑑒𑑙𑐦𑐵𑐮𑑂𑐐𑐸𑐞𑐱𑐸𑐎𑑂𑐮𑐣𑐰𑐩𑐷𑐬𑑀𑐴𑐶𑐞𑐷𑐣𑐎𑑂𑐲𑐟𑑂𑐬𑐾𑐧𑐢𑐺𑐟𑐶𑐫𑐬𑐰𑐶𑐲𑑂𑐎𑑄𑐨
8dc0162z,𑐎𑐺𑐲𑑂𑐞𑐡𑑂𑐰𑐶𑐟𑐷𑐫𑐵𑐴𑐳𑑂𑐟𑐵𑐣𑐎𑑂𑐲𑐾𑐟𑑂𑐬𑑍𑐱𑐸𑐨𑐫𑑀𑐐𑐰𑐸𑐢𑐰𑐵𑐬𑐎𑐸𑐣𑑂𑐴𑐸𑐱𑑂𑐬𑐷𑐱𑑂𑐬𑐷𑐱𑑂𑐬𑐷𑐂𑐲𑑂𑐚𑐡𑐾𑐰𑐟𑐵𑐥𑑂𑐬𑐷𑐟𑐶
z559fc8c,𑐳𑑄𑐎𑐬𑐾𑐎𑐬𑑂𑐟𑑂𑐟𑐸𑐎𑐵𑑄𑐰𑐶𑐱𑑂𑐰𑐎𑐬𑑂𑐟𑑂𑐬𑐷𑑍𑐩𑐨𑐶𑐨𑐬𑑂𑐠𑐡𑐵𑐟𑑂𑐬𑐷𑑄𑐳𑐡𑐵𑐔𑐶𑐣𑑂𑐟𑐫𑐵𑐩𑑅𑑌𑑓𑑌𑐱𑑂𑐩𑐱𑐵𑐣𑐵𑐣𑐮𑐵𑐨𑑂𑐫𑐣𑑂𑐟𑐬𑐾𑐱𑐵𑐰
5zz89b40,𑑅𑑌𑑑𑑒𑑌𑐰𑐶𑐥𑐟𑑂𑐟𑐵𑐬𑐞𑐵𑐡𑐸𑐐𑑂𑐬𑐟𑐵𑐬𑐵𑐥𑑂𑐬𑐳𑐶𑐡𑑂𑐢𑐵𑑍𑐖𑐚𑐵𑐢𑐵𑐬𑐞𑐵𑐡𑐾𑐰𑐥𑐸𑐬𑑂𑐰𑑂𑐰𑐵𑐖𑐚𑐵𑐳𑐶𑑋𑐳𑐡𑐵𑐮𑐷𑐮𑐫𑐵𑐰𑐵𑐎𑐥𑑂𑐬𑐡𑐵𑐡𑐾𑐰𑐶
c58c40fa,𑐡𑐶𑐣𑐳𑐩𑑂𑐧𑐟𑑘𑑑𑑒𑐖𑑂𑐫𑐾𑐲𑑂𑐛
6d2z5515,𑐫𑐵𑐀𑐦𑐧𑐹𑐮𑑀𑑔𑐢𑐮𑐶𑐏𑐾𑐮𑐎𑑀𑐧𑐸𑐮𑑀𑑗𑐎𑐬𑑂𑐲𑑒𑐀𑐟𑐥𑐵𑐧𑐹𑐮𑑀𑑑
z2b59d7d,𑐱𑐸𑐨𑐳𑐳𑐩𑑂𑐰𑐟𑑑𑑐𑑔𑑒𑑅𑐩𑑂𑐟𑐶𑐨𑐵𑐡𑑂𑐬𑐧𑐩𑐵𑐳𑑂𑐫𑐱𑐸𑐎𑑂𑐬𑐥𑐎𑑂𑐲𑐥𑑂𑐬𑐟𑐷𑐥𑑂𑐬
cd466318,𑐟𑑂𑐬𑐶𑐨𑐸𑐰𑐣𑐳𑐰𑐵𑐳𑐮𑐫𑐸𑐖𑐸𑐮𑐱𑐸𑐨𑑌
9zb804aa,𑐫𑐣𑑂𑐣𑐶𑐩𑐵𑐬𑑂𑐞𑐰𑐶𑐢𑑁𑐩𑐴𑐔𑑂𑐕𑐩𑐨𑐺𑐟𑐵𑐢𑐶𑐎𑑂𑐫𑑀𑐢𑐩𑐵𑐬𑑄𑐨𑐎𑐺𑐡𑑂𑐰𑐷𑐬𑐳𑑂𑐫𑐵𑐣𑐸𑐔𑐬𑑀𑐣𑐬𑐾𑐣𑑂𑐡𑑂𑐬𑐣𑐺𑐥𑐟𑐾𑑅𑐳𑑄
172b6585,𑐢𑐵𑐣𑑂𑐫𑑍𑐁𑐬𑑂𑐫𑑂𑐫𑐵𑐰𑐬𑑂𑐟𑑂𑐟𑐡𑐾𑐱𑐾𑑍𑐱𑑂𑐬𑐷𑑒𑐩𑐢𑑂𑐫𑐾𑐥𑐸𑐬𑐷𑐠𑐵𑐣𑐾𑑍𑐱𑑂𑐬𑐷𑑓𑐧𑐵𑐮𑐎𑑀𑐩𑐵𑐮𑐷𑑍𑐣𑑄𑐮𑐲𑐎
d7a830b7,𑐩𑐳𑐾𑐣𑐳𑑂𑐠𑐵𑐥𑐣𑐵𑐫𑐵𑐣𑐵𑐡𑐾𑐐𑑀𑐮𑐡𑐫𑐎𑑄𑐣𑐶
2z50c15b,𑐫𑐵𑐒𑐵𑐣
z8fcz4ca,𑐣𑑂𑐴𑐸𑐔𑐵𑐎𑑂𑐬𑐩𑐟𑐕𑑀𑐫𑐎𑐾𑐔𑐾𑐎𑑄𑑒𑐡𑐸𑐠𑐾𑐥𑑄𑐔𑑀𑐥𑐔𑐵𑐬𑐥𑐸𑐖𑑌𑐳𑑄𑐎𑑂𑐬𑐵𑐣𑑂𑐟𑐶𑐥𑐟𑐶𑐎𑑄𑐩𑐧𑐾
b3a5848f,𑐬𑑂𑐞𑑂𑐞𑑍𑐧𑐺𑐴𑐾𑐳𑑂𑐥𑐟𑐶𑐧𑐵𑐳𑐬𑐾𑑍𑐳𑐶𑑄𑐢𑐬𑐵𑐱𑐶𑐐𑐟𑐾𑑍𑐳𑐧𑐶𑐟𑐬𑐶𑐩𑐶𑐠𑐸𑐣𑐬𑐵𑐱𑐶𑐐𑐟𑐾𑐔𑑄𑐣𑑂𑐡𑑂𑐬𑐩𑐱𑐶𑑋𑑋
636a0b96,𑑌𑐫𑐳𑑂𑐫𑐵𑑅𑐳𑐸𑐣𑐸𑐬𑐨𑐹𑐣𑑂𑐩𑐸𑐬𑐵𑐬𑐶𑐔𑐬𑐞𑐢𑑂𑐫𑐵𑐣𑐵𑐩𑑂𑐧𑐸𑐢𑑁𑐟𑐵𑐱𑐫𑑅𑐳𑑄𑐐𑐷𑐟𑐵𑐩𑑂𑐧𑑄𑐢𑐶𑐥𑐵𑐐𑐩𑑀𑐬𑐶𑐥𑐸𑐟𑐩𑑀𑐰𑐶𑐑𑑂𑐣𑑄𑐳𑐨𑐵𑐳𑑂𑐰𑐟𑑂𑐳𑐩
628cz289,𑐳𑐶𑑄𑑅𑐟𑐳𑑂𑐫𑐨𑐵𑐬𑑂𑐖𑑂𑐫𑐵𑐎𑐺𑐲𑑂𑐞𑐩𑐵𑐫𑐵𑑅𑐟𑐳𑑂𑐫𑑅𑐖𑐾𑐳𑑂𑐟𑐥𑐸𑐟𑑂𑐬𑑅𑐩𑐣𑐶
z605cff6,𑐖𑐸𑐮𑑌𑐱𑐸𑐨𑑄𑑌
2f7b4470,𑐣𑐖𑑀𑐖𑐩𑐵𑐣𑐳𑐐𑐣𑐵𑐣𑐵𑑄𑑍𑐁𑐫𑐸𑐁𑐬𑑀𑐐𑐾𑑍𑐖𑐣𑐢𑐣𑐳𑑄𑐟𑐵𑐣𑐮𑐎𑑂𑐲𑑂𑐩𑐷𑐰𑐺
6594546z,𑐣𑐹𑐐𑐵𑐩𑐺𑐟𑑂𑐫𑐡𑐮𑐶𑐎𑐰𑐖𑐰𑐎𑑂𑐲𑐟𑑂𑐬𑐡𑐸𑐂𑐩𑐡𑐩𑐳𑑂𑐟𑐣𑐾𑐥𑐵𑐮𑐖𑐩𑐟𑐶𑐟𑐵𑐟𑐶𑐩𑐸𑐂𑐐𑐣𑐳𑐥𑐕𑐾
3f700z20,𑐡𑐶𑑍𑐳𑐎𑐬𑐰𑐶𑐡𑑂𑐫𑐵𑐬𑐐𑑅𑐬𑐵𑐖𑐬𑐵𑐖𑐾𑐣𑑂𑐡𑑂𑐬𑐎𑐰𑐷𑑄𑐣𑑂𑐡𑑂𑐬𑐰𑐶𑐡𑐐𑑂𑐰𑐔𑐸𑐟𑑂𑐬𑐵𑐩𑐞𑐶𑑍𑐩𑐴𑐵𑐬𑐵𑐖𑐵𑐢𑐶𑐬𑐵𑐖
d841z47f,𑐢𑑄𑐟𑐳𑑂𑐫𑐨𑐵𑐔𑑂𑐫𑐵𑐳𑐟𑐖𑐷𑐰𑐮𑐵𑐣𑐶𑐠𑐎𑐹𑑄𑐥𑐹𑐟𑑂𑐬𑐡𑐾𑐧𑐷
c0z100d3,𑐧𑐬𑑂𑐲𑐧𑑄𑐢𑐵𑐡𑐶𑐎𑐬𑑂𑐩𑑂𑐩𑐞𑐶𑐱𑑂𑐬𑐷𑐣𑐵𑐬𑐵𑐫𑐞𑐡𑐵𑐳𑐾𑐣𑐳𑑀𑐬𑐴𑐡𑑂𑐬𑑀𑐥𑑄𑐣𑐶𑐎𑑄𑐎𑑂𑐲𑐾𑐟𑑂𑐬𑐳𑑄𑐥𑐡𑐟𑑂𑐟𑑄
34cd4d21,𑐫𑐠𑐵𑐎𑐬𑑂𑐞𑐩𑐸𑐴𑐸𑐟𑑂𑐬𑐾𑐱𑐸𑐎𑑂𑐬𑐧𑐵𑐮𑐳𑐮𑐾𑑌𑐧𑐶𑐕𑐸𑐮𑐵𑐳𑐶𑐐𑐟𑐾𑐳𑐧𑐶
8c004881,𑐖𑐸𑐫𑐵𑐌𑐀𑐧𑐸𑐖𑐸𑐩𑐵𑐩𑐣𑐶𑐩𑑂𑐴𑐳𑐫𑐵𑐣𑐵𑐩𑐣𑐱𑑂𑐬𑐷𑑓𑐧𑐖𑑂𑐬
7bc1z1zz,𑐩𑐟𑐶𑐠𑑂𑐰𑐣𑐶𑐩𑑂𑐴𑐳𑐫𑐵𑐣𑐵𑐩𑐣𑐳𑐖𑐷𑐧𑐥𑐸𑐟𑑂𑐬𑐀𑐩𑐺𑐟𑐢𑐬𑑍
c2ab5807,𑐟𑑂𑐬𑐔𑐟𑐸𑐬𑐬𑑀𑐥𑐞𑐶𑐬𑑀𑐰𑐥𑐶𑑔𑐠𑑂𑐰𑐟𑐾𑐧𑐸𑐴𑐣𑐾𑐫𑐵𑐟𑐳𑐔𑐵𑐫𑐵𑐌𑐟𑐒𑐡𑐸𑐣𑑂𑐟𑐵𑐖𑐸𑐬𑑀𑑋𑐨𑐹𑐫
dcf73b29,𑑉𑐣𑐩𑑅𑐱𑑂𑐬𑐷𑐧𑐖𑑂𑐬𑐳𑐟𑑂𑐰𑐵𑐫𑑌𑑌𑐱𑑂𑐬𑐷𑐎𑐵𑐣𑑂𑐟𑐶𑐥𑐸𑐬𑐶𑐩𑐴𑐵𑐣𑐐𑐬𑐵𑐢𑐶𑐥𑐟𑐶𑑍𑐩𑐴𑐵
81c9d179,𑑊𑐩𑐏𑐣𑐟𑑀𑐬𑐫𑐵𑑍𑐱𑐶𑐰𑐮𑐎𑐨𑐵𑐬𑑀𑐣𑐳𑐾𑐐𑐸
34db3z35,𑐎𑑂𑐲𑑂𑐩𑐷𑐡𑐾𑐰𑐷𑐣𑐡𑐫𑐎𑐵𑐡𑐶𑐣𑐱𑐸𑐨𑑌
d47b85a0,𑐮𑐔𑐿𑐟𑑂𑐫𑐡𑐫𑐎𑐵𑐌𑐟𑐮𑐐𑐸𑐠𑐸𑐐𑐸𑐔𑐿𑐟𑑂𑐫𑐐𑑂𑐰𑐮𑑑𑐟𑐵𑐎𑐵𑐮𑑄𑐖𑐶𑐬𑑂𑐞𑐖𑐸𑐫𑐵𑐌𑐔𑑀𑐣𑐐𑐸𑐠𑑂𑐰𑐔𑐿𑐟𑑂𑐫𑐖𑐶𑐬𑑂𑐞𑐄𑐡𑑂𑐢𑐵𑐬𑐫𑐵𑐣𑐵𑐠𑐸𑐐𑐸𑐥𑐸𑑄𑐞𑑂𑐫𑐫𑐵𑐥𑑂𑐬𑐨𑐵𑐰𑐣𑑄𑐖𑐐𑐟𑐳𑑄𑐳𑐵𑐬𑐳𑐟𑑂𑐰𑐥𑑂𑐬𑐵𑐞𑐶𑐄𑐡𑑂𑐢𑐵𑐬𑐖𑐸𑐫𑐾𑐩𑐵𑐮𑐡𑐵𑐣𑐥𑐟𑐶𑐖𑑀𑐐
3z4a17c8,𑐎𑑂𑐲𑐐𑐟𑐶𑐥𑑂𑐬𑐵𑐦𑐖𑐸𑐥𑐵𑐫𑐐𑐸𑐨𑐳𑐬𑑂𑐰𑐖𑐐𑐟𑐷𑐐𑐸𑐨𑑄
bb71f233,𑑊𑑉𑐣𑐩𑑅𑐱𑑂𑐬𑐷𑐧𑐖𑑂𑐬𑐢𑐵𑐟𑐰𑐾𑑌𑑌𑐣𑐩𑐳𑑂𑐟𑐸𑐔𑐿𑐟𑑂𑐫𑐵𑐫𑐳𑐐𑐟𑐵𑐮𑐫𑐵𑐫𑐰𑐶𑐱𑐸𑐡𑑂𑐢𑐬𑐸𑐥𑐵𑐫𑐡𑐸𑐬𑐶𑐟𑐵𑐥𑑂𑐬𑐴𑐵𑐫𑑌𑐔𑐶𑐟𑐿𑐧𑐬𑐸𑐥𑐵𑐫𑐎𑐸𑐱𑑂𑐰𑑀𑐟𑑂‌𑐨𑐰𑐵𑐫𑐟𑑄𑐔𑐿𑐟𑑂𑐫𑐬𑐸𑐥𑐵𑐫𑐥𑑂𑐬𑐣𑐩𑐵𑐩𑐶𑐨𑐸𑐫𑑌𑑌𑐀𑐡𑑂𑐫
7zfdzf84,𑐮𑐳𑐖𑐮𑐢𑐸𑐣𑐶𑐳𑑂𑐠𑐵𑐥𑐣𑐵
6539z011,𑐫𑐐𑑂𑐧𑐵𑐳𑐥𑐸𑐬𑐌𑑒𑐡𑐵𑐬𑐲𑐵𑐧𑐸𑐨𑐹𑐫𑐩𑐵𑐬𑑂𑐐𑐡𑑀𑐬𑐧𑐸𑐬𑐌𑑑𑑌𑐨𑐸𑐫𑐩𑐵𑐐𑐡𑐵𑐬𑐧𑐸𑐟
z213d587,𑐐𑐣𑐬𑐾𑐣𑑂𑐡𑑂𑐬𑐩𑐮𑑂𑐮𑐥𑑂𑐬𑐨𑐸𑐠𑐵𑐎𑐸𑐬𑐣𑑍𑐣𑑂𑐴𑐥𑐵𑐫𑐵𑐩𑐞𑐶𑐩𑐞𑑂𑐜𑐥𑐖𑐷𑐬𑑂𑐞𑐖𑐸𑐫𑐵𑐰𑐣𑑂𑐴𑐸𑐬𑐡𑐫𑐎𑑄𑐧𑐶𑐖𑑂𑐫𑐵𑐒𑐵𑐰
01a2c629,𑐡𑐾𑐰𑐥𑑂𑐬𑐨𑐸𑐛𑐵𑐎𑐸𑐮𑐳𑐣𑐳𑑂𑐰𑐣𑐐𑐬𑑄𑐕𑐐𑐸𑐮𑐣𑐸𑐫𑐵𑐰𑐣𑐾𑐥𑐵𑐮𑐾𑐱𑑂𑐰𑐬𑐖𑐸𑐫𑐵𑐰𑐰𑐶𑐖𑐫𑐬𑐵𑐖𑑂𑐫𑐫𑐵𑐒𑐰𑐶𑐖𑑂𑐫𑐵𑐎𑑍𑐠𑐠𑐶𑑄𑐀𑐰𑐳𑐬𑐳𑐱𑑂𑐬𑐷𑑓𑐨𑐷𑐩𑐳𑐾
406cdf87,𑐴𑐩𑐴𑐵𑐰𑐶𑐴𑐵𑐬𑐾𑐲𑑂𑐛𑐶𑐟𑐩𑐥𑐶𑐎𑐸𑐮𑐩𑐵𑐣
78b8z4f2,𑐕𑐫𑑂‌𑐩𑐵𑐢𑐰𑐬𑐵𑐩𑐢𑑄𑐖𑐸𑐬𑐵𑐩𑐖𑐫𑐬𑐵𑐩𑐠𑐸𑐟𑐶𑐳𑐩𑐸𑐔𑐫𑐣𑐠𑑂𑐰𑐎𑑂𑐰
2z34553a,𑐬𑐫𑑄𑐣𑐵𑐬𑐵𑐫𑐞𑐥𑑂𑐬𑐷𑐟𑐫𑐾𑐣𑐾𑐎𑐳𑑂𑐰𑐬𑑂𑐞𑐑𑐚𑐬𑑂𑐰𑑂𑐰𑐶𑐨𑐹𑐲𑐶𑐟𑐱𑐶𑐏𑑀𑐴𑐺𑐡𑑂𑐫𑑀𑐫𑐫𑐵𑐎𑐵𑐬𑐶𑐟𑑅𑑌𑐫𑐳𑑂𑐫𑐵𑐱𑑂𑐔𑐵
azf49b70,𑐞𑐬𑐣𑐸𑐥𑐩𑑀𑐬𑐹𑐥𑐬𑐟𑐷𑐰𑐮𑑂𑐮𑐨𑑀𑐢𑐾𑐫𑑂‌𑐫𑐬𑑂𑐡𑐵𑐱𑐬𑐠𑐶𑐲𑑂𑐥𑑂𑐬𑐟𑐵𑐥𑐟𑐟𑐶𑐩𑐶𑐱𑑂𑐔𑐞𑑂𑐜𑑅𑐥𑑂𑐬𑐔𑐞𑑂𑐜𑐵𑑐𑐱𑐸𑐎𑑅𑑋𑐐𑐵
a9c99a21,𑐠𑐎𑐸𑐠𑑂𑐰𑐟𑐾𑐳𑐾𑐣𑐂𑐣𑐵𑐫𑐎𑑀𑐥𑐸𑐬𑐵𑐨𑐵𑐬𑐶𑑄𑐥𑐱𑑂𑐔𑐶𑐩
fc0d442c,𑐧𑑂𑐬𑐩𑑂𑐴𑐴𑐟𑑂𑐫𑐵𑐳𑑂𑐟𑑂𑐬𑐷𑐴𑐟𑑂𑐫𑐵𑐧𑐵𑐮𑐴𑐟𑑂𑐫𑐵𑐐𑐸𑐬𑐸𑐴𑐟𑑂𑐫𑐵𑐠𑑂𑐰𑐟𑐾𑐥𑑄𑐔𑐩𑐴𑐵𑐥𑐵𑐟𑐎𑐬𑐵𑐎𑐖𑐸
f56f0cac,𑐚𑐩𑐴𑐵𑐳𑑂𑐠𑐵𑐣𑐾𑐬𑐟𑑂‍𑐣𑐩𑐞𑑂𑐜𑐮𑐩𑐴𑐵𑐧𑐶𑐴𑐵𑐬𑐾𑑌𑐣
8372853z,𑐕𑐫𑑂‌𑐩𑐵𑐢𑐰𑐬𑐵𑐩𑐢𑑄𑐖𑐸𑐬𑐵𑐩𑐖𑐫𑐬𑐵𑐩𑐠𑐸𑐟𑐶𑐳𑐩𑐸𑐔𑐫𑐣𑐠𑑂𑐰𑐎𑑂𑐰
3177fb5c,𑐎𑐳𑐎𑐾𑐳𑐸𑐰𑐬𑑂𑐞𑐩𑐸𑐏𑐡𑐫𑐎𑑄𑐥𑑂𑐬𑐟𑐶𑐳𑑂𑐠𑐵𑐫𑐵𑐒𑐵𑐡𑐶𑐣𑐖𑐸𑐬𑑀𑑌𑐡𑐵𑐣𑐥𑐕𑐶𑐱𑑂𑐬𑐷𑐡𑐾𑐰𑐬𑐵𑐖𑐥𑑂𑐬𑐩𑐸𑐏𑐣𑐱𑑂𑐬𑐷𑐥𑐸𑐬𑐸
75157323,𑐟𑐵𑐥𑐩𑐮𑑂𑐮𑐱𑑂𑐰𑐾𑐟𑐣𑑂𑐴𑐸𑐩𑐴𑐵𑐬𑐵𑐣𑐶𑐱𑑂𑐬𑐷𑐱𑑂𑐬𑐷𑐱𑐵𑐥𑐸𑐬𑑂𑐰𑑂𑐰𑐟𑐳𑐡𑐾𑐰𑐮𑐡𑐵𑐒𑐵𑐰𑐱𑑂𑐬𑐷𑐱𑑂𑐬𑐷𑐱𑑂𑐬𑐷𑐣𑐷𑐮𑐳𑐬
8839f51c,𑐧𑐨𑐹𑐟𑐳𑑂𑐰𑐖𑐣𑐳𑐴𑐶𑐟𑐵𑐣𑑂𑐳𑐬𑑂𑐰𑐳𑐟𑑂𑐰𑐵
z12da8a4,𑐫𑐩𑑂𑐩𑐵𑑍𑐡𑐟𑑀𑐮𑐷𑐮𑐥𑐸𑐬𑑂𑐰𑑂𑐰𑐵𑐳𑐬𑐳𑑂𑐰𑐟𑑂𑐫𑐳𑐶𑐟𑑂𑐰𑑄𑑌𑑑𑑓𑑌𑐂𑐟𑑂𑐠𑑄𑐳𑐡𑐵𑐳𑐵𑐢𑐎𑐵𑐳𑑂𑐰𑐵𑑄𑐩𑑂𑐟𑐸𑐰𑑂𑐬𑐣𑑂𑐟𑐶𑑍𑐟𑑂𑐰𑐩𑐎𑐵𑐖𑐐𑐟𑑂𑐬𑐵𑐞𑐎𑐬𑑂𑐟𑑂𑐟𑐷
ac3b42ff,𑐀𑐡𑑂𑐫𑐵𑐱𑑂𑐬𑐷𑐩𑐱𑑂𑐬𑐷𑐱𑐵𑐎𑑂𑐫𑐳𑐶𑑄𑐴𑐾𑐟𑑂𑐫𑐵𑐡𑐶𑑋𑑋𑐳𑑂𑐰𑐳𑑂𑐟𑐶𑐱𑑂𑐬𑐷𑐱𑑂𑐬𑐷𑐩𑐴𑐵𑐬𑐵𑐖𑐢𑐶
8d763zad,𑐟𑑍𑐠𑑂𑐰𑐣𑐾𑐩𑑂𑐴𑑄𑐳𑑂𑐟𑐵𑐏𑐸𑐫𑐶𑐔𑐮𑐵𑐧𑐸𑐬𑑀𑑑𑐠𑐟𑐾𑐧𑐸𑐡𑐸𑐟𑐵𑐖𑐸𑐬𑑀𑑋𑑋𑐠𑑂𑐰𑐧𑐸𑐫𑐵𑐰𑐮𑐳𑐵𑐣𑑄𑐴𑐵𑐣𑐾𑐰𑐶𑐱𑑂𑐰𑐖𑐵
611b93a9,𑐳𑑄𑐰𑐟𑑂𑑘𑑒𑑑𑐔𑐟𑑂𑐬𑐩𑐵𑐳𑐱𑐸𑐎𑑂𑐮𑐥𑐎𑑂𑐲𑐲𑐲𑑂𑐛𑐷𑐧𑐺𑐴𑐳𑑂𑐥𑐟𑐶𑐧𑐵𑐬𑑍𑐠𑑂𑐰𑐎𑐸𑐣𑑂𑐴𑐸𑐳𑑄𑐐𑐷𑐟𑐵𑐬𑑂𑐞𑑂𑐞𑐰𑐥𑐵𑐬𑐐
22d951bc,𑐨𑐫𑑀𑑅𑐳𑑂𑐠𑐵𑐥𑐫𑐵𑑌𑑓𑑌
98c0ab7b,𑐡𑐶𑐣𑐖𑐸𑐬𑑀𑑍𑐬𑐟𑑂𑐣𑐾𑐱𑑂𑐧𑐬𑑍𑐨𑐧𑐣𑐾
0fza8f2a,𑐄𑐟𑑂𑐫𑐖𑐸𑐫𑐵𑐌𑐳𑐶𑐬𑐵𑐢𑐬𑐐𑐸𑐠𑐶𑐳𑐡𑐸𑐣𑑂𑐟𑐵𑑍𑐢𑐵𑐬𑐏𑐵𑐧𑐸𑐬𑑀𑑑𑐔𑐸𑐬𑑓𑐎𑐶𑐡𑑀𑐬𑐶𑐌𑐧𑐸𑐬𑑀𑑒𑐴𑐵𑐎𑐸𑐟𑑂𑐰𑐵𑐦𑐟𑐌𑐬
6a5db7b9,𑐨𑐵𑐬𑑂𑐫𑑂𑐫𑐵𑐧𑐾𑐏𑐵𑐮𑐎𑑂𑐲𑑂𑐩𑐷𑐟𑐺𑐟𑐷𑐫𑐥𑐸𑐟𑑂𑐬𑐖𑑀𑐐𑐢𑐬𑑍𑐎𑐵𑐣𑑂𑐟𑐐𑐖𑑍𑐮
4b01bba4,𑑊𑐳𑑂𑐰𑑄𑐟𑑘𑑕𑑑𑐎𑐵𑐬𑑂𑐟𑐶𑐎𑐱𑐸𑐡𑐶𑑑𑑕
fzb21cc2,𑑊𑑉𑐣𑐩𑑅𑐱𑑂𑐬𑐷𑐨𑐰𑐵𑐣𑑂𑐫𑑌𑐨𑐎𑑂𑐟𑐳𑑂𑐰𑐲𑑂𑐥𑐡𑐡𑐵𑐫𑐶𑐣𑐷𑐨𑐰𑐣𑐰𑐎𑐷𑐜𑐵𑐎𑐮𑐵
17a95891,𑐨𑐹𑐩𑐶𑐥𑐟𑐶𑑅𑐳𑐸𑐟𑑀𑐐𑐸𑐞𑐣𑐶𑐢𑐶𑐬𑑂𑐫𑑂𑐫𑐱𑑂𑐰𑐾𑐣𑑂𑐡𑑂𑐬𑐩𑐮𑑂𑐮𑐵𑐩𑐶𑐢𑑅𑐱𑐸𑐡𑑂𑐢𑐵𑐔𑐵𑐬𑐰𑐟𑐷𑐐𑐸𑐞𑐣𑐶𑐮𑐫𑐵𑐟𑐸𑐮𑑂𑐫𑐵𑐴𑐬𑐾𑑅𑐎𑐵𑐣𑑂𑐟𑐫𑐵𑑅𑑌𑐟
8a61cd96,𑐩𑐾𑐟𑐵𑐨𑐵𑐖𑐸𑐣𑐵𑐩𑑀𑐰𑐶𑐩𑐵𑐟𑐺𑐎𑐵𑑋𑑋𑐢
b3217z5f,𑐖𑐶𑐩𑐕𑐩𑑂𑐴𑐣𑐵𑐫𑐎𑐖𑐸𑐥𑐶𑑄𑐧𑐶𑐖𑑂𑐫𑐵𑐟𑐎𑐾𑐩𑐵𑐬𑐖𑐸𑐬𑑀
53410248,𑐜𑐵𑐌𑐌𑐫𑐵𑐟𑐔𑐿𑐟𑐱𑐸𑐎𑑂𑐬𑐫𑐵𑐐𑑂𑐰𑑑𑐠𑐫𑐩𑐵𑐬𑐧𑐡𑐾𑐖𑐸𑐥𑐣𑐶𑐳𑑂𑐟
783945zd,𑐀𑐩𑐱𑑁𑑌𑐀𑐡𑑂𑐫𑐦𑐵𑐮𑑂𑐐𑐸𑐞𑐩𑐵𑐳𑐾𑐱𑐸𑐎𑑂𑐮𑐥𑐎𑑂𑐲𑐾𑐀𑐲𑑂𑐚𑐩𑑂𑐫𑐵𑐣𑑂𑐟𑐶𑐠𑑁𑐩𑐺
5035ddc5,𑐲𑐸𑑋𑑋𑐟𑐶𑐲𑑂𑐫𑐎𑐸𑐖𑐔𑐵𑐬𑑂𑐫𑑂𑐫𑐩𑐾𑐳𑐖𑑂𑐘𑐆𑐎𑑂𑐲𑐾𑐐
01191346,𑐣𑐾𑐐𑐸𑐬𑐶𑐡𑐫𑐎𑐵𑐥𑐘𑑂𑐔𑐣𑑄𑐳𑐾𑐮𑑂𑐴𑑀𑐰𑐶𑐔𑐵𑐬𑐫𑐵𑐎𑐾𑐩𑐵𑐮𑑋𑐏𑑄𑐴𑑂𑐩𑐵
232813c9,𑐐𑑂𑐰𑐣𑐶𑐡𑐵𑐣𑐫𑐵𑐟𑐳𑐵𑐳𑑂𑐫𑐴𑐵𑐫𑐸𑐣𑐵𑐥𑐵𑐎𑐟𑐟𑐢𑐖𑐖𑐸𑐫𑐵𑐴𑐵𑐫𑐳𑐬𑐵𑐎𑐴𑐵𑐮𑑀𑑌𑐱𑐸𑐨
cczd2ca4,𑑌𑑗𑑌𑐎𑐚𑑁𑑅𑑋𑐥𑐶𑐔𑐬𑑂𑐩𑑂𑐩𑐩𑑂𑐫𑐬𑑀𑐖𑑂𑐘𑐵𑐳𑐩𑐵𑐣𑐵𑑄𑑍𑐳𑐡𑐵𑐰𑐶𑐩𑑂𑐰𑐎𑐵𑐣𑑂𑐟𑐶𑑄𑐬𑐸𑐔𑐵𑐣𑐶𑐣𑑂𑐡𑐫𑐣𑑂𑐟𑐷𑑄𑑋𑐥𑑂𑐬𑐔𑐞𑑂𑐜𑐵𑐡𑑂𑐡𑐴𑐵𑐳𑐾𑐣𑐰𑐶𑐨𑑂𑐬𑐵𑐳
zc96837f,𑐣𑐖𑑀𑐖𑐩𑐵𑐣𑐳𑐐𑐣𑐵𑐣𑐵𑑄𑑍𑐁𑐫𑐸𑐁𑐬𑑀𑐐𑐾𑑍𑐖𑐣𑐢𑐣𑐳𑑄𑐟𑐵𑐣𑐮𑐎𑑂𑐲𑑂𑐩𑐷𑐰𑐺
5bd60f55,𑐎𑐨𑐵𑐬𑑀𑑍𑐀𑐳𑐐𑐸𑐨𑐵𑐬𑑀𑑍𑐰𑐵𑐨𑐵𑐬𑑀𑑍𑐧𑐳𑐸𑐬𑐵𑐖𑐨𑐵𑐬𑑀𑑍𑐎𑐣𑐎𑐨𑐵𑐬𑑀𑐦𑑂𑐫𑐵
04c5027z,𑐟𑑂𑐬𑐵𑐬𑑀𑐴𑐣𑐫𑐵𑐫𑑌𑑌𑐠𑑂𑐰𑐟𑐾𑐄𑐥𑐔𑐵𑐬𑐡𑐫𑐎𑑄𑐔𑐟𑑂𑐬𑐱𑐸𑐎𑑂𑐮𑐟𑑂𑐬𑐫𑑀𑐡𑐱𑐷𑐡𑐩𑐣𑐵𑐬𑑀𑐴𑐣𑐫𑐵𑐫𑑌𑑌𑐖𑑂𑐫𑐾𑐲𑑂𑐛𑐱𑐸𑐎𑑂𑐮
37fc400d,𑐮𑐔𑐿𑐟𑑂𑐫𑐡𑐫𑐎𑐵𑐌𑐟𑐮𑐐𑐸𑐠𑐸𑐐𑐸𑐔𑐿𑐟𑑂𑐫𑐐𑑂𑐰𑐮𑑑𑐟𑐵𑐎𑐵𑐮𑑄𑐖𑐶𑐬𑑂𑐞𑐖𑐸𑐫𑐵𑐌𑐔𑑀𑐣𑐐𑐸𑐠𑑂𑐰𑐔𑐿𑐟𑑂𑐫𑐖𑐶𑐬𑑂𑐞𑐄𑐡𑑂𑐢𑐵𑐬𑐫𑐵𑐣𑐵𑐠𑐸𑐐𑐸𑐥𑐸𑑄𑐞𑑂𑐫𑐫𑐵𑐥𑑂𑐬𑐨𑐵𑐰𑐣𑑄𑐖𑐐𑐟𑐳𑑄𑐳𑐵𑐬𑐳𑐟𑑂𑐰𑐥𑑂𑐬𑐵𑐞𑐶𑐄𑐡𑑂𑐢𑐵𑐬𑐖𑐸𑐫𑐾𑐩𑐵𑐮𑐡𑐵𑐣𑐥𑐟𑐶𑐖𑑀𑐐
cba3297f,𑐨𑐸𑐩𑐶𑐨𑐵𑐐𑑂𑐫𑐵𑐄𑐥𑐕𑐣𑑂𑐡𑐥𑐶𑐛𑐾𑐱𑑂𑐬𑐷𑐴𑐾𑐬𑐸𑐎𑐧𑐶𑐬𑐸𑐥𑐵𑐎𑑂𑐲𑐏𑐐𑐵𑐣𑐣𑐵𑐢𑐶𑐧𑐵𑐳𑐶𑐟𑐾𑐀𑐣𑐾𑐎𑐡𑐾
4d1c37bb,𑐫𑐶𑐣𑐾𑐬𑐟𑑂𑐟𑐸𑐟𑑂𑐫𑐵𑐰𑐶𑐱𑑂𑐰𑐳𑐺𑐖𑐵𑑄𑐳𑑂𑐰𑐫𑑄𑐰𑐟𑐬𑐟𑐾𑐎𑐺𑐲𑑂𑐞𑐵𑐫𑐨𑐹𑐫𑑀𑐣𑐩𑑅𑑌𑐫𑑀𑐫𑑀𑐮𑐷𑐮𑐫𑑀𑐡𑐢𑐸𑐟𑑂𑐫𑐐𑐶𑐬𑐶𑑄𑐩𑐴𑐵𑐣𑑂𑐟𑑄𑐐𑑀𑐐𑑀𑐥𑐶
5a63c4d7,𑐣𑑀𑐳𑑀𑐢𑐣𑐫𑐵𑐫𑐩𑐵𑐬𑑋𑑋𑐱𑑂𑐬𑐷𑐐𑑀𑐬𑑀𑐎𑐣𑐵𑐠
856524fb,𑐣𑐶𑐱𑑂𑐔𑐬𑐰𑐵𑐳𑐬𑐾𑑍𑐎𑐸𑐩𑑂𑐨𑐬𑐵𑐱𑐶𑐐𑐟𑐾𑐳𑐰𑐷𑐟𑐬𑐷𑐎𑐬𑑂𑐎𑑂𑐎𑐚𑐬𑐵
213fc072,𑐣𑐾𑑑𑑐𑑓𑑑𑐎𑐵𑐬𑑂𑐟𑑂𑐟𑐶𑐎𑐩𑐵𑐳𑐾𑐱𑐸𑐎𑑂𑐮𑐥𑐎𑑂𑐲𑐾
70604c5a,𑐴𑐵𑐄𑐖𑑀𑐐𑐶𑑌𑐠𑑂𑐰𑐟𑐾𑐖𑐶𑐩𑐔𑑂𑐫𑐵𑐩𑑂𑐴𑐨𑑀𑐩𑐸𑐒𑐵𑐰𑐖𑐶𑐬𑑂𑐞𑑂𑐞𑑀𑐡𑑂𑐢𑐵𑐬𑐫𑐵𑐒𑐣𑐁𑐰𑐣𑐔𑐶𑐒𑐵
735801cf,𑐳𑐶𑑄𑑅𑐟𑐳𑑂𑐫𑐨𑐵𑐬𑑂𑐖𑑂𑐫𑐵𑐎𑐺𑐲𑑂𑐞𑐩𑐵𑐫𑐵𑑅𑐟𑐳𑑂𑐫𑑅𑐖𑐾𑐳𑑂𑐟𑐥𑐸𑐟𑑂𑐬𑑅𑐩𑐣𑐶
34a0d3c1,𑐱𑑂𑐬𑐷𑑓𑐰𑐵𑐐𑑂𑐩𑐟𑑂𑐫𑐣𑐩𑑅𑑌
d17137cf,𑐐𑐶𑐫𑐵𑐟𑐣𑐶𑐟𑑂𑐫𑐥𑑂𑐬𑑒𑐖𑐵𑐎𑐶𑐧𑐶𑐫𑐩𑐵𑐮𑑍𑐣𑐶𑐟𑑂𑐫𑐧𑐥𑐸𑐫𑐩𑐵𑐮𑑍𑐖𑐷𑐐𑑂𑐬𑐶𑐳𑑄𑐣𑑂𑐫𑐵𑐳𑐶𑐣𑐠𑑀𑐩𑑄𑐞𑑂𑐜𑐥𑐳𑐖𑐵
ffa07b9a,𑐱𑑂𑐬𑐷𑐩𑐩𑐴𑐵𑐬𑐵𑐖𑐵𑐢𑐷𑐬𑐵𑐖𑐱𑑂𑐬𑐷𑐱𑑂𑐬𑐷𑐱𑑂𑐬𑐷𑐥𑐺𑐠𑑂𑐧𑐷𑐧𑐷𑐬𑐧𑐶𑐎𑑂𑐬
9bff4zf7,𑐥𑐱𑐸𑐥𑐟𑐶𑐔𑐬𑐞𑐎𑐩𑐬𑐥𑐬𑐶
07a67613,𑑊𑑉𑐀𑐡𑑂𑐫𑑅𑐧𑑂𑐬𑐩𑑂𑐴𑐞𑑀𑐔𑑂𑐰𑐶𑐟𑐷𑐫𑐥𑐬𑐵𑐡𑑂𑐰𑐾𑑍𑐱𑑀𑐫𑐟𑐧𑐬𑐵𑐴𑐵𑐎𑐬𑑍𑐥𑐾𑐰𑐿𑐰𑐳𑑂𑐰𑐬
2cfb4287,𑐰𑐶𑐩𑐵𑐣𑐱𑑂𑐬𑐷𑑓𑐖𑐐𑐣𑑂𑐣𑐵𑐠𑐥𑑂𑐬𑐟𑐶𑐩𑐵𑐳𑐴𑐶
dc083z05,𑐱𑑂𑐬𑐷𑐱𑑂𑐬𑐷𑐱𑑂𑐬𑐷𑐢𑐩𑐢𑐵𑐟𑐸𑐔𑐿𑐟𑑂𑐫𑐖𑐶𑐬𑑂𑐞𑐄𑐢𑐵𑐬𑐫𑐵𑐒𑐵𑐳𑑂𑐬𑑀𑐳𑑂𑐟𑐸𑑌𑐳𑑄𑐩𑑂𑐧𑐟𑑂𑑘𑑑𑑒𑐧𑐿𑐳𑐵𑐲𑐎𑐺𑐲𑑂𑐞𑐊𑐎𑐵𑐡
c97acb9b,𑐟𑑂𑐬𑐳𑐸𑐡𑑂𑐢𑐶𑐫𑑀𑐐𑐱𑐣𑐶𑐱𑑂𑐔𑐬𑐰𑐵𑐬𑑋𑑋𑐳𑑂𑐠𑐵𑐥𑐣𑐵𑐫𑐵
90413cbb,𑐎𑐹𑑅𑐎𑑂𑐲𑐶𑐟𑐶𑐥𑐟𑐾𑑅𑐳𑐳𑑂𑐫𑐵𑐟𑑂𑐳𑐡𑐵𑐩𑐵𑐣𑑂𑐫𑐩𑐺𑐟𑑂𑑌𑐧𑑂𑐬𑐩𑑂𑐴𑐵𑐣𑐾𑐟𑑂𑐬𑐡𑐶𑐐𑐒𑑂𑐐𑐣𑐵𑐒𑑂𑐎𑐳𑐴𑐶𑐟𑐾𑐣𑐾𑐥𑐵𑐮𑐳
3a88a86c,𑐱𑐵𑐎𑑂𑐫𑐨𑐶𑐎𑑂𑐲𑐸𑐱𑑂𑐬𑐷𑐖𑐶𑐣𑐶𑐱𑐵𑐎𑑂𑐫𑐨𑐶𑐎𑑂𑐲𑐸𑐱𑑂𑐬𑐷𑐬𑐟𑑂𑐣𑐔𑐣𑑂𑐡𑑂𑐬𑐱𑐵𑐎𑑂𑐫𑐨𑐶𑐎𑑂𑐲𑐸𑐰𑐾𑐏𑐵𑐳𑐶𑑄𑐴
d9dcb87c,𑐬𑑂𑐟𑑂𑐟𑐶𑐖𑐵𑐎𑑂𑐫𑐎𑐸𑐜𑑑𑐣𑐶𑐟𑑂𑐫𑑄𑐧𑐶𑐫𑐩𑐵𑐮𑑋𑐖𑑂𑐫𑐾𑐲𑑂𑐛𑐱𑐸𑐎𑑂𑐮𑐥𑐣𑐔𑐩𑐷𑐎𑐸𑐣𑑂𑐴𑐸𑐡𑐶𑐣𑐫𑐖𑑂𑐘𑐫𑐵𑐒𑐧𑑀𑐳𑐵𑐢𑐣𑐫𑐵𑐫𑐩𑐵𑐮𑑋𑐎𑐵𑐬𑑂𑐟𑑂𑐟𑐶𑐎𑐱𑐸𑐎𑑂𑐮𑐡𑑂𑐰𑐵𑐡𑐱𑐷𑐎𑐸
z6zzz3c5,𑐡𑐾𑐐𑐸𑐠𑐶𑐳𑐡𑐸𑐣𑑂𑐟𑐵𑑍𑐳𑐫𑐰𑐧𑐵𑐴𑐵𑐬𑐌𑐣𑑂𑐟𑐵𑐕𑐾𑑍𑐖𑐵𑐌𑐏𑐵𑑒𑐎𑐸𑑑𑑔𑐂𑐳𑐵𑐣𑐎𑐸𑐣𑐥𑐵
z63861af,𑐣𑐵𑐣𑐵𑐬𑐸𑐥𑐖𑐶𑐣𑐾𑐣𑑂𑐡𑑂𑐬𑑄𑐟𑐶𑐩𑐶𑐬𑐨𑐫𑐥𑐴𑐬𑐣𑐶𑐬𑑂𑐩𑐶𑐥𑑂𑐟𑑄
1z5631z0,𑐬𑑂𑐞𑑂𑐞𑐩𑐸𑐴𑐸𑐟𑑂𑐟𑐬𑐱𑐣𑐶𑐱𑑂𑐔𑐬𑐧𑐵𑐬𑐩𑐾𑐲𑐬𑐵𑐳𑐶𑐐𑐟𑐾𑐳𑐧𑐶𑐟𑐬𑐶𑐩𑐶𑐠𑐸𑐣𑐬𑐵𑐳𑐶𑐔𑐣𑑂𑐡𑑂𑐬𑐩𑐳𑐶
876f0731,𑐨𑐎𑑂𑐟𑐶𑐐𑑂𑐰𑐥𑐵𑐮𑐡𑐵𑐳𑐟𑐳𑑂𑐫𑐰𑐶𑐩𑐮𑐵𑐳𑑂𑐟𑑂𑐬𑐷
07fa5001,𑐴𑐠𑑂𑐫𑐵𑐐𑐸𑐬𑐸𑐴𑐠𑑂𑐫𑐵𑐎𑑀𑐚𑐷𑐔𑐟𑑂𑐫𑐢𑑂𑐰𑐳𑐣𑐫𑐵𑐒𑐵𑐥𑐵𑐥𑐬𑐵𑐎𑐖𑐸𑐬𑑀𑐩𑐫𑐵𑐟𑐳𑐵𑐎𑑀𑐚𑐷𑐔𑐟𑑂𑐫𑐠𑐵𑐥𑐣𑐵𑐫𑐵𑐒𑐵𑐥𑐸𑐣𑑂𑐫𑐬𑐵𑐎𑐀𑐳𑐸𑐩𑐾𑐬𑐖𑐖𑑂𑐘𑐫𑐵𑐒𑐵
4d8z28ff,𑐜𑑑𑐬𑐵𑐎𑐸𑐜𑑑𑐧𑐖𑐶𑐡𑑄𑑔𑐢𑐬𑐶𑐎𑐸𑐜𑑑𑐎𑑂𑐬𑐩𑐸𑐦𑑀𑐫𑐵𑑍𑐠𑑂𑐰𑐟𑐶𑐡𑐵𑐣𑐧𑐶𑐫𑐩𑐵𑐮𑑌𑐐𑐸𑐬𑑂𑐰𑑂𑐰𑐵𑐴𑐵𑐬𑐩𑐟𑐕𑑀𑐫𑐎
8f813269,𑐴𑑂𑐒𑐰𑑍𑐰𑐮𑑍𑐎𑐲𑑑𑐐𑑁𑐐𑑂𑐬𑐵𑐳𑐫𑐵𑐟𑐡𑐸𑐣𑑂𑐟𑐵𑐖𑐸𑐬𑑀𑑌
b1702289,𑐧𑐵𑐣𑐾𑐳𑑂‍𑐰𑐬𑐟𑐵𑐬𑐜𑑀𑐠𑐜𑐂𑐢𑐵𑐬𑐧𑐸𑐣𑑀𑑑𑐔𑐸𑐣𑑑𑐡𑑀𑐴𑐣𑐥𑐟𑐫𑐵𑐖𑐸𑐣𑑀𑑅𑐠𑑂‍𑐰𑐔𑐸𑐫𑐵
24b69161,𑐟𑑂𑐫𑐵𑐳𑐺𑐬𑐖𑐮𑐥𑐵𑐫𑐶𑐣𑐷𑐳𑑂𑐰𑐣𑐺𑐫𑐱𑑀𑐢𑐬𑐵𑐢𑐬𑐵𑐱𑑀𑐨𑐶𑐣𑐷𑑋𑐥𑐵𑐲𑐞𑑂𑐜𑐵𑐱𑐫
1fz644b3,𑐊𑐎𑐵𑐡𑐱𑐷𑐎𑐬𑑂𑐎𑑂𑐎𑐟𑐾𑑋𑐰𑐩𑐵𑐬𑑂𑐫𑐟𑐸𑐮𑐳𑐷
zb4zzf1c,𑐥𑐸𑐟𑑂𑐬𑐧𑐵𑐬𑐎𑐸𑐩𑐵𑐬𑐳𑐴𑐡𑑂𑐬𑐾𑐟𑐶𑑍𑐠𑐸𑐬𑐶𑐥𑐬𑐶𑐧𑐵𑐬𑐕𑐶𑐫𑐵𑐢𑐬𑑂𑐩𑑂𑐩𑐔𑐶𑐟𑑂𑐟𑐄𑐟𑑂𑐥𑐟𑑂𑐟𑐶
c886c287,𑐀𑐮𑑀𑐎𑐣𑐵𑐠𑐳𑑂𑐫𑐳𑐾𑐰𑐎𑑌𑐨𑑀𑐐𑑂𑐫𑐾𑐱𑑂𑐰𑐬𑐷𑐟𑐳𑑂𑐫𑐨𑐵𑐬𑑂𑐫𑑂𑐫𑐵𑐥𑑂𑐬𑐶𑐟𑐶𑐫𑐵𑐡𑐥𑐬𑐵𑐫𑐞𑐩𑐵
4710a8d1,𑐱𑐸𑐨𑐳𑐩𑑂𑐰𑐟𑑂𑑘𑑑𑑙𑐰𑐿𑐱𑐵𑐲𑐎𑐺𑐲𑑂𑐞𑐫𑐬𑐶𑐡𑐾𑐰𑐟𑐟𑐵𑐨𑐵
zf7a0a37,𑐣𑐐𑑂𑐰𑐮𑐖𑐸𑐎𑑂𑐰𑐄𑐠𑐵𑐫𑐳𑑄𑐟𑐫𑐩𑐵𑐬𑑍𑐎𑐬𑐵𑐔𑐶𑐟𑑀𑐥𑐶𑐄𑐠𑐵𑐫𑐳𑐩𑐟
7b4ccff4,𑐥𑑂𑐬𑐔𑐫𑐥𑐸𑐞𑑂𑐜𑐬𑐷𑐎𑐣𑐫𑐣𑐱𑐫𑐣𑐳𑐥𑑂𑐬𑐔𑐞𑑂𑐜𑐨𑐵𑐣𑐸𑐡𑐫𑐴𑐶𑐩𑐨𑐵𑐣𑐸𑐩𑐞𑑂𑐜𑐮𑐴𑐳𑐴𑐶𑐩𑐴𑐶𑐩𑐐𑐶
c936z1c2,𑑑𑑑𑐧𑐵𑐬𑑔𑐱𑐸𑐨𑑋𑑋𑐳𑑂𑐰𑐡𑐟𑑂𑐟𑐷𑐥𑐬𑐡𑐟𑑂𑐟𑐵𑑄𑐔𑐵𑑍𑐫𑑀𑐴𑐬𑐟𑐶𑐰𑐳𑐸𑑄
d9d61761,𑐟𑑂𑐬𑐥𑐶𑐔𑐱𑐶𑐧𑐧𑑂𑐬𑐩𑑂𑐴𑐳𑐸𑐟𑑂𑐬𑑄𑐔𑐣𑐶𑐟𑑂𑐫𑑄𑐣𑐿𑐧𑐾𑐡𑑂𑐫𑐵𑐣𑑂𑐟𑑄𑐩𑐡𑐵𑐟𑑄𑑅𑐱𑐶𑐧𑐥𑐡𑐎𑐩𑐮𑐍𑐨𑐵𑑍
dzz970dc,𑐣𑐢𑐬𑐢𑐣𑐳𑐶𑐒𑐩𑐴𑐾𑐱𑑂𑐰
cb60z086,𑐣𑐶𑐲𑑂𑐚𑐱𑑂𑐬𑐷𑐖𑐱𑐡𑐾𑐰𑐳𑐨𑐵𑐬𑑂‍𑐫𑐵𑐱𑑂𑐬𑐷𑐱𑐹𑐨𑐮𑐎𑑂𑐲𑑂𑐩𑐷𑐳𑑌𑐠𑑂𑐰𑐟𑐾𑐡𑑂𑐰𑐶𑐖𑐧𑐬𑐳
35653527,𑐫𑐩𑐵𑐮𑐳𑑄𑐟𑐵𑐣𑐣𑐠𑑂𑐰𑐡𑐾𑐰𑐟𑐵𑐣𑐶𑐟𑑂𑐫𑐥𑐸
54a1ac2a,𑐫𑐐𑑂𑐧𑐵𑐳𑐥𑐸𑐬𑐌𑑒𑐡𑐵𑐬𑐲𑐵𑐧𑐸𑐨𑐹𑐫𑐩𑐵𑐬𑑂𑐐𑐡𑑀𑐬𑐧𑐸𑐬𑐌𑑑𑑌𑐨𑐸𑐫𑐩𑐵𑐐𑐡𑐵𑐬𑐧𑐸𑐟
77961851,𑐎𑐵𑐳𑐎𑐾𑐣𑐎𑐰𑐶𑐴𑐵𑐬𑐶𑐮𑐶𑐰𑐶𑐕𑐾𑐫𑐵𑐥𑐸𑐬𑑂𑐞𑐶𑐩𑐵𑐳𑐾𑐰𑐵𑐐𑐸𑐠𑐶𑐫𑐵𑐫𑑀𑐐𑑂𑐰𑐵𑐬𑐨𑑀
7cc06cd2,𑐳𑐳𑐵𑐧𑐔𑐥𑑂𑐬𑐔𑐵𑐧𑑂‍𑐰𑐮𑑅𑐥𑑂𑐬𑐵𑐣𑐶𑐡𑐎𑑀𑐄𑐡𑐵𑐬𑐖𑐸𑐫𑐵𑐩𑐵𑐮𑐢𑐎𑐠𑑂‍𑐰𑐱𑑂𑐬𑐷𑑓𑐔𑐂𑐟𑐾𑐠𑑂‍
3638f0a8,𑐳𑐵𑐥𑑄𑐔𑐩𑐵𑐴𑐵𑐥𑐵𑐟𑐎𑐬𑐵𑐎𑐖𑐸𑐬𑑀𑑌𑐳𑑄𑐩𑑂𑐰𑐟
2za9a23f,𑐳𑐣𑐶𑐬𑑂𑐩𑐮𑑀𑐨𑐸𑐧𑐷𑐣𑐶𑐥𑑂𑐬𑐧𑐔𑐐𑐸𑐣𑐵𑐱𑑂𑐬𑐫𑐥𑑄𑐔𑐧𑐸𑐢𑑂𑐫𑐟𑑂𑐩𑐎‌𑑄𑐳𑑂𑐫
d22a1796,𑐮𑐨𑐶𑐎𑑂𑐲𑐵𑐨𑑀𑐖𑐣𑐫𑐵𑐫𑐩𑐵𑐮𑐥𑑂𑐬𑐳𑐾𑐲𑐮𑐾𑐎𑑀𑐐𑐸𑐠𑐶
9z446c73,𑑊𑐳𑑄𑐧𑐟𑑗𑑙𑑗𑐧𑐿𑐱𑐵𑐏𑐱𑐸𑐎𑑂𑐮𑐥𑐸𑐬𑑂𑐞𑑂𑐞𑐩
0cf49771,𑐳𑐣𑐩𑐴𑐵𑐬𑐵𑐖𑐵𑐢𑐶𑐬𑐵𑐖𑐰𑐷𑐬𑐱𑑂𑐬𑐷𑐱𑑂𑐬𑐷𑐖𑐫𑐖𑑀𑐐𑐣𑐬𑐾𑐣𑑂𑐡𑑂𑐬𑐩𑐮𑑂𑐮𑐥𑑂𑐬𑐨𑐸𑐠𑐵𑐎𑐸𑐬𑐫𑐵𑐖𑐸𑐬𑑀𑑌𑐠𑑂𑐰
d216z2d6,𑐱𑑂𑐬𑐷𑐳𑑂𑐰𑐳𑑂𑐟𑐶𑐡𑐾𑐰𑐡𑐵𑐬𑐵𑐰𑐱𑐸𑑄𑐢𑐬𑐶𑐥𑐸𑐟𑑂𑐬𑐨𑐶𑐎𑑂𑐲𑐸𑐱𑑂𑐬𑐷𑐱𑐸𑐎𑐖𑐚𑐶𑐠𑑂𑐰𑐥𑐣𑐶𑐳𑑂𑐰𑐩𑑂𑐴𑐳𑐨𑐵𑐟𑐾𑐠𑑂𑐰𑐟𑐷𑐢𑐬𑑂𑐩𑑂𑐩𑐔𑐶𑐟𑐖𑐸𑐫𑐵𑐌𑐠𑑂𑐰𑐧𑐵𑐴𑐵𑐬𑐳𑐱𑐎𑐬𑐒𑐔𑐾𑐎𑐣𑐀𑐟𑐣
z99fffzb,𑐣𑐰𑐩𑑂𑐫𑐵𑐫𑐵𑑄𑐟𑐶𑐠𑑂𑐰𑑁𑐄𑐟𑑂𑐬𑐨𑐡𑑂𑐬𑐣𑐎𑑂𑐲𑐟𑑂𑐬𑑍𑐁𑐡𑐶𑐟𑑂𑐫𑐰𑐵𑐬𑑍𑐠𑑂𑐰𑐎𑐹𑐣𑑂𑐴𑐸𑐠𑑂𑐰𑐴𑐬𑐵𑐴𑐬𑐮𑑀𑐎𑐾𑐱𑑂𑐰𑐬
4aa5d6c7,𑑌𑑗𑑌𑐎𑐚𑑁𑑅𑑋𑐥𑐶𑐔𑐬𑑂𑐩𑑂𑐩𑐩𑑂𑐫𑐬𑑀𑐖𑑂𑐘𑐵𑐳𑐩𑐵𑐣𑐵𑑄𑑍𑐳𑐡𑐵𑐰𑐶𑐩𑑂𑐰𑐎𑐵𑐣𑑂𑐟𑐶𑑄𑐬𑐸𑐔𑐵𑐣𑐶𑐣𑑂𑐡𑐫𑐣𑑂𑐟𑐷𑑄𑑋𑐥𑑂𑐬𑐔𑐞𑑂𑐜𑐵𑐡𑑂𑐡𑐴𑐵𑐳𑐾𑐣𑐰𑐶𑐨𑑂𑐬𑐵𑐳
z426bc30,𑐩𑐣𑐨𑐫𑐳𑐎𑐮𑐎𑐮𑐵𑐰𑐶𑐮𑐵𑐳𑐩𑐫𑐎𑐩𑐣𑑂𑐣𑐵𑐢𑐬𑐵𑐢𑐶𑐥𑐳𑐩𑐳𑑂𑐟𑐥𑑂𑐬𑐎𑑂𑐬𑐶𑐫𑐵𑐰𑐶𑐬𑐵𑐖
278z4a8c,𑐰𑐶𑐩𑐵𑐣𑐱𑑂𑐬𑐷𑑓𑐖𑐐𑐣𑑂𑐣𑐵𑐠𑐥𑑂𑐬𑐟𑐶𑐩𑐵𑐳𑐴𑐶
765zf114,𑐖𑐶𑐩𑐕𑐩𑑂𑐴𑐣𑐵𑐫𑐎𑐖𑐸𑐥𑐶𑑄𑐧𑐶𑐖𑑂𑐫𑐵𑐟𑐎𑐾𑐩𑐵𑐬𑐖𑐸𑐬𑑀
dc6fb821,𑐣𑐬𑐎𑐵𑐣𑐵𑑄𑐳𑐸𑐡𑐵𑐬𑐸𑐞𑐵𑑅𑑌𑐎𑑂𑐬𑐩𑐾𑐞𑐟𑐵𑐳𑐸𑐥𑐟𑑂𑐫𑐣𑑂𑐟𑐾𑑍𑐡𑐾𑐰𑐧𑑂𑐬𑐴𑑂𑐩𑐳𑑂𑐰𑐴𑐵𑐬𑐶𑐞𑑅𑑌𑐠𑑂𑐰𑐐𑐸
zaz95f4d,𑐣𑑄𑐡𑐸𑐠𑑂𑐫𑐾𑐧𑐬𑑂𑐲𑐥𑑂𑐬𑐟𑑂𑐟𑐶𑐥𑑄𑐔𑐵𑐩𑐺𑐟𑐡𑐫𑐎𑐵𑐌𑐥𑐸𑐖𑐵𑐫𑐵𑐫𑐫𑐵𑐫𑑌𑐱𑐶𑐰𑐬𑐵𑐟𑑂𑐬𑐷𑐎𑐸𑐣𑑂𑐴𑐸
ab3dzb8z,𑐬𑑂𑐩𑑂𑐩𑐔𑐶𑐟𑑂𑐟𑐖𑐵𑐥𑑍𑐠𑑂𑐰𑐰𑐶𑐴𑐵𑐬𑐡𑐫𑐎𑐵𑑌
456c7945,𑐳𑑂𑐠𑐵𑐣𑐳𑑂𑐫𑑍𑐂𑐴𑐾𑐰𑐥𑐹𑐞𑑂𑐫𑐨𑐹𑐩𑑌𑐀𑐡𑑂𑐫𑑅𑐱𑑂𑐬𑐵𑐰𑐞𑐩𑐵𑐳𑑂𑐫𑐱𑐎𑑂𑐬𑐥𑐎𑑂𑐲𑐟𑐺𑐟𑐶𑐫𑐵𑐟𑐶𑐠𑑁𑑍𑐥𑐹
f18a6831,𑐳𑐶𑑄𑐴𑐨𑐵𑐰𑑋𑐔𑐣𑑂𑐡𑑂𑐬𑐳𑐶𑑄𑐴𑐨𑐵𑐰𑑍𑐖𑐶𑐰𑐣𑐎𑐾𑐱𑐨𑐵𑐰𑑍𑐰𑐫𑐎𑐸𑐟𑐨𑐵𑐰𑑍𑐱𑐶𑐰𑐨𑐵𑐰𑑍𑐨𑐵𑐐𑐶𑐳𑐶𑑄𑐴
c836015z,𑐣𑑍𑐠𑐵𑐥𑐶𑐟𑐢𑐬𑑂𑐩𑑂𑐩𑐬𑐵𑐖𑐳𑑄𑐏𑑂𑐬𑐡𑐾𑐌𑐠𑑂𑐰𑐟𑐾𑐳𑐾𑐣𑑍𑐐𑐸𑐬𑐵𑐠𑑂𑐰𑐥𑑄𑐘𑑂𑐔𑐩𑐶𑐎𑐸𑐣𑑂𑐴𑐸𑐟𑐸𑑄𑐥𑐸𑐫𑐩𑐵𑐬𑐖𑐸𑐬𑑀𑑌𑐨𑐵𑐏𑐵𑐬𑑂𑐫𑐸𑐟𑐵
19fd6a23,𑐰𑐵𑐐𑑂𑐰𑐬𑐀𑐒𑐣𑐥𑐱𑐶𑐩𑑋𑑋𑐬𑐵𑐕𑐾𑐖𑐵𑐰𑐖𑐸𑐎𑑂𑐰𑐡𑐸𑑄𑐟𑐵𑐖𑐸
46862221,𑐟𑐳𑑄𑑍𑐩𑐵𑐢𑐶𑐕𑐵𑐫𑐩𑐵𑐮𑐩𑑂𑐴𑑑𑐱𑑂𑐬𑐷𑐰𑐶𑐱𑑂𑐰𑐵𑐣𑐣𑑂𑐡𑐨𑐵𑐖𑐸𑑍𑐄𑐥𑐵𑐢𑑂𑐫𑐵𑑍𑐩𑑂𑐴𑑄𑑑𑐱𑑂𑐬𑐷𑐣𑐷𑐮𑐎𑐞𑑂𑐛𑐵𑐣𑐣𑑂𑐡𑐨𑐵𑐖𑐸𑑍𑐄𑐥𑐵𑐢𑑂𑐫𑐵𑑍𑐩𑑂𑐴𑑄𑑑𑐥𑐸𑐛𑐷𑐳𑑀𑐎𑐩𑑂𑐴𑐧𑑂𑐬𑐵𑐴𑑂𑐩
60a3z652,𑐖𑐩𑐟𑐳𑐶𑑄𑐴𑐖𑐸𑑄𑐐𑐸𑐬𑐵𑐩𑐖𑐫𑐔𑐣𑑂𑐡𑑂𑐬𑐖𑐶𑐰𑐾𑐬𑐵𑐩𑐀𑐩𑐶𑐳𑐶𑑄𑐴𑐳𑑂𑐰𑐦𑐸𑐜𑑍𑐐𑑀𑐥𑐶𑐬𑐵𑐩
380zaf20,𑐣𑐠𑑀𑐩𑐞𑑂𑐜𑐥𑐡𑐫𑐎𑐵𑐫𑐵𑐳𑐩𑐳𑑂𑐟𑑄𑐔𑐶𑑄𑐟𑐵𑐫𑐵𑐒𑐵𑐰𑐩𑐴𑐵𑐎𑐲𑑂𑐚𑐫𑐵𑐒𑐵𑐰𑐩𑐴𑐵𑐬𑐵𑐖𑐵𑐫𑐵𑐳𑐾
af70a1bb,𑑉𑐣𑐩𑑀𑐬𑐟𑑂‍𑐣𑐟𑑂𑐬𑐫𑐵𑐫𑐳𑐎𑐮𑐣𑐣𑐵𑐠𑐎𑐵𑐰𑐣𑐵𑐴𑐾𑐖𑐶𑐣𑐾𑐣𑑂‍𑐡𑐸𑐡𑐐𑐾𑐰𑐮
286cc1a4,𑑊𑑉𑐣𑐩𑑅𑐬𑐟𑑂‍𑐣𑐟𑑂𑐬𑐫𑐵𑐫𑑌𑐀𑐞𑐱𑑀𑐬𑐶𑐬𑑂𑐩𑑂𑐩𑐮𑑀𑐟𑑂𑐨𑐹𑐟𑑀𑑍𑐣𑐶𑐲𑑂𑐥𑑂𑐬𑐥𑐘𑑂𑐔𑑅𑐐𑐸𑐞𑐵𑐱𑑂𑐬𑐫𑑅𑐥𑐘𑑂𑐔𑐳𑑂𑐎𑐥𑐵𑐟𑑂‍𑐩𑐣𑑂𑐣
064a5bc1,𑐡𑑂𑐢𑐶𑐥𑐹𑐬𑑂𑐰𑐷𑐣𑐬𑐳𑐶𑑄𑐴𑐣𑐵𑐩𑐵𑑌𑐥𑑂𑐬𑐵𑐳𑐵𑐡𑑀𑐫𑑄𑐰𑐶𑐱𑐵𑐮𑑀𑐣𑐰𑐣𑐟𑐰𑐎𑐮𑐱𑐵𑐰𑐾𑐲𑑂𑐚𑐶𑐟𑐵𑐐𑑂𑐬𑑀𑐴𑐶𑐩𑐵𑑄𑐩𑑅𑐱𑑂𑐬𑐷𑐩𑐟𑑂𑐫𑐵𑐬𑐸𑐡𑑂𑐬𑐩𑐟𑑂𑐰𑐵𑐰𑐺𑐴𑐡𑐸
c80d0320,𑐱𑐵𑐎𑑂𑐫𑐩𑐸𑐣𑐶𑐱𑑂𑐬𑐷𑐢𑐣𑐱𑑂𑐬𑐷𑐢𑐩𑑂𑐩𑐐𑐶𑐬𑐶𑑍𑐎𑐶𑐣𑑂𑐴𑐳𑐶𑑄𑐴𑐨𑐵𑐰𑑍𑐟𑐰𑐢𑐶𑐎𑐨𑐵𑐰𑑍𑐧𑐶𑐣𑑂𑐴𑐸𑐨𑐵𑐰𑑍𑐣𑑂𑐴𑐰𑐣𑐨𑐵
1a977008,𑐣𑐨𑐵𑐬𑑀𑐠𑐸𑐟𑐶𑐳𑐩𑐹𑐔𑐫𑐣𑐖𑑂𑐘𑐵𑐣𑐬𑐵𑐖𑐥𑑂𑐬𑐩𑐸𑐲𑑄𑐖𑐊𑐬𑐵𑐖𑐩𑑄𑐘𑑂𑐖𑐸𑐬𑐵𑐖𑑍𑐢𑐣𑐬𑐵𑐖𑐨𑐵𑐟𑐺𑐥𑐸𑐟𑑂𑐬𑐧𑐺𑐣𑑂𑐡𑑂𑐬𑐬𑐵
b2f03804,𑐩𑐟𑑂𑐫𑐵𑐥𑐹𑐬𑑂𑐰𑑂𑐰𑐎𑐸𑐬𑐾𑐱𑑂𑐬𑐷𑐩𑐎𑐵𑐣𑑂𑐟𑐶𑐥𑐸𑐮𑐶𑐩𑐵𑐴𑐵𑐣𑐐𑐬𑐾𑐱𑑂𑐬𑐷𑑒𑐫𑐩𑐩𑐬𑐾𑐱𑑂𑐰𑐬𑐨𑐚𑑂𑐚𑐵𑐬𑐎
b2ad7970,𑐢𑐵𑐣𑑂𑐫𑑍𑐁𑐬𑑂𑐫𑑂𑐫𑐵𑐰𑐬𑑂𑐟𑑂𑐟𑐡𑐾𑐱𑐾𑑍𑐱𑑂𑐬𑐷𑑒𑐩𑐢𑑂𑐫𑐾𑐥𑐸𑐬𑐷𑐠𑐵𑐣𑐾𑑍𑐱𑑂𑐬𑐷𑑓𑐧𑐵𑐮𑐎𑑀𑐩𑐵𑐮𑐷𑑍𑐣𑑄𑐮𑐲𑐎
ff7048a4,𑐀𑐖𑑂𑐘𑐵𑐣𑐔𑑀𑐫𑐵𑐖𑐸𑐬𑑀𑑌𑐱𑐸𑐨𑐩𑐳𑑂𑐟𑐟𑑂𑐬𑐶𑐖𑐐𑐟𑐵𑐩𑑂𑑌
586zz90a,𑐳𑑄𑐣𑑂𑐟𑐵𑐣𑐣𑐰𑐬𑐟𑑂𑐣𑑋𑑋𑐔𑐟𑐸𑐲𑐲𑑂𑐛𑐶𑐰𑐶𑐴𑐶𑐥𑑂𑐬𑐵𑐥𑑂𑐟𑐫𑐳𑑂𑐟𑐸𑑍𑐥𑐾𑐊
9dabf15b,𑑊𑑉𑐣𑐩𑑅𑐱𑑂𑐬𑐷𑑓𑐳𑑂𑐟𑑂𑐬𑐷𑐩𑐹𑐎𑑂𑐟𑐶𑐧𑐖𑑂𑐬𑐵𑐳𑐣𑐀𑐎𑑂𑐲𑑀𑐨𑑂𑐫𑐣𑐩𑑅𑑌𑐳𑑂𑐰𑐳𑑂𑐟𑐶𑐱𑑂𑐬𑐷𑐩𑑂𑐟𑐥𑐱𑐸𑐥𑐟𑐶𑐔𑐬𑐞𑐎𑐩𑐮𑐢𑐸𑐮𑐶𑐢𑐹𑐳𑐬𑐶𑐟𑐱𑑂𑐬𑐷𑐬𑑀𑐮𑐸𑐴𑐱𑑂𑐬𑐷𑐩𑐣𑑂𑐩𑐵𑐣𑐾𑐱𑑂𑐰𑐬𑐷𑐳𑑂𑐟
92z1f2da,𑐢𑐣𑑍𑐮𑐎𑑂𑐲𑑂𑐩𑐷𑐁𑐫𑐸𑐁𑐬𑑀𑐖𑑂𑐘𑐾𑐰𑐺𑐡𑑂𑐢𑐶𑐬𑐳𑑂𑐟𑐸𑑋𑑋𑐂𑐴𑐾𑐟𑑂𑐬𑐳𑐸𑐏
78f27f6a,𑑊𑐳𑐩𑑂𑐧𑐟𑑂𑑘𑑕𑑖𑐁𑐏𑐵𑐝𑐱𑐸𑐡𑐶
3c69d83z,𑐫𑐡𑑂𑐡𑐢𑐵𑐟𑐶𑑋𑐣𑐔𑐶𑐟𑑂𑐬𑑄𑐥𑐰𑐶𑐟𑑂𑐬𑐵𑐎𑐺𑐟𑐾𑐟𑐳𑑂𑐫𑐩𑐵𑐟𑑍𑐬𑑂𑐫𑑂𑐫𑐟𑐵𑐡𑐾𑐰𑐬𑐵𑐖𑐵𑐡𑑂𑐑𑐶𑐥𑐳𑑂𑐫𑐡𑐶𑐬𑐹𑐥𑑄𑑌
221badz0,𑐱𑐢𑑂𑐰𑐖𑐵𑐰𑐬𑑀𑐴𑐣𑐫𑐵𑐒𑐣𑐥𑑂𑐬𑐟𑐶𑐲𑑂𑐛𑐵𑐫𑐵𑐒𑐵𑐡𑐶𑐣𑐖𑐸𑐬𑑀𑑌𑐱𑐸𑐨𑐩𑐳𑑂𑐟𑐸𑑌𑐳𑐬𑑂𑐰𑑂𑐰𑐡𑐵𑑌
84a3zc62,𑐎𑐬𑑂𑐲𑑓𑐣𑐶𑐩𑐾𑐡𑐶𑐧𑐸𑐮𑑀𑑑𑐠𑑂𑐰𑐟𑐾𑐫𑐵𑐧𑐮𑐳𑐵𑐣𑐣𑐴𑑄𑐣𑐎𑐵𑐬𑑂𑐟𑑂𑐟𑐶𑐎𑐣
2db88z3c,𑐮𑐳𑐖𑐮𑐢𑐸𑐣𑐶𑐳𑑂𑐠𑐵𑐥𑐣𑐵
97980834,𑐖𑐩𑐟𑐳𑐶𑑄𑐴𑐖𑐸𑑄𑐐𑐸𑐬𑐵𑐩𑐖𑐫𑐔𑐣𑑂𑐡𑑂𑐬𑐖𑐶𑐰𑐾𑐬𑐵𑐩𑐀𑐩𑐶𑐳𑐶𑑄𑐴𑐳𑑂𑐰𑐦𑐸𑐜𑑍𑐐𑑀𑐥𑐶𑐬𑐵𑐩
cb58109z,𑑘𑑓𑑕𑐦𑐵𑐐𑐸𑐣𑐱𑐸𑐡𑐶𑑑𑐱𑑂𑐬𑐷𑐳𑐡𑐵𑐱𑐶𑐰𑐱𑑂𑐬𑐷𑐣𑐵𑐬𑐵𑐫𑐣𑐱𑑂𑐬𑐷𑐳𑐬𑐱𑑂𑐰
za4b50cb,𑐥𑐶𑐰𑐣𑐳𑐶𑐑𑐾𑐣𑐶𑐰𑑂𑐫𑐵𑐑𑐾𑐣𑐶𑐡𑐾𑐰𑐡𑐫𑐎𑐵𑐳𑐶𑐟𑑀𑐮𑐣
12406faf,𑐣𑐶𑐱𑑂𑐔𑐬𑐰𑐵𑐳𑐬𑐾𑑍𑐎𑐸𑐩𑑂𑐨𑐬𑐵𑐱𑐶𑐐𑐟𑐾𑐳𑐰𑐷𑐟𑐬𑐷𑐎𑐬𑑂𑐎𑑂𑐎𑐚𑐬𑐵
zz48f027,𑐡𑐶𑐰𑐵𑐣𑐶𑐥𑑀𑐮𑐫𑐵𑐟𑑄𑐐𑐸𑐐𑐸𑐬𑐖𑐧𑑑𑐠𑑂𑐰𑐟𑐾𑐣𑐶𑐟𑑂𑐫𑐥𑐹𑐖𑐵𑐫𑐵𑐟𑐖𑐸𑐬𑑀𑐩𑑀𑐚𑑄𑑑𑐱𑑂𑐬𑐷𑐏𑑄𑐜𑐡𑑄𑐕𑐶𑐫𑐵𑐟𑑄𑑌𑑌𑐡𑐾𑐰𑐮𑐴𑐶𑐎𑐧𑑂𑐬𑐵𑐴𑑂𑐩𑐞𑐫𑐵𑐟𑐡𑑄
19026827,𑐖𑐸𑑒𑐣𑐶𑐳𑐮𑐵𑐮𑑍𑐠𑑂𑐰𑐟𑐾𑐢𑐸𑐣𑐎𑐵𑐰𑑍𑐦𑐮𑐾𑐳𑑄𑐴𑐶𑐟𑐶𑐳𑑄𑐳𑐾𑐮𑑂𑐴𑑀𑐮𑑂𑐴𑑀𑐣𑐾𑐫𑐵𑐒𑐵
5dd71286,𑑊𑐳𑑄𑐧𑐟𑑗𑑙𑑗𑐧𑐿𑐱𑐵𑐏𑐱𑐸𑐎𑑂𑐮𑐥𑐸𑐬𑑂𑐞𑑂𑐞𑐩𑐵𑐳𑐷𑐱𑑂𑐬𑐷
6b645782,𑐎𑐹𑐬𑑂𑐩𑑂𑐩𑐔𑐵𑐳𑐣𑑋𑑋𑐟𑐳𑑂𑐠𑐵𑐐𑐸𑐥𑐴𑑂𑐩𑑀𑐥𑐬𑐶𑐴𑐾
5043a54b,𑐨𑐵𑐬𑑂𑐫𑑂𑐫𑐵𑐧𑐾𑐏𑐵𑐮𑐎𑑂𑐲𑑂𑐩𑐷𑐟𑐺𑐟𑐷𑐫𑐥𑐸𑐟𑑂𑐬𑐖𑑀𑐐𑐢𑐬𑑍𑐎𑐵𑐣𑑂𑐟𑐐𑐖𑑍𑐮
a743bd7c,𑐱𑑂𑐬𑐷𑐳𑐶𑐡𑑂𑐢𑐶𑐎𑐵𑐮𑐶𑐎𑐵𑐫𑑋𑑋𑐐𑑀𑐥𑐵𑐮𑐬𑐵𑐩𑐣𑐵𑐩𑐾𑐞𑐥𑑂𑐬𑐵𑐳𑐵𑐡𑑄
6018732a,𑐧𑐵𑐎𑑄𑐟𑐒𑐣𑑌𑐩𑐣𑑀𑐴𑐬𑐵𑐩𑐫𑐶𑐫𑐵𑐣𑐵𑐩𑐣𑐬𑑀𑐴𑑀𑐬𑐧𑐸𑐬𑑀𑑒𑐠𑑂𑐰𑐟𑐾𑐧𑐸𑐫𑐧𑐶𑐬𑐳𑐵
z1036f62,𑐮𑐎𑑂𑐲𑑂𑐩𑐷𑐡𑐾𑐰𑐷𑐣𑐡𑐫𑐎𑐵𑐡𑐶𑐣𑐱𑐸𑐨𑑌
749161d3,𑐩𑑂𑐨𑐫𑑀𑐐𑐾𑑌𑐱𑑂𑐰𑐩𑐧𑐵𑐳𑐬𑐾𑑌𑐫𑐠𑐵𑐎𑐬𑐞𑐩𑐸𑐴𑐸𑐬𑑂𑐟𑑂𑐟𑐾𑑌𑐩𑐾𑐏𑐬𑐵𑐳𑐶𑐐𑐟𑐾𑐳𑐵𑐰𑐿𑐟𑐬𑐶𑑌𑐧𑐺
1124cba0,𑐥𑐹𑐬𑑂𑐞𑐶𑐩𑐵𑐎𑐸𑐣𑑂𑐴𑐸𑐥𑐹𑐖𑐵𑐨𑑄𑐜𑐶𑐖𑑀𑑑𑐳𑐵𑐢𑐬𑐶𑐥𑐵𑑔𑐡𑐸𑐡𑐸𑐥𑐵𑑔𑐑𑐾𑐮𑐀𑐲𑑂𑐚𑐵𑑑𑐎𑐳𑑂𑐟𑐶𑐀𑑑𑐳𑐵𑐏𑐀𑑑𑐣𑐶𑐱𑑂𑐬𑐵𑐰𑐖𑑀𑑓𑐡𑑄𑑘𑐳𑐾𑐳𑐡𑐰𑐵
9692za02,𑐳𑐶𑑄𑐴𑐣𑐎𑐀𑐥𑐸𑐞𑐵𑐎𑐵𑐊𑐳𑐩𑑄
21154736,𑐱𑑂𑐰𑐳𑐶𑑄𑐴𑐨𑐵𑐬𑑀𑑌𑐰𑑂𑐫𑐳𑐟𑐩𑐣𑐶𑐐𑑂𑐮𑐎𑑀𑐰𑐶𑐕𑐾𑐩𑐣𑑀𑐴𑐬𑐶𑐳𑐶𑑄𑐴𑐨𑐵𑐬𑑀𑐨𑑂𑐬𑐵𑐟𑑂𑐟𑐾𑐨𑐵𑐐𑐳𑐶𑑄𑐴𑐨𑐵𑐬𑑀𑑄𑑍𑐩𑐣𑐶𑐎𑐬𑐵𑐖𑐨𑐵𑐬𑑀𑐨𑑂𑐬𑐵𑐟𑑂𑐟𑐾
b65b386f,𑐟𑑌𑐳𑑂𑐰𑐫𑑄𑐨𑐹𑐳𑐩𑑂𑐧𑐟𑑙𑑓𑐁𑐏𑐵𑐡𑐱𑐎𑐡𑐩𑐳𑐶𑐎𑐸𑐴𑐥𑐢𑐶𑐡𑐶𑐣𑐖𑐸𑐬𑑀𑑌𑐩𑐴𑐵𑐬𑐵
61009942,𑐳𑐵𑐐𑐬𑑄𑑋𑐀𑐩𑐺𑐟𑐵𑐨𑐵𑐨𑐶𑐟𑐩𑑁𑐮𑐶𑑍𑐴𑐬𑐵𑐴𑐬𑑄𑐣𑐬𑐵𑐩𑑂𑐫𑐴𑑄𑑋𑑋𑐧𑐸𑐡𑑂𑐰𑑄𑐢𑐬𑑂𑐩𑑂𑐩𑐣𑑂𑐟𑐠𑐵𑐳𑑄𑐑𑑍𑐊𑐎𑑀
055679d2,𑐮𑐨𑐵𑐲𑐵𑑋𑐱𑑂𑐬𑐾𑐫𑑀𑐳𑑂𑐟𑐸𑑌𑐳𑑄𑐰𑐟𑑂𑑘𑑕𑑒𑐖𑑂𑐫𑐾𑐲𑑂𑐛𑐩𑐵𑐳𑐾𑐱𑐸𑐎𑑂𑐮𑐥𑐎𑑂𑐲𑐾𑐥𑐣𑑂𑐔𑐩𑑂𑐫𑐵𑑄𑐟𑐶𑐠𑑁𑑍𑐥𑐸𑐲𑑂𑐫𑐣𑐎𑑂𑐲𑐾𑐟𑑂𑐬𑐾𑑍𑐰𑐸𑐡𑑂𑐢𑐶𑐫𑑀𑐐𑐾𑑍𑐧𑐸𑐢𑐰𑐵𑐳𑐬𑐾𑑍𑐠𑑂𑐰𑐎𑐸𑐣𑑂𑐴𑐸
f630c31b,𑐴𑐬𑑂𑐲𑐳𑑀𑐨𑐵𑐥𑑁𑐟𑑂𑐬𑐴𑐶𑐬𑐵𑐎𑐺𑐲𑑂𑐞𑐴𑐶𑐬𑐵𑐬𑐟𑑂𑐣𑐠𑐸𑐟𑐶𑐥𑐬𑐶𑐰𑐵𑐬𑐳𑐩𑐸𑐔𑑂𑐔𑐖𑐸𑐫𑐵𑐌𑐔𑑀𑐣𑐵𑐰𑐾𑐮𑐳𑐢𑐬𑑂𑐩𑐔𑐶𑐟𑑂𑐟𑐄𑐟𑑂𑐥𑐟𑐶𑐖𑐸𑐫𑐵𑐌𑐱𑑂𑐬𑐷𑑓𑐳𑑂𑐰𑐫𑑄𑐨𑐸𑐔𑐿𑐟𑑂𑐫𑐫𑐵𑐔𑐟𑐸𑐬𑑂𑐡𑐷𑐐𑐳𑐣𑑂𑐴𑐵𑐥𑐵𑐫𑐵𑐳𑐶𑐡𑑂𑐢𑐵𑐥𑐣𑐶𑐳𑑂𑐫𑐣𑑄𑐥𑑂𑐫𑐐𑑂𑐰
331971d2,𑐢𑐵𑐫𑑅𑑍𑐱𑑂𑐬𑐾𑐫𑑀𑑇𑐳𑑂𑐟𑐸𑑌𑐳𑑂𑐰𑐟𑑗𑑗𑑗𑐖𑐾𑐲𑑂𑐚𑐎𑐺𑐲𑑂𑐞𑑌𑐥𑑄𑐔𑐩𑐷𑐱𑑂𑐬𑐰𑐣𑐣𑐎𑑂𑐲𑐾𑐟𑑂𑐬𑐾𑐂𑐣𑑂𑐡𑑂𑐬𑐫𑑀𑐐𑐾𑐱𑐸𑐎𑐰𑐵𑐳𑐬𑐾𑐠𑑂𑐰𑐎𑐸
38ff6bf5,𑐖𑐶𑐰𑐣𑐳𑐶𑑄𑐴𑐖𑐶𑐟𑐬𑐐𑑀𑐩𑐶𑐳𑐶𑑄𑐴𑐩𑐫𑐵𑐳𑐶𑑄𑐴𑐴𑐬𑐶𑐰𑐵𑐢𑐰
6zzc5778,𑐥𑐹𑐬𑑂𑐞𑐩𑐵𑐱𑐶𑐩𑐑𑐣𑐎𑑂𑐲𑐟𑑂𑐬𑐀𑐟𑐶
449baz28,𑐎𑐵𑐰𑑂𑐫𑐎𑐵𑐲𑐵𑐮𑐒𑑂𑐎𑑂𑐫𑐬𑐵𑐡𑐶𑐳𑐎𑐮𑐱𑐵𑐩𑑂𑐟𑑂𑐬𑐵𑐣𑐸𑐱𑐬𑐞𑐳𑐸𑐐𑐟𑐩𑐟𑐰𑐶𑐣𑐵𑐡𑐶𑐟𑐵𑐣𑑂𑐟𑐲𑑂𑐎𑐬𑐞𑐱𑐶𑐟𑐶𑐎𑑂𑐟𑐞𑑂𑐛
az938d2d,𑐄𑐟𑑂𑐥𑐟𑑂𑐟𑐶𑐖𑐸𑐳𑑂𑐫𑑄𑐣𑑂𑐴𑐵𑐥𑐵𑐫𑐵𑐐𑐸𑐔𑐿𑐟𑑂𑐫𑐖𑐶𑐣𑐖𑐸𑐫𑐵𑐌𑐒𑐐𑐸𑑌𑐩
8z05adzb,𑐨𑐵𑐖𑐹𑑌𑐠𑑂𑐰𑐧𑐾𑐮𑐳𑑍𑐱𑑂𑐬𑐷𑐧𑐣𑐶𑐎𑐵𑐥𑐹𑐬𑐶𑐳𑐠𑑂𑐰𑐡𑐾𑐰𑐮𑐥𑑂𑐬𑐟𑐶𑐲𑑂𑐛𑐵
700b84zb,𑑉𑐀𑐡𑑂𑐫𑑅𑐧𑑂𑐬𑐩𑑂𑐴𑐞𑑀𑐡𑑂𑐢𑐶𑐟𑐷𑐫𑐥𑐬𑐵𑐡𑑂𑐢𑐾𑑍𑐱𑐷𑐫𑐟𑐧𑐬𑐵𑐴𑐵𑐎𑐬𑐥𑐾𑐰𑐿𑐰𑐰𑐱𑑂𑐰𑐟𑐩𑐣𑑂𑐰𑐎𑐬𑐾𑐀𑐲𑑂𑐚𑐵𑐰𑐶𑐱
d08dz2zb,𑐣𑐖𑑀𑐐𑐾𑐳𑐣𑐶𑐔𑐬𑐧𑐵𑐳𑐬𑐾𑑋𑑋𑐧𑐶𑐥𑑂𑐬𑐱𑑂𑐬𑐷𑐧𑐶𑐩𑐮𑐵
d0821a7d,𑐐𑐸𑐞𑐏𑐐𑐱𑐶𑐎𑐵𑐬𑑂𑐟𑐶𑐎𑐾𑐱𑐸𑐎𑑂𑐮𑐥𑐎𑑂𑐲𑐾
07cb6d94,𑐫𑐵𑐒𑐵𑐖𑐸𑐮𑑀𑐱𑐸𑐨𑑌𑐳𑐩𑑂𑐰𑐟𑑘𑑒𑑘𑐦𑐵𑐮𑑂𑐐𑐸𑐞𑐱𑐸𑐡𑐶𑑘𑐩𑐺𑐐𑐱𑐶
574a8994,𑑉𑐣𑐩𑑅𑐱𑑂𑐬𑐷𑑓𑐴𑐾𑐬𑐸𑐎𑐰𑐖𑑂𑐬𑐵𑐫𑑋𑑋𑐰𑐖𑑂𑐬𑐳𑐟𑑂𑐰𑐣𑐩𑐩𑑂𑐟𑐸𑐨𑑂𑐫𑑄𑑍𑐟𑐿
4ad01ba0,𑐣𑐢𑐬𑐢𑐣𑐳𑐶𑐒𑐩𑐴𑐾𑐱𑑂𑐰
0acbbz88,𑐣𑑂𑐟𑐵𑐫𑐵𑐒𑐵𑐰𑐡𑐫𑐎𑐵𑑋𑑋𑐳𑑂𑐠𑐵𑐥𑐣𑐵𑐡𑐶𑐣𑑋𑑋𑐳𑐩𑑂𑐧𑐟𑑂
f3472653,𑐟𑐶𑐔𑐶𑐎𑑄𑐀𑐚𑐣𑐰𑐶𑐒𑐵𑐰𑐥𑑂𑐬𑐟𑐶𑐲𑑂𑐛𑐵𑐫𑐵𑐒𑐵𑐖𑐸𑐮𑑀𑑋𑑋𑐀𑐰𑑂𑐫𑐧𑑂𑐬𑐴𑑂𑐩
9dc6ab83,𑑋𑐫𑐡𑐷𑐫𑐳𑑄𑐦𑐸𑐮𑑂𑐮𑐫𑐱𑑅𑐳𑐬𑑀𑐖𑐾𑐰𑐶𑐫𑐡𑑂𑐰𑐩𑑁𑐨𑐸𑐒𑑂𑐐𑐂𑐰𑐵𑐧𑑂𑐖𑐩𑐢𑑂𑐫𑐾𑐣𑐷𑐟𑐶𑐖𑑂𑐘𑑀𑐡𑐬𑐳𑐶𑑄𑐴𑐩𑐮𑑂𑐮𑐟𑐣𑐫𑑅𑐱𑑂𑐬𑐷𑐰𑐶𑐲𑑂𑐞𑐸𑐩𑐮𑑂𑐮𑑅
920c6370,𑐎𑐬𑑂𑐲𑑓𑐣𑐶𑐩𑐾𑐡𑐶𑐧𑐸𑐮𑑀𑑑𑐠𑑂𑐰𑐟𑐾𑐫𑐵𑐧𑐮𑐳𑐵𑐣𑐣𑐴𑑄𑐣𑐎𑐵𑐬𑑂𑐟𑑂𑐟𑐶𑐎𑐣
962c6dad,𑐫𑐞𑐳𑐴𑐶𑐟𑑄𑐱𑑂𑐬𑐷𑐐𑑀𑐥𑐵𑐮𑐾𑐱𑑂𑐰𑐬𑐳𑑂𑐠𑐵𑐥𑐣𑐵𑐫𑐵
ff3z1d2a,𑐬𑑂𑐖𑑂𑐫𑐵𑐬𑐵𑐩𑐵𑐫𑐵𑑅𑐎𑐣𑑂𑐫𑐳𑑂𑐟𑐨𑐵𑐬𑑂𑐖𑑂𑐫𑐵𑐬𑐟𑑂𑐣𑐡𑐾𑐰𑐶𑑅𑐩𑑀𑐟𑐶
2122d799,𑑊𑐳𑑂𑐰𑐳𑑂𑐟𑐶𑐱𑑂𑐬𑐶𑐫𑑀𑐳𑑂𑐟𑐸𑑋𑑋𑐥𑐎𑑂𑐲𑐵𑐡𑑂𑐬𑐶
c12z9f00,𑐟𑑂𑐫𑐴𑐵𑑍𑐥𑐵𑐥𑐵𑐣𑐶𑐫𑐵𑐣𑑂𑐟𑐶𑐰𑐶𑐮𑐫𑑄𑐥𑐹𑐞𑑂𑐫𑑄𑐨𑐰𑐣𑐶𑐔𑐵𑐳𑐵𑐎𑐠𑑄𑐟𑐸𑐮𑐳𑐷𑐮𑑀𑐎𑐾
fc3c7bd1,𑐬𑐖𑐸𑐫𑐩𑐵𑐮𑐠𑑂𑐰𑐏𑑄𑐧𑐵𑐳𑑂𑐫𑑄𑐎𑐸𑐳𑐵𑑌
z7d745z3,𑐧𑐖𑑂𑐬𑐵𑐬𑑂𑐫𑐵𑐥𑑂𑐥𑐴𑐰𑐿𑑌𑑑𑑌𑐢𑐬𑑂𑐩𑐔𑐶𑐟𑑂𑐟𑐿
3656150d,𑑊𑑉𑐀𑐡𑑂𑐫𑐱𑑂𑐰𑐫𑐟𑐧𑐵𑐮𑐵𑐖𑑂𑐘𑐵𑐎𑐮𑑂𑐥𑐾𑐧𑐰𑐱𑑂𑐰𑐟𑐩𑐣𑑀𑑄𑐟𑐬𑑍𑐎𑐮𑐶𑐐𑐸𑐖𑐸𑐐𑐨
c59f5c09,𑐫𑐵𑐲𑐸𑐣𑐣𑐖𑑀𑐖𑐩𑐵𑐣𑐳𑑂𑐫𑐁𑐫𑐸𑐁𑐬𑑀𑐐𑑂𑐫𑑍𑐖𑐣𑐢𑐣𑐰𑐺𑐡𑑂𑐢𑐶𑐬𑐳𑑂𑐟𑐸𑑋𑑋𑐂𑐴𑑀𑐬𑑀𑐎𑐾𑐳𑐸𑐲
8cbc1cf9,𑐣𑑂𑐡𑑂𑐬𑐩𑑁𑐮𑐶𑐩𑐸𑐎𑐸𑐚𑐵𑐟𑑂‌𑐳𑐬𑑂𑐰𑑂𑐰𑐵𑐬𑑂𑐠𑐔𑐶𑐣𑑂𑐟𑐵𑐩𑐞𑐾𑐳𑐵𑐎𑑂𑐲𑑂𑐫𑐵𑐔𑑂𑐕𑐷𑐖𑐐𑐡𑐷𑐱𑑂𑐰𑐬𑑀𑐣𑐺𑐥𑐰𑐥𑐸𑑅𑐱𑑂𑐬𑐷𑐰𑐶𑐲𑑂𑐞𑐸𑐳𑐴𑑀𑑇𑐖𑐣𑐶𑑋𑐡𑐺𑐲𑑂𑐚𑐵𑐣𑑂𑐡𑐞𑑂𑐜𑐫𑐶𑐟𑐸𑑄𑐡𑑂𑐰𑐶𑐲𑑀
c2bbzd30,𑐫𑐵𑐫𑑍𑐦𑑄𑑕𑑐𑐳𑐨𑐸𑑄𑑍𑐥𑐵𑐣𑐧𑐶𑐫𑑍𑐨𑐹𑑄𑑑𑑐𑐳𑐧𑐸𑑄𑐮𑐵𑐴𑐵𑐟𑐶𑐣𑐧𑐶𑐫𑐎𑐸𑑓𑐩𑑂𑐰𑐵𑐟𑑍𑐎𑐸𑑒𑐮
z0498056,𑐬𑐶𑐡𑑂𑐬𑐫𑐵𑐬𑑂𑐞𑑂𑐞𑐰𑐩𑐐𑑂𑐣𑐰𑐶𑐥𑑂𑐬𑐣𑐶𑐔𑐫𑑀𑐡𑑂𑐢𑐵𑐬𑐎𑐣𑑁𑐎𑐵𑐰𑐴𑑀𑐰𑐷𑐞𑐵𑐰𑐵𑐡𑐣𑐣𑐶𑐬𑑂𑐖𑐶𑐟𑐵𑐩𑐬𑐩𑐸𑐣𑐷𑐬𑐸𑐡𑑂𑐬𑐾𑐣𑑂𑐡𑑂𑐬𑐩𑐮𑑂𑐮𑐵𑐴𑑂𑐰𑐫𑑅𑑌
915b84zd,𑐫𑑀𑐐𑐾𑐫𑐠𑐵𑐎𑐬𑐞𑐩𑐺𑐴𑐹𑐬𑑂𑐟𑑂𑐟𑐎𑐾𑐁𑐡𑐶𑐟𑑂𑐫𑐰𑐵𑐳𑐬𑐾𑐰𑐺𑐲𑐬𑐵𑐱𑐶𑐐𑐟𑐾𑐳
b31544f9,𑐔𑑄𑐔𑐟𑑂𑐎𑑀𑐚𑐶𑐟𑐬𑑄𑐐𑐶𑐞𑐷𑐩𑐞𑐶𑐩𑐟𑐷𑐳𑑄𑐐𑐩𑑂𑐫𑐳𑑄𑐰𑐵𑐴𑐶𑐣𑐷𑑍𑐳𑐾𑐫𑑄𑐧𑑂𑐬𑐴𑑂𑐩𑐳𑐬𑐳𑑂𑐰𑐟𑐷𑐰𑐶𑐖𑐫𑐟𑐾𑐐𑑀𑐒𑑂𑐐𑑀𑐥𑐩𑐵𑐰𑐵𑐐𑑂𑐩𑐟𑐷𑑌
5b292d4b,𑐥𑐱𑑂𑐰𑑍𑐳𑑄𑐑𑑂𑐮𑐥𑑂𑐬𑐰𑐟𑐳𑑂𑐫𑑍𑐳𑐣𑐶𑐡𑑂𑐫𑐾𑑍𑐳𑐩𑐸𑐬𑐵𑐎𑐵𑐬𑑂𑐫𑐩𑐣𑐞𑑂𑐜𑐬𑑂𑐫𑑍𑐄𑐥𑐕𑐡𑑀𑐴
c0f06b36,𑐩𑑂𑐫𑐾𑐳𑐒𑑂𑐎𑐬𑑂𑐲𑐞𑑄𑐥𑑂𑐬𑐨𑐸𑑄𑑋𑐥𑑂𑐬𑐡𑑂𑐫𑐸𑐩𑑂𑐣𑑄𑐥𑐱𑑂𑐔𑐶𑐩𑐡𑑂𑐰𑐵𑐬𑐶𑐎𑑁𑐰𑐾𑐫𑐸𑐫𑑂‌𑐬𑑂𑐫𑐵𑐩𑐣𑐶𑐬𑐸𑐡𑑂𑐢𑑄𑐎𑑌𑐩𑐢𑑂𑐫𑐾𑐣𑐵𑐬𑐵𑐫𑐞𑐬𑐹𑐥𑑄𑑍𑐥𑐬𑑄𑐧𑑂𑐬𑐴𑑂𑐩𑐳𑑂𑐰
b667c0b4,𑐳𑐵𑐳𑐸𑐡𑐺𑐲𑑂𑐚𑐶𑐖𑐸𑐮𑐱𑐸𑐨𑑄𑐳𑑄𑐰𑐟𑑙𑑕𑑕
96451fbd,𑐎𑐺𑐟𑐳𑑂𑐩𑐿𑐳𑑂𑐟𑐸𑐧𑐵𑐫𑐵𑐧𑑂𑐫𑐰𑐾𑐣𑐩𑑅𑑌𑐱𑐸𑐨𑐳𑑄𑐰𑐟𑑘𑑙𑑙𑐩𑐵𑐬𑑂𑐐𑐱𑐶
57bd2b6d,𑐖𑐸𑐫𑐵𑐌𑐀𑐧𑐸𑐖𑐸𑐩𑐵𑐩𑐣𑐶𑐩𑑂𑐴𑐳𑐫𑐵𑐣𑐵𑐩𑐣𑐱𑑂𑐬𑐷𑑓𑐧𑐖𑑂𑐬
19zb6632,𑐳𑑄𑐰𑐟𑑂𑑘𑑒𑑑𑐔𑐟𑑂𑐬𑐩𑐵𑐳𑐱𑐸𑐎𑑂𑐮𑐥𑐎𑑂𑐲𑐲𑐲𑑂𑐛𑐷𑐧𑐺𑐴𑐳𑑂𑐥𑐟𑐶𑐧𑐵𑐬𑑍𑐠𑑂𑐰𑐎𑐸𑐣𑑂𑐴𑐸𑐳𑑄𑐐𑐷𑐟𑐵𑐬𑑂𑐞𑑂𑐞𑐰𑐥𑐵𑐬𑐐
4375096c,𑐨𑐵𑐣𑐷𑐮𑐥𑐡𑑂𑐩𑐘𑐩𑐸𑐞𑑂𑐜𑑄𑑍𑐎𑐬𑐵𑐩𑑂𑐨𑑀𑐬𑐸𑐴𑐣𑐵𑐰𑐴𑐣𑑂𑐟𑐷𑑄𑐳𑑂𑐩𑐶𑐟𑐵𑐳𑑂𑐫𑐵𑑄𑑋𑐣𑐩𑐳𑑂𑐫𑐵𑑄𑐰𑐶𑐬𑑄𑐔𑐷𑐣𑑂𑐡𑑂𑐬𑐰𑐺𑐣𑑂𑐡𑐵𑐬𑐎𑑁𑐰𑑍𑐬
c7fdz47b,𑐐𑐖𑐴𑐬𑐶𑐞𑐵𑐰𑐶𑐲𑑂𑐞𑐸𑐩𑐮𑑂𑐮𑐾𑐣𑐬𑐵𑐖𑑂𑐘𑐵𑑋𑐩𑑀𑐎𑑂𑐲𑐵𑐬𑑂𑐠𑐾𑐰𑐎𑐺𑐟𑐵𑐳𑐵𑐣𑐶𑐖𑐎𑐸𑐮𑐩𑐞𑐶𑐣𑐵𑐢𑐬𑑂𑐩𑑂𑐩𑐔𑐶𑐟𑐾𑐣𑐬𑐩𑑂𑐫𑐵𑐡𑑂𑐬𑐲𑑂𑐚𑐸𑑄𑐰𑐳𑑂𑐟𑐸𑑄𑐔𑐫𑑀𑐐𑑂𑐫𑐵𑐖𑐐𑐟𑐶𑐣𑐶𑐬𑐹𑐥𑐩𑐵𑐣𑐾
4fz9714f,𑐳𑑂𑐠𑐵𑐥𑐣𑐵𑐫𑐵𑐒𑐵𑐖𑐸𑐬𑑀𑑋𑑋𑐨𑐵𑐏𑐵𑐠𑑂𑐰𑐒𑐸𑐬𑐾𑐳𑐸𑐣𑐵𑐣𑑄𑑍𑐳𑐾𑐣𑐎𑐰𑐳𑐵𑑍𑐳𑐶𑑄𑐕𑐾𑐟𑑂𑐰𑐵𑐎𑐱𑑂𑐰𑐟
55zzc3a4,𑐥𑑄𑐔𑐩𑐶𑐥𑐸𑐲𑐾𑐣𑐎𑑂𑐲𑐟𑑂𑐬𑐳𑐸𑐎𑑂𑐮𑐧𑐵𑐬𑐎𑐸𑐣𑑂𑐴𑐸𑐱𑑂𑐬𑐷𑑓𑐨𑐶𑐩𑐳𑐾𑐣𑐫𑐵
585z301f,𑑊𑑉𑐣𑐩𑑀𑐩𑐣𑐰𑐶𑐞𑐵𑐫𑐎𑐵𑐫𑑌𑐲𑐣𑑂𑐩𑐹𑐏𑐵𑐫𑐣𑐩𑐳𑑂𑐟𑐸𑐨𑐵𑑄𑐲𑐚𑑂𑐨𑐸𑐖𑐵𑐫
d06d89z1,𑐩𑑂𑐨𑐫𑑀𑐐𑐾𑑌𑐱𑑂𑐰𑐩𑐧𑐵𑐳𑐬𑐾𑑌𑐫𑐠𑐵𑐎𑐬𑐞𑐩𑐸𑐴𑐸𑐬𑑂𑐟𑑂𑐟𑐾𑑌𑐩𑐾𑐏𑐬𑐵𑐳𑐶𑐐𑐟𑐾𑐳𑐵𑐰𑐿𑐟𑐬𑐶𑑌𑐧𑐺
b30262bb,𑐎𑐺𑐲𑑂𑐞𑑍𑐥𑐸𑐟𑑂𑐬𑐖𑐐𑑂𑐟𑐣𑐵𑐬𑐵𑑄𑐥𑐸𑐟𑑂𑐬𑐬𑐵𑐩𑐣𑐵𑐬𑐵𑑄𑐥𑐸𑐟𑑂𑐬𑐬𑐵
f568a7d9,𑐴𑐵𑐄𑐖𑑀𑐐𑐶𑑌𑐠𑑂𑐰𑐟𑐾𑐖𑐶𑐩𑐔𑑂𑐫𑐵𑐩𑑂𑐴𑐨𑑀𑐩𑐸𑐒𑐵𑐰𑐖𑐶𑐬𑑂𑐞𑑂𑐞𑑀𑐡𑑂𑐢𑐵𑐬𑐫𑐵𑐒𑐣𑐁𑐰𑐣𑐔𑐶𑐒𑐵
z4992z4c,𑐱𑐢𑑂𑐰𑐖𑐵𑐰𑐬𑑀𑐴𑐣𑐫𑐵𑐒𑐣𑐥𑑂𑐬𑐟𑐶𑐲𑑂𑐛𑐵𑐫𑐵𑐒𑐵𑐡𑐶𑐣𑐖𑐸𑐬𑑀𑑌𑐱𑐸𑐨𑐩𑐳𑑂𑐟𑐸𑑌𑐳𑐬𑑂𑐰𑑂𑐰𑐡𑐵𑑌
d3c50f44,𑐂𑐣𑐵𑐫𑐎𑑀𑐡𑐾𑐰𑐳𑑂𑐎𑑄𑐥𑐸𑐖𑐵𑐫𑐵𑐫𑑍𑐖𑐸𑑑𑐥𑐸𑐖𑐵𑑍𑐥𑐵𑑒𑐱𑑂𑐰𑐐𑑄𑐢𑑁𑑍𑐐𑑂𑐰𑑑𑐏𑐾𑐖𑐱𑑂𑐬𑐷
99f3178f,𑐡𑐶𑐣𑐾𑐮𑑀𑐎𑐣𑐵𑐠𑐾𑐏𑐬𑐵𑐐𑑂𑐬𑐿𑑌𑐫𑐵𑐱𑑂𑐬𑐷
b78z6866,𑐣𑑂𑐟𑐵𑐫𑐵𑐒𑐵𑐰𑐡𑐫𑐎𑐵𑑋𑑋𑐳𑑂𑐠𑐵𑐥𑐣𑐵𑐡𑐶𑐣𑑋𑑋𑐳𑐩𑑂𑐧𑐟𑑂
020ba486,𑐀𑐩𑐱𑑁𑑌𑐀𑐡𑑂𑐫𑐦𑐵𑐮𑑂𑐐𑐸𑐞𑐩𑐵𑐳𑐾𑐱𑐸𑐎𑑂𑐮𑐥𑐎𑑂𑐲𑐾𑐀𑐲𑑂𑐚𑐩𑑂𑐫𑐵𑐣𑑂𑐟𑐶𑐠𑑁𑐩𑐺
04a43801,𑐧𑐨𑐹𑐟𑐳𑑂𑐰𑐖𑐣𑐳𑐴𑐶𑐟𑐵𑐣𑑂𑐳𑐬𑑂𑐰𑐳𑐟𑑂𑐰𑐵
z92580b0,𑐔𑐸𑑒𑐠𑐸𑐮𑐶𑐌𑐮𑐳𑐵𑐣𑐞𑐡𑐸𑐠𑐾𑑍𑐳𑐾𑐐𑐸𑐳𑐟𑐶𑐳𑐵𑐔𑐶𑐣𑑂𑐣𑐵𑐮𑐫𑐵𑐫𑐧𑐵𑐟𑐮𑐳𑐔𑐿𑐟𑑂𑐫𑐫𑐵𑐧𑐸𑐳𑐵𑐢
db4df839,𑐰𑐡𑐵𑐬𑐶𑐞𑐷𑐥𑐬𑐶𑐮𑐳𑐟𑑂𑐥𑐬𑐷𑐣𑑂𑐡𑑂𑐬𑐳𑐘𑑂𑐔𑐵𑐬𑐶𑐞𑐷𑐥𑑂𑐬𑑀𑐡𑑂𑐫𑐟𑑂𑐥𑐣𑑂𑐣𑐐𑐢𑐵𑐬𑐶𑐞𑐷𑐰𑐶𑐢𑐸𑐎𑐮𑐵
5509b274,𑐫𑐵𑐫𑑌𑐩𑐴𑐧𑐮𑑀𑐖𑑂𑐘𑐵𑐣𑐳𑐩𑐵𑐢𑐶𑐡𑐣𑑂𑐟𑑀𑐫𑑅𑐥𑐣𑑂𑐖𑐬𑑄𑐖𑐣𑑂𑐩𑐩𑐫𑑄𑐰𑐶𑐡𑐵𑐬𑑂𑐫𑐰𑐶𑐰𑐾𑐱𑐣𑐶
zz8z06dd,𑐴𑐬𑑂𑐲𑐳𑑀𑐨𑐵𑐥𑑁𑐟𑑂𑐬𑐴𑐶𑐬𑐵𑐎𑐺𑐲𑑂𑐞𑐴𑐶𑐬𑐵𑐬𑐟𑑂𑐣𑐠𑐸𑐟𑐶𑐥𑐬𑐶𑐰𑐵𑐬𑐳𑐩𑐸𑐔𑑂𑐔𑐖𑐸𑐫𑐵𑐌𑐔𑑀𑐣𑐵𑐰𑐾𑐮𑐳𑐢𑐬𑑂𑐩𑐔𑐶𑐟𑑂𑐟𑐄𑐟𑑂𑐥𑐟𑐶𑐖𑐸𑐫𑐵𑐌𑐱𑑂𑐬𑐷𑑓𑐳𑑂𑐰𑐫𑑄𑐨𑐸𑐔𑐿𑐟𑑂𑐫𑐫𑐵𑐔𑐟𑐸𑐬𑑂𑐡𑐷𑐐𑐳𑐣𑑂𑐴𑐵𑐥𑐵𑐫𑐵𑐳𑐶𑐡𑑂𑐢𑐵𑐥𑐣𑐶𑐳𑑂𑐫𑐣𑑄𑐥𑑂𑐫𑐐𑑂𑐰
cb1f0dzf,𑐞𑑀𑐡𑑂𑐰𑐶𑐟𑐷𑐫𑐥𑐬𑐵𑐬𑑂𑐡𑑂𑐰𑐟𑑂𑐫𑐵𑐡𑐶𑑋𑑋𑐀𑐡𑑂𑐫𑐖𑑂𑐫𑐾𑐲𑑂𑐛𑐩𑐵𑐳𑐾𑐎𑐺𑐲𑑂𑐞𑐥𑐎𑑂𑐲𑐾𑐣𑐰𑐩𑐷𑐥
193b21dd,𑐮𑑀𑐨𑐫𑐵𑐣𑐵𑐎𑐵𑐳𑐵𑑄𑐥𑑄𑐔𑐩𑐴𑐵𑐥𑐵𑐥
6732za45,𑐠𑑂𑐰𑐟𑐾𑐄𑐥𑐔𑐵𑐬𑐡𑐫𑐎𑑄𑐎𑐵𑐬𑑂𑐟𑑂𑐟𑐶𑐎𑐮𑐕𑐶𑑄𑐥𑐹𑐖𑐵𑐫𑐵𑐫𑐩𑐵𑐮𑑌𑑌𑐁𑐱𑑂𑐰𑐶𑐞𑐷𑐱𑐸𑐎𑑂𑐮𑐥𑐹𑐬𑑂𑐞𑐶𑐩𑐵𑐎
676d3da5,𑐥𑐡𑐵𑐥𑐹𑐬𑑂𑐞𑐩𑐵𑐳𑐷𑐱𑑂𑐬𑐵𑐰𑐞𑐎𑐺𑐲𑑂𑐞𑐀𑐲𑑂𑐚𑐩𑐷𑐠𑑂𑐰𑐥𑑂𑐫𑑄𑐑𑐵𑐟𑐣𑑄𑐣𑑂𑐴𑐶𑐣𑐔𑐾𑐎𑐣𑐦𑑄𑑑𑐔𑐵𑐎𑑂𑐬𑐩𑐟𑐕𑑀𑐫
c9adf7a2,𑐎𑐸𑐣𑑂𑐴𑐸𑐱𑑂𑐬𑐷𑑒𑐎𑐺𑐲𑑂𑐞𑐵𑐰𑐶𑐲𑑂𑐞𑐸
32d0a88d,𑐬𑐶𑐴𑐬𑐴𑐬𑐴𑐬𑑂𑐩𑑂𑐫𑐴𑐬𑐰𑐵𑐴𑐣𑐨𑐬𑐴𑐬𑐶𑐞𑐵𑐎𑑂𑐲𑐷𑐴𑐵𑐳𑐴𑐷𑐬𑐎𑐴𑐶𑐞𑑂𑐜𑐷𑐬𑐥𑐶𑐞𑑂𑐜𑐴𑐮𑐢𑐬𑐢𑐰𑐮
731aaf00,𑐬𑐵𑐩𑐬𑐔𑑄𑐣𑑂𑐡𑑂𑐬𑐨𑐵𑐬𑑀𑑍𑐀𑐣𑑂𑐟𑐳𑐶𑑄𑐒𑐨𑐵𑐬𑑀
bf2fd693,𑐩𑐟𑑂𑐫𑐵𑐥𑐹𑐬𑑂𑐰𑑂𑐰𑐎𑐸𑐬𑐾𑐱𑑂𑐬𑐷𑐩𑐎𑐵𑐣𑑂𑐟𑐶𑐥𑐸𑐮𑐶𑐩𑐵𑐴𑐵𑐣𑐐𑐬𑐾𑐱𑑂𑐬𑐷𑑒𑐫𑐩𑐩𑐬𑐾𑐱𑑂𑐰𑐬𑐨𑐚𑑂𑐚𑐵𑐬𑐎
5cf29ff2,𑐥𑑂𑐬𑐔𑐫𑐥𑐸𑐞𑑂𑐜𑐬𑐷𑐎𑐣𑐫𑐣𑐱𑐫𑐣𑐳𑐥𑑂𑐬𑐔𑐞𑑂𑐜𑐨𑐵𑐣𑐸𑐡𑐫𑐴𑐶𑐩𑐨𑐵𑐣𑐸𑐩𑐞𑑂𑐜𑐮𑐴𑐳𑐴𑐶𑐩𑐴𑐶𑐩𑐐𑐶
7608d5c9,𑐫𑐵𑐒𑐵𑐰𑐥𑑂𑐬𑐟𑐶𑐲𑑂𑐛𑐵𑐫𑐵𑐒𑐧𑐶𑐧𑐖𑑂𑐫𑐫𑐎𑑌𑐩𑐴𑐵𑐬𑐵𑐖𑐵𑐫𑐵𑐁𑐖𑑂𑐘𑐵𑐣𑐳𑑂𑐰𑐠𑐫𑐵𑐱𑐶𑐰𑐴𑐬𑐶𑐫𑐵𑐥𑐸𑐟𑑂𑐬𑐢𑑀
8531c498,𑐀𑐱𑑂𑐮𑐥𑐵𑐣𑐎𑑂𑐲𑐟𑑂𑐟𑑅𑐱𑐸𑐨𑐫𑑀𑐐𑐾𑑅𑐧𑐾𑐳𑐥𑐟𑐶𑐧𑐵𑐳𑐬𑐾𑑅
8dd959z7,𑐴𑑀𑐔𑑂𑐔𑐱𑐶𑐏𑐬𑑀𑐩𑐵𑐮𑐵𑐫𑐟𑐾𑐖𑐵𑐣𑑂𑐴𑐰𑐷𑑋𑐥𑐹𑐬𑑂𑐞𑐾𑐡𑐸𑑅𑐎𑐮𑐱𑐵𑐫𑐟𑐾𑐡𑐶𑐩𑐞𑐶𑐱𑑂𑐰𑐎𑐵𑐫𑐟𑐾𑐳𑐬𑑂𑐰𑑂𑐰𑐡𑐵𑑋𑐫𑐟𑑂𑐬𑐵𑐫𑑄𑐣𑐰𑐣𑐷𑐮
4a5f5f67,𑐮𑐶𑐟𑐥𑑂𑐬𑑀𑐡𑑂𑐫𑐣𑑂𑐩𑑀𑐴𑐢𑐣𑐵𑐣𑑂𑐢𑐎𑐵𑐬𑐥𑐚𑐮𑐥𑑂𑐬𑐰𑑂𑐫𑐎𑑂𑐟𑐧𑑀𑐢𑑀𑐡𑐫𑑅𑑋𑐱𑐵𑐣𑑂𑐟𑐎𑑂𑐮𑐵𑐣𑑂𑐟𑐥𑐬𑐵𑐨𑐰𑐵𑐫𑐟𑐢𑐬𑐵
2cbd7854,𑐡𑐷𑐰𑑂𑐫𑐩𑐚𑐣𑐬𑐰𑐶𑐎𑐸𑐮𑐟𑐶𑐮𑐎𑐴𑐣𑐸𑐩𑐢𑑂𑐰𑐖𑐣𑐾𑐥𑐵𑐮𑐾𑐱𑑂𑐰𑐬𑐩𑐴𑐵𑐬𑐵𑐖𑐵𑐢𑐶𑐬𑐵𑐖𑐨𑐸𑐥𑐎𑐾
97cf00d3,𑐮𑐳𑐖𑐮𑐢𑐸𑐣𑐶𑐳𑑂𑐠𑐵𑐥𑐣𑐵
z587a22c,𑐬𑐫𑑄𑐣𑐵𑐬𑐵𑐫𑐞𑐥𑑂𑐬𑐷𑐟𑐫𑐾𑐣𑐾𑐎𑐳𑑂𑐰𑐬𑑂𑐞𑐑𑐚𑐬𑑂𑐰𑑂𑐰𑐶𑐨𑐹𑐲𑐶𑐟𑐱𑐶𑐏𑑀𑐴𑐺𑐡𑑂𑐫𑑀𑐫𑐫𑐵𑐎𑐵𑐬𑐶𑐟𑑅𑑌𑐫𑐳𑑂𑐫𑐵𑐱𑑂𑐔𑐵
aa8b1bc3,𑐔𑐸𑑒𑐠𑐸𑐮𑐶𑐌𑐮𑐳𑐵𑐣𑐞𑐡𑐸𑐠𑐾𑑍𑐳𑐾𑐐𑐸𑐳𑐟𑐶𑐳𑐵𑐔𑐶𑐣𑑂𑐣𑐵𑐮𑐫𑐵𑐫𑐧𑐵𑐟𑐮𑐳𑐔𑐿𑐟𑑂𑐫𑐫𑐵𑐧𑐸𑐳𑐵𑐢
0a4a8bc5,𑐱𑐸𑐨𑐳𑐳𑐩𑑂𑐰𑐟𑑑𑑐𑑔𑑒𑑅𑐩𑑂𑐟𑐶𑐨𑐵𑐡𑑂𑐬𑐧𑐩𑐵𑐳𑑂𑐫𑐱𑐸𑐎𑑂𑐬𑐥𑐎𑑂𑐲𑐥𑑂𑐬𑐟𑐷𑐥𑑂𑐬
a905ca0c,𑐑𑐶𑐬𑐵𑐖𑐩𑐾𑐣𑑋𑑋𑐟𑐳𑑂𑐩𑐶𑐣𑑂𑐡𑐶𑐣𑐾𑐎𑐵𑐱𑑂𑐫𑐥𑐖
c95b34f1,𑐮𑐱𑑂𑐬𑐷𑐬𑑂𑐮𑑂𑐮𑐖𑑂𑐖𑐵𑐰𑐟𑐷𑐥𑐸𑐞𑑂𑐫𑐩𑐟𑐷𑐟𑐶𑐣𑐵𑐩𑑂𑐣𑐵𑑋𑐎𑐸𑐩𑐵𑐬𑐨𑐵𑐟𑐾𑐰𑐔𑐩𑐾𑐣𑐎𑐵𑐫𑐵𑑅𑐳𑐸𑐟𑐵𑐳𑐸𑐱𑐷𑐮𑐵𑐳𑐸𑐩𑐟𑐶𑑅𑐳𑐸𑐰𑐞𑐷𑑌𑐥𑐸𑐞𑑂𑐫
7143fz8b,𑐫𑐵𑐲𑐸𑐣𑐣𑐖𑑀𑐖𑐩𑐵𑐣𑐳𑑂𑐫𑐁𑐫𑐸𑐁𑐬𑑀𑐐𑑂𑐫𑑍𑐖𑐣𑐢𑐣𑐰𑐺𑐡𑑂𑐢𑐶𑐬𑐳𑑂𑐟𑐸𑑋𑑋𑐂𑐴𑑀𑐬𑑀𑐎𑐾𑐳𑐸𑐲
11az6467,𑐳𑐥𑐸𑐬𑐵𑐨𑐵𑐬𑐶𑐳𑐰𑐰𑐵𑐐𑑀𑐥𑐵𑐮𑐬𑐵𑐩𑐩𑐵𑐩𑐢𑑄
77809fcd,𑐩𑐨𑐵𑐬𑑂𑐫𑑂𑐫𑐵𑐫𑐵𑑄𑑍𑐥𑑂𑐬𑐠𑐩𑐥𑐸𑐟𑑂𑐬𑑍𑐢𑐣𑐳𑐶𑑄𑐴𑐀𑐳𑑂𑐫𑐥𑐟𑑂𑐣𑐷𑐩𑐣𑑀𑐢𑐬𑐷𑐟𑐳𑑂𑐫𑐵𑐟𑑂𑐩𑐖𑐰𑐖𑐵𑐔𑐵𑐬𑑂𑐫𑑂𑐫𑑍𑐱𑑂𑐬𑐷𑐥
9c8df406,𑐴𑑍𑐡𑐠𑐸𑐮𑐵𑐕𑐾𑐥𑐵𑐟𑑂𑐬𑐰𑐱𑐬𑐵𑐰𑐟𑐎𑐵𑐱𑐶𑐬𑐵𑐖𑐨𑐵𑐬𑑀𑐡𑐢𑐰𑐵𑐴𑐵𑐬𑐥𑐵𑐟𑑂𑐬𑐰𑑄𑐱𑐬𑐵𑐰𑐸𑐟𑑂𑐟𑐩𑐫𑐵𑐳𑐶𑑄𑐴𑐨𑐵𑐬𑑀𑑍𑐣𑐎𑐧𑐵𑐴𑐬𑐰𑐶
zf7fc3zb,𑐱𑑂𑐬𑐷𑐱𑐵𑑑𑑘𑑓𑑒𑐱𑑂𑐬𑐷𑐰𑐶𑑑𑑙𑑖𑑗𑐱𑑂𑐬𑐷
7c49a630,𑐣𑐵𑐣𑐵𑐬𑐸𑐥𑐖𑐶𑐣𑐾𑐣𑑂𑐡𑑂𑐬𑑄𑐟𑐶𑐩𑐶𑐬𑐨𑐫𑐥𑐴𑐬𑐣𑐶𑐬𑑂𑐩𑐶𑐥𑑂𑐟𑑄
972c71a6,𑐮𑐶𑐟𑐎𑐣𑑂𑐡𑐬𑑂𑐑𑐲𑐬𑑂𑐫𑑂𑐫𑐱𑐵𑐣𑑂𑐟𑐶𑐖𑑂𑐘𑐵𑐣𑐖𑐣𑐶𑐟𑐳𑐸𑐬𑐐𑐸𑐬𑐸𑐨𑑂𑐬𑐵𑐣𑑂𑐟𑐶𑑋𑐱𑑂𑐬𑐷𑐖𑐟𑑂𑐩𑐷𑐱𑐔𑐬𑐞𑐳𑑂𑐩𑐬𑐞𑐱𑐩𑐶𑐟𑐎𑐾
2z5dz426,𑐞𑑂𑐜𑐿𑐳𑐟𑐶𑐮𑐵𑐎𑑂𑐲𑐟𑑄𑐔𑐳𑐫𑐧𑑄𑐳𑐶𑐣𑑂𑐡𑐹𑐬𑐥𑑄𑐔𑐵𑐩𑐺𑐟𑑄𑑋𑐢𑐹𑐥𑑄𑐡𑐷𑐥𑑄𑐳𑐵𑐫𑑄𑐥𑐹𑐣
737fda16,𑐱𑑂𑐬𑐷𑑓
c851f47d,𑐧𑐱𑑂𑐰𑐟𑐩𑐟𑑂𑐰𑐣𑑂𑐟𑐬𑐾𑐀𑐲𑑂𑐚𑐵𑐧𑐶𑐱𑐟𑐶𑐟𑐩𑐾𑐔𑐟𑐸𑐬𑑂𑐫𑐸𑐐𑐟𑑂𑐫𑐎𑐮𑐾𑑅𑐥𑑂𑐬𑐠𑐩𑐥𑐵𑐡𑐾𑐨𑐣𑐟
3171a2bc,𑑌𑑒𑑌𑐣𑐰𑐩𑑂𑐫𑐵𑑄𑐥𑐺𑐞𑑂𑐫𑐟𑐶𑐠𑑁𑐖𑑂𑐫𑐟𑐶𑐱𑐸𑐨𑐱𑐸
bb72645b,𑐰𑐮𑐳𑐵𑐞𑑄𑐣𑐡𑐰𑐠𑑂𑐫𑑄𑐔𑐐𑐸𑐬𑐵𑐠𑑂𑐰𑐎𑑍𑐔𑐠𑐵𑐎𑐎𑐸𑐣𑑂𑐴𑐸𑐧𑐸𑐳𑐵𑐢𑐣𑐫𑐵𑐫𑐩𑐵𑐬𑑍𑐨𑐵𑐲𑐵𑐮𑐳𑐕𑐥𑑀𑐬𑐥𑐹𑐬𑑂𑐞𑑂𑐞𑐩𑐵𑐳𑐶𑐎𑐸
46d2f0fc,𑐥𑐸𑐞𑑂𑐫𑐣𑐰𑐎𑐸𑐞𑑂𑐛𑐥𑑂𑐬𑐵𑐥𑑂𑐟𑐶𑐖𑐸𑐫𑐩𑐵𑐮𑑌
4z12a34a,𑐫𑐵𑐣𑐵𑑅𑐥𑑂𑐬𑐟𑐶𑐳𑑂𑐠𑐵𑐳𑑄𑐥𑐸𑐬𑑂𑐞𑑂𑐞𑐫𑐵𑐣𑐵𑐡𑐷𑐣𑐖𑐸𑐮𑑅𑐱𑐸𑐨𑑄𑑅𑑌
2ab67ba2,𑐌𑐧𑐮𑐚𑑀𑐮𑐾𑐎𑐸𑐎𑑂𑐲𑐾𑐫𑐵𑐧𑑄𑐱𑐱𑐵𑐎𑑂𑐫𑐨𑐶𑐎𑑂𑐲𑐸𑑌𑐢
0f723806,𑐧𑐖𑑂𑐬𑐵𑐬𑑂𑐫𑐵𑐥𑑂𑐥𑐴𑐰𑐿𑑌𑑑𑑌𑐢𑐬𑑂𑐩𑐔𑐶𑐟𑑂𑐟𑐿
38z876f8,𑐳𑐹𑐬𑑂𑐫𑑂𑐫𑐵𑐫𑐠𑐵𑐬𑐵𑐖𑐟𑐾𑑌𑐟𑐳𑑂𑐫𑐥𑐟𑑂𑐣𑐷𑐟𑐸𑐰𑐶𑐏𑑂𑐫𑐵𑐟𑐵𑑍𑐔𑐣𑑂𑐡𑑂𑐬𑐮𑐎𑑂𑐲𑑂𑐩𑐷𑑅𑐳𑐸𑐮𑐎𑑂𑐲𑐞𑐵𑑋𑐔𑐵𑐬𑐸𑐔𑐶𑐟𑑂𑐬𑐵𑐥𑑂𑐬𑐨𑑀𑐎𑑂𑐟𑐵𑐔𑐣𑑂𑐡𑑂𑐬𑐳𑑂𑐫𑐾𑐰𑐔𑐬𑑀𑐴𑐶𑐞𑐷𑑌𑐨𑑀𑐐𑐶𑐞𑐷𑐰𑐶𑐲𑑂𑐞𑐸
7c85b7b3,𑐰𑐳𑑂𑐎𑐾𑐳𑐶𑐟𑑀𑐮𑐣𑐡𑐸𑐟𑐵𑐊𑐎𑐩𑐹𑐎𑐐𑑂𑐫𑐵𑐮𑐡𑑀𑐴𑑀𑐬𑐫𑐵
02674a37,𑐖𑐸𑐬𑑀𑑌𑐠𑑂𑐰𑐣𑐿𑐬𑐎𑑀𑐠𑑄𑐎𑐵𑐖𑐵
89acb820,𑐫𑑍𑐫𑐡𑑂𑐡𑐟𑑂𑐟𑑄𑐡𑐾𑐰𑐩𑐣𑑂𑐡𑐶𑐬𑑄𑑋𑐐𑑀𑐥𑐵𑐮𑐬𑐵𑐩𑐔𑐵𑐕𑐵𑐫𑐥𑐸𑐟𑑂𑐬𑐾𑐞𑐳𑑂𑐠𑐵
zf5cc46a,𑐎𑐮𑑄𑐥𑐟𑐵𑐎𑐵𑐖𑐸𑑓𑐥𑑄𑐘𑑂𑐔𑐥𑐟𑐵𑐎𑐵𑐖𑐸𑑓𑐀𑐡𑐸𑐰𑐵𑐮𑑍𑐥𑑂𑐬𑑒𑐖𑐵𑐎𑐶𑐥𑐸𑐖𑐵𑐖𑐵𑐠𑐸
6af0a49z,𑐣𑑂𑐩𑐹𑐬𑑂𑐟𑑂𑐟𑐫𑐾𑑋𑐦𑐞𑐵𑐳𑐥𑑂𑐟𑐧𑐶𑐨𑐹𑐲𑐵𑐫𑐮𑑀𑐎𑐵𑐬𑑂𑐟𑑂𑐟𑐶𑐨𑐫𑐴𑐵𑐬𑐶𑐞𑐾𑑌𑐫𑐖𑐩
06a98z3f,𑐫𑐵𑐟𑑄𑐔𑐾𑐎𑐣𑐦𑑄𑑖𑐰𑐬𑑂𑐲𑐥𑑂𑐬𑐟𑐶𑐧𑐶𑐫𑐩𑐵𑐮𑑋𑐣𑐶𑐟𑑂𑐫𑐥𑐹𑐖𑐵𑐰𑐵𑐬𑐶𑐫𑐵𑐟𑑍𑐖𑐵𑐎𑑂𑐫𑐦𑑄𑑙𑑐𑐧𑐶𑐫𑐩𑐵𑐮𑑋𑐥𑐸𑐣𑐬𑑂𑐨𑐵𑐲𑐵𑐳𑐡𑐵𑐰
a5a55cd1,𑐢𑐵𑐟𑐦𑐮𑐾𑐳𑐔𑑀𑐒𑐡𑐾𑐰𑐫𑐵𑐟𑑍𑐣𑐶𑐱𑐬𑐵𑐰𑐰𑐖𑐶𑐎𑐸𑐜𑑑𑐟𑐵𑑑𑐩𑐢𑐶𑑍𑐥𑐵𑐟𑑑𑐢𑐬𑐶𑐡𑑄𑑑𑐑𑐾𑐬𑐡𑐶𑐰𑐵𑐠𑑂𑐰
3b73224z,𑐳𑑂𑐟𑐶𑐬𑐹𑐥𑐔𑐶𑐨𑐰𑑅𑐎𑐵𑐩𑑀𑐥𑐣𑑅𑐳𑐸𑐣𑑂𑐡𑐬𑑅𑑋𑐳𑐸𑐣𑑂𑐡𑐬𑑅𑑋𑐥𑑂𑐬𑐵𑐳𑐵𑐡𑑄𑐳𑐔𑐎𑐵𑐬𑐥𑑄𑐔𑐥𑐚𑐮𑑅𑐳𑐬𑑂𑐰𑐾𑐱𑑂𑐰𑐬𑐵𑐫𑐵𑐥𑑂𑐫𑐳𑑁𑐎𑐸𑐬𑑂𑐰𑐣𑑂𑐎𑑀𑐚𑐶𑐩𑐏𑑄𑐰𑐺𑐎𑑀𑐡𑐬𑐟𑐣𑐸𑑄𑐖𑐷𑐬𑑂𑐞𑐵
8122azz9,𑐖𑐸𑐢𑐣𑐖𑐸𑐟𑐶𑐬𑐶𑐖𑐸𑐳𑐬𑐎𑑂𑐲𑑂𑐩𑐶𑐨𑑀𑐕𑐶𑐳𑐾𑐣𑐡𑐫𑐾𑐎𑐵𑐳𑐶𑐬𑐵𑐩𑐫𑐬𑑂𑐔𑐾𑐟𑑂𑐫𑐠𑑂𑐰𑐧𑐵𑐟𑐩
36fdc04f,𑐞𑐴𑑄𑐟𑐰𑐾𑐳𑑄𑐰𑐾𑐳𑐩𑐵𑐬𑐵𑑄𑐎𑐺𑐟𑐰𑐵𑐣𑐟𑐳𑑂𑐩𑐶𑐩𑐺𑐳𑑂𑐛𑐵𑐰𑑂𑐫𑐱𑑂𑐬𑐷𑐴𑐬𑐶𑐄𑐩𑐵𑐩𑐴𑐾𑐱𑑂𑐰𑐬𑑄𑐟𑐟𑑂𑐬
8dadb5bz,𑐌𑐟𑐫𑐩𑐵𑐬𑐖𑐸𑐬𑑀𑑋𑑋𑑐𑑋𑑋𑐳𑐩𑑂𑐰𑐟𑑘𑑓𑑗
3c77b29f,𑐬𑑂𑐱𑑂𑐬𑐳𑑂𑐟𑐸𑑋𑑋𑐳𑐩𑑂𑐰𑐟𑑗𑑖𑑒𑐁𑐏𑐵𑐢𑐩𑐵𑐳𑐾𑐱𑐸𑐎𑑂𑐮𑐥𑐎𑑂𑐲
6dc6z479,𑐱𑐸𑐨𑐳𑐩𑑂𑐰𑐟𑑂𑑘𑑑𑑙𑐰𑐿𑐱𑐵𑐲𑐎𑐺𑐲𑑂𑐞𑐫𑐬𑐶𑐡𑐾𑐰𑐟𑐟𑐵𑐨𑐵
83477zcd,𑑊𑑉𑐣𑐩𑐨𑐐𑐰𑐟𑐾𑐰𑐵𑐳𑐸𑐡𑐾𑐰𑐵𑐫𑑋𑑋𑐳𑐹𑐡𑑂𑐬𑐱𑐣𑐐𑐜𑐵𑐔𑑀𑐬𑑂𑐢𑐡𑑂𑐰𑑄𑑍𑐰𑐵𑐩𑐾
962aa69c,𑐣𑐾𑐰𑑄𑐎𑐸𑐳𑐵𑐥𑐸𑐏𑐸𑐬𑐳𑐟𑐫𑐵
c4a66c2c,𑐞𑐶𑐐𑑂𑐮𑐵𑐢𑐶𑐥𑐟𑐶𑑍𑐣𑐾𑐥𑐵𑐮𑐾𑐱𑑂𑐰𑐬𑑍𑐳𑐎𑐮𑐬𑐵𑐖𑐵𑐖𑐾𑐱𑑂𑐰𑐬𑐩𑐵𑐣𑐩𑐵𑐣𑑀𑐣𑑂𑐣𑐟𑑍𑐩𑐴𑐵𑐬𑐵𑐖𑐵𑐢𑐶𑐬𑐵𑐖𑑍𑐱𑑂𑐬𑐷𑐱𑑂𑐬𑐷𑐖𑐫𑐰𑐶𑐲𑑂𑐞𑐸𑐩𑐮𑑂𑐮𑐡𑐾𑐰𑐥𑑂𑐬𑐨𑐸𑐠𑐵𑐎𑐸𑐬
5d2f9d3b,𑐠𑑂𑐰𑐟𑐾𑐫𑐵𑐐𑐸𑐠𑐶𑐖𑐫𑐥𑐟𑐶𑐎𑑂𑐬𑐖𑐸𑑌𑐠𑑂𑐰𑐬𑐮𑐎𑑂𑐲
z26zzd0f,𑐐𑑂𑐬𑐞𑐥𑐟𑐶𑑌𑐱𑑂𑐬𑐷𑐳𑐹𑐬𑑂𑐫𑑂𑐫𑑌𑐱𑑂𑐬𑐷𑐣𑐵𑐬𑐵𑐫𑐞𑑌𑐱𑑂𑐬𑐷𑐡𑐸𑐬𑑂𑐐𑑂𑐐𑐵𑐳𑐴𑐶𑐟𑑌𑐱𑑂𑐬𑐷𑑓𑐣𑐵𑐬𑐵𑐫𑐞𑐾𑐱𑑂𑐰𑐬
f7891zz4,𑐰𑐺𑐴𑐡𑑂𑐰𑐥𑐶𑐳𑐶𑑄𑐴𑐵𑐳𑐣𑐵𑐨𑑂𑐫𑐵𑑄𑐳𑑂𑐴𑐬𑐣𑑂𑐟𑐷𑑄𑑋𑐳𑐡𑐵𑐡𑐵𑐳𑐶𑐎𑐵𑐨𑑂𑐫𑐵𑐩𑑄𑐩𑐸𑐡𑐵𑐡𑐎𑑂𑐲𑐰𑐵𑐩𑐾𑑍𑐴𑐬𑐥𑑂𑐬𑐾𑐫𑐳𑐷𑑄𑐱𑑂𑐬𑐾𑐫𑐳𑐷𑑄𑐟𑑂𑐟𑑁𑐩𑐶𑐳𑑁
31z7cb27,𑐰𑐵𑐐𑑂𑐰𑐬𑐀𑐒𑐣𑐥𑐱𑐶𑐩𑑋𑑋𑐬𑐵𑐕𑐾𑐖𑐵𑐰𑐖𑐸𑐎𑑂𑐰𑐡𑐸𑑄𑐟𑐵𑐖𑐸
760dz50f,𑑊𑐳𑐫𑑀𑐳𑑂𑐟𑐸𑑋𑑋𑐱𑑂𑐬𑐷𑑓𑐐𑑂𑐰𑐬𑑀𑐎𑐥𑐵𑐡𑐸𑐎𑐵𑐳𑐡𑐷
350b8dz7,𑐱𑐸𑐨𑑌𑐳𑐩𑑂𑐰𑐟𑑘𑑑𑑙𑐰𑐿𑐱𑐵𑐏𑐎𑐺𑐲𑑂𑐞𑑑𑑑𑐱𑑂𑐬𑐞𑐵𑐎𑑂𑐬𑐰𑐶𑐴𑐵𑐬𑐳𑐰𑐖𑑂𑐬𑐵
bz3b4670,𑐣𑑂𑐴𑐶𑐟𑐵𑐬𑑂𑐠𑑌𑐣𑐾𑐥𑐵𑐮𑐳𑐩𑑂𑐰𑐟𑐿𑐳𑑂𑐩𑐶𑐣𑐥
77c71844,𑐣𑐬𑐎𑐵𑐣𑐵𑑄𑐳𑐸𑐡𑐵𑐬𑐸𑐞𑐵𑑅𑑌𑐎𑑂𑐬𑐩𑐾𑐞𑐟𑐵𑐳𑐸𑐥𑐟𑑂𑐫𑐣𑑂𑐟𑐾𑑍𑐡𑐾𑐰𑐧𑑂𑐬𑐴𑑂𑐩𑐳𑑂𑐰𑐴𑐵𑐬𑐶𑐞𑑅𑑌𑐠𑑂𑐰𑐐𑐸
zb7bf785,𑑊𑐳𑑂𑐰𑑄𑐟𑑘𑑕𑑑𑐎𑐵𑐬𑑂𑐟𑐶𑐎𑐱𑐸𑐡𑐶𑑑𑑕
084fd648,𑐩𑐵𑐩𑑂𑐫𑐴𑑄𑑋𑑋𑐱𑑂𑐬𑐷𑐴𑐾𑐬𑐸𑐎𑐥𑑂𑐬𑐷𑐟𑐶𑐣𑐎𑐵𑐣𑑂𑐟𑐶𑐥𑐸𑐬𑐶𑐩𑐴𑐵𑐣𑐐𑐬𑐾
163204f6,𑐎𑑂𑐰𑐔𑐥𑐵𑐡𑐰𑐳𑑂𑐎𑐾𑐕𑑀𑐫𑐎𑐾𑐩𑐵𑐬𑑍𑐠𑑂𑐰𑐣𑐳𑐟𑐶𑐎𑐸𑐣𑑂𑐴𑐸𑐳𑑄𑐐𑐫𑐵𑐟𑑍𑐳𑐩𑑂𑐴𑐔𑐧𑐶𑐫𑐩𑐵𑐬𑑍𑐰
b89bcd22,𑐩𑑅𑐱𑑂𑐬𑐷𑐮𑑀𑐎𑐣𑐵𑐠𑐵𑐫𑑌𑐡𑐵𑐎𑑂𑐲𑐶𑐞𑑂𑐫𑑀𑐟𑑂𑐟𑐬𑐡𑐶𑐐𑑂𑐐𑐟𑑅𑐎𑐬𑐟𑐮𑐾𑐥𑐒𑑂𑐎𑐾𑐬𑐸𑐴𑑅𑐳𑐵𑐬𑐠𑐶𑑄𑐎𑐺𑐟𑑂𑐰𑐵𑐔𑐵𑐞𑑂𑐜
651f0589,𑐬𑐳𑐱𑐸𑐎𑑂𑐬𑐥𑐎𑑂𑐲𑐥𑐹𑐬𑑂𑐞𑐩𑐵𑐳𑑂𑐫𑐟𑐶𑐠𑑀𑐮𑑀𑐴𑐶𑐣𑐶𑐣𑐎𑑂𑐲𑐟𑑂𑐬𑐾𑐳𑐶𑐡𑑂𑐢𑐶𑐖𑑀𑐐
27dad793,𑐬𑐵𑐴𑐎𑐵𑐮𑑂𑐫𑐾𑐟𑑂𑐫𑐵𑐡𑐶𑐩𑐢𑑂𑐫𑐵𑐥𑐸𑐬𑐶𑐳𑑂𑐠𑐵𑐣𑐾𑐱𑑂𑐬𑐷𑐧𑐵𑐮𑐎𑑁𑐩𑐵𑐬𑐷𑐣𑐶𑐰𑐵
z41a2fz6,𑐖𑐸𑑒𑐣𑐶𑐳𑐮𑐵𑐮𑑍𑐠𑑂𑐰𑐟𑐾𑐢𑐸𑐣𑐎𑐵𑐰𑑍𑐦𑐮𑐾𑐳𑑄𑐴𑐶𑐟𑐶𑐳𑑄𑐳𑐾𑐮𑑂𑐴𑑀𑐮𑑂𑐴𑑀𑐣𑐾𑐫𑐵𑐒𑐵
b1a9a3a1,𑐔𑑀𑐳𑑂𑐫𑐟𑐎𑑀𑐫𑐵𑐖𑐵𑐎𑑂𑐫𑐾𑐩𑐰𑐶𑐫𑐩𑐡𑐸𑑌𑐱𑐸𑐨𑐩𑐳𑑂𑐟𑐸𑐎𑐮𑑂𑐫𑐵𑐣𑐨𑐰𑐣𑑂𑐟𑐸𑐳𑐬𑑂𑐰𑑂𑐰𑐡𑐵𑑌𑐱𑐸𑐨𑑌
71zb820d,𑐖𑐸𑐫𑐵𑐌𑐀𑐧𑐸𑐖𑐸𑐩𑐵𑐩𑐣𑐶𑐩𑑂𑐴𑐳𑐫𑐵𑐣𑐵𑐩𑐣𑐱𑑂𑐬𑐷𑑓𑐧𑐖𑑂𑐬
bz81059a,𑑋𑐫𑐡𑐷𑐫𑐳𑑄𑐦𑐸𑐮𑑂𑐮𑐫𑐱𑑅𑐳𑐬𑑀𑐖𑐾𑐰𑐶𑐫𑐡𑑂𑐰𑐩𑑁𑐨𑐸𑐒𑑂𑐐𑐂𑐰𑐵𑐧𑑂𑐖𑐩𑐢𑑂𑐫𑐾𑐣𑐷𑐟𑐶𑐖𑑂𑐘𑑀𑐡𑐬𑐳𑐶𑑄𑐴𑐩𑐮𑑂𑐮𑐟𑐣𑐫𑑅𑐱𑑂𑐬𑐷𑐰𑐶𑐲𑑂𑐞𑐸𑐩𑐮𑑂𑐮𑑅
45871681,𑐳𑐫𑑄𑐫𑐵𑐖𑐸𑐎𑑂𑐟𑐮𑑄𑐏𑐸𑐩𑐔𑐵𑐮𑐳𑐩𑐡𑐸𑑋𑑋
46zd9100,𑐑𑐶𑐬𑐵𑐖𑐩𑐾𑐣𑑋𑑋𑐟𑐳𑑂𑐩𑐶𑐣𑑂𑐡𑐶𑐣𑐾𑐎𑐵𑐱𑑂𑐫𑐥𑐖
56z4b988,𑐥𑐸𑐣𑐬𑐎𑑂𑐲𑐩𑐶𑐟𑑂𑐫𑐵𑐟𑐶𑐨𑐵𑐫𑐸𑐟𑐷𑐬𑐕𑐶𑐢𑐮𑐷𑐔𑐟𑐸𑐫𑐰𑐵𑐮𑐫𑐟𑑂𑐬𑐷𑐎𑑂𑐲𑐣𑐳𑑂𑐰𑐮𑐷𑐟𑐵𑐮𑐵𑐡𑐸
b1z069da,𑑒
0z6z84zd,𑐟𑐥𑐵𑐰𑐟𑐩𑐴𑐵𑐰𑑂𑐫𑐰𑐴𑐵𑐮𑐶𑐎𑐾𑑍𑐫𑐾𑐟𑐸𑑄𑐰𑐵𑐴𑐵𑐬𑐫𑐾𑐠𑐮𑐡𑑂𑐒𑐾
4a6d870c,𑐖𑐊𑐣𑐶𑐖𑐊𑐬𑐵𑐖𑐎𑐳𑑂𑐫𑐡𑐵𑐬𑐵𑐖𑐊𑐩𑐐𑐬𑐵𑐩𑑄𑐖𑐸𑐬𑐵𑐖𑐎𑐳𑑂𑐫𑐡𑐵𑐬𑐵𑐳𑐸𑐩𑐢𑑄𑐬𑐶𑑍𑐠𑐸𑐟𑐶𑐳𑑂𑐫𑐣
z0z69602,𑐧𑐵𑐬𑐫𑐾𑐱𑑂𑐬𑐷𑑒𑐳𑑂𑐰𑐫𑐨𑐸𑐬𑑂𑐔𑐾𑐟𑑂𑐫𑐨𑐚𑑂𑐚𑐵𑐬𑐎𑐳𑐣𑐶𑐢𑐵𑐣𑐾𑐀𑐡𑑂𑐫𑐵𑐡𑐶𑑋𑑋𑐡𑐵𑐣𑐥𑐟𑐶𑐎𑐵𑐟𑐶𑐥𑐸
948456d8,𑐕𑐷𑐡𑐵𑐖𑐸𑐐𑑄𑐐𑐵𑐬𑐵𑐩𑐥𑐷𑐟𑐷𑐣𑐩𑐠𑐾
adf8932a,𑐧𑐖𑑂𑐬𑐵𑐬𑑂𑐫𑐵𑐥𑑂𑐥𑐴𑐰𑐿𑑌𑑑𑑌𑐢𑐬𑑂𑐩𑐔𑐶𑐟𑑂𑐟𑐿
2577cbdz,𑐥𑐶𑐟𑑂𑐬𑑀𑑅𑐳𑑂𑐰𑐬𑑂𑐐𑑂𑐐𑐳𑑂𑐠𑐶𑐬𑐵𑐫𑐔𑑌𑐐𑐴𑐣𑐟𑑂𑐬𑐧𑐳𑑀𑐰𑐬𑑂𑐲𑐦𑐵𑐮𑑂𑐐𑐸𑐞𑐱𑐸𑐎𑑂𑐮𑐥𑐎𑑂𑐲𑐎𑑀𑐡𑐸
f7fz4z51,𑐱𑑂𑐬𑐷
c0z0a818,𑐡𑐾𑐰𑐳𑑂𑐫𑐰𑐶𑐖𑐫𑐳𑐩𑐫𑐧𑐵𑐴𑐵𑐬
2b164b45,𑐳𑐠𑐵𑐥𑐸𑐖𑐵𑐫𑐵𑐫𑐩𑐵𑐬𑐧𑐸𑐳𑐵𑐢𑐣𑐎𑐸𑐣𑑂𑐴𑐸𑐟𑐶𑐔𑑀𑐡𑑀𑐬𑐧𑐸𑐫𑐵𑐰𑐬𑐳𑐵𑐣𑐥𑐾𑐧𑑀𑐳𑐕𑐶𑐰𑑀𑐣𑐔𑐵𑐌𑐠
9d713df0,𑐰𑐺𑐡𑑂𑐰𑐶𑐳𑑂𑐟𑐸𑑍𑐖𑐟𑑀𑐳𑐵𑐳𑑂𑐳𑐟𑑂𑐬𑐳𑐥𑑂𑐬𑐵𑐰𑑂𑐟𑐵𑐨𑐰𑐟𑐸𑑍𑐀
db1f1818,𑐣𑐵𑐣𑐟𑐳𑑂𑐫𑐨𑐵𑐬𑑂𑐖𑑂𑐫𑐵𑐩𑑀𑐟𑐶𑐩𑐵𑐫𑐵
75bfb0b8,𑐳𑐩𑐹𑐴𑐣𑐡𑐫𑐎𑐵𑐊𑐟𑐾𑐨𑐵𑐰𑑀𑑍𑐥𑑂𑐰𑐡𑐾𑐫𑐎𑐷𑐟𑐨𑐵𑐰𑑀𑐣𑐖𑑂𑐫𑐵𑐨𑐵𑐡𑐶𑐟𑐵𑐒𑐵𑐬𑐹𑐥𑐵𑐬𑐵
d77363z4,𑐱𑑂𑐬𑐷𑑕𑐩𑐴𑐵𑐬𑐵𑐖𑐢𑐶𑐬𑐵𑐖
a3f09c6z,𑐖𑐸𑐮𑑌𑐱𑐸𑐨𑑄𑑌
59cb20a7,𑐠𑐰𑐳𑑂𑐟𑑂𑐬𑐷𑐖𑑀𑐐𑐩𑐟𑐶𑐣𑑄𑑍𑐎𑐮𑐱𑐸𑐧𑐸𑐬𑑀𑑔𑐡𑐸𑐟𑐵𑑋𑑋𑐡𑐾𑐰𑐳𑑂𑐎𑐾𑑍𑐣𑐶𑐟𑑂𑐫𑐥𑐸𑐖𑐵𑐫𑐎𑐵𑑍𑐰𑑂𑐬𑐵𑐩𑑂𑐴𑐣𑑍𑐁𑐔𑐵
79d3bz3d,𑐟𑑂𑐫𑐴𑐵𑑍𑐥𑐵𑐥𑐵𑐣𑐶𑐫𑐵𑐣𑑂𑐟𑐶𑐰𑐶𑐮𑐫𑑄𑐥𑐹𑐞𑑂𑐫𑑄𑐨𑐰𑐣𑐶𑐔𑐵𑐳𑐵𑐎𑐠𑑄𑐟𑐸𑐮𑐳𑐷𑐮𑑀𑐎𑐾
zd4z992b,𑐳𑐸𑐏𑐩𑐫𑐡𑐾𑐴𑐶𑐣𑐵𑐩𑑀𑐎𑑂𑐲𑐴𑐾𑐟𑐸𑑌𑑑𑑌𑐁𑐟𑑂𑐩𑐬𑐎𑐵𑐬
3f69d00c,𑐱𑑂𑐬𑐾𑐫𑑀𑐳𑑂𑐟𑐸𑐳𑐩𑑂𑐰𑐟𑑂𑑗𑑖𑑘𑐦𑐵𑐮𑑂𑐐𑐸𑐞𑐱𑐸𑐎𑑂𑐮𑑌𑐬𑑀𑐴𑐶𑐞𑐷𑐣𑐎𑑂𑐲𑐟𑑂𑐬𑐾𑐰𑐶𑐲𑑂𑐎𑐩𑑂𑐨𑐫𑑀𑐐𑐾𑐱𑐸𑐎
28514f5d,𑐡𑐶𑐣𑐖𑐸𑐬𑑀𑑍𑐬𑐟𑑂𑐣𑐾𑐱𑑂𑐧𑐬𑑍𑐨𑐧𑐣𑐾
718z23f3,𑐔𑐸𑐬𑑒𑐠𑑂𑐰𑐟𑐾𑐧𑐸𑐫𑐵𑐌𑐬𑐳𑐵𑐣𑐣𑐡𑐸𑐠𑐾𑐴𑐣𑐾𑐩𑐵𑐬𑐡𑐶𑐬𑐥𑐸𑐣𑑂𑐴𑐶𑐳𑐶𑐎𑐸𑐣𑑂𑐴𑐸𑐩𑐵𑐴𑐵𑐡𑐶𑐥𑐥𑐸𑑄𑑑
8259752c,𑐱𑑂𑐬𑐷𑐱𑑂𑐬𑐷𑐱𑑂𑐬𑐷𑐧𑐖𑑂𑐬𑐫𑑀𑐐𑐶𑐣𑑂𑐫𑐣𑐩𑑅𑑌𑐟𑑂𑐰𑐡𑐷𑐫𑐥𑐡𑐡𑑂𑐰𑐣𑑂𑐡𑑂𑐰𑐩𑐩𑑂𑐨𑑀𑐖𑐰𑐺𑐣𑑂𑐡𑑍𑐬𑐸𑐔𑐵𑐡𑑂𑐬𑐖𑐫𑑀𑐐𑐶𑐣𑑂𑐫𑐢𑑀
59015c5c,𑐬𑑀𑑑𑑍𑐎𑑀𑐡𑑂𑐰𑐮𑐧𑐸𑐬𑑀𑑑𑐎𑐬𑑂𑐲𑑒𑐡𑑀𑐎𑑀𑐧𑐸𑐬𑑀𑑑𑐴𑐶𑐡𑐵𑐐𑐵𑐡𑐧𑐸𑐬𑑀𑑒𑐟𑐰𑐢𑐸𑐢𑑂𑐰𑐵𑐎𑑀𑐧𑐸𑑍𑐬𑑀𑑓
99ba6ca5,𑐠𑐸𑐫𑐩𑐡𑐸𑑍𑐩𑐶𑐕𑑀𑐫𑐎𑐾𑐩𑐡𑐸𑐰𑐬𑐲𑐸𑐣𑐶𑐔𑐥𑐵𑐮𑐫𑐵𑐖𑑀𑐐𑐶𑐣𑐧𑐶𑐔𑐵𑐬𑐫𑐵𑐫𑐩𑐵𑐮𑐧𑐶𑐔𑐵𑐬𑐩𑐫𑐵
86d157aa,𑐩𑐟𑐶𑐠𑑂𑐰𑐣𑐶𑐩𑑂𑐴𑐳𑐫𑐵𑐣𑐵𑐩𑐣𑐳𑐖𑐷𑐧𑐥𑐸𑐟𑑂𑐬𑐀𑐩𑐺𑐟𑐢𑐬𑑍
0z556547,𑐥𑐹𑐖𑐵𑐨𑐵𑑄𑐜𑐷𑐖𑑀𑑑𑐣𑐶𑐱𑑂𑐬𑐵𑐰𑐖𑑀𑑑𑐩𑐵𑐑𑐾𑐟𑐵𑑒𑐡𑐶𑐰𑐵𑐑𑐾𑐮𑐀𑑒𑐐𑐸𑐐𑐸𑐮𑐖𑑑𑐡𑑄𑑔𑐡𑐎𑑂𑐲𑐶𑐞𑐡𑐾𑐰𑐳𑑂𑐟𑐰𑐧𑑂𑐬𑐵𑐴𑑂𑐩
7c7d17df,𑐥𑐹𑐬𑑂𑐞𑐶𑐩𑐵𑐎𑐸𑐣𑑂𑐴𑐸𑐥𑐹𑐖𑐵𑐨𑑄𑐜𑐶𑐖𑑀𑑑𑐳𑐵𑐢𑐬𑐶𑐥𑐵𑑔𑐡𑐸𑐡𑐸𑐥𑐵𑑔𑐑𑐾𑐮𑐀𑐲𑑂𑐚𑐵𑑑𑐎𑐳𑑂𑐟𑐶𑐀𑑑𑐳𑐵𑐏𑐀𑑑𑐣𑐶𑐱𑑂𑐬𑐵𑐰𑐖𑑀𑑓𑐡𑑄𑑘𑐳𑐾𑐳𑐡𑐰𑐵
03d4c754,𑐬𑐵𑐖𑐬𑐵𑐖𑐾𑐣𑑂𑐡𑑂𑐬𑐳𑐎𑐬𑐬𑐵𑐖𑐔𑐎𑑂𑐬𑐵𑐢𑐶𑐳𑑂𑐰𑐬𑑍𑐱𑑂𑐬𑐷𑐱𑑂𑐬𑐷𑐖𑐫𑐨𑐹𑐥𑐵𑐬𑐾𑐣𑑂𑐡𑑂𑐬𑐩𑐮𑑂𑐮𑐡𑐾𑐰
99d31d69,𑐚𑐶𑐎𑑀𑐚𑐶𑐡𑐸𑐣𑑂𑐡𑐸𑐨𑐶𑐡𑑀𑐡𑐵𑐒𑑂𑐎𑐫𑐬𑐥𑑂𑐬𑐮𑐫𑐐𑐬𑑂𑐖𑑂𑐖𑐡𑑂𑐰𑐵𑐬𑐵𑐢𑐬𑐢𑐵𑐣𑐢𑑂𑐰𑐣𑐶𑐟𑐡𑐶𑐰𑑂𑐳𑑂𑐎𑐞𑑂𑐜𑐮𑐵𑐳𑑂𑐰𑐞𑑂𑐜𑐮𑐣𑐶𑐖𑐫𑐱𑐏𑐞𑑂𑐜𑐷
80302a2c,𑐩𑐵𑐣𑐾𑐣𑐳𑑂𑐰𑐰𑐵𑐔𑐵𑐥𑐟𑐶𑐥𑐣𑑂𑐣𑐶𑐟𑐸𑐟𑐾𑐣𑑍𑐳𑑂𑐰𑐫𑐣𑐶𑐩𑐶𑐟𑐾𑐣𑑍𑐡𑐾
1daf904f,𑐬𑐎𑑂𑐲𑑂𑐩𑐶𑐢𑐩𑐂𑐠𑑂𑐰𑐳𑐾𑐣𑐱𑑂𑐰𑐐𑐺𑐴𑐾𑐩𑐣𑐳𑐂𑐕𑑂𑐫𑐵𑐢𑐩𑑂𑐩𑐔𑐶𑐟𑑂𑐄𑐟𑑂𑐫𑐖𑐸𑐫𑐵𑐌𑐳𑐶𑐬𑐵
8365731z,𑐬𑐖𑐸𑐫𑐩𑐵𑐮𑐠𑑂𑐰𑐏𑑄𑐧𑐵𑐳𑑂𑐫𑑄𑐎𑐸𑐳𑐵𑑌
2a31f487,𑐮𑑀𑐨𑐫𑐵𑐣𑐵𑐎𑐵𑐳𑐵𑑄𑐥𑑄𑐔𑐩𑐴𑐵𑐥𑐵𑐥
b837z68z,𑐳𑐵𑐴𑐡𑐾𑐰𑐫𑐵𑐬𑐵𑐖𑑂𑐫𑐾𑑌𑑑𑑌
f4525087,𑐣𑑂𑐡𑑂𑐬𑐩𑑁𑐮𑐶𑐩𑐸𑐎𑐸𑐚𑐵𑐟𑑂‌𑐳𑐬𑑂𑐰𑑂𑐰𑐵𑐬𑑂𑐠𑐔𑐶𑐣𑑂𑐟𑐵𑐩𑐞𑐾𑐳𑐵𑐎𑑂𑐲𑑂𑐫𑐵𑐔𑑂𑐕𑐷𑐖𑐐𑐡𑐷𑐱𑑂𑐰𑐬𑑀𑐣𑐺𑐥𑐰𑐥𑐸𑑅𑐱𑑂𑐬𑐷𑐰𑐶𑐲𑑂𑐞𑐸𑐳𑐴𑑀𑑇𑐖𑐣𑐶𑑋𑐡𑐺𑐲𑑂𑐚𑐵𑐣𑑂𑐡𑐞𑑂𑐜𑐫𑐶𑐟𑐸𑑄𑐡𑑂𑐰𑐶𑐲𑑀
zc9z15db,𑐩𑐡𑐸𑐥𑑄𑐔𑐥𑐵𑐟𑐎𑐬𑐵𑐎
9b7za99z,𑐬𑐣𑐎𑑂𑐲𑐟𑑂𑐬𑐥𑑂𑐬𑐷𑐟𑐶𑐫𑑀𑐐𑐧𑐹𑐢𑐧𑐵𑐬𑐠𑑂𑐰𑐎𑐸𑐴𑑂𑐣𑐸𑐥𑑂𑐬𑐟𑐶𑐲𑑂𑐛𑐵𑐡𑐶𑐣𑐱𑐸𑐨
f495z4zc,𑐐𑑂𑐬𑐞𑐥𑐟𑐶𑑌𑐱𑑂𑐬𑐷𑐳𑐹𑐬𑑂𑐫𑑂𑐫𑑌𑐱𑑂𑐬𑐷𑐣𑐵𑐬𑐵𑐫𑐞𑑌𑐱𑑂𑐬𑐷𑐡𑐸𑐬𑑂𑐐𑑂𑐐𑐵𑐳𑐴𑐶𑐟𑑌𑐱𑑂𑐬𑐷𑑓𑐣𑐵𑐬𑐵𑐫𑐞𑐾𑐱𑑂𑐰𑐬
aff822ff,𑐌𑑍𑐰𑐶𑐔𑐵𑐮𑐫𑐵𑐫𑑍𑐩𑐵𑐮𑐖𑐸𑐬𑑀𑑍𑐄𑐥𑐬𑐵𑑄𑐣𑑂𑐟𑐣𑐴𑐵𑐣𑐾𑑍𑐀𑐳𑑂𑐟𑐶𑐡𑐶𑐣𑐎𑐸𑐣𑑂𑐴𑐸𑑍𑐡𑐾𑐐𑐸𑐮𑐶
f856307d,𑐎𑐾𑐌𑐣𑐾𑐐𑐸𑐮𑑚𑐂𑐮𑐵𑐕𑐶𑐣𑐶𑐳𑑂𑐫𑑚𑐨𑐶𑑄𑐡𑐾𑐌𑐫𑐵𑐠𑐵𑐳𑐮𑑀𑐴𑐮𑑄𑐳𑐶𑐫𑐵
z1fzz49b,𑐩𑐮𑐵𑐳𑑂𑐰𑐴𑑂𑐩𑑄𑐳𑐾𑐣𑑄𑐳𑐩𑐸𑐔𑑂𑐔𑐫𑐣𑐟𑐸𑐬𑐳
zzz7cc3f,𑑚𑐄𑐟𑑂‍𑐟𑐥𑐟𑐶𑐖𑐸𑐫𑐵𑑚𑐮𑐳𑐶𑐫𑐵𑐌𑑚𑐥𑑂𑐬𑐟𑐶𑐲𑑂𑐛𑐵𑐫𑐵𑐒𑐵𑐡𑐶𑐣
6249c1a8,𑐎𑑂𑐟𑐶𑐦𑐮𑐮𑐵𑐫𑐣𑐡𑐕𑐸𑐚𑑀𑐮𑐫𑐵𑐢𑑄𑐖𑐸𑐨𑐵𑐬𑑀𑐚𑑁𑐚𑐶𑐎𑐨𑐵𑐬𑑀𑐀
83325375,𑑊𑐣𑐶𑐟𑑂𑐫𑑄𑐱𑑂𑐬𑐷𑐱𑐶𑐰𑐮𑐶𑑄𑐐𑐥𑐸𑐖𑐣𑐧𑐶𑐢𑑁𑐎𑐵𑐬𑑂‍𑐫𑑄𑐖𑐣𑐿𑐳𑑂𑐟𑐟𑑂‍𑐥𑐬𑐿𑑅𑐱𑑂𑐬𑐷𑐏
zcad4f2c,𑐰𑐮𑐖𑑂𑐫𑐵𑐳𑐔𑐶𑐣𑑂𑐟𑐵𑐫𑐵𑐎𑐥𑐵𑐟𑑂𑐬𑐰𑑄𑐱𑐬𑐵𑐰𑐸𑐟𑐟𑐰𑐨𑑂𑐫𑐵𑐮𑑄𑐨𑐵𑐎𑐟𑐸𑐎𑑀𑐠𑑂𑐫𑐟𑐰𑐨𑑂𑐫𑐵𑐮𑐥𑐵𑐟𑑂𑐬𑐰𑑄𑐱𑐬𑐵𑐰𑐸𑐟𑑂𑐟𑐬𑐟𑑂𑐣𑐬𑐵𑐖𑐨𑐵𑐬𑑀𑐨𑑂𑐬𑐵𑐟𑑂𑐟𑐾𑐳
b3b8a5a1,𑐡𑐷𑐰𑑂𑐫𑐩𑐚𑐣𑐬𑐰𑐶𑐎𑐸𑐮𑐟𑐶𑐮𑐎𑐴𑐣𑐸𑐩𑐢𑑂𑐰𑐖𑐣𑐾𑐥𑐵𑐮𑐾𑐱𑑂𑐰𑐬𑐩𑐴𑐵𑐬𑐵𑐖𑐵𑐢𑐶𑐬𑐵𑐖𑐨𑐸𑐥𑐎𑐾
266fzb77,𑐩𑑂𑐫𑐣𑑂𑐰𑐎𑐬𑐾𑑍𑐀𑐲𑑂𑐚𑐵𑐰𑐶𑐱𑐟𑐶𑐟𑐩𑐾𑐔𑐟𑐸𑐫𑐸𑐐𑐳𑑂𑐫𑐎𑐬𑐾𑐥𑑂𑐬𑐠𑐩𑐥𑐵𑐡𑐾𑑍𑐖𑐩𑑂𑐧𑐸𑐡𑑂𑐰𑐶
3520zb08,𑐔𑑄𑐔𑐟𑑂𑐎𑑀𑐚𑐶𑐟𑐬𑑄𑐐𑐶𑐞𑐷𑐩𑐞𑐶𑐩𑐟𑐷𑐳𑑄𑐐𑐩𑑂𑐫𑐳𑑄𑐰𑐵𑐴𑐶𑐣𑐷𑑍𑐳𑐾𑐫𑑄𑐧𑑂𑐬𑐴𑑂𑐩𑐳𑐬𑐳𑑂𑐰𑐟𑐷𑐰𑐶𑐖𑐫𑐟𑐾𑐐𑑀𑐒𑑂𑐐𑑀𑐥𑐩𑐵𑐰𑐵𑐐𑑂𑐩𑐟𑐷𑑌
ff0c3f8z,𑐡𑐸𑐠𑑂𑐰𑑍𑐦𑑄𑑑𑐎𑐐𑐸𑐦𑑀𑐫𑐵𑑋𑑋𑐄𑐥𑐬𑐵𑑄𑐣𑑂𑐟𑐬𑐣𑑄𑐴𑐵𑐣𑐾𑑍𑐐𑐸𑐣𑐶𑐮𑐵𑐫𑐵𑑍𑐳𑐵𑐥𑐵𑐡𑐸𑐎𑑀𑐣𑑂𑐴𑐸𑐱𑑂𑐬𑐷
664zb8d0,𑑌𑐱𑐸𑐨𑐩𑐒𑑂𑐐𑐮𑐨𑐰𑐟𑐸𑑌
a40fzcb1,𑐖𑐩𑐎𑐞𑑂𑐜𑐶𑐎𑐵𑐫𑐳𑐴𑐶𑐟𑑀𑐫𑑀𑐐𑐩𑑂𑐧𑐬𑑀𑐣𑐵𑐫𑐎𑑅𑐳𑐬𑑂𑐰𑑂𑐰𑐥𑐬𑑂𑐞𑑂𑐞𑑅𑐥𑐬𑐩𑐵𑐡𑐶𑐧𑐸𑐡𑐨𑐐𑐰𑐵𑐣𑐰𑐣𑑂𑐡𑐾
7ddc0a6f,𑐟𑐐𑑂𑐬𑐎𑐾𑐟𑐎𑐎𑐸𑐩𑐸𑐡𑑄𑐎𑐵𑐱𑐎𑑁𑐩𑐸𑐡𑐷𑐎𑐵𑐩𑐶𑐣𑐷𑐎𑐥𑐎𑑂𑐲𑐎𑐵𑐣𑑂𑐟𑐵𑐎𑐬𑑂𑐞𑑂𑐜𑐸𑐬𑐖𑐟𑐎𑐸𑐞𑑂𑐜𑐮𑐎𑐵𑐣𑑂𑐟𑐶𑐎
748a5daa,𑐰𑐣𑐐𑐵𑐣𑐵𑐐𑐵𑐣𑐬𑐵𑑅𑐎𑐶𑐣𑑂𑐣𑐬𑐵𑑅𑑋𑑋𑐟𑐔𑐾𑐟𑑅𑐳𑐾𑐎𑐮𑑄𑐩𑐣𑑀𑑓𑐨𑐶𑐮𑐳𑑂𑐰𑐶
zc74936a,𑐳𑐶𑐡𑑂𑐢𑐶𑐫𑑀𑐐𑐾𑑌𑐱𑐸𑐎𑑂𑐬𑐰𑐵𑐬𑑌𑐠𑑂𑐰𑐎𑐸𑐣𑑂𑐴𑐸𑐱𑑂𑐬𑐷𑐩𑐟𑑂𑐱𑑂𑐬𑐷𑐱𑑂𑐬𑐷𑐎𑑂𑐰𑐵𑐠𑐨𑑀𑑄𑐟𑐎𑑂𑐰𑐵𑐔𑐥𑐵𑐬𑐨𑐚𑑂𑐚𑐵𑐬
147c1b65,𑐨𑐫𑑀𑑅𑐳𑑂𑐠𑐵𑐥𑐫𑐵𑑌𑑓𑑌
ffb4424d,𑐎𑐹𑐬𑑂𑐩𑑂𑐩𑐔𑐵𑐳𑐣𑑋𑑋𑐟𑐳𑑂𑐠𑐵𑐐𑐸𑐥𑐴𑑂𑐩𑑀𑐥𑐬𑐶𑐴𑐾
0cfa2206,𑐮𑑀𑐨𑐫𑐵𑐣𑐵𑐎𑐵𑐳𑐵𑑄𑐥𑑄𑐔𑐩𑐴𑐵𑐥𑐵𑐥
4638a4bc,𑐧𑐖𑑂𑐬𑐳𑐟𑑂‍𑐧𑐵𑐨𑐸𑐧𑐣𑐧𑐬𑐐𑐸𑐬𑐹𑑄𑐳𑐬𑑂𑐧𑑂𑐧𑐧𑐹𑐡𑑂𑐢𑐨𑐧𑐣𑑂𑐟𑑄𑑅
78f0da46,𑐳𑐵𑐣𑐣𑑄𑐴𑐵𑐣𑐾𑐖𑑂𑐫𑐵𑐩𑐶𑐴𑑂𑐩𑑖𑐡𑐫𑐎𑐵𑐰𑐣𑐾𑐐𑐸𑐬𑐥𑐸𑐏𑐸𑐬𑐳𑑄𑐑𑐵𑐳𑐥𑐸𑐫
zb426d0d,𑐬𑐵𑐩𑑍𑐩𑐵𑐢𑐰𑐬𑐵𑐩𑑍𑐢𑑄𑐖𑐹𑐬𑐵𑐩𑐨𑐵𑐮𑑀𑐠𑑂𑐰𑐟𑐾𑐳𑐩𑐸𑐔𑑂𑐔𑐫𑐣𑐟
bf7bc73f,𑐢𑑄𑐟𑐳𑑂𑐫𑐨𑐵𑐔𑑂𑐫𑐵𑐳𑐟𑐖𑐷𑐰𑐮𑐵𑐣𑐶𑐠𑐎𑐹𑑄𑐥𑐹𑐟𑑂𑐬𑐡𑐾𑐧𑐷
57zbcf73,𑐮𑐵𑐣𑐶𑐩𑑂𑐟𑑂𑐬𑐷𑐥𑐸𑐬𑐸𑐲𑐫𑐵𑐣𑐵𑐩𑐣𑐡𑐫𑐎𑐵𑐟𑐐𑐸𑐥𑑄𑐔𑐵
5abf4cd9,𑐡𑐶𑐣𑐾𑐮𑑀𑐎𑐣𑐵𑐠𑐾𑐏𑐬𑐵𑐐𑑂𑐬𑐿𑑌𑐫𑐵𑐱𑑂𑐬𑐷
54862122,𑑚𑐄𑐟𑑂‍𑐟𑐥𑐟𑐶𑐖𑐸𑐫𑐵𑑚𑐮𑐳𑐶𑐫𑐵𑐌𑑚𑐥𑑂𑐬𑐟𑐶𑐲𑑂𑐛𑐵𑐫𑐵𑐒𑐵𑐡𑐶𑐣
z6zzzzbd,𑐰𑐵𑐳𑑁𑐨𑐰𑐵𑐧𑑂𑐢𑐾𑑅𑑌𑐣𑐾𑐥𑐵𑐮𑐾𑐰𑐟𑑂𑐳𑐸𑐬𑐾𑐳𑑂𑐩𑐶𑐣𑐣𑐫𑐣𑐱𑐬𑐐𑐖𑐬𑑄𑐎𑐶𑐟𑐾𑐖𑑂𑐫𑐾𑐲𑑂𑐛𑐩𑐵𑐳𑐾𑑍𑐥𑑄𑐔𑐩𑑂𑐫𑐵𑑄𑐱𑐸𑐎𑑂𑐮𑐥𑐎𑑂𑐲𑐾𑑍𑐳𑐸𑐬𑐐𑐞𑐐𑐸𑐬𑐸𑐨𑐾𑐰𑐺𑐡𑑂𑐢𑐶𑐫𑑀𑐐𑐾𑑇𑐣𑑂𑐴𑐶𑐳𑑁𑐩𑑂𑐫𑐾
155a73cc,𑑊𑐱𑑂𑐬𑐹𑐫𑑀𑐳𑑂𑐟𑐸𑐳𑐩𑑂𑐧𑐟𑑂𑑖𑑓𑑖𑐩𑐵𑐑𑐩𑐵𑐳𑑂𑐫𑐱𑐹𑐎𑑂𑐮𑐥𑐎𑑂𑐲𑐾
7f13fza1,𑐩𑐟𑑂𑐫𑐵𑐥𑐹𑐬𑑂𑐰𑑂𑐰𑐎𑐸𑐬𑐾𑐱𑑂𑐬𑐷𑐩𑐎𑐵𑐣𑑂𑐟𑐶𑐥𑐸𑐮𑐶𑐩𑐵𑐴𑐵𑐣𑐐𑐬𑐾𑐱𑑂𑐬𑐷𑑒𑐫𑐩𑐩𑐬𑐾𑐱𑑂𑐰𑐬𑐨𑐚𑑂𑐚𑐵𑐬𑐎
0z473cf5,𑐧𑐖𑑂𑐬𑐵𑐔𑐵𑐬𑑂𑐫𑐱𑑂𑐬𑐷𑐱𑑂𑐬𑐷𑐢𑐬𑐟𑐰𑐥𑐸𑐲𑐸𑐬𑐶𑐫𑑁𑐟𑐵𑐕𑐾𑑄𑐧𑐖𑐵𑐔𑐵𑐬𑑂𑐫𑐱𑑂𑐬𑐷𑐖𑐶𑐟𑐳𑐶𑑄𑐴
86zz0fb0,𑐫𑐩𑐵𑐮𑐳𑑄𑐟𑐵𑐣𑐣𑐠𑑂𑐰𑐡𑐾𑐰𑐟𑐵𑐣𑐶𑐟𑑂𑐫𑐥𑐸
4ca1d777,𑐥𑐬𑐾𑐲𑐸𑐳𑑂𑐰𑐬𑑂𑐐𑑂𑐐𑐥𑑂𑐬𑐵𑐥𑑂𑐟𑑂𑐫𑐬𑑂𑐠𑐬
9f2213db,𑐟𑐣𑐡𑐫𑐎𑐵𑐰𑑄𑐎𑐸𑐟𑑀𑐮𑐳𑐖𑐸𑐬𑑀𑑄𑐠𑑂𑐰
16c88718,𑐕𑐥𑐬𑑂𑐧𑑂𑐧𑐟𑐫𑐵𑐧𑐵𑐮𑐳𑑚𑐔𑐿𑐟𑑂𑐫𑐡𑐫𑐎𑐵𑐟𑐫𑐵𑐖𑐸𑐮𑑌𑐠𑐸𑐐𑐸𑐥𑐸𑐞𑐾𑐣𑐡𑐶𑐧𑑄𑐐𑐟𑐥𑐶𑐟𑐵
3656cd39,𑐟𑑂𑐫𑐴𑐵𑑍𑐥𑐵𑐥𑐵𑐣𑐶𑐫𑐵𑐣𑑂𑐟𑐶𑐰𑐶𑐮𑐫𑑄𑐥𑐹𑐞𑑂𑐫𑑄𑐨𑐰𑐣𑐶𑐔𑐵𑐳𑐵𑐎𑐠𑑄𑐟𑐸𑐮𑐳𑐷𑐮𑑀𑐎𑐾
336z6871,𑐕𑐾𑐨𑐶𑐎𑑂𑐲𑐸𑐱𑑂𑐬𑐷𑐖𑐫𑐬𑐵𑐫𑐖𑐸𑐥𑐸𑐟𑑂𑐬𑐖𑐐𑐟𑐩𑐸𑐣𑐶𑑍𑐟𑑂𑐬𑐶𑐢𑐣𑐰𑐟𑐶𑐥𑐸𑐟𑑂𑐬𑐶𑐁𑐡𑐬𑐎𑑂𑐲𑑂𑐩𑐶𑐖𑐐
c75z155a,𑐟𑐫𑐾𑐰𑐵𑐡𑑂𑐫𑐫𑑄𑑌𑑌𑐎𑐵𑐫𑐲𑑂𑐛𑐎𑐸𑐮𑐳𑑄𑐖𑐵𑐟𑑀𑐰𑐶𑐲𑑂𑐞𑐸𑐳𑐶𑑄𑐴𑐱𑑂𑐰𑐢𑐵𑐬𑑂𑐩𑐶𑐎𑑅𑐩𑐱𑐶𑐎𑐞𑑂𑐜𑐷𑐟𑐶𑐣𑐵
d6d0b73z,𑐫𑐵𑐟𑐳𑑂𑐫𑐣𑐺𑐥𑐣𑐵𑐫𑐎𑑅𑐥𑑂𑐬𑐞𑐩𑐟𑐶𑐱𑑂𑐬𑐷𑐰𑐶𑐲𑑂𑐞𑐸𑐩𑐮𑑂𑐮𑐎𑐺𑐟𑐷𑑋𑐐𑑀𑐥𑐷𑐣𑐵𑐠𑐥𑐡𑐵𑐬𑐰𑐶𑐣𑑂𑐡𑐰𑐶𑐐𑐮𑐵𑐟𑑂𑐥𑐷𑐫𑐹𑐲𑐱𑐷𑐟𑐵𑐱𑐸𑐣𑐵𑐱𑐸𑐡𑑂𑐢𑑅𑐎𑑄𑐳𑐣𑐶𑐳𑐹𑐡𑐣𑐵
4846cf4a,𑐄𑐟𑑂𑐬𑐵𑐲𑐵𑐝𑐣𑐎𑑂𑐲𑐟𑑂𑐬𑐾𑐱𑑁𑐨𑐣𑐫𑑀𑐐𑐾𑐧𑐺𑐴𑐳𑑂𑐥𑐟𑐶𑐰𑐵𑐳𑐬𑐾𑑌𑐠𑑂𑐰𑐎𑐸𑐣𑑂𑐴𑐸𑐠𑐵𑐣𑐥𑐟𑐶𑐱𑑂𑐬𑐷𑑓𑐐𑐞𑐾𑐱𑑂𑐰𑐬𑐨𑐚𑑂𑐚𑐵
33dzz5a2,𑐐𑐞𑐾𑐱𑐵𑐫𑑌𑐱𑑂𑐬𑐷𑐫𑑀𑑇𑐳𑑂𑐟𑐸𑐳𑐩𑑂𑐰𑐟𑑂𑑘𑑐𑑓𑐨𑐵𑐡𑑂𑐬𑐥𑐡𑐩𑐵𑐳𑐾𑐱𑐸𑐎𑑂𑐬𑐥𑐎𑑂𑐲𑐾𑐡𑑂𑐰𑐵𑐡𑐱𑑂𑐫𑐵𑑄𑐟𑐶𑐠𑑁
ca8cf9d8,𑑌𑐫𑐳𑑂𑐫𑐵𑑅𑐳𑐸𑐣𑐸𑐬𑐨𑐹𑐣𑑂𑐩𑐸𑐬𑐵𑐬𑐶𑐔𑐬𑐞𑐢𑑂𑐫𑐵𑐣𑐵𑐩𑑂𑐧𑐸𑐢𑑁𑐟𑐵𑐱𑐫𑑅𑐳𑑄𑐐𑐷𑐟𑐵𑐩𑑂𑐧𑑄𑐢𑐶𑐥𑐵𑐐𑐩𑑀𑐬𑐶𑐥𑐸𑐟𑐩𑑀𑐰𑐶𑐑𑑂𑐣𑑄𑐳𑐨𑐵𑐳𑑂𑐰𑐟𑑂𑐳𑐩
3cb1czbf,𑐎𑑍𑐠𑐰𑐥𑑂𑐬𑐩𑐸𑐏𑐣𑑍𑐠𑐰𑐟𑐵𑐣𑐶𑐩𑐶𑐬𑑂𑐟𑑂𑐟𑐶𑐣𑑍𑐦𑐮𑐾𑑍𑐂𑐟𑐶𑐡𑐫𑐎𑐵𑐰𑑍𑐐𑐸𑐠𑐔𑐶𑐣𑐎𑐵𑐖𑐸𑐬𑑀
718z2az0,𑐩𑑂𑐫𑐾𑐳𑐒𑑂𑐎𑐬𑑂𑐲𑐞𑑄𑐥𑑂𑐬𑐨𑐸𑑄𑑋𑐥𑑂𑐬𑐡𑑂𑐫𑐸𑐩𑑂𑐣𑑄𑐥𑐱𑑂𑐔𑐶𑐩𑐡𑑂𑐰𑐵𑐬𑐶𑐎𑑁𑐰𑐾𑐫𑐸𑐫𑑂‌𑐬𑑂𑐫𑐵𑐩𑐣𑐶𑐬𑐸𑐡𑑂𑐢𑑄𑐎𑑌𑐩𑐢𑑂𑐫𑐾𑐣𑐵𑐬𑐵𑐫𑐞𑐬𑐹𑐥𑑄𑑍𑐥𑐬𑑄𑐧𑑂𑐬𑐴𑑂𑐩𑐳𑑂𑐰
c6d9108f,𑐱𑑂𑐔𑐬𑑂𑐫𑐵𑐢𑐬𑑂𑐩𑑂𑐩𑐱𑐵𑐮𑐵𑐰𑑂𑐫𑐬𑐔𑐶𑐳𑐸𑐰𑐶𑐨𑐮𑐵𑑄𑐰𑐶𑐲𑑂𑐞𑐸𑐩𑐮𑑂𑐮𑑀𑐣𑐬𑐾𑐣𑑂𑐡𑑂𑐬𑑍𑐳𑑂𑐟𑐳𑑂𑐫𑐵𑑄𑐳𑑄𑐳𑑂𑐠𑐵𑐥𑑂𑐫𑐰𑐶𑐲𑑂𑐞𑐸𑑄𑐳𑐸𑐬𑐩𑐸𑐣𑐶𑐣𑐩𑐶𑐟𑑐𑐨𑑀𑐐𑐨𑑀𑐎𑑂𑐲𑐎𑐴𑐾𑐟𑐸𑑄𑑌𑑌
0a9zdc9f,𑐫𑑀𑐐𑐾𑐫𑐠𑐵𑐎𑐬𑐞𑐩𑐺𑐴𑐹𑐬𑑂𑐟𑑂𑐟𑐎𑐾𑐁𑐡𑐶𑐟𑑂𑐫𑐰𑐵𑐳𑐬𑐾𑐰𑐺𑐲𑐬𑐵𑐱𑐶𑐐𑐟𑐾𑐳
2z465532,𑑊𑑉𑐱𑑂𑐬𑐷𑑓𑐨𑐷𑐩𑐳𑐾𑐣𑐵𑐫𑐣𑐩𑑅𑑌𑑌𑐡𑑀𑐬𑑂𑐡𑐞𑑂𑐜𑐾𑐣𑐧𑐮𑐾𑐣𑐫𑐾𑐣𑐣𑐶𑐴𑐟𑑀𑐡𑐸𑑅𑐱𑐵𑐣𑑂𑐟𑐡𑐸𑑅𑐱𑐵𑐳𑐣𑑀𑑍𑐫𑐸𑐡𑑂𑐢𑐾𑐨𑐷𑐲𑐞𑐫𑐵𑐖𑐑𑐵𑐣𑐐𑐡𑐫𑐵𑐡𑐸𑐂𑐬𑑂𑐫𑑀𑐢𑐣𑑄𑐫𑑀𑑇𑐢𑐩
474350z9,𑐳𑐶𑑄𑐴𑐣𑐎𑐀𑐥𑐸𑐞𑐵𑐎𑐵𑐊𑐳𑐩𑑄
5bc14382,𑐖𑑂𑐘𑐮𑐫𑐟𑐵𑐕𑐾𑐬𑐵𑐰𑐟𑑍𑐰𑐶𑐟𑐸𑐳𑐶𑐴𑐣𑐳𑑂𑐰𑐴𑐳𑑂𑐟𑐣𑐳𑑂𑐰𑐰𑐶𑐡𑑂𑐫
70c7z2zd,𑐟𑐶𑑅𑑍𑐣𑐾𑐥𑐵𑐮𑐾𑐮𑐮𑐶𑐟𑐵𑐥𑐸𑐬𑐾𑐰𑐶𑐴𑐬𑐟𑐶𑐱𑑂𑐬𑐷𑐱𑑂𑐬𑐷𑐣𑐶𑐰𑐵𑐳𑑀𑐣𑐺𑐥𑑅𑑌𑐫𑐳𑑂𑐟𑐵𑐟𑑂𑐩𑐖𑑀𑐫𑑀𑐐𑐣𑐬𑐾𑐣𑑂𑐡𑑂𑐬𑐩𑐮𑑂𑐮𑑀𑐣𑐵𑐎𑐵𑐢𑐶𑐣𑐵𑐠𑐳𑑂𑐫𑐫𑐠𑐵𑐖𑐫𑐣𑑂𑐟𑑅𑑋𑐥𑑂𑐬𑐨𑐵𑐟
58cb3b45,𑐥𑐵𑐔𑐵𑐩𑐵𑐟𑐔𑐾𑐎𑐣𑐀𑐳𑑂𑐟𑐵𑑒𑐩𑐟𑐵𑐥𑑂𑐰𑐵𑑕𑑋𑑋𑐥𑐸𑐖𑐵𑐰𑐵𑐬𑐶𑐫𑐵𑐟𑐵𑐖𑐵𑐎𑐶
83c15574,𑐬𑐶𑐡𑑂𑐬𑐫𑐵𑐬𑑂𑐞𑑂𑐞𑐰𑐩𑐐𑑂𑐣𑐰𑐶𑐥𑑂𑐬𑐣𑐶𑐔𑐫𑑀𑐡𑑂𑐢𑐵𑐬𑐎𑐣𑑁𑐎𑐵𑐰𑐴𑑀𑐰𑐷𑐞𑐵𑐰𑐵𑐡𑐣𑐣𑐶𑐬𑑂𑐖𑐶𑐟𑐵𑐩𑐬𑐩𑐸𑐣𑐷𑐬𑐸𑐡𑑂𑐬𑐾𑐣𑑂𑐡𑑂𑐬𑐩𑐮𑑂𑐮𑐵𑐴𑑂𑐰𑐫𑑅𑑌
cf46f1zb,𑐎𑑀𑐚𑑂𑐫𑐵𑐴𑐸𑐣𑑂𑐟𑐶𑐴𑑀𑐩𑐫𑐵𑐒𑐵𑐰𑐠𑑀𑐩𑐞𑐶𑐩𑐞𑑂𑐜𑐥𑑄𑐳𑐱𑐎𑑂𑐟𑐶𑐣𑐳𑐴𑐶𑐟𑐨𑐬𑐰𑐡𑐫𑐎𑑄𑐳𑑂𑐠𑐵𑐥𑐣𑐵
30z93baz,𑐳𑐥𑐸𑐬𑐵𑐨𑐵𑐬𑐶𑐳𑐰𑐰𑐵𑐐𑑀𑐥𑐵𑐮𑐬𑐵𑐩𑐩𑐵𑐩𑐢𑑄
f1a8c11d,𑐡𑑂𑐢𑐶𑐎𑐵𑐮𑐶𑐖𑐠𑑀𑐎𑐠𑐾𑐥𑐸𑐖𑐵𑐫𑐵𑐫𑐩𑐵𑐮𑐰𑐬𑑂𑐲𑐥𑑂𑐬𑐟𑐶𑑄
632b2a7f,𑐧𑐳𑐎𑐾𑐡𑐸𑐰𑐣𑐾𑐮𑑀𑐴𑑀𑐡𑐾𑐰𑐮𑐡𑐫𑐎𑐵𑐱𑑂𑐬
addab7af,𑐠𑑂𑐰𑐟𑐾𑐫𑐵𑐐𑐸𑐠𑐶𑐖𑐫𑐥𑐟𑐶𑐎𑑂𑐬𑐖𑐸𑑌𑐠𑑂𑐰𑐬𑐮𑐎𑑂𑐲
bcz4635f,𑐡𑐩𑐫𑐶𑐟𑐸𑑄𑐟𑑂𑐬𑐵𑐟𑐸𑑄𑐳𑐸𑐴𑐺𑐟𑑂𑐳𑐖𑑂𑐖𑐣𑐵𑐣𑑂𑐨𑐹𑐩𑐶𑑄𑐨𑐹𑐲𑐫𑐶𑐟𑐸𑑄𑐟𑐩𑑅𑐳𑐩𑐫𑐶𑐟𑐸𑑄𑐎𑐬𑑂𑐟𑐸𑑄𑐰𑑂𑐫𑐰𑐳𑑂𑐠𑐵𑑄𑐳𑐟𑐷𑑄𑑋𑐰𑐶𑐡𑑂𑐰𑐵𑑄𑐳𑑀𑐣𑐩𑐫𑐣𑑂𑐟𑐶𑐨𑐹𑐥𑐟𑐶𑐐𑐖𑐵𑐣𑑂
z0ca44c6,𑐖𑐶𑐟𑐵𑐩𑐶𑐟𑑂𑐬𑐩𑐮𑑂𑐮𑐡𑐾𑐰𑐳𑑂𑐫𑐰𑐶𑐖𑐫𑐳𑐩𑐫
f8f9fz9c,𑑉𑐣𑐩𑑅𑐱𑑂𑐬𑐷𑑓𑐴𑐬𑐵𑐴𑐬𑐮𑑀𑐎𑐾𑐱𑑂𑐰𑐬𑐵𑐫𑑋𑑋𑐮𑑀𑐎𑐾𑐱𑑂𑐰𑐬𑑄𑐱𑐶𑐬𑑄𑐳𑐵𑐣𑑂𑐟𑑄𑑍𑐀𑐩𑑀𑐑𑐐𑐸𑐞
6zcbzz27,𑐩𑐣𑐨𑐫𑐳𑐎𑐮𑐎𑐮𑐵𑐰𑐶𑐮𑐵𑐳𑐩𑐫𑐎𑐩𑐣𑑂𑐣𑐵𑐢𑐬𑐵𑐢𑐶𑐥𑐳𑐩𑐳𑑂𑐟𑐥𑑂𑐬𑐎𑑂𑐬𑐶𑐫𑐵𑐰𑐶𑐬𑐵𑐖
7zz0ad91,𑑓𑐰𑐫𑐧𑐶𑐫𑐩𑐵𑐮𑑌𑐠𑑂𑐰𑐔𑑂𑐫𑐵𑐑𑐟𑐣𑑄𑐱𑑄𑐏𑐥𑐸𑐫𑐎𑐾𑐩𑐵𑐮𑐱𑑄𑐏𑐥𑐸𑐰𑐴𑑂𑐣𑐫𑐵𑐟𑐡𑑄𑑔
6824b210,𑐟𑑂𑐬𑐥𑐶𑐔𑐱𑐶𑐧𑐧𑑂𑐬𑐩𑑂𑐴𑐳𑐸𑐟𑑂𑐬𑑄𑐔𑐣𑐶𑐟𑑂𑐫𑑄𑐣𑐿𑐧𑐾𑐡𑑂𑐫𑐵𑐣𑑂𑐟𑑄𑐩𑐡𑐵𑐟𑑄𑑅𑐱𑐶𑐧𑐥𑐡𑐎𑐩𑐮𑐍𑐨𑐵𑑍
157z5950,𑐫𑐵𑐒𑐵𑐖𑐸𑐬𑑀𑐡𑐶𑐣𑐳𑐩𑑂𑐧
bda80z2b,𑐞𑑂𑐜𑐬𑐾𑑍𑐧𑐵𑐳𑐸𑐎𑐶𑐎𑑂𑐲𑐾𑐟𑑂𑐬𑐾𑑍𑐱𑑂𑐬𑐷𑑓𑐥𑐱𑐸𑐥𑐟𑐶𑐳𑐣𑐶𑐢𑐵𑐣𑐾𑐧𑐵𑐐𑑂𑐩𑐟𑑂𑐫𑐵𑑄𑐥𑐱𑑂𑐔𑐶𑐩𑐎𑐸𑐬𑐾𑑍𑐧𑐶𑐲𑑂𑐞𑐸
57zz58zf,𑐬𑐖𑐸𑐫𑐩𑐵𑐮𑐠𑑂𑐰𑐏𑑄𑐧𑐵𑐳𑑂𑐫𑑄𑐎𑐸𑐳𑐵𑑌
b1fdc7b3,𑐬𑐩𑑂𑐴𑑄𑑌𑑖𑑌𑐳𑐩𑐸𑐴𑐖𑐸𑐫𑐵𑐌𑐔𑑀𑐣𑐵𑐧𑐾𑐮𑐳𑐢𑐬𑑂𑐩𑑂𑐩
9dd4z36f,𑐲𑐵𑐐𑑂𑐰𑑒𑐡𑑂𑐫𑐵𑑄𑐣𑑂𑐚𑐀𑐳𑑂𑐟𑐵𑐩𑐳𑐶𑐴
08f504b9,𑐳𑐸𑐧𑐬𑑂𑐞𑑂𑐞𑐳𑑂𑐩𑐾𑐟𑐫𑐵𑐱𑑂𑐬𑐷
76f1a234,𑐕𑐾𑐨𑐶𑐎𑑂𑐲𑐸𑐱𑑂𑐬𑐷𑐖𑐫𑐬𑐵𑐫𑐖𑐸𑐥𑐸𑐟𑑂𑐬𑐖𑐐𑐟𑐩𑐸𑐣𑐶𑑍𑐟𑑂𑐬𑐶𑐢𑐣𑐰𑐟𑐶𑐥𑐸𑐟𑑂𑐬𑐶𑐁𑐡𑐬𑐎𑑂𑐲𑑂𑐩𑐶𑐖𑐐
b417427a,𑐣𑐺𑐥𑐟𑑁𑐱𑑂𑐬𑐷𑐨𑐸𑐥𑐟𑐷𑐣𑑂𑐡𑑂𑐬𑐾𑐩𑐸𑐡𑐵𑐫𑐵𑑍𑐡𑑂𑐫𑑄𑐱𑐵𑐳𑐟𑐶𑐡𑐶𑐰𑑂𑐫𑐰𑐿𑐨𑐰𑐫𑐸𑐟𑐾𑐣𑐾𑐥𑐵𑐮
20001f44,𑐫𑐣𑑂𑐣𑐶𑐩𑐵𑐬𑑂𑐞𑐰𑐶𑐢𑑁𑐩𑐴𑐔𑑂𑐕𑐩𑐨𑐺𑐟𑐵𑐢𑐶𑐎𑑂𑐫𑑀𑐢𑐩𑐵𑐬𑑄𑐨𑐎𑐺𑐡𑑂𑐰𑐷𑐬𑐳𑑂𑐫𑐵𑐣𑐸𑐔𑐬𑑀𑐣𑐬𑐾𑐣𑑂𑐡𑑂𑐬𑐣𑐺𑐥𑐟𑐾𑑅𑐳𑑄
07fzddcz,𑐬𑐡𑐷𑐣𑑓𑐊𑐣𑑂𑐡𑑂𑐫𑐵𑐟𑐖𑑀𑐬𑐕𑐷𑐎𑐵𑐟𑐷𑐎𑐣
4013a33c,𑐥𑐬𑐟𑐣𑑂𑐩𑐸𑐎𑑂𑐟𑐶𑑋𑑋𑐡𑐶𑐰𑑄𑐐𑐟𑐵𑐫𑐟𑐬𑐱𑑂𑐔𑐳𑐟𑑂𑐫𑐳𑐶𑑄
02z11bac,𑐡𑑂𑐢𑐶𑐥𑐹𑐬𑑂𑐰𑐷𑐣𑐬𑐳𑐶𑑄𑐴𑐣𑐵𑐩𑐵𑑌𑐥𑑂𑐬𑐵𑐳𑐵𑐡𑑀𑐫𑑄𑐰𑐶𑐱𑐵𑐮𑑀𑐣𑐰𑐣𑐟𑐰𑐎𑐮𑐱𑐵𑐰𑐾𑐲𑑂𑐚𑐶𑐟𑐵𑐐𑑂𑐬𑑀𑐴𑐶𑐩𑐵𑑄𑐩𑑅𑐱𑑂𑐬𑐷𑐩𑐟𑑂𑐫𑐵𑐬𑐸𑐡𑑂𑐬𑐩𑐟𑑂𑐰𑐵𑐰𑐺𑐴𑐡𑐸
24241adc,𑐬𑑂𑐰𑐦𑐵𑐮𑑂𑐐𑐸𑐞𑐷𑐣𑐎𑑂𑐲𑐾𑐟𑐬𑐾𑑍𑐱𑐶𑐰𑐖𑑀𑐐𑐾𑐖𑐠𑐵𑐎𑐬𑑂𑐞𑐩𑑀𑐴𑑀𑐟𑐬𑐾𑑍𑐧𑐾𑐴𑐳𑑂𑐥𑐟𑐶𑐰𑐵𑐳𑐬𑐾𑑍𑐎𑑂𑐬𑐎𑑂𑐬
c10aacfa,𑐫𑑀𑐐𑐥𑑂𑐬𑐷𑐟𑐶𑐳𑐣𑐵𑐏𑑂𑐫𑐎𑐾𑐳𑐩𑐎𑐬𑑀𑐡𑑂𑐫𑐵𑐐𑐾𑐱𑑂𑐰𑐬𑐳𑑂𑐫𑐵𑐮
25b17643,𑐰𑐶𑐴𑐵𑐬𑐶𑐞𑐷𑐰𑐶𑐖𑐫𑐟𑐾𑐱𑐮𑐵𑐢𑐶𑐬𑐵𑐖𑐵𑐟𑑂𑐩𑐖𑐵𑑌𑐟𑐟𑑂𑐥𑐵𑐡𑐵𑐩𑑂𑐧𑐸𑐖𑐣𑐶𑑅𑐳𑐺𑐣𑐵𑐩𑐺𑐟𑐬𑐳𑐥𑑂𑐬𑐵𑐫𑐥𑑂𑐬𑐨𑐵𑐎𑑂𑐲𑐵
3b90a659,𑐫𑐠𑐵𑐎𑐬𑑂𑐞𑐩𑐸𑐴𑐸𑐟𑑂𑐬𑐾𑐱𑐸𑐎𑑂𑐬𑐧𑐵𑐮𑐳𑐮𑐾𑑌𑐧𑐶𑐕𑐸𑐮𑐵𑐳𑐶𑐐𑐟𑐾𑐳𑐧𑐶
35z56465,𑐬𑑂𑐡𑑂𑐡𑐞𑑂𑐜𑐰𑐶𑐩𑐸𑐎𑑂𑐟𑐰𑐵𑐞𑐣𑐶𑐎𑐬𑐵𑐎𑑂𑐬𑐵𑐣𑑂𑐟𑑀𑐟𑑂𑐟𑐩𑐵𑐒𑑂𑐐𑑀𑐬𑐶𑐥𑐬𑑂𑐨𑐾𑐖𑐾𑐔𑐵𑐧𑑂𑐢𑐶𑐰𑐣𑐵𑐡𑑂𑐬𑐶𑐐𑐴𑑂𑐰𑐬𑐐𑐸𑐴𑐵𑑄𑐴𑐶𑐟𑑂𑐰𑐵𑐳𑑂𑐰𑐎𑐷𑐫𑐵𑑄𑐥𑐸𑐬𑐷𑑄
6ab0d3a1,𑐢𑐎𑐠𑐵𑐥𑐣𑐵𑐫𑐵𑐣𑐵𑐐𑐸𑐡𑐾𑐰𑐐𑐸𑐬𑐸𑐩𑐵𑐩𑐰𑐧𑐵𑐫𑐵𑐟𑐧𑑀𑐩𑐧𑐶𑐫𑐵𑑅𑐳𑐶𑐡𑐣𑐵𑐫𑐵𑐣𑐵𑐴
82fb7883,𑐫𑐵𑐒𑐵𑐖𑐸𑐮𑑀𑐱𑐸𑐨𑑌𑐳𑐩𑑂𑐰𑐟𑑘𑑒𑑘𑐦𑐵𑐮𑑂𑐐𑐸𑐞𑐱𑐸𑐡𑐶𑑘𑐩𑐺𑐐𑐱𑐶
4739a488,𑐫𑐵𑐒𑐵𑐖𑐸𑐮𑑀𑐱𑐸𑐨𑑌𑐳𑐩𑑂𑐰𑐟𑑘𑑒𑑘𑐦𑐵𑐮𑑂𑐐𑐸𑐞𑐱𑐸𑐡𑐶𑑘𑐩𑐺𑐐𑐱𑐶
1168cda6,𑐥𑐬𑐵𑐖𑐨𑐵𑐬𑑀𑑍𑐩𑐴𑐶𑐬𑐵𑐨𑐵𑐬𑑀𑑍𑐖𑑀𑐟𑐶𑐨𑐵𑐬𑑀𑑍𑐖𑐫𑐟𑐳𑐶𑑄𑐴𑐨𑐵𑐬𑑀𑑍𑐖𑑂𑐘𑐵𑑄𑐨𑐵
7b56200z,𑐣𑑂𑐩𑐹𑐬𑑂𑐟𑑂𑐟𑐫𑐾𑑋𑐦𑐞𑐵𑐳𑐥𑑂𑐟𑐧𑐶𑐨𑐹𑐲𑐵𑐫𑐮𑑀𑐎𑐵𑐬𑑂𑐟𑑂𑐟𑐶𑐨𑐫𑐴𑐵𑐬𑐶𑐞𑐾𑑌𑐫𑐖𑐩
za95f08a,𑐥𑐱𑑂𑐰𑑍𑐳𑑄𑐑𑑂𑐮𑐥𑑂𑐬𑐰𑐟𑐳𑑂𑐫𑑍𑐳𑐣𑐶𑐡𑑂𑐫𑐾𑑍𑐳𑐩𑐸𑐬𑐵𑐎𑐵𑐬𑑂𑐫𑐩𑐣𑐞𑑂𑐜𑐬𑑂𑐫𑑍𑐄𑐥𑐕𑐡𑑀𑐴
c5f0dz5c,𑐖𑐶𑐩𑐕𑐩𑑂𑐴𑐣𑐵𑐫𑐎𑐖𑐸𑐥𑐶𑑄𑐧𑐶𑐖𑑂𑐫𑐵𑐟𑐎𑐾𑐩𑐵𑐬𑐖𑐸𑐬𑑀
897f0066,𑐢𑐵𑐣𑑂𑐫𑑍𑐁𑐬𑑂𑐫𑑂𑐫𑐵𑐰𑐬𑑂𑐟𑑂𑐟𑐡𑐾𑐱𑐾𑑍𑐱𑑂𑐬𑐷𑑒𑐩𑐢𑑂𑐫𑐾𑐥𑐸𑐬𑐷𑐠𑐵𑐣𑐾𑑍𑐱𑑂𑐬𑐷𑑓𑐧𑐵𑐮𑐎𑑀𑐩𑐵𑐮𑐷𑑍𑐣𑑄𑐮𑐲𑐎
23cz3d06,𑐣𑐖𑐸𑐬𑑀𑐱𑐸𑐨𑑌𑐩𑐟𑐕𑑀𑐫𑐎𑐾𑐫𑐵𑐟𑐎𑐸𑐬𑑑𑐔𑐶𑐎𑑄𑐕𑑀𑐫𑐾𑐎𑐾𑐩𑐵𑐬𑐱𑐸𑐨𑑋𑑋
50f28016,𑑉𑐀𑐡𑑂𑐫𑑅𑐧𑑂𑐬𑐩𑑂𑐴𑐞𑑀𑐡𑑂𑐢𑐶𑐟𑐷𑐫𑐥𑐬𑐵𑐡𑑂𑐢𑐾𑑍𑐱𑐷𑐫𑐟𑐧𑐬𑐵𑐴𑐵𑐎𑐬𑐥𑐾𑐰𑐿𑐰𑐰𑐱𑑂𑐰𑐟𑐩𑐣𑑂𑐰𑐎𑐬𑐾𑐀𑐲𑑂𑐚𑐵𑐰𑐶𑐱
0b8b2674,𑐫𑐞𑐠𑑂𑐰𑐫𑐵𑐣𑐎𑐾𑐴𑐾𑐬𑐵𑐖𑐎𑐸𑐩𑐵𑐬𑐱𑑂𑐬𑐷𑐱𑑂𑐬𑐷𑐬𑐸𑐥𑐩𑐟𑐶𑐡𑐾𑐰𑐷𑐠𑑂𑐰𑐫𑐵𑐣𑐎𑐾𑐴𑐾𑐬𑐵𑐖𑐎𑐸𑐩𑐵𑐬𑐷𑐱𑑂𑐬𑐷𑐱𑑂𑐬𑐷
z84c9c90,𑐞𑑂𑐜𑐿𑐳𑐟𑐶𑐮𑐵𑐎𑑂𑐲𑐟𑑄𑐔𑐳𑐫𑐧𑑄𑐳𑐶𑐣𑑂𑐡𑐹𑐬𑐥𑑄𑐔𑐵𑐩𑐺𑐟𑑄𑑋𑐢𑐹𑐥𑑄𑐡𑐷𑐥𑑄𑐳𑐵𑐫𑑄𑐥𑐹𑐣
zbc06c98,𑐬𑐶𑐡𑑂𑐬𑐫𑐵𑐬𑑂𑐞𑑂𑐞𑐰𑐩𑐐𑑂𑐣𑐰𑐶𑐥𑑂𑐬𑐣𑐶𑐔𑐫𑑀𑐡𑑂𑐢𑐵𑐬𑐎𑐣𑑁𑐎𑐵𑐰𑐴𑑀𑐰𑐷𑐞𑐵𑐰𑐵𑐡𑐣𑐣𑐶𑐬𑑂𑐖𑐶𑐟𑐵𑐩𑐬𑐩𑐸𑐣𑐷𑐬𑐸𑐡𑑂𑐬𑐾𑐣𑑂𑐡𑑂𑐬𑐩𑐮𑑂𑐮𑐵𑐴𑑂𑐰𑐫𑑅𑑌
12dfb8c2,𑐮𑐳𑐖𑐮𑐢𑐸𑐣𑐶𑐳𑑂𑐠𑐵𑐥𑐣𑐵
b876zf0f,𑐫𑐵𑐟𑐳𑐵𑐣𑐬𑐔𑐮𑐎𑐫𑐵𑐟𑐳𑐾𑐣𑐎𑐬𑐳𑐵𑑍𑐥𑑄𑐔𑐩𑐴𑐵𑐥𑐵𑐟𑐎𑐬𑐵𑐎𑐱𑑂𑐬𑐷
d2ddccc2,𑐎𑐵𑐳𑐎𑐾𑐣𑐎𑐰𑐶𑐴𑐵𑐬𑐶𑐮𑐶𑐰𑐶𑐕𑐾𑐫𑐵𑐥𑐸𑐬𑑂𑐞𑐶𑐩𑐵𑐳𑐾𑐰𑐵𑐐𑐸𑐠𑐶𑐫𑐵𑐫𑑀𑐐𑑂𑐰𑐵𑐬𑐨𑑀
z8a4f7f2,𑐱𑑂𑐰𑐳𑐶𑑄𑐴𑐨𑐵𑐬𑑀𑑌𑐰𑑂𑐫𑐳𑐟𑐩𑐣𑐶𑐐𑑂𑐮𑐎𑑀𑐰𑐶𑐕𑐾𑐩𑐣𑑀𑐴𑐬𑐶𑐳𑐶𑑄𑐴𑐨𑐵𑐬𑑀𑐨𑑂𑐬𑐵𑐟𑑂𑐟𑐾𑐨𑐵𑐐𑐳𑐶𑑄𑐴𑐨𑐵𑐬𑑀𑑄𑑍𑐩𑐣𑐶𑐎𑐬𑐵𑐖𑐨𑐵𑐬𑑀𑐨𑑂𑐬𑐵𑐟𑑂𑐟𑐾
fcd723f7,𑐣𑐬𑐎𑐵𑐣𑐵𑑄𑐳𑐸𑐡𑐵𑐬𑐸𑐞𑐵𑑅𑑌𑐎𑑂𑐬𑐩𑐾𑐞𑐟𑐵𑐳𑐸𑐥𑐟𑑂𑐫𑐣𑑂𑐟𑐾𑑍𑐡𑐾𑐰𑐧𑑂𑐬𑐴𑑂𑐩𑐳𑑂𑐰𑐴𑐵𑐬𑐶𑐞𑑅𑑌𑐠𑑂𑐰𑐐𑐸
d1b436d8,𑐮𑐎𑑂𑐲𑑂𑐩𑐷𑐡𑐾𑐰𑐷𑐣𑐡𑐫𑐎𑐵𑐡𑐶𑐣𑐱𑐸𑐨𑑌
79535dda,𑐧𑐸𑐢𑐥𑑂𑐬𑐩𑐸𑐏𑐣𑑍𑐨𑐵𑐬𑑂𑐫𑐵𑐩𑐒𑑂𑐐𑐬𑐵𑐮𑐎𑑂𑐲𑑂𑐩𑐷𑐱𑐵𑐎𑑂𑐫𑐨𑐶𑐎𑑂𑐲𑐸𑐱𑑂𑐬𑐷𑐩𑐣𑐖𑐟𑐶𑑍𑐱𑐵𑐎𑑂𑐫𑐨𑐶
0c084c8f,𑐳𑑄𑐩𑑂𑐢𑐰𑑂𑐬𑐶𑑑𑐔𑐶𑐬𑐶𑐠𑐎𑐸𑑃𑑑𑐎𑐾𑐔𑐩𑐵𑑑𑐣𑐖𑐬𑐎𑐸𑐩
az80a421,𑐁𑐔𑐵𑐬𑑂𑐫𑑂𑐫𑐖𑐸𑐥𑐣𑐶𑐰𑐶𑐖𑑂𑐫𑐵𑐔𑐎𑑄𑐮𑐔𑑂𑐕𑑂𑐫𑐵𑐨𑐐𑐰𑐟𑐶𑐥𑐵𑐠𑐳𑐵𑐬𑑂𑐡𑑂𑐢𑐫𑐵𑐔𑐎𑐵𑐖𑐸𑐬𑑀𑐖𑐶𑐩𑐕𑐩𑑂𑐴𑐣𑐵𑐫𑐎𑐧𑐶𑐖𑑂𑐫𑐵𑐔𑐎𑑄𑐳𑑄𑐐𑐨𑑀𑐖
8db03218,𑑊𑐳𑐫𑑀𑐳𑑂𑐟𑐸𑑋𑑋𑐱𑑂𑐬𑐷𑑓𑐐𑑂𑐰𑐬𑑀𑐎𑐥𑐵𑐡𑐸𑐎𑐵𑐳𑐡𑐷
7f42ffz7,𑐳𑐶𑑄𑐴𑐣𑐎𑐀𑐥𑐸𑐞𑐵𑐎𑐵𑐊𑐳𑐩𑑄
0z9c4a4d,𑐳𑐸𑐣𑐵𑐣𑑄𑐠𑑂𑐰𑐳𑐵𑐴𑐵𑐳𑐣𑐫𑐶𑐔𑐾𑐬𑐾𑐠𑐶𑐔𑐾𑐬𑐫𑐵𑐟
1689d6a5,𑐬𑐐𑑂𑐰𑐟𑑂𑐬𑐫𑐵𑐟𑐕𑐶𑑍𑐡𑐫𑐎𑐵𑐟𑐵𑐬𑐖𑐸𑐕𑐶𑑍𑐡𑐟𑐵
c2z5afc6,𑐣𑑂𑐢𑐫𑑀𑐐𑐾𑑍𑐖𑐠𑐵𑐎𑐬𑑂𑐞𑑂𑐞𑐩𑐸𑐴𑐸𑐟𑑂𑐬𑐾𑑍𑐰𑐺𑐴𑐳𑑂𑐥𑐟𑐶𑐰𑐵𑐳𑐬𑐾𑑍𑐎𑐣𑑂𑐫𑐬𑐵𑐱𑐶𑐐𑐟𑐾𑐳𑐰𑐶𑐟
z553298b,𑑊𑐱𑑂𑐬𑐹𑐫𑑀𑐳𑑂𑐟𑐸𑐳𑐩𑑂𑐧𑐟𑑂𑑖𑑓𑑖𑐩𑐵𑐑𑐩𑐵𑐳𑑂𑐫𑐱𑐹𑐎𑑂𑐮𑐥𑐎𑑂𑐲𑐾
3a726z2d,𑐥𑐾𑐨𑐬𑐟𑐏𑐞𑑂𑐜𑑍𑐨𑐬𑐟𑐧𑐬𑑂𑐲𑐁𑐬𑑂𑐫𑐵𑐰𑐟𑑂𑐟𑐡𑐾𑐱𑐾𑐴𑐾𑐩𑐰𑐡𑑂𑐡𑐎𑑂𑐲𑐶𑐞𑐥𑐵𑐡𑑍𑐣𑐾𑐥𑐵𑐬𑐩
a2a6793a,𑐡𑐾𑐰𑐟𑐵𑐰𑐬𑐮𑐖𑑂𑐫𑐥𑑂𑐬𑐳𑐵𑐡𑐡𑐾𑐡𑐶𑐥𑑂𑐫𑐩𑐵𑐣𑑀𑐣𑐟𑐬𑐑𑐸𑐰𑑄𑐱𑐵𑐰𑐟𑐵𑐬𑐬𑐰𑐶𑐎𑐸𑐮𑐟𑐶𑐬𑐎𑐴𑐣𑐸𑐩𑐣𑑂𑐢𑑂𑐰𑐖𑐣𑐾𑐥𑐵𑐮𑐾𑐱𑑂𑐰𑐬𑐩𑐴𑐵𑐬𑐵𑐖𑐵𑐢𑐶𑐬𑐵𑐖𑐳𑐎𑐬𑐮𑐵
1bf00bb9,𑐱𑑂𑐰𑐬𑐵𑐫𑑅𑑌
92a6f43d,𑐎𑐬𑐵𑐎𑐖𑐸𑐬𑑀𑑌𑐩𑐳𑐾𑐣𑐎𑑄𑐨𑐶𑐣𑐎𑑂𑐬𑐳𑐵𑑍𑐄𑐟𑑂𑐬𑑀𑐎𑑂𑐟𑐦𑐮𑐬𑐵𑐎𑐖𑐸𑐬𑑀𑑌
03028c0b,𑐫𑐵𑐟𑐳𑐵𑑍𑐎𑑀𑐚𑐷𑐰𑐶𑐴𑐵𑐬𑐡𑐫𑐎𑐵𑐰𑑍𑐎𑑀𑐚𑐶𑐫𑐖𑑂𑐘𑐫𑐵𑐒𑐵𑐫𑐵𑐦𑐮𑐬𑐵𑐎𑐾𑐖𑐸𑐫𑐵𑐫
a140916z,𑐔𑐎𑐾𑐩𑐵𑐬𑑌𑐠𑑂𑐰𑐡𑐟𑑂𑐟𑑄𑐬𑑀𑐥𑐫𑐵𑐟𑐳𑐵𑐡𑐾𑐔𑐵𑐮𑐫𑑄𑐧𑐶𑐢𑐩𑐫𑐵𑐟𑐳𑐵𑐐𑑀𑐴𑐟𑑂𑐫𑐵
f68c7d55,𑐬𑐶𑐟𑑍𑐱𑐟𑐱𑑂𑐬𑐷𑐎𑐾𑐱𑐔𑐣𑑂𑐡𑑂𑐬𑐎𑐺𑐟𑐥𑐵𑐬𑐵𑐰𑐬𑑂𑐟𑐩𑐴𑐵𑐰𑐶𑐴𑐵𑐬𑐢𑐶𑐲𑑂𑐛𑐶𑐟𑑍𑐧𑐖𑑂𑐬𑐵𑐔𑐵𑐬𑑂𑐫𑐱𑑂𑐬𑐷
703f77z9,𑐖𑐨𑐵𑐰𑑀𑐕𑐾𑐩𑑂𑐴𑑀𑐫𑐬𑐸𑐎𑐾𑐱𑐐𑐸𑐞𑐄𑐮𑑂𑐴𑐵𑐳𑐶𑑄𑐴𑐐𑑂𑐫𑐵𑐣𑐔𑐣𑑂𑐡𑑂𑐬𑐀𑐩𑐺𑐟𑐬𑐵𑐖𑐥𑐵
z2735a44,𑐮𑐳𑐟𑑂𑐎𑐶𑐮𑐞𑑂𑐜𑐮𑐶𑐟𑐟𑑂𑐎𑑀𑐡𑐞𑑂𑐜𑐳𑑄𑐮𑐐𑑂𑐣𑑋𑐏𑐞𑑂𑐜𑐎𑐵𑐞𑑂𑐜𑐥𑑂𑐬𑐔𑐞𑑂𑐜𑐟𑐵𑐫𑐟𑐵𑐥𑐶𑐟𑐳𑐎𑐮𑐥𑑂𑐬𑐟𑐶𑐡𑐎𑑂𑐲𑐩
68az0413,𑐣𑑂𑐡𑑂𑐬𑐵𑐫𑐣𑐩𑑀𑐣𑐩𑑅𑑋𑑋𑐨𑐬𑐰𑐵𑐫𑐳𑐬𑐳𑑂𑐰𑐟𑑂𑐫𑐥𑑂𑐬𑐞𑐩𑐵𑐩𑐶𑐡𑐶𑐣𑐾𑐡𑐶𑐣𑐾𑑋𑑋𑐫𑐳𑑂𑐫𑐵𑑅𑐳𑑂𑐰𑑄
18zf25af,𑐳𑐶𑐎𑐸𑐣𑑂𑐴𑐸𑐬𑐵𑐖𑐐𑐸𑐬𑑂𑐰𑑂𑐰𑐵𑐴𑐵𑐬𑐣𑐱𑑂𑐬𑐷𑐨𑐬𑐰𑐩𑐹𑐬𑑂𑐟𑐶𑐥𑐹𑐖𑐵𑐫𑐵𑐫𑐩𑐵𑐮𑑌𑐦𑑄𑑑𑐳𑐶𑐫𑐵𑐦𑐮𑐎𑐶𑐥𑑂𑐬𑑒𑐩𑑂𑐰𑐵𑐟𑐎𑐸
1c73749c,𑐎𑐾𑐱𑑂𑐰𑐬𑐶𑐒𑐵𑐏𑐵𑐔𑑀𑐎𑐫𑐵𑐱𑑂𑐬𑐷𑐖𑐶𑐡𑐾𑐰𑐖𑐸𑐖𑐸𑐬𑑀𑑌𑐱𑐸𑐨𑑌𑐨𑐹𑐫𑑄𑐎𑑀𑐎𑐵𑐳𑑂𑐰𑐵𑐣𑐴𑐵𑐣𑐾𑐕𑐶𑑑
1cacz419,𑐳𑐶𑑄𑑅𑐟𑐳𑑂𑐫𑐨𑐵𑐬𑑂𑐖𑑂𑐫𑐵𑐎𑐺𑐲𑑂𑐞𑐩𑐵𑐫𑐵𑑅𑐟𑐳𑑂𑐫𑑅𑐖𑐾𑐳𑑂𑐟𑐥𑐸𑐟𑑂𑐬𑑅𑐩𑐣𑐶
413abz72,𑐥𑑂𑐬𑐟𑐶𑐩𑐵𑐳𑐥𑑄𑐔𑐩𑐷𑐳𑐾𑐰𑐵𑐖𑑀𑐳𑑂𑐫𑑄𑑍𑐀𑐟𑐶𑐩𑐴𑐵𑐩𑐣𑑀𑐴𑐬𑑂𑐲𑐞𑑍𑐱𑑂𑐬𑐷𑑓𑐀𑐎𑑂𑐲𑑀
7cfbf62b,𑐎𑐹𑐬𑑂𑐩𑑂𑐩𑐔𑐵𑐳𑐣𑑋𑑋𑐟𑐳𑑂𑐠𑐵𑐐𑐸𑐥𑐴𑑂𑐩𑑀𑐥𑐬𑐶𑐴𑐾
57c81fd6,𑐖𑐵𑐬𑐵𑐴𑐣𑐫𑐵𑐒𑐵𑑍𑐳𑐹𑐬𑑂𑐫𑑂𑐫𑐬𑐵𑐩𑑍𑐥𑐬𑑂𑐱𑐸𑐬𑐵𑐩𑐨𑐵𑐮𑑀𑐣𑐾𑐩𑑂𑐴𑑄𑐦𑐸𑐎𑐶𑐖𑐣
6778261b,𑐳𑐶𑑄𑐴𑐨𑐵𑐰𑑋𑐔𑐣𑑂𑐡𑑂𑐬𑐳𑐶𑑄𑐴𑐨𑐵𑐰𑑍𑐖𑐶𑐰𑐣𑐎𑐾𑐱𑐨𑐵𑐰𑑍𑐰𑐫𑐎𑐸𑐟𑐨𑐵𑐰𑑍𑐱𑐶𑐰𑐨𑐵𑐰𑑍𑐨𑐵𑐐𑐶𑐳𑐶𑑄𑐴
d07532z6,𑐫𑐎𑑄𑐧𑑀𑐳𑐵𑐢𑐣𑐫𑐵𑐫𑐩𑐵𑐮𑑌𑑌𑐡𑐾𑐱𑐰𑐮𑐶𑐖𑑂𑐰𑐎𑑀𑐰𑐵𑐴𑐶𑐎𑐣𑐠𑑂𑐰𑐟𑐾𑐄𑐥𑐔𑐵𑐬𑐡𑐫𑐎𑑄𑐱𑑂𑐬𑐵𑐰𑐞𑐱𑐸𑐎𑑂𑐮𑐡𑑂𑐰𑐵𑐡𑐱𑐷𑐎𑐸𑐣𑑂𑐴𑐸𑐥𑐰𑐶
85b8z137,𑑉𑐣𑐩𑑅𑐱𑑂𑐬𑐷𑑓𑐴𑐬𑐵𑐴𑐬𑐮𑑀𑐎𑐾𑐱𑑂𑐰𑐬𑐵𑐫𑑋𑑋𑐮𑑀𑐎𑐾𑐱𑑂𑐰𑐬𑑄𑐱𑐶𑐬𑑄𑐳𑐵𑐣𑑂𑐟𑑄𑑍𑐀𑐩𑑀𑐑𑐐𑐸𑐞
2db96c5f,𑐬𑑂𑐰𑐦𑐵𑐮𑑂𑐐𑐸𑐞𑐷𑐣𑐎𑑂𑐲𑐾𑐟𑐬𑐾𑐱𑐶𑐰𑐾𑐖𑑀𑐐𑐾𑐖𑐠𑐵𑐎𑐬𑑂𑐞𑑂𑐞𑐩𑑀𑐴𑑀𑐟𑐾𑐬𑐾𑐧𑐾𑐴𑐳𑑂𑐫𑐥𑐟𑐶𑐰𑐵𑐳𑐬𑐾𑐧𑐺𑐟
b9cfd023,𑐩𑑂𑐫𑐣𑑂𑐰𑐎𑐬𑐾𑑍𑐀𑐲𑑂𑐚𑐵𑐰𑐶𑐱𑐟𑐶𑐟𑐩𑐾𑐔𑐟𑐸𑐫𑐸𑐐𑐳𑑂𑐫𑐎𑐬𑐾𑐥𑑂𑐬𑐠𑐩𑐥𑐵𑐡𑐾𑑍𑐖𑐩𑑂𑐧𑐸𑐡𑑂𑐰𑐶
930d9d04,𑐦𑐬𑐬𑐵𑐎𑐖𑐸𑐬𑑀𑑌𑑌𑐨𑐵𑐏𑐵𑐥𑐶𑐣𑐫𑐵𑐫𑐵𑐎𑐟𑐎𑐣𑐰𑐵𑐥𑐵𑐫𑐫𑐵𑐟𑐌𑐬𑐳𑐵𑐏𑐬𑐎𑐵𑐬𑐎𑐵𑐎𑐵𑐫𑐵𑐌𑐡𑐾𑐌𑐫𑐵𑐟𑐟𑐫𑐩𑐵𑐮𑐖𑐸𑐬𑑀𑐨𑐵𑐲𑐵𑐣𑐶𑐡𑐵𑐣
4f2f1005,𑐫𑐵𑐔𑐎𑑄𑑍𑐨𑐵𑐏𑐵𑐠𑐠𑐸𑐮𑑂𑐴𑐟𑐶𑐎𑑂𑐰𑐧𑐸𑐬𑐰𑑒𑐨𑐸𑐫𑐎𑑂𑐰𑐠𑐸𑐮𑑂𑐴𑐸𑐟𑐶𑐎𑑂𑐰𑐧𑐸𑐮𑐰𑑒𑐔𑐸𑐬𑑒𑐨𑐸𑐫𑐟𑐶𑐔𑑀𑐡𑑂𑐰𑐬𑐧𑐸𑐬𑐰𑑕𑐠𑑂𑐰𑐟𑐾𑐫𑐵
d681c91d,𑐧𑐸𑐢𑐥𑑂𑐬𑐩𑐸𑐏𑐣𑑍𑐨𑐵𑐬𑑂𑐫𑐵𑐩𑐒𑑂𑐐𑐬𑐵𑐮𑐎𑑂𑐲𑑂𑐩𑐷𑐱𑐵𑐎𑑂𑐫𑐨𑐶𑐎𑑂𑐲𑐸𑐱𑑂𑐬𑐷𑐩𑐣𑐖𑐟𑐶𑑍𑐱𑐵𑐎𑑂𑐫𑐨𑐶
44754z67,𑐳𑐩𑑂𑐫𑐎𑑂𑐳𑑄𑐧𑐸𑐡𑑂𑐢𑐫𑐵𑐥𑐡𑐮𑐵𑐎𑐖𑐸𑐥𑐵𑐫𑐱𑐸𑐨𑑄𑑋𑑋
090ca847,𑐮𑐕𑐶𑐩𑐶𑐨𑑂𑐬𑐵𑐟𑐵𑐥𑐸𑐟𑑂𑐬𑐨𑐵𑐖𑐸𑐡𑐾𑐌𑐎𑐳𑑂𑐫𑐨𑐵𑐬𑑂𑐫𑑂𑐫𑐵𑐐𑐸𑐣𑐮𑐕𑐶𑐩𑐷𑑌𑐎
52dz27z2,𑑊𑐳𑐩𑑂𑐰𑐟𑑘𑑖𑑑𑐩𑐸𑑋𑐱𑐸𑐣𑐰𑐡𑐶𑑑𑑔𑐬𑐸𑐥𑑂𑐬𑐵𑐳𑐣𑐶𑐡𑐸𑐟𑐵𑑄𑑌𑐱𑐸𑐨𑑄𑑌
250a6350,𑐳𑑂𑐫𑑄𑑍𑐠𑑂𑐰𑐡𑐾𑐰𑐮𑐡𑐫𑐎𑐰𑐶𑐖𑑂𑐫𑐵𑐎𑐖𑐸𑐬𑑀𑑌𑑌𑐱𑑂𑐬𑐾𑑇𑐫𑑀𑐳𑑂𑐟𑐸𑑌𑐳𑐩𑑂𑐰𑐟𑑂𑑘𑑐𑑑𑐩𑐵𑐬𑑂𑐐𑑂𑐐𑐱𑐶𑐮𑐱𑐸𑐎𑑂𑐮𑑌𑐥𑐥𑑂𑐚𑑂𑐫𑐵𑐣𑑂𑐟𑐶𑐠𑑁𑐱𑑂𑐬𑐰𑐞𑐥𑑂𑐬𑐢𑐣𑐾𑐲𑑂𑐛𑐵𑐣𑐎𑑂𑐲𑐾𑐟𑑂𑐬𑐾𑑌
2c90az21,𑐫𑐵𑐲𑐸𑐣𑐣𑐖𑑀𑐖𑐩𑐵𑐣𑐳𑑂𑐫𑐁𑐫𑐸𑐁𑐬𑑀𑐐𑑂𑐫𑑍𑐖𑐣𑐢𑐣𑐰𑐺𑐡𑑂𑐢𑐶𑐬𑐳𑑂𑐟𑐸𑑋𑑋𑐂𑐴𑑀𑐬𑑀𑐎𑐾𑐳𑐸𑐲
fa701f2c,𑐬𑐰𑐶𑐡𑐶𑐣𑐱𑑂𑐬𑐰𑐞𑐬𑑂𑐎𑑂𑐲𑐾𑐎𑐸𑐩𑑂𑐨𑐳𑑄𑐳𑑂𑐠𑐾𑐱𑐸𑐩𑐵𑐮𑐵𑐩𑐣𑐳𑐶𑐖𑐟𑐶𑐠𑐶𑐩𑐵𑐑𑐾𑐎𑐺𑐲𑑂𑐞𑐵𑐥𑐎𑑂𑐲𑐾𑐟𑐶𑐬𑐩𑑂𑐫𑐾𑐆𑐟𑐸𑐰𑐳𑐸𑐬𑐳
a08ff0fc,𑑊𑐱𑑂𑐬𑐷𑑓𑐔𑐞𑑂𑐜𑐾𑐱𑑂𑐰𑐬𑐷𑐥𑑂𑐬𑐷𑐟𑐶𑐣
b8dz126d,𑐣𑑄𑐱𑑂𑐬𑐷𑐧𑐖𑑂𑐬𑐳𑐟𑑂‍𑐧𑐫𑐱𑐩𑑄𑐱𑐶𑐬𑐳𑐵𑑄𑐣𑐩𑐵𑐩𑐷𑑌𑑒𑑌𑐱𑐹𑐢𑑂𑐫𑐱𑑂𑐬𑐷
1bd170b5,𑐥𑑂𑐬𑑑𑐔𑐶𑐎𑐸𑐒𑑕𑐕𑑀𑐕𑑀𑐐𑐸𑐩𑐵𑐒𑐵𑐕𑑀𑐣𑐎𑐾𑑍𑐡𑑄𑑕𑐳𑐵𑐫𑐟𑐵𑐡𑐎𑑂𑐲𑐶𑐣𑐵𑐧𑐶𑐫𑑍
aa84afcc,𑐩𑑂𑐨𑐫𑑀𑐐𑐾𑑌𑐱𑑂𑐰𑐩𑐧𑐵𑐳𑐬𑐾𑑌𑐫𑐠𑐵𑐎𑐬𑐞𑐩𑐸𑐴𑐸𑐬𑑂𑐟𑑂𑐟𑐾𑑌𑐩𑐾𑐏𑐬𑐵𑐳𑐶𑐐𑐟𑐾𑐳𑐵𑐰𑐿𑐟𑐬𑐶𑑌𑐧𑐺
5f6f1z15,𑐟𑑂𑐬𑐵𑐬𑑀𑐴𑐣𑐫𑐵𑐫𑑌𑑌𑐠𑑂𑐰𑐟𑐾𑐄𑐥𑐔𑐵𑐬𑐡𑐫𑐎𑑄𑐔𑐟𑑂𑐬𑐱𑐸𑐎𑑂𑐮𑐟𑑂𑐬𑐫𑑀𑐡𑐱𑐷𑐡𑐩𑐣𑐵𑐬𑑀𑐴𑐣𑐫𑐵𑐫𑑌𑑌𑐖𑑂𑐫𑐾𑐲𑑂𑐛𑐱𑐸𑐎𑑂𑐮
b37bc431,𑐮𑐨𑐵𑐲𑐵𑑋𑐱𑑂𑐬𑐾𑐫𑑀𑐳𑑂𑐟𑐸𑑌𑐳𑑄𑐰𑐟𑑂𑑘𑑕𑑒𑐖𑑂𑐫𑐾𑐲𑑂𑐛𑐩𑐵𑐳𑐾𑐱𑐸𑐎𑑂𑐮𑐥𑐎𑑂𑐲𑐾𑐥𑐣𑑂𑐔𑐩𑑂𑐫𑐵𑑄𑐟𑐶𑐠𑑁𑑍𑐥𑐸𑐲𑑂𑐫𑐣𑐎𑑂𑐲𑐾𑐟𑑂𑐬𑐾𑑍𑐰𑐸𑐡𑑂𑐢𑐶𑐫𑑀𑐐𑐾𑑍𑐧𑐸𑐢𑐰𑐵𑐳𑐬𑐾𑑍𑐠𑑂𑐰𑐎𑐸𑐣𑑂𑐴𑐸
b12728bd,𑐴𑑂𑐒𑐰𑑍𑐰𑐮𑑍𑐎𑐲𑑑𑐐𑑁𑐐𑑂𑐬𑐵𑐳𑐫𑐵𑐟𑐡𑐸𑐣𑑂𑐟𑐵𑐖𑐸𑐬𑑀𑑌
2203zc35,𑐥𑐱𑑂𑐰𑑍𑐳𑑄𑐑𑑂𑐮𑐥𑑂𑐬𑐰𑐟𑐳𑑂𑐫𑑍𑐳𑐣𑐶𑐡𑑂𑐫𑐾𑑍𑐳𑐩𑐸𑐬𑐵𑐎𑐵𑐬𑑂𑐫𑐩𑐣𑐞𑑂𑐜𑐬𑑂𑐫𑑍𑐄𑐥𑐕𑐡𑑀𑐴
55584a23,𑐩𑑂𑐫𑐳𑐵𑐟𑐴𑐵𑐬𑑂𑐫𑑂𑐫𑐵𑐐𑐸𑐞𑐳𑐸𑐣𑑂𑐡𑐬𑐷𑑌𑐟𑐣𑑂𑐩𑐢𑑂𑐫𑐩𑑀𑐰𑐶𑐱𑑂𑐰𑐳𑐶𑑄𑐴𑑀𑐩𑐸𑐜𑐳𑐶𑑄𑐴𑑅𑐎𑐣𑐶𑐲𑑂𑐛𑐎𑑅𑐫𑐵𑐟𑐵
4ff4bac2,𑐐𑑂𑐰𑐣𑐶𑐡𑐵𑐣𑐫𑐵𑐟𑐳𑐵𑐳𑑂𑐫𑐴𑐵𑐫𑐸𑐣𑐵𑐥𑐵𑐎𑐟𑐟𑐢𑐖𑐖𑐸𑐫𑐵𑐴𑐵𑐫𑐳𑐬𑐵𑐎𑐴𑐵𑐮𑑀𑑌𑐱𑐸𑐨
d99d5abc,𑐱𑑂𑐬𑐷𑐩𑐮𑑂𑐮𑑀𑐎𑐾𑐱𑐡𑐿𑐰𑐳𑐬𑐞𑐩𑐥𑐶
670cazaz,𑐩𑐸𑐖𑑂𑐖𑐺𑐩𑑂𑐨𑐟𑐾𑑌𑐫𑐾𑐣𑐵𑐡𑐵𑐫𑐶𑐩𑐸𑐬𑐵𑐬𑐫𑐾𑑄𑑇𑐱𑑂𑐩𑐳𑐡𑐣𑑄𑐳𑐬𑑂𑐰𑑂𑐰𑐵𑐫𑐰𑐵𑐥𑐷𑐡𑑂𑐰𑐫𑑄𑐥𑐸𑐟𑑂𑐬𑐵𑐫𑐵𑐰𑐣𑐶𑐥𑐵𑐮𑐟𑐵𑐴𑐸𑐟
050z17f4,𑐡𑐶𑐣𑐳𑐩𑑂𑐧𑐟𑑘𑑑𑑒𑐖𑑂𑐫𑐾𑐲𑑂𑐛
cc6c3zf9,𑐱𑑂𑐬𑐷𑐴𑐾𑐬𑐸𑐎𑐔𑐮𑐞𑐳𑐾𑐰𑐎𑐱𑑂𑐬𑐷𑐰𑐶𑐱𑑂𑐰𑐎𑐬𑑂𑐩𑑂𑐩𑐵𑐀𑐰𑐟𑐵𑐬
b5c0bb77,𑐡𑐸𑐡𑐵𑐟𑐵𑐫𑐵𑐧𑑄𑐳𑐡𑐟𑐾𑐔𑐶𑐟𑐵𑐫𑐵𑐒𑐵𑐌𑐟𑐫𑐩𑐵𑐬𑑌
5fb5czcd,𑐎𑐺𑐲𑑂𑐞𑐡𑑂𑐰𑐶𑐟𑐷𑐫𑐵𑐴𑐳𑑂𑐟𑐵𑐣𑐎𑑂𑐲𑐾𑐟𑑂𑐬𑑍𑐱𑐸𑐨𑐫𑑀𑐐𑐰𑐸𑐢𑐰𑐵𑐬𑐎𑐸𑐣𑑂𑐴𑐸𑐱𑑂𑐬𑐷𑐱𑑂𑐬𑐷𑐱𑑂𑐬𑐷𑐂𑐲𑑂𑐚𑐡𑐾𑐰𑐟𑐵𑐥𑑂𑐬𑐷𑐟𑐶
4322zbz9,𑐰𑐣𑐾𑐩𑑂𑐴𑑄𑐳𑑂𑐟𑐵𑑍𑐖𑐸𑑑𑐥𑐸𑐖𑐵𑑍𑐡𑑄𑑒𑐑𑐾𑐮𑐎𑐳𑑂𑐟𑐶𑑍𑐥𑐵𑑑𑐡𑐸𑐡𑐸𑑍𑐡𑑄𑑒𑐡𑐎𑑂𑐲𑐶𑐣𑐵𑑍𑐣𑐵𑐐𑐬𑐵𑐖𑐵𑐫𑐵𑐣
14ab8c78,𑐔𑐶𑐣𑑂𑐴𑐾𑐰𑐟𑑂𑐳𑐬𑐾𑐰𑐶𑐲𑑂𑐞𑐸𑐴𑐾𑐟𑑀𑑅𑐎𑐣𑐎𑐬𑐔𑐶𑐟𑐎𑐸𑐩𑑂𑐨𑑄𑐩𑐾𑐡𑐶𑐣𑐷𑐱𑑀𑐰𑑂𑐫𑐢𑐣𑑂𑐟𑑌𑐱𑐸𑐨𑐩𑐳𑑂𑐟𑐸𑐳𑐬𑑂𑐰𑑂𑐰𑐖𑐐𑐟𑐵𑑄𑐱𑐶𑐰𑑄𑑌
99238142,𑐱𑑂𑐬𑐷𑐩𑐕𑑂𑐬𑐷𑐱𑐵𑐎𑑂𑐫𑐳𑐶𑑄𑐴𑐾𑐟𑑂𑐫𑐵𑐡𑐶𑑐𑑌𑐡𑐵𑐣𑐥𑐟𑐶𑐖𑐖𑐩𑐵𑐣𑐣𑐾𑐥𑐵𑐮𑐩𑐞𑑂𑐜𑐮𑐾𑐱𑐵𑐣𑑂𑐟𑐶𑑄𑐑𑐟𑐳𑑂𑐠𑐵𑐣𑐾𑐠𑐵𑐫𑐩𑐡𑐸𑐟𑑀𑐮𑐣𑑂𑐴𑐸𑐧𑐵𑐴𑐵𑐮𑐳𑐔𑑀𑐣𑐩𑑂𑐴𑐳𑑂𑐠𑐵𑐥𑐶𑐟𑐣𑐵𑐫𑐎𑐖𑑀𑐐𑐰𑐷𑐬𑐟𑐳𑑂𑐫𑐨𑐵𑐬𑑂𑐫𑑂𑐫𑐵𑐖𑑂𑐘𑐵𑐣𑐶𑐠𑐎𑐸𑑄
6f2a9d99,𑐦𑐬𑐬𑐵𑐎𑐖𑐸𑐬𑑀𑑌𑑌𑐨𑐵𑐏𑐵𑐥𑐶𑐣𑐫𑐵𑐫𑐵𑐎𑐟𑐎𑐣𑐰𑐵𑐥𑐵𑐫𑐫𑐵𑐟𑐌𑐬𑐳𑐵𑐏𑐬𑐎𑐵𑐬𑐎𑐵𑐎𑐵𑐫𑐵𑐌𑐡𑐾𑐌𑐫𑐵𑐟𑐟𑐫𑐩𑐵𑐮𑐖𑐸𑐬𑑀𑐨𑐵𑐲𑐵𑐣𑐶𑐡𑐵𑐣
a9124d49,𑐩𑐏𑐣𑐩𑐞𑑂𑐜𑐥𑐟𑑀𑐬𑐎𑐾𑑍𑐥𑐶𑐠𑐸𑐐𑑂𑐰𑐵𑐕𑐾𑐐𑐺𑐴𑐰𑐵𑐳𑐶𑐣
618bc262,𑐠𑐰𑐰𑑀𑐡𑐖𑐣𑐡𑐎𑑀𑐰𑑀𑐒𑐵𑐰𑐫𑐵𑐒𑐵𑐠𑑂𑐰𑐟𑐾
7c2f1fa2,𑐬𑐩𑑂𑐴𑑄𑑌𑑖𑑌𑐳𑐩𑐸𑐴𑐖𑐸𑐫𑐵𑐌𑐔𑑀𑐣𑐵𑐧𑐾𑐮𑐳𑐢𑐬𑑂𑐩𑑂𑐩
540c3cfb,𑐥𑐹𑐖𑐵𑐨𑐵𑑄𑐜𑐷𑐖𑑀𑑑𑐣𑐶𑐱𑑂𑐬𑐵𑐰𑐖𑑀𑑑𑐩𑐵𑐑𑐾𑐟𑐵𑑒𑐡𑐶𑐰𑐵𑐑𑐾𑐮𑐀𑑒𑐐𑐸𑐐𑐸𑐮𑐖𑑑𑐡𑑄𑑔𑐡𑐎𑑂𑐲𑐶𑐞𑐡𑐾𑐰𑐳𑑂𑐟𑐰𑐧𑑂𑐬𑐵𑐴𑑂𑐩
63642fc8,𑐳𑐵𑐴𑐡𑐾𑐰𑐫𑐵𑐬𑐵𑐖𑑂𑐫𑐾𑑌𑑑𑑌
a51afca3,𑐰𑐮𑐳𑐵𑐞𑑄𑐣𑐡𑐰𑐠𑑂𑐫𑑄𑐔𑐐𑐸𑐬𑐵𑐠𑑂𑐰𑐎𑑍𑐔𑐠𑐵𑐎𑐎𑐸𑐣𑑂𑐴𑐸𑐧𑐸𑐳𑐵𑐢𑐣𑐫𑐵𑐫𑐩𑐵𑐬𑑍𑐨𑐵𑐲𑐵𑐮𑐳𑐕𑐥𑑀𑐬𑐥𑐹𑐬𑑂𑐞𑑂𑐞𑐩𑐵𑐳𑐶𑐎𑐸
860zd415,𑐐𑑂𑐬𑐞𑐷𑑅𑐳𑑁𑐣𑑂𑐡𑐬𑑂𑐫𑐬𑑂𑐖𑑂𑐖𑐶𑐟𑐩𑐷𑐣𑐎𑐾𑐟𑐸𑐬𑐖𑐶𑐟𑑀𑐰𑐶𑐡𑑂𑐫𑐵𑐥𑐬𑐷𑐟𑐵𑐱𑐰𑑀𑐡𑐶𑐎𑑂𑐳𑑂𑐟𑑂𑐬𑐷𑐎𑐬𑑂𑐞𑐰𑐶𑐨𑐹𑐲𑐞𑐷𑐎𑐺𑐟𑐫𑐱𑑀
225c4d7d,𑐖𑐵𑐎𑑂𑐫𑐾𑐦𑑄𑑖𑑐𑐧𑐥𑐸𑐎𑐫𑐵𑐟𑐰𑐶𑐫𑐩𑐵𑐬𑑄𑐡𑑄𑐳𑑋𑐖𑐵𑐎𑑂𑐫𑐦𑑄𑑑𑑐𑐳𑐶𑐣𑐐𑐩𑐵𑐮𑐔𑑀𑐎𑐩𑑂𑐴𑐫𑐵
dd23d852,𑐰𑐵𑐐𑑂𑐰𑐬𑐀𑐒𑐣𑐥𑐱𑐶𑐩𑑋𑑋𑐬𑐵𑐕𑐾𑐖𑐵𑐰𑐖𑐸𑐎𑑂𑐰𑐡𑐸𑑄𑐟𑐵𑐖𑐸
13589zb6,𑐩𑐾𑐴𑐾𑐬𑐩𑐵𑐣𑐥𑐸𑐟𑑂𑐬𑐳𑐸𑐲𑐸𑐨𑐵𑐖𑐸𑐠𑑂𑐰𑐟𑐾𑐳𑐎𑐮𑐥𑐬𑐶𑐰𑐵𑐬𑐳𑐩𑑀𑐴𑑅𑐖𑐸𑐫𑐵𑐌𑐱𑑂𑐬𑐷
1f036d51,𑐳𑑂𑐫𑑄𑑍𑐠𑑂𑐰𑐡𑐾𑐰𑐮𑐡𑐫𑐎𑐰𑐶𑐖𑑂𑐫𑐵𑐎𑐖𑐸𑐬𑑀𑑌𑑌𑐱𑑂𑐬𑐾𑑇𑐫𑑀𑐳𑑂𑐟𑐸𑑌𑐳𑐩𑑂𑐰𑐟𑑂𑑘𑑐𑑑𑐩𑐵𑐬𑑂𑐐𑑂𑐐𑐱𑐶𑐮𑐱𑐸𑐎𑑂𑐮𑑌𑐥𑐥𑑂𑐚𑑂𑐫𑐵𑐣𑑂𑐟𑐶𑐠𑑁𑐱𑑂𑐬𑐰𑐞𑐥𑑂𑐬𑐢𑐣𑐾𑐲𑑂𑐛𑐵𑐣𑐎𑑂𑐲𑐾𑐟𑑂𑐬𑐾𑑌
f082f4dd,𑑌𑑒𑑌𑐣𑐰𑐩𑑂𑐫𑐵𑑄𑐥𑐺𑐞𑑂𑐫𑐟𑐶𑐠𑑁𑐖𑑂𑐫𑐟𑐶𑐱𑐸𑐨𑐱𑐸
473903b6,𑐬𑐵𑐰𑐟𑐖𑐱𑐶𑐬𑐵𑐖𑐫𑐵𑐰𑐾𑐬𑐳𑑍𑐖𑑀𑐖𑐩𑐵𑐣𑐫𑐟𑐵𑐏𑐵
4d1z3bda,𑐫𑐵𑐟𑐱𑑂𑐬𑐷𑑓𑐣𑐵𑐬𑐵𑐫𑐞𑐱𑑂𑐬𑐷𑐮𑐎𑑂𑐲𑑂𑐩𑐷𑑌𑐠𑐰𑐟𑐣𑐵𑐩𑐣𑐱𑑂𑐬𑐷𑑓𑐣𑐵𑐬𑐵𑐫𑐞𑐟𑑂𑐬𑐷𑐡𑐶
a7a7cc8a,𑐴𑐵𑐬𑐫𑐵𑑅𑐢𑑂𑐰𑐵𑐎𑐵𑐳𑑅𑐢𑐵𑐟𑐸𑐫𑐵𑐳𑐶𑑄𑐑𑐳𑑂𑐠𑐵𑐥𑐣𑐵𑐫𑐵𑐣𑐵𑑅𑐡𑐵𑐣𑐥𑐟𑐶
zf284z1b,𑐳𑐸𑐡𑐣𑑀𑐬𑑂𑐖𑐸𑐣𑐩𑐶𑐰𑐵𑐬𑐵𑐟𑐾𑐬𑐞𑐾𑐨𑐷𑐲𑐞𑑅𑑋𑐱𑐎𑐳𑑂𑐫𑐾𑐰𑐖𑐫𑐣𑑂𑐟𑐊𑐲𑐟𑐣𑐫𑑀𑐫𑑀𑐰𑐷𑐬𑐨𑐡𑑂𑐬𑐵𑐎𑐺𑐟𑐶𑑅𑑌𑐟𑐾𑐣𑐵𑐎𑐵𑐬𑐶𑐩𑐛𑑀𑐩
0z9d7a5c,𑐟𑐐𑑂𑐬𑐎𑐾𑐟𑐎𑐎𑐸𑐩𑐸𑐡𑑄𑐎𑐵𑐱𑐎𑑁𑐩𑐸𑐡𑐷𑐎𑐵𑐩𑐶𑐣𑐷𑐎𑐥𑐎𑑂𑐲𑐎𑐵𑐣𑑂𑐟𑐵𑐎𑐬𑑂𑐞𑑂𑐜𑐸𑐬𑐖𑐟𑐎𑐸𑐞𑑂𑐜𑐮𑐎𑐵𑐣𑑂𑐟𑐶𑐎
732b8d58,𑐥𑐬𑐾𑐲𑐸𑐳𑑂𑐰𑐬𑑂𑐐𑑂𑐐𑐥𑑂𑐬𑐵𑐥𑑂𑐟𑑂𑐫𑐬𑑂𑐠𑐬
21zzzfz5,𑐫𑐐𑑂𑐧𑐵𑐳𑐥𑐸𑐬𑐌𑑒𑐡𑐵𑐬𑐲𑐵𑐧𑐸𑐨𑐹𑐫𑐩𑐵𑐬𑑂𑐐𑐡𑑀𑐬𑐧𑐸𑐬𑐌𑑑𑑌𑐨𑐸𑐫𑐩𑐵𑐐𑐡𑐵𑐬𑐧𑐸𑐟
5dz7zfbc,𑐩𑐣𑐵𑐣𑑍𑐠𑑂𑐰𑐦𑐬𑐾𑐨𑐸𑐰𑑀𑐫𑐵𑐰𑐡𑐫𑐎𑐵𑐖𑐸𑐬𑑀𑑋𑑋𑐳𑐩𑑂𑐰𑐟𑑗𑑙𑑘𑐖𑑂𑐫𑐲𑑂𑐛𑐩𑐵𑐳𑐾𑐎𑐺𑐲𑑂𑐞𑐥𑐎𑑂𑐲
c22a495f,𑐨𑐵𑐬𑑂𑐫𑑂𑐫𑐵𑐖𑐐𑐮𑐎𑑂𑐲𑑂𑐩𑐷𑐥𑐸𑐟𑑂𑐬𑐎𑐸𑐮𑐧𑐣𑑂𑐟𑑚𑐠𑑂𑐰𑐟𑐾𑐫𑐵𑐢𑐬𑑂𑐩𑑂𑐩𑐔𑐶𑐟𑑂𑐟𑐄𑐟𑑂‍𑐥𑐟𑑂𑐟𑐶𑐖𑐸𑐫𑐵𑐌𑐱𑑂𑐬𑐷𑑓𑐐𑑀𑐥𑐸
7c695dc2,𑐧𑑂𑐬𑐩𑑂𑐴𑐴𑐟𑑂𑐫𑐵𑐳𑑂𑐟𑑂𑐬𑐷𑐴𑐟𑑂𑐫𑐵𑐧𑐵𑐮𑐴𑐟𑑂𑐫𑐵𑐐𑐸𑐬𑐸𑐴𑐟𑑂𑐫𑐵𑐠𑑂𑐰𑐟𑐾𑐥𑑄𑐔𑐩𑐴𑐵𑐥𑐵𑐟𑐎𑐬𑐵𑐎𑐖𑐸
058df782,𑐬𑑂𑐩𑑂𑐩𑐖𑐐𑐟𑐳𑑄𑐳𑐵𑐬𑐳𑐮𑐥𑑂𑐬𑐵𑐞𑐶𑐄𑐢𑐵
b2b525za,𑐡𑑂𑐢𑐶𑐥𑐹𑐬𑑂𑐰𑐷𑐣𑐬𑐳𑐶𑑄𑐴𑐣𑐵𑐩𑐵𑑌𑐥𑑂𑐬𑐵𑐳𑐵𑐡𑑀𑐫𑑄𑐰𑐶𑐱𑐵𑐮𑑀𑐣𑐰𑐣𑐟𑐰𑐎𑐮𑐱𑐵𑐰𑐾𑐲𑑂𑐚𑐶𑐟𑐵𑐐𑑂𑐬𑑀𑐴𑐶𑐩𑐵𑑄𑐩𑑅𑐱𑑂𑐬𑐷𑐩𑐟𑑂𑐫𑐵𑐬𑐸𑐡𑑂𑐬𑐩𑐟𑑂𑐰𑐵𑐰𑐺𑐴𑐡𑐸
0525f836,𑐬𑐵𑐖𑐥𑑂𑐬𑐶𑐟𑐠𑐜𑐵𑐠𑐷𑐠𑐵𑐂𑐂𑐳𑑂‍𑐟𑐩𑐶𑐳𑑂‍𑐟𑑅𑐡𑐬𑐣𑐵𑐮𑐄𑐡𑐵𑐬𑐖𑐸𑐫𑐾𑐩𑐵𑐣𑐢𑐎𑐠𑐵𑐥𑐣
3df0c281,𑐰𑐺𑐡𑑂𑐰𑐶𑐳𑑂𑐟𑐸𑑍𑐖𑐟𑑀𑐳𑐵𑐳𑑂𑐳𑐟𑑂𑐬𑐳𑐥𑑂𑐬𑐵𑐰𑑂𑐟𑐵𑐨𑐰𑐟𑐸𑑍𑐀
8a0a4fa2,𑐡𑐸𑐠𑑂𑐰𑑍𑐦𑑄𑑑𑐎𑐐𑐸𑐦𑑀𑐫𑐵𑑋𑑋𑐄𑐥𑐬𑐵𑑄𑐣𑑂𑐟𑐬𑐣𑑄𑐴𑐵𑐣𑐾𑑍𑐐𑐸𑐣𑐶𑐮𑐵𑐫𑐵𑑍𑐳𑐵𑐥𑐵𑐡𑐸𑐎𑑀𑐣𑑂𑐴𑐸𑐱𑑂𑐬𑐷
11d7z39a,𑐔𑑄𑑍𑐳𑐵𑐣𑐣𑑂𑐡𑑄𑐎𑐶𑐮𑐳𑐹𑐬𑑂𑐫𑑂𑐫𑐬𑐵𑐩𑐎𑐂𑐟𑐶𑐥𑑂𑐬𑐏𑑂𑐫𑐵𑐟𑐣𑐵𑐩𑐵𑐳𑐸𑐢𑐷𑑅𑑋
c4611aa5,𑐮𑐎𑑂𑐲𑑂𑐩𑐷𑐱𑑂𑐔𑐎𑐵𑐩𑐶𑐣𑐶𑐟𑐾𑐲𑐵𑑄𑐔𑐳𑑂𑐰𑐬𑑂𑐐𑐵𑐥𑑂𑐬𑐵
4a3f5acf,𑐱𑑂𑐬𑐷𑐳𑐶𑐡𑑂𑐢𑐶𑐎𑐵𑐮𑐶𑐎𑐵𑐫𑑋𑑋𑐐𑑀𑐥𑐵𑐮𑐬𑐵𑐩𑐣𑐵𑐩𑐾𑐞𑐥𑑂𑐬𑐵𑐳𑐵𑐡𑑄
6367397f,𑐠𑐎𑐸𑑄𑐩𑐣𑐸𑐎𑑂𑐬𑐩𑐵𑐟𑑂𑐊𑐟𑐾𑐲
44fab66f,𑐀𑐳𑑂𑐫𑐨𑐱𑑂𑐬𑐷𑐢𑐧𑐟𑑍𑐡𑑂𑐢𑐶𑐱𑑂𑐬𑐷𑐱𑐶𑐟𑐰𑐟𑐷𑑌𑐠𑑂𑐰𑐟𑐾𑐥𑑂𑐬𑐩𑐸𑐏
5ac373ac,𑐣𑐵𑐩𑐣𑐱𑑂𑐬𑐷𑐳𑐬𑐳𑑂𑐰𑐟𑐷𑑍𑐠𑑂𑐰𑐒𑐵𑐩𑑂𑐴𑐡𑐾𑐰𑐠𑑂𑐰𑐦𑐮𑑂𑐫𑐳𑐠𑐵𑐥𑐣𑐵𑐫𑐵𑐒𑐣
zd8ab1d8,𑐱𑑂𑐬𑐷𑐱𑑂𑐬𑐷𑐱𑑂𑐬𑐷𑐧𑐖𑑂𑐬𑐫𑑀𑐐𑐶𑐣𑑂𑐫𑐣𑐩𑑅𑑌𑐟𑑂𑐰𑐡𑐷𑐫𑐥𑐡𑐡𑑂𑐰𑐣𑑂𑐡𑑂𑐰𑐩𑐩𑑂𑐨𑑀𑐖𑐰𑐺𑐣𑑂𑐡𑑍𑐬𑐸𑐔𑐵𑐡𑑂𑐬𑐖𑐫𑑀𑐐𑐶𑐣𑑂𑐫𑐢𑑀
534af133,𑑌𑐡𑐵𑐣𑐥𑐟𑐶𑐖𑐖𑐩𑐵𑐣𑐎𑐵𑐲𑑂𑐛𑐩𑐞𑑂𑐜𑐥𑐩𑐴𑐵𑐣𑐐𑐬𑐾𑐩𑐶𑐔𑑂𑐫𑐵𑐎𑐩𑐸𑐐𑐬𑐟𑑀𑐬
c8767c13,𑐣𑐖𑑀𑐖𑐩𑐵𑐣𑐳𑐐𑐣𑐵𑐣𑐵𑑄𑑍𑐁𑐫𑐸𑐁𑐬𑑀𑐐𑐾𑑍𑐖𑐣𑐢𑐣𑐳𑑄𑐟𑐵𑐣𑐮𑐎𑑂𑐲𑑂𑐩𑐷𑐰𑐺
f8a95f0z,𑐬𑑂𑐟𑑂𑐟𑐶𑐖𑐵𑐎𑑂𑐫𑐎𑐸𑐜𑑑𑐣𑐶𑐟𑑂𑐫𑑄𑐧𑐶𑐫𑐩𑐵𑐮𑑋𑐖𑑂𑐫𑐾𑐲𑑂𑐛𑐱𑐸𑐎𑑂𑐮𑐥𑐣𑐔𑐩𑐷𑐎𑐸𑐣𑑂𑐴𑐸𑐡𑐶𑐣𑐫𑐖𑑂𑐘𑐫𑐵𑐒𑐧𑑀𑐳𑐵𑐢𑐣𑐫𑐵𑐫𑐩𑐵𑐮𑑋𑐎𑐵𑐬𑑂𑐟𑑂𑐟𑐶𑐎𑐱𑐸𑐎𑑂𑐮𑐡𑑂𑐰𑐵𑐡𑐱𑐷𑐎𑐸
06caaz48,𑑉𑐣𑐩𑑅𑐱𑑂𑐬𑐷𑐩𑐡𑑂𑐬𑐵𑐬𑑂𑐫𑑂𑐫𑐵𑐰𑐮𑑁𑐎𑐶𑐟𑐾
a7b03bfc,𑐣𑐾𑐥𑐵𑐮𑐡𑐾𑐱𑐾𑑍𑐰𑐵𑐐𑐵𑐨𑑂𑐫𑐵𑐫𑐵𑐥𑐸𑐬𑑂𑐰𑑂𑐰𑐎𑐸𑐮𑐾𑑍𑐱𑑂𑐬𑐷𑐰𑐶𑐬𑐸𑐥𑐵𑐎𑑂𑐲𑐡𑐾𑐰𑐟𑐵𑑍𑐣𑐶𑐰𑐵𑐳𑐶𑐟𑐾
777c6z9a,𑐨𑐵𑐡𑑂𑐬𑐱𑐸𑐎𑑂𑐬𑐡𑐳𑐩𑐶𑐫𑑄𑐧𑐵𑐠𑐣𑐵𑐨𑐵𑐡𑑂𑐬𑐎𑐺𑐳𑑂𑐣𑐥𑑄
z003584c,𑐮𑐨𑐶𑐎𑑂𑐲𑐵𑐨𑑀𑐖𑐣𑐫𑐵𑐫𑐩𑐵𑐮𑐥𑑂𑐬𑐳𑐾𑐲𑐮𑐾𑐎𑑀𑐐𑐸𑐠𑐶
bdd34953,𑐰𑐶𑐲𑑂𑐞𑐸𑐣𑐵𑐬𑐵𑐫𑐞𑐨𑐵𑐬𑑀𑐎𑐣𑐾𑐲𑑂𑐛𑐨𑑂𑐬𑐵𑐟𑑂𑐟𑐾𑐱𑐶𑐰𑐣𑐵𑐬𑐵𑐫𑐞𑐨𑐵𑐬𑑀𑑍𑐩𑑀𑐟𑐶𑐬𑐵𑐖𑐨𑐵𑐬𑑀𑑍𑐔𑐵𑐏𑐵𑐧𑐵𑐴𑐵𑐬𑐧𑐎𑐸𑐞𑑂𑐜𑐬𑐵𑐩𑐨𑐵𑐬𑑀
a5f78025,𑐳𑐵𑐥𑑄𑐔𑐩𑐵𑐴𑐵𑐥𑐵𑐟𑐎𑐬𑐵𑐎𑐖𑐸𑐬𑑀𑑌𑐳𑑄𑐩𑑂𑐰𑐟
b0f5218d,𑐟𑑂𑐬𑐵𑐫𑐵𑐳𑑄𑐎𑑂𑐬𑐵𑐟𑐶𑐎𑐸𑐣𑑂𑐴𑐸𑐱𑑂𑐬𑐷𑑓𑐂𑐣𑐵𑐫𑐎𑐡𑐾𑐰𑐳𑑂𑐎𑐾𑐖𑐸𑑑𑐥𑐸𑐖𑐵𑑍𑐥𑐵𑑒𑐱𑑂𑐰𑐐𑑄𑐞𑐢𑐮𑐶𑐐𑑂𑐰𑑑𑐏𑐾
16dfc682,𑐕𑐾𑐱𑑂𑐬𑐷𑑓𑐁𑐐𑑂𑐩𑐖𑐸𑐫𑐵𑐕𑐾𑐣𑐄𑐟𑑂𑐟𑑂𑐬𑐟𑐩𑐸𑐐𑐬𑐣𑐥𑐸𑐬𑑂𑐰𑑂𑐰
694b77d4,𑐔𑑀𑐳𑑂𑐫𑐟𑐎𑑀𑐫𑐵𑐖𑐵𑐎𑑂𑐫𑐾𑐩𑐰𑐶𑐫𑐩𑐡𑐸𑑌𑐱𑐸𑐨𑐩𑐳𑑂𑐟𑐸𑐎𑐮𑑂𑐫𑐵𑐣𑐨𑐰𑐣𑑂𑐟𑐸𑐳𑐬𑑂𑐰𑑂𑐰𑐡𑐵𑑌𑐱𑐸𑐨𑑌
d403f960,𑐖𑐸𑐬𑑀𑑍𑐳𑐵𑐮𑐚𑑀𑐮𑐫𑐵𑐩𑐵𑐣
44zz0ccc,𑐎𑑂𑐮𑐡𑑂𑐰𑐵𑐡𑐱𑐷𑐱𑑂𑐬𑐵𑐰𑐞𑐎𑐺𑐲𑑂𑐞𑐀𑐲𑑂𑐚𑐩𑐷𑐎𑐵𑐬𑑂𑐟𑑂𑐟𑐶𑐎𑐱𑐸𑐎𑑂𑐮𑐡𑑂𑐰𑐵𑐡𑐱𑐷𑐦𑐵𑐮𑑂𑐐𑐸𑐞𑐱𑐸𑐎𑑂𑐮𑐥𑐹𑐬𑑂𑐞𑐶𑐩𑐵𑐠𑑂𑐰𑐒𑐵𑐑𑐵𑐟𑐣𑑄
9b54f7c5,𑐟𑐵𑐥𑐩𑐮𑑂𑐮𑐱𑑂𑐰𑐾𑐟𑐣𑑂𑐴𑐸𑐩𑐴𑐵𑐬𑐵𑐣𑐶𑐱𑑂𑐬𑐷𑐱𑑂𑐬𑐷𑐱𑐵𑐥𑐸𑐬𑑂𑐰𑑂𑐰𑐟𑐳𑐡𑐾𑐰𑐮𑐡𑐵𑐒𑐵𑐰𑐱𑑂𑐬𑐷𑐱𑑂𑐬𑐷𑐱𑑂𑐬𑐷𑐣𑐷𑐮𑐳𑐬
55a109c7,𑐠𑐶𑐳𑐡𑐎𑑂𑐰𑑄𑐠𑑂𑐫𑐵𑐎𑐖𑐸𑐮𑑋𑑋𑐳𑑄𑐰𑐟𑑙𑑔𑑙𑐩𑐵𑐑𑐱𑐸𑐡𑐶
009af596,𑐨𑐫𑑀𑑅𑐳𑑂𑐠𑐵𑐥𑐫𑐵𑑌𑑓
864zzczf,𑐡𑑂𑐢𑐶𑐎𑐵𑐮𑐶𑐖𑐠𑑀𑐎𑐠𑐾𑐥𑐸𑐖𑐵𑐫𑐵𑐫𑐩𑐵𑐮𑐰𑐬𑑂𑐲𑐥𑑂𑐬𑐟𑐶𑑄
6742fdb9,𑐣𑑀𑐳𑑀𑐢𑐣𑐫𑐵𑐫𑐩𑐵𑐬𑑋𑑋𑐱𑑂𑐬𑐷𑐐𑑀𑐬𑑀𑐎𑐣𑐵𑐠
c7f589a1,𑐡𑐾𑐐𑐸𑐠𑐶𑐳𑐡𑐸𑐣𑑂𑐟𑐵𑑍𑐳𑐫𑐰𑐧𑐵𑐴𑐵𑐬𑐌𑐣𑑂𑐟𑐵𑐕𑐾𑑍𑐖𑐵𑐌𑐏𑐵𑑒𑐎𑐸𑑑𑑔𑐂𑐳𑐵𑐣𑐎𑐸𑐣𑐥𑐵
fzz4f9b2,𑐎𑑄𑐣𑐶𑐧𑐾𑐡𑐣𑐫𑐵𑐒𑐵𑐖𑐸𑐬
4b49zb75,𑐡𑐶𑐣𑐖𑐸𑐬𑑀𑑍𑐬𑐟𑑂𑐣𑐾𑐱𑑂𑐧𑐬𑑍𑐨𑐧𑐣𑐾
a8b1660z,𑐣𑑂𑐟𑐵𑐫𑐵𑐒𑐵𑐰𑐡𑐫𑐎𑐵𑑋𑑋𑐳𑑂𑐠𑐵𑐥𑐣𑐵𑐡𑐶𑐣𑑋𑑋𑐳𑐩𑑂𑐧𑐟𑑂
391d4b6c,𑐎𑐾𑐢𑐎𑑄𑐢𑐵𑐬𑐳𑐵𑐡𑐾𑐰𑐫𑐵𑐳𑐸𑐡𑐶𑐳𑑂𑐟𑐷𑐮𑐵𑐎𑐖𑐸𑐬𑑀𑐨𑐶𑐒𑐵𑐱𑐸𑐨𑐩
0c11z8b0,𑐬𑐵𑐖𑐵𑐢𑐶𑐬𑐵𑐖𑐱𑑂𑐬𑐷𑐱𑑂𑐬𑐷𑐰𑐷𑐬𑐣𑐵𑐬𑐵𑐫𑐞𑐠𑑂𑐰𑐫𑐵𑐣𑐥𑐸𑐟𑑂𑐬𑐩𑐴𑐵𑐬𑐵𑐖𑐵𑐢𑐶𑐬𑐵𑐖𑐱𑑂𑐬𑐷𑐱𑑂𑐬𑐷𑐥𑑂𑐬𑐵𑐞𑐣𑐵𑐬𑐵
9198b45b,𑑉𑐣𑐩𑑀𑐬𑐟𑑂‍𑐣𑐟𑑂𑐬𑐫𑐵𑐫𑐳𑐎𑐮𑐣𑐣𑐵𑐠𑐎𑐵𑐰𑐣𑐵𑐴𑐾𑐖𑐶𑐣𑐾𑐣𑑂‍𑐡𑐸𑐡𑐐𑐾𑐰𑐮
c5adc18f,𑐟𑐳𑑂𑐫𑐵𑐟𑑂𑐩𑐖𑑀𑐣𑐷𑐟𑐶𑐰𑐡𑐵𑑄𑐰𑐬𑐶𑐲𑑂𑐛𑑅𑐳𑑁𑐣𑑂𑐡𑐬𑑂𑐫𑐫𑐬𑐟𑑂𑐣𑐵𑐎𑐬𑐁𑐰𑐶𑐬𑐳𑐷𑐟𑑂𑑋𑐎𑐺𑐲𑑂𑐞𑐎𑐔𑐶𑐟𑑀𑐰𑐶𑐱𑐡𑐵𑑄𑐟𑐬𑐵𑐟𑑂𑐩𑐵𑐱𑑂𑐬𑐷𑐆
335cb446,𑐩𑑂𑐫𑐳𑐵𑐟𑐴𑐵𑐬𑑂𑐫𑑂𑐫𑐵𑐐𑐸𑐞𑐳𑐸𑐣𑑂𑐡𑐬𑐷𑑌𑐟𑐣𑑂𑐩𑐢𑑂𑐫𑐩𑑀𑐰𑐶𑐱𑑂𑐰𑐳𑐶𑑄𑐴𑑀𑐩𑐸𑐜𑐳𑐶𑑄𑐴𑑅𑐎𑐣𑐶𑐲𑑂𑐛𑐎𑑅𑐫𑐵𑐟𑐵
b3zz50a4,𑑅𑐱𑑂𑐮𑑀𑐎𑐵𑑅𑑌𑐀𑐟𑑅𑐥𑐬𑑄𑐣𑐾𑐥𑐵𑐮𑐨𑐵𑐲𑐫𑐵𑐮𑐶𑐏𑑂𑐫𑐟𑐾𑑌𑑌𑐳𑑂𑐰𑐳𑑂𑐟𑐶𑑌𑐱𑑂𑐬𑐷𑐩𑐞𑐶𑐐𑑂𑐮𑐵𑐢𑐶𑐥𑐟𑐶𑐩𑐴𑐵𑐬𑐵𑐖𑐵𑐢𑐶𑐬𑐵𑐖𑐱𑑂𑐬𑐷𑐱𑑂𑐬𑐷𑐖𑐫𑐱𑑂𑐬𑐷𑐣𑐶𑐰𑐵𑐳𑐩𑐮𑑂𑐮
1833f4cc,𑐟𑐡𑐸𑐣𑑂𑐟𑐵𑐰𑑍𑐩𑐸𑐎𑐳𑐶𑐬𑐡𑐳𑑂𑐥𑐟𑐶𑐡𑐸𑑄𑐟𑐵𑐰𑐩𑐴𑐵𑐬𑐵𑐖𑐵𑐰𑐷𑐬𑐱𑑂𑐬𑐷𑐱𑑂𑐬𑐷𑐖𑐫𑐖𑑀𑐐𑐣𑐬𑐾𑐣𑑂𑐡𑑂𑐬𑐩𑐮𑑂𑐮𑐥𑑂𑐬𑐨𑐸𑐠𑐵
2584zb91,𑐮𑐎𑑂𑐲𑑂𑐩𑐷𑐡𑐾𑐰𑐷𑐣𑐡𑐫𑐎𑐵𑐡𑐶𑐣𑐱𑐸𑐨𑑌
000c894z,𑐟𑐶𑑅𑑍𑐣𑐾𑐥𑐵𑐮𑐾𑐮𑐮𑐶𑐟𑐵𑐥𑐸𑐬𑐾𑐰𑐶𑐴𑐬𑐟𑐶𑐱𑑂𑐬𑐷𑐱𑑂𑐬𑐷𑐣𑐶𑐰𑐵𑐳𑑀𑐣𑐺𑐥𑑅𑑌𑐫𑐳𑑂𑐟𑐵𑐟𑑂𑐩𑐖𑑀𑐫𑑀𑐐𑐣𑐬𑐾𑐣𑑂𑐡𑑂𑐬𑐩𑐮𑑂𑐮𑑀𑐣𑐵𑐎𑐵𑐢𑐶𑐣𑐵𑐠𑐳𑑂𑐫𑐫𑐠𑐵𑐖𑐫𑐣𑑂𑐟𑑅𑑋𑐥𑑂𑐬𑐨𑐵𑐟
98bc539b,𑐑𑐵𑐟𑐳𑐡𑐾𑐰𑐥𑐹𑐖𑐵𑐫𑐵𑐎𑐧𑑂𑐬𑐵𑐴𑑂𑐩𑐞𑑍𑐩𑑂𑐴𑑄𑑑𑐱𑑂𑐬𑐷𑐐𑑁𑐬𑐷𑐱𑑄𑐎𑐬𑑍𑐩𑑂𑐴𑑄𑑑𑐱𑑂𑐬𑐷𑐩𑐸𑐣𑐶𑐨𑐵𑐖𑐸𑑍𑐩𑑂𑐴𑑓𑐖𑑀𑐳𑐶𑐩𑑂𑐴𑑑𑐁𑐔𑐵𑐬𑑂𑐫𑑂𑐫𑑍𑐠𑑂𑐰𑐟𑐾𑐳𑑂𑐟𑑄𑐡𑐎𑑂𑐲𑐶𑐞𑐵𑐟𑐳
06c3ca39,𑐱𑑂𑐬𑐷𑑓
b72b163b,𑐱𑑂𑐬𑐷𑐱𑑂𑐬𑐷𑐳𑐸𑐩𑐟𑐶𑐖𑐫𑐖𑐶𑐟𑐵𑐩𑐶𑐟𑑂𑐬𑐩𑐮𑑂𑐮
fc8181zb,𑐳𑑄𑐐𑐕𑐶𑐫𑐵𑐟𑐡𑑄𑐡𑐎𑑂𑐲𑐞𑐵𑐠𑐶𑐖𑐣𑐥𑐣𑐶𑐳𑐾𑐣𑐳𑐟𑐥𑑂𑐥𑑂𑐫𑐵
9b6czzfz,𑐥𑐶𑐎𑐮𑑂𑐫𑐣𑐵𑐟𑑂𑐬𑐫𑑄𑑋𑐊𑐰𑑄𑐬𑐸𑐥𑑀𑐴𑐰𑑄𑐳𑐬𑑂𑐰𑑂𑐰𑑍𑐎𑐮𑑂𑐫𑐣𑐵𑐨𑐵𑐰𑐩𑐵𑐟𑑂𑐬𑐎𑑄𑑋𑑋𑐱𑐩𑑂𑐟𑑂𑐬𑐱𑐵𑐩𑑂𑐟𑑂𑐬𑐳𑑄𑐐𑐷𑐟𑐵
f4245fdz,𑑊𑐳𑑂𑐰𑐳𑑂𑐟𑐶𑑌𑐱𑑂𑐬𑐷𑐱𑑂𑐬𑐷𑐱𑑂𑐬𑐷𑐳𑑂𑐰𑐾𑐲𑑂𑐚𑐡𑐾𑐰𑐟𑐵𑐥𑑂𑐬𑐷𑐟𑑂𑐫
32ad519a,𑐥𑐹𑐬𑑂𑐞𑐩𑐵𑐱𑐶𑐩𑐑𑐣𑐎𑑂𑐲𑐟𑑂𑐬𑐀𑐟𑐶
1368zb72,𑐧𑑓𑐳𑑂𑐠𑐵𑐥𑐣𑐵𑐫𑐵𑐣𑐵𑐖𑐸𑐮𑐠𑐸𑐐𑐸𑐢
14007dfb,𑐴𑑂𑐒𑐰𑑍𑐰𑐮𑑍𑐎𑐲𑑑𑐐𑑁𑐐𑑂𑐬𑐵𑐳𑐫𑐵𑐟𑐡𑐸𑐣𑑂𑐟𑐵𑐖𑐸𑐬𑑀𑑌
b67617b7,𑐱𑑂𑐰𑐳𑐶𑑄𑐴𑐨𑐵𑐬𑑀𑑌𑐰𑑂𑐫𑐳𑐟𑐩𑐣𑐶𑐐𑑂𑐮𑐎𑑀𑐰𑐶𑐕𑐾𑐩𑐣𑑀𑐴𑐬𑐶𑐳𑐶𑑄𑐴𑐨𑐵𑐬𑑀𑐨𑑂𑐬𑐵𑐟𑑂𑐟𑐾𑐨𑐵𑐐𑐳𑐶𑑄𑐴𑐨𑐵𑐬𑑀𑑄𑑍𑐩𑐣𑐶𑐎𑐬𑐵𑐖𑐨𑐵𑐬𑑀𑐨𑑂𑐬𑐵𑐟𑑂𑐟𑐾
4309406a,𑐡𑑂𑐢𑐶𑐥𑐹𑐬𑑂𑐰𑐷𑐣𑐬𑐳𑐶𑑄𑐴𑐣𑐵𑐩𑐵𑑌𑐥𑑂𑐬𑐵𑐳𑐵𑐡𑑀𑐫𑑄𑐰𑐶𑐱𑐵𑐮𑑀𑐣𑐰𑐣𑐟𑐰𑐎𑐮𑐱𑐵𑐰𑐾𑐲𑑂𑐚𑐶𑐟𑐵𑐐𑑂𑐬𑑀𑐴𑐶𑐩𑐵𑑄𑐩𑑅𑐱𑑂𑐬𑐷𑐩𑐟𑑂𑐫𑐵𑐬𑐸𑐡𑑂𑐬𑐩𑐟𑑂𑐰𑐵𑐰𑐺𑐴𑐡𑐸
zfabc58d,𑐌𑐟𑐶𑑍𑐟𑐳𑑂𑐫𑐨𑐵𑐬𑑂𑐫𑑂𑐫𑐵𑐥𑐡𑐸𑐎𑐣𑐾𑐲𑑂𑐚𑐨𑐵𑐬𑑂𑐫𑑂𑐫𑐵𑐩𑐞𑐷𑐮
5421c7b3,𑐥𑐹𑐬𑑂𑐞𑑂𑐞𑐩𑐵𑐳𑑂𑐫𑐵𑐫𑐵𑐟𑐶𑐠𑑁𑐥𑐸𑐲𑑂𑐫𑐣𑐎𑑂𑐲𑐾𑐟𑑂𑐬𑐁𑐫𑐹𑐲𑐩𑐵
96d05f40,𑐨𑐸𑐖𑐡𑐞𑑂𑐜𑐡𑐵𑐣𑐳𑐣𑑂𑐟𑐵𑐣𑐳𑐩𑑂𑐩𑐵𑐣𑐶𑐟𑐐𑐸𑐞𑐶𑐐𑐞𑐩𑐷𑐫𑐩𑐵𑐣𑐵𑐣𑐰𑐡𑑂𑐫𑐐𑐡𑑂𑐫𑐥𑐡𑑂𑐫𑐵𑐡𑐶𑐰𑐶𑐰𑐶𑐢𑐎𑐵𑐰𑑂𑐫𑐵
26fdz16d,𑐥𑑂𑐬𑐔𑐫𑐥𑐸𑐞𑑂𑐜𑐬𑐷𑐎𑐣𑐫𑐣𑐱𑐫𑐣𑐳𑐥𑑂𑐬𑐔𑐞𑑂𑐜𑐨𑐵𑐣𑐸𑐡𑐫𑐴𑐶𑐩𑐨𑐵𑐣𑐸𑐩𑐞𑑂𑐜𑐮𑐴𑐳𑐴𑐶𑐩𑐴𑐶𑐩𑐐𑐶
f25472db,𑐠𑑂𑐰𑐟𑐾𑐫𑐵𑐐𑐸𑐠𑐶𑐖𑐫𑐥𑐟𑐶𑐎𑑂𑐬𑐖𑐸𑑌𑐠𑑂𑐰𑐬𑐮𑐎𑑂𑐲
9zc8c292,𑐚𑐶𑐎𑑀𑐚𑐶𑐡𑐸𑐣𑑂𑐡𑐸𑐨𑐶𑐡𑑀𑐡𑐵𑐒𑑂𑐎𑐫𑐬𑐥𑑂𑐬𑐮𑐫𑐐𑐬𑑂𑐖𑑂𑐖𑐡𑑂𑐰𑐵𑐬𑐵𑐢𑐬𑐢𑐵𑐣𑐢𑑂𑐰𑐣𑐶𑐟𑐡𑐶𑐰𑑂𑐳𑑂𑐎𑐞𑑂𑐜𑐮𑐵𑐳𑑂𑐰𑐞𑑂𑐜𑐮𑐣𑐶𑐖𑐫𑐱𑐏𑐞𑑂𑐜𑐷
f3bb2d82,𑐖𑑀𑐟𑐶𑐟𑐳𑑂𑐫𑐨𑐵𑐬𑑂𑐫𑑂𑐫𑐵𑑍𑐥𑐡𑐸𑐩𑐣𑐷𑐮𑐎𑑂𑐲𑑂𑐩𑐷𑐟𑐡𑐣𑐸𑐨𑐵𑐬𑑂𑐫𑑂𑐫𑐵𑐴𑐾𑐬𑐩𑐣𑐷𑑍𑐥𑐸𑐣𑐱𑑂𑐔𑐨𑐵𑐬𑑂𑐫𑑂𑐫𑐵𑑍𑐥𑐡𑐸𑐩𑐣𑐷𑐥𑑂𑐬𑐠
667da7d1,𑐥𑐹𑐬𑑂𑐞𑑂𑐞𑐩𑐵𑐳𑑂𑐫𑐵𑑄𑐟𑐶𑐠𑑁𑑍𑐥𑑀𑐲𑑂𑐫𑐣𑐎𑑂𑐲𑐟𑑂𑐬𑐁𑐫𑐸𑐲𑑂𑐩𑐵𑐞𑐫𑑀𑐐𑐾𑐱
42582c6b,𑐟𑐶𑐔𑐰𑐶𑐏𑑂𑐫𑐵𑐟𑐵𑐟𑐳𑑂𑐫𑐨𑐵𑐬𑑂𑐫𑑂𑐫𑐵𑐥𑐟𑐶𑐰𑑂𑐬𑐟𑐵𑑌𑐟𑐫𑑀𑑅𑐥𑐸𑐟𑑂𑐬𑐳𑐸𑐢𑐷𑐳𑐷𑐳𑑂𑐎𑐷𑐬𑑂𑐟𑐶𑐳𑐶𑑄𑐴𑐂
c47ac210,𑐱𑑂𑐬𑐷𑐱𑑂𑐬𑐷𑐖𑐫𑐳𑐶𑐡𑑂𑐢𑐶𑐣𑐬𑐳𑐶𑑄𑐴𑐩𑐮𑑂𑐮𑐡𑐾𑐰𑐛𑐵𑐎𑐸𑐬𑐳𑐣𑐒𑐵𑐟𑑄𑐥𑑀𑐮𑐮𑐡𑐾𑐰𑐬𑐡𑑀𑐫𑐎𑑄𑐳𑐸𑐰𑐬𑑂𑐞𑑂𑐞
b52z5539,𑐐𑐣𑐬𑐾𑐣𑑂𑐡𑑂𑐬𑐩𑐮𑑂𑐮𑐥𑑂𑐬𑐨𑐸𑐠𑐵𑐎𑐸𑐬𑐣𑑍𑐣𑑂𑐴𑐥𑐵𑐫𑐵𑐩𑐞𑐶𑐩𑐞𑑂𑐜𑐥𑐖𑐷𑐬𑑂𑐞𑐖𑐸𑐫𑐵𑐰𑐣𑑂𑐴𑐸𑐬𑐡𑐫𑐎𑑄𑐧𑐶𑐖𑑂𑐫𑐵𑐒𑐵𑐰
zzbab747,𑐩𑐣𑐨𑐫𑐳𑐎𑐮𑐎𑐮𑐵𑐰𑐶𑐮𑐵𑐳𑐩𑐫𑐎𑐩𑐣𑑂𑐣𑐵𑐢𑐬𑐵𑐢𑐶𑐥𑐳𑐩𑐳𑑂𑐟𑐥𑑂𑐬𑐎𑑂𑐬𑐶𑐫𑐵𑐰𑐶𑐬𑐵𑐖
zzcd4723,𑐬𑑂𑐡𑑂𑐡𑐞𑑂𑐜𑐰𑐶𑐩𑐸𑐎𑑂𑐟𑐰𑐵𑐞𑐣𑐶𑐎𑐬𑐵𑐎𑑂𑐬𑐵𑐣𑑂𑐟𑑀𑐟𑑂𑐟𑐩𑐵𑐒𑑂𑐐𑑀𑐬𑐶𑐥𑐬𑑂𑐨𑐾𑐖𑐾𑐔𑐵𑐧𑑂𑐢𑐶𑐰𑐣𑐵𑐡𑑂𑐬𑐶𑐐𑐴𑑂𑐰𑐬𑐐𑐸𑐴𑐵𑑄𑐴𑐶𑐟𑑂𑐰𑐵𑐳𑑂𑐰𑐎𑐷𑐫𑐵𑑄𑐥𑐸𑐬𑐷𑑄
1d7z518d,𑐠𑑂𑐰𑐔𑐿𑐟𑑂𑐫𑐳𑐵𑐬𑐐𑑂𑐰𑐴𑐳𑑂𑐰𑐮𑐳𑐣𑐎𑐬𑐳𑐵𑐐𑑂𑐰𑐳𑐰𑐵𑐮𑐵𑐡𑐠𑐵𑐟𑐔𑐰𑐩𑐳𑐵𑐫𑐵𑐫𑐬𑐵𑐎𑐡𑐵𑐣
3z1b218d,𑐞𑑂𑐜𑐮𑐬𑐶𑐬𑐸𑐥𑐩𑐡𑐵𑐣𑐢𑐵𑐬𑑀𑐥𑐵𑐬𑑂𑐖𑑂𑐖𑐶𑐟𑐫𑐱𑑂𑐬𑑅𑐥𑐹𑐬𑐎𑐫𑐸𑐬𑐰𑐶𑐦𑐮𑐷𑐎𑐺𑐟𑐱𑑂𑐬𑐷𑐏𑐞𑑂𑐜𑐏𑐞𑑂𑐜𑐬𑐸𑐞𑑂𑐜𑐬𑐷𑐎
610c0068,𑐨𑐵𑐮𑐣𑐫𑐣𑐳𑐩𑐸𑐟𑑂𑐠𑐰𑐵𑐮𑐰𑐣𑑂𑐴𑐶𑐨𑐳𑑂𑐩𑐷𑐨𑐸𑐟𑐳𑑂𑐩𑐬𑐳𑑂𑐩𑐬𑐞𑐵𑐣𑐸𑐟𑑂𑐳𑐸𑐎𑐎𑐬𑐞𑐳𑐸𑐣𑑂𑐡𑐬𑐱𑑂𑐬𑐷𑐱𑑂𑐬𑐷𑐱𑑂𑐬𑐷
zc741352,𑐎𑐵𑐲𑑂‍𑐛𑐩𑐞𑑂‍𑐡𑐥𑐩𑐴𑐵𑐣𑐐𑐬𑐾𑐟𑐬𑐰𑑀𑐟𑑀𑐮𑐧𑐜𑐣𑐣𑐶𑐫𑐾𑐟𑐵𑐕𑐾𑑃𑐫𑐵𑐥𑐶𑐟
7f277f24,𑐳𑐩𑑂𑐫𑐎𑑂𑐳𑑄𑐧𑐸𑐡𑑂𑐢𑐫𑐵𑐥𑐡𑐮𑐵𑐎𑐖𑐸𑐥𑐵𑐫𑐱𑐸𑐨𑑄𑑋𑑋
145zb873,𑐱𑐸𑐎𑑂𑐮𑑑𑑐
a5f7za8d,𑐳𑐵𑐣𑐣𑑄𑐴𑐵𑐣𑐾𑐖𑑂𑐫𑐵𑐩𑐶𑐴𑑂𑐩𑑖𑐡𑐫𑐎𑐵𑐰𑐣𑐾𑐐𑐸𑐬𑐥𑐸𑐏𑐸𑐬𑐳𑑄𑐑𑐵𑐳𑐥𑐸𑐫
b0160613,𑐎𑐵𑐐𑑀𑐥𑐎𑐸𑐮𑐵𑐣𑑂𑐟𑐬𑐎𑑂𑐲𑑌𑐀𑐏𑐞𑑂𑐜𑐮𑑀𑐟𑑂𑐳𑐺𑐲𑑂𑐚𑐱𑐶𑐮𑐵𑐟𑐶𑐰𑐺𑐲𑑂𑐚𑐾𑑅𑐟𑐳𑑂𑐩𑐣𑐩𑑀𑐣𑐣𑑂𑐡𑐳𑐸𑐟𑐵𑐫𑐣𑐶𑐟𑑂𑐰𑑄𑑌𑐁𑐳𑐷𑐬𑐟𑑂𑐳𑐶𑐡𑑂𑐢𑐶
c7a2c3z3,𑐒𑐵𑐡𑐶𑐣𑑋𑐰𑐬𑑂𑐲𑐥𑑂𑐬𑐟𑐶𑐠𑐰𑐦𑐸𑐎𑐶𑐖𑐖𑐸𑐎𑑀𑐳𑑂𑐫
bb383a6z,𑐁𑐫𑐥𑑂𑐬𑐟𑑂𑐫𑐵𑐫𑐡𑐸𑐣𑑂𑐟𑐵𑑌𑐬𑑀𑑑𑑒𑐒𑐏𑑀𑐐𑐸𑐜𑑀𑐥𑐵𑐎𑑀𑐬𑑀𑑗𑐰𑑄𑐠𑐔𑑀𑐎𑑀𑐬𑑀𑑙𑐲𑐸𑐟𑐶𑑄𑐖𑑀𑐬𑐳𑐾𑑗𑐟𑐰𑐡𑐴𑐳𑐶𑐬𑑀𑑕𑐰𑐮𑐏𑑀
z1bdcfzc,𑐴𑐬𑐶𑐧𑐵𑐴𑐵𑐬𑐡𑑀𑐬𑐧𑐸𑐬𑑀𑑔𑐠𑐳𑐶𑐡𑑀𑐧𑐸𑐬𑑀𑑔𑐱𑐸𑐣𑐥𑐵𑐧𑐸𑐬𑑀𑑓𑐳𑐸𑐣𑐥𑐵𑐧𑐸𑐬𑑀𑑓
9381z19c,𑑊𑐳𑑂𑐰𑐳𑑂𑐟𑐶𑑋𑑋𑑌𑐱𑑂𑐬𑐷𑑓𑐔𑐣𑑂𑐡𑐾𑐱𑑂𑐰𑐬𑐷𑐨𑐰𑐵𑐣𑐷𑐥𑑂𑐬𑐶𑐟𑐶𑐣
dfbc2z07,𑐱𑑂𑐰𑐬𑑍𑐖𑐐𑐟𑑂𑐩𑑀𑐴𑑀𑐣𑑍𑐱𑑂𑐰𑐩𑑂𑐴𑑄𑐳𑐵
841z9d7b,𑐳𑑄𑐩𑑂𑐢𑐰𑑂𑐬𑐶𑑑𑐔𑐶𑐬𑐶𑐠𑐎𑐸𑑃𑑑𑐎𑐾𑐔𑐩𑐵𑑑𑐣𑐖𑐬𑐎𑐸𑐩
979czb6d,𑐡𑐩𑐞𑑂𑐜𑐮𑐧𑐖𑑂𑐬𑐢𑐵𑐟𑐸𑐳𑐬𑑂𑐧𑑂𑐧𑐵𑐣𑐣𑑂𑐡𑐿𑐎𑐬𑐸𑐥𑑄𑐳𑐴𑐖
dzf90568,𑐱𑐵𑐎𑑂𑐫𑐨𑐶𑐎𑑂𑐲𑐸𑐱𑑂𑐬𑐷𑐡𑐾𑐰𑐔𑑄𑐡𑑂𑐬𑑍𑐱𑐵𑐎𑑂𑐫𑐨𑐶𑐎𑑂𑐲𑐸𑐱𑑂𑐬𑐷𑐢𑐣𑑍𑐱𑐵𑐎𑑂𑐫𑐨𑐶𑐎𑑂𑐲𑐸𑐱𑑂𑐬𑐷𑐐𑑂𑐫𑐵𑐣
f4812zf1,𑐥𑐥𑑂𑐬𑐖𑑂𑐰𑐵𑐬𑐶𑐟𑐫𑐵𑐒𑐵𑐡𑐬𑑂𑐱𑐣𑐢𑐵𑐬𑐷𑐡𑐵
c3b43870,𑐬𑐾𑑍𑐎𑐸𑑄𑐨𑐬𑐵𑐱𑐶𑐐𑐟𑐾𑐳𑐧𑐶𑐟𑐬𑐶𑐰𑐺𑐲𑐬𑐵𑐱𑐶𑐐𑐟𑐾𑐔𑐣𑑂𑐡𑑂𑐬𑐩𑐳𑐶𑑌𑐱𑑂𑐬𑐷𑑓𑐖
071cd234,𑐱𑑂𑐬𑐷𑐩𑐟𑑂𑐟𑑂𑐬𑐶𑐮𑑀𑐎𑐷𑐥𑐟𑐾𑑍𑐧𑑂𑐬𑐴𑑂𑐩𑑀𑐟𑑂𑐟𑑄𑐳𑐩𑐬𑐷𑐔𑐶𑐩𑐵𑑄𑐳𑐮𑐥𑐡𑐵𑐩𑑂𑐨𑑀𑐖𑐵𑐫𑐟𑐸𑐨𑑂𑐫𑐣𑑂𑐣𑐩𑑅𑑋𑐟𑐸𑐨𑑂𑐫𑑄𑐣𑐵𑐠𑐣𑐩𑑀𑐣𑐩
8a1da2cf,𑐟𑑂‍𑐥𑐟𑑂𑐣𑐷𑐮𑐎𑑂𑐲𑑂𑐩𑐷𑐡𑐾𑐰𑐷𑐣𑐡𑐫
aa4b3102,𑐡𑑂𑐫𑐵𑐬𑑂𑐖𑑂𑐖𑐸𑐣𑐾𑐲𑐲𑑂𑐫𑐵𑑄𑐱𑐹𑐨𑐫𑑀𑐐𑐾𑐬𑐧𑐶𑐬𑑂𑐡𑑂𑐡𑐶𑐣𑐾𑑌𑐱𑐸𑐨𑐩𑐳𑑂𑐟𑐸𑐳𑐬𑑂𑐧𑑂𑐧𑐡𑐵𑑌𑑏𑑌
37d190da,𑐰𑐶𑐟𑐬𑐶𑐩𑐷𑐣𑐬𑐵𑐱𑐶𑐐𑐟𑐾𑐔𑐣𑑂𑐡𑑂𑐬𑐩𑐳𑐶𑑋𑑋𑑋𑑋𑐳𑐩𑑂𑐧𑐟𑑂𑑙𑑐𑑗𑐖𑑂𑐫𑐾𑐲𑑂𑐛𑐎𑐺𑐲𑑂𑐞
9f6bz620,𑐬𑐵𑐖𑐥𑑂𑐬𑐶𑐟𑐠𑐜𑐵𑐠𑐷𑐠𑐵𑐂𑐂𑐳𑑂‍𑐟𑐩𑐶𑐳𑑂‍𑐟𑑅𑐡𑐬𑐣𑐵𑐮𑐄𑐡𑐵𑐬𑐖𑐸𑐫𑐾𑐩𑐵𑐣𑐢𑐎𑐠𑐵𑐥𑐣
88za6a24,𑐫𑐩𑑂𑐩𑐵𑑍𑐡𑐟𑑀𑐮𑐷𑐮𑐥𑐸𑐬𑑂𑐰𑑂𑐰𑐵𑐳𑐬𑐳𑑂𑐰𑐟𑑂𑐫𑐳𑐶𑐟𑑂𑐰𑑄𑑌𑑑𑑓𑑌𑐂𑐟𑑂𑐠𑑄𑐳𑐡𑐵𑐳𑐵𑐢𑐎𑐵𑐳𑑂𑐰𑐵𑑄𑐩𑑂𑐟𑐸𑐰𑑂𑐬𑐣𑑂𑐟𑐶𑑍𑐟𑑂𑐰𑐩𑐎𑐵𑐖𑐐𑐟𑑂𑐬𑐵𑐞𑐎𑐬𑑂𑐟𑑂𑐟𑐷
8ad19774,𑐞𑐵𑐬𑐵𑐫𑐣𑐟𑐸𑐠𑐷𑐥𑑂𑐬𑐟𑐶𑐲𑑂𑐛𑐵𑐫𑐵𑐒𑐵
28c69434,𑐬𑐾𑐩𑐾𑐰𑐔𑑀𑐣𑐾𑐩𑐡𑐸𑐢𑐬𑑂𑐩𑑂𑐩𑐬𑐵𑐖𑐫𑐵𑐰𑑄𑐱𑐩𑐡𑐟
f7438ddf,𑐐𑐸𑐞𑐏𑐐𑐱𑐶𑐎𑐵𑐬𑑂𑐟𑐶𑐎𑐾𑐱𑐸𑐎𑑂𑐮𑐥𑐎𑑂𑐲𑐾
80d88970,𑐟𑑂𑐫𑐥𑐸𑐖𑐵𑐫𑐵𑐟𑐰𑐸𑐟𑐫𑐵𑐎𑐬𑑂𑐲𑑒𑐡𑑀𑐎𑑀𑐰𑐸𑐎
ac18fcaf,𑐥𑐶𑐟𑑂𑐬𑑀𑑅𑐳𑑂𑐰𑐬𑑂𑐐𑑂𑐐𑐳𑑂𑐠𑐶𑐬𑐵𑐫𑐔𑑌𑐐𑐴𑐣𑐟𑑂𑐬𑐧𑐳𑑀𑐰𑐬𑑂𑐲𑐦𑐵𑐮𑑂𑐐𑐸𑐞𑐱𑐸𑐎𑑂𑐮𑐥𑐎𑑂𑐲𑐎𑑀𑐡𑐸
b2b37b6f,𑐡𑐾𑐰𑐳𑑂𑐎𑐾𑐥𑐸𑐖𑐵𑐫𑐵𑐫𑑍𑐖𑐸𑑑𑐥𑐸𑐖𑐵𑑍𑐥𑐵𑑒𑐱𑑂𑐰𑐐𑑄𑐞𑐢𑐮𑐶𑑍𑐐𑑂𑐰𑑑𑐏𑐾𑐖𑑍𑐖𑐸𑐡𑐶𑐲𑑂𑐚𑐶𑑍𑐖𑐸𑑓
5f3zaa09,𑐬𑐵𑐖𑐵𑐢𑐶𑐬𑐵𑐖𑐱𑑂𑐬𑐷𑐱𑑂𑐬𑐷𑐰𑐷𑐬𑐣𑐵𑐬𑐵𑐫𑐞𑐠𑑂𑐰𑐫𑐵𑐣𑐥𑐸𑐟𑑂𑐬𑐩𑐴𑐵𑐬𑐵𑐖𑐵𑐢𑐶𑐬𑐵𑐖𑐱𑑂𑐬𑐷𑐱𑑂𑐬𑐷𑐥𑑂𑐬𑐵𑐞𑐣𑐵𑐬𑐵
a4866bff,𑐥𑐵𑐔𑐵𑐩𑐵𑐟𑐔𑐾𑐎𑐣𑐀𑐳𑑂𑐟𑐵𑑒𑐩𑐟𑐵𑐥𑑂𑐰𑐵𑑕𑑋𑑋𑐥𑐸𑐖𑐵𑐰𑐵𑐬𑐶𑐫𑐵𑐟𑐵𑐖𑐵𑐎𑐶
0a2d6c4z,𑐥𑐾𑑍𑐨𑐬𑐟𑐏𑐞𑑂𑐜𑐾𑑍𑐨𑐬𑐟𑐰𑐬𑑂𑐲𑑂𑐚𑐁𑐫𑑂𑐫𑐵𑐰𑐰𑐟𑑂𑐟𑐡𑐾𑐱𑐾𑑍𑐴𑐾𑐩𑐰𑑍𑐡𑑂𑐡𑐎𑑂𑐲𑐶𑐞𑐥𑐵𑐡𑐾𑑍𑐣𑐾𑐥𑐵𑐬𑐩
2167030b,𑐰𑐶𑐖𑐫𑐬𑐵𑐖𑑂𑐫𑐱𑑂𑐬𑐷𑐩𑐟𑑂𑐎𑐵𑐣𑑂𑐟𑐶𑐥𑐸𑐮𑐶𑐩𑐴𑐵𑐣𑐐𑐬𑐾𑐱𑑂𑐬𑐷𑐥𑐵𑐬𑐵𑐰𑐟𑑂𑐩𑐴𑐵𑐰𑐶𑐴𑐵𑐬𑐾𑐔𑐾𑐎𑐣𑐀𑐟𑐣𑐳𑐶𑐫𑐵𑐠𑑂𑐰𑐰𑐵𑐴𑐵𑐬𑐫𑐵𑐦𑐬𑐾𑐳𑐬𑑀𑐴𑑀𑐣
91c9d2ab,𑐰𑐷𑐥𑐡𑐥𑑂𑐬𑐷𑐟𑐫𑐾𑐟𑐾𑐣𑐳𑑂𑐰𑐬𑑂𑐞𑑂𑐞𑐰𑐶𑐨𑐹𑐲𑐶𑐟𑑄𑐐𑐺𑐴𑐩𑐶𑐡𑑄𑐨𑐰𑑂𑐫𑐵𑐳𑑂𑐥𑐡𑑄𑐎𑐵𑐬𑐶𑐟𑑄𑑌𑐳𑐩𑑂𑐰𑐟𑑂𑑗𑑖𑑑𑐦𑐵
96280z73,𑐳𑑂𑐫𑐔𑐬𑐣𑐥𑐵𑐡𑐸𑐎𑐵𑐳𑐾𑐧𑐶𑐟𑐱𑑂𑐬𑐷𑐱𑑂𑐬𑐷𑐳𑐶𑐡𑑂𑐢𑐶𑐣𑐬𑐳𑐶𑑄𑐴𑐩𑐮𑑂𑐮𑐡𑐾𑐰𑐳𑑂𑐫𑐰𑐶𑐖𑐫𑐬𑐵𑐖𑑂𑐫𑐾𑐮𑐮𑐶𑐟𑐣𑐐𑐬𑐾𑐥𑐹𑐬𑑂𑐰𑑂𑐰𑐡𑐶𑐱𑐶𑐣𑑀𑐐𑑂𑐮𑐨𑑀𑐣𑑂𑐟𑐳𑑂𑐫𑐄𑐟𑑂𑐟𑐬𑐥𑐵
ff68d35b,𑐬𑐵𑐖𑐵𑐢𑐶𑐬𑐵𑐖𑐱𑑂𑐬𑐷𑐱𑑂𑐬𑐷𑐰𑐷𑐬𑐣𑐵𑐬𑐵𑐫𑐞𑐠𑑂𑐰𑐫𑐵𑐣𑐥𑐸𑐟𑑂𑐬𑐩𑐴𑐵𑐬𑐵𑐖𑐵𑐢𑐶𑐬𑐵𑐖𑐱𑑂𑐬𑐷𑐱𑑂𑐬𑐷𑐥𑑂𑐬𑐵𑐞𑐣𑐵𑐬𑐵
52b2c4za,𑐣𑐨𑐚𑑂𑐚𑐵𑐬𑐎𑐎𑐵𑐳𑐣𑑂𑐴𑐥𑐵𑐔𑐥𑐵𑐜𑐫𑐵𑐒𑐔𑑀𑐒𑐳𑐳𑐊𑐰𑐛𑐵𑐎𑐸𑐮𑐳𑐣𑐩𑐣𑑂𑐟𑑂𑐬𑐷𑐨𑐐𑐷𑐬𑐠𑐨𑐫𑐵𑐨𑐵𑐬𑑀𑐳𑐰𑐳𑑄𑐰𑐟𑐫𑐵𑐒𑐣𑐁𑐖𑑂𑐘𑐵𑐥𑑂𑐬𑐳𑐣𑑂𑐣𑐖𑐸
6302z2a4,𑐱𑐸𑐨𑐳𑐳𑐩𑑂𑐰𑐟𑑑𑑐𑑔𑑒𑑅𑐩𑑂𑐟𑐶𑐨𑐵𑐡𑑂𑐬𑐧𑐩𑐵𑐳𑑂𑐫𑐱𑐸𑐎𑑂𑐬𑐥𑐎𑑂𑐲𑐥𑑂𑐬𑐟𑐷𑐥𑑂𑐬
5d5891ac,𑐀𑐖𑑂𑐘𑐵𑐣𑐔𑑀𑐫𑐵𑐖𑐸𑐬𑑀𑑌𑐱𑐸𑐨𑐩𑐳𑑂𑐟𑐟𑑂𑐬𑐶𑐖𑐐𑐟𑐵𑐩𑑂𑑌
310b777z,𑐥𑐫𑐟𑐾𑐣𑐬𑐵𑐣𑑂𑐣𑐶𑐖𑐠𑐾𑐳𑑄𑐬𑐎𑑂𑐲𑐟𑐾𑐳𑑄𑐳𑐺𑐟𑑅𑑌𑐎𑑂𑐲𑐷𑐬𑐵𑐖𑑂𑐢𑐵𑐬𑐸𑐨𑐸𑐖𑐐𑐾𑐱𑐨𑑀𑐐𑐱𑐫𑐣𑐾𑐳𑐵𑐡𑑂𑐢𑑄𑐱𑑂𑐬𑐶𑐫𑐵𑐱𑐵
fz2495b5,𑑊𑐩𑐏𑐣𑐟𑑀𑐬𑐫𑐵𑑍𑐱𑐶𑐰𑐮𑐎𑐨𑐵𑐬𑑀𑐣𑐳𑐾𑐐𑐸
987a84d5,𑐱𑐶𑐧𑐮𑐶𑑄𑐐𑐳𑐧𑐺𑐲𑐨𑐳𑑂𑐠𑐵𑐥𑐣𑐥𑑂𑐬𑐟𑐶𑐲𑑂𑐚𑐵𑐫𑐣𑑂𑐫𑐔𑐟𑑂𑐟𑐸𑐬𑑂𑐧𑑂𑐧𑐡𑑀𑐎𑑂𑐟𑐦𑐮𑐥𑑂𑐬𑐵𑐥𑑂𑐟𑐶𑐎𑐵𑐩𑐣
85f39a08,𑐣𑐖𑑀𑐐𑐾𑐳𑐣𑐶𑐔𑐬𑐧𑐵𑐳𑐬𑐾𑑋𑑋𑐧𑐶𑐥𑑂𑐬𑐱𑑂𑐬𑐷𑐧𑐶𑐩𑐮𑐵
32c1z53a,𑐣𑐨𑐚𑑂𑐚𑐵𑐬𑐎𑐎𑐵𑐳𑐣𑑂𑐴𑐥𑐵𑐔𑐥𑐵𑐜𑐫𑐵𑐒𑐔𑑀𑐒𑐳𑐳𑐊𑐰𑐛𑐵𑐎𑐸𑐮𑐳𑐣𑐩𑐣𑑂𑐟𑑂𑐬𑐷𑐨𑐐𑐷𑐬𑐠𑐨𑐫𑐵𑐨𑐵𑐬𑑀𑐳𑐰𑐳𑑄𑐰𑐟𑐫𑐵𑐒𑐣𑐁𑐖𑑂𑐘𑐵𑐥𑑂𑐬𑐳𑐣𑑂𑐣𑐖𑐸
bc6d8d20,𑐳𑑂𑐠𑐵𑐣𑐳𑑂𑐫𑑍𑐂𑐴𑐾𑐰𑐥𑐹𑐞𑑂𑐫𑐨𑐹𑐩𑑌𑐀𑐡𑑂𑐫𑑅𑐱𑑂𑐬𑐵𑐰𑐞𑐩𑐵𑐳𑑂𑐫𑐱𑐎𑑂𑐬𑐥𑐎𑑂𑐲𑐟𑐺𑐟𑐶𑐫𑐵𑐟𑐶𑐠𑑁𑑍𑐥𑐹
5b0b8a10,𑐥𑐟𑑂𑐬𑐵𑐬𑑂𑐠𑐾𑐡𑐺𑐲𑑂𑐚𑐳𑐵𑐎𑑂𑐲𑐶𑐱𑑂𑐬𑐷𑐱𑑂𑐬𑐷𑐖𑐫𑐖𑑂𑐫𑑀𑐟𑐶𑐥𑑂𑐬𑐎𑐵𑐱𑐩𑐮𑑂𑐮𑐡𑐾𑐰𑑌𑐳𑐩𑑂𑐰𑐟𑑂𑑘𑑘𑑑𑐩𑐵𑐑𑐱𑐸𑐡𑐶𑑑𑑕
81bbz460,𑐩𑐵𑐫𑑀𑐴𑐣𑑂𑐟𑐶𑐳𑑂𑐩𑐣𑐶𑐱𑐶𑐥𑑂𑐬𑐔𑐞𑑂𑐜𑐰𑐮𑐶𑐣𑑄𑐎𑐵𑐩𑐵𑐟𑐸𑐬𑑄𑐎𑐷𑐔𑐎𑑄𑑍𑐱𑐟𑑂𑐬𑐹𑐞𑐵𑑄𑐩𑐰𑐡𑑄𑐨𑐫𑐒𑐎𑐬𑐣𑐶𑐩𑑄𑐟𑑄𑐨𑐷𑐩𑐳𑐾𑐣𑑄𑐨𑐖𑐾𑑋𑐣𑐵𑐣𑐵𑐣𑐺𑐟𑑂𑐫𑐎𑐮𑐵𑐰𑐶𑐮𑐵𑐳𑐬
f8314c6f,𑐠𑐰𑐳𑑂𑐟𑑂𑐬𑐷𑐖𑑀𑐐𑐩𑐟𑐶𑐣𑑄𑑍𑐎𑐮𑐱𑐸𑐧𑐸𑐬𑑀𑑔𑐡𑐸𑐟𑐵𑑋𑑋𑐡𑐾𑐰𑐳𑑂𑐎𑐾𑑍𑐣𑐶𑐟𑑂𑐫𑐥𑐸𑐖𑐵𑐫𑐎𑐵𑑍𑐰𑑂𑐬𑐵𑐩𑑂𑐴𑐣𑑍𑐁𑐔𑐵
b128a3ad,𑐱𑐸𑐨𑑌𑐳𑐩𑑂𑐰𑐟𑑂‌𑑙𑑘𑑑𑐩𑐵𑐑𑐎𑐺𑐲𑑂𑐞𑑌𑐡𑐱𑐩𑐷𑑌𑐥𑐸𑐬𑑂𑐑𑐵𑐲𑐵𑐝𑐵𑐣𑐎𑑂𑐲𑐟𑑂𑐬𑐾𑑌
d1ab99z8,𑐨𑐎𑑂𑐟𑐶𑐖𑐣𑐰𑐶𑐥𑑂𑐬𑐱𑑂𑐬𑐷𑐰𑐶𑐩𑐬𑐵𑐖𑐡𑐾𑐰𑐫𑐖𑐩𑐵𑐣𑑍𑐖𑐏𑐬𑐵𑐖𑐨𑐵𑐬𑑀𑑍𑐳𑑂𑐰
d9bz07a8,𑐟𑐳𑑄𑑍𑐩𑐵𑐢𑐶𑐕𑐵𑐫𑐩𑐵𑐮𑐩𑑂𑐴𑑑𑐱𑑂𑐬𑐷𑐰𑐶𑐱𑑂𑐰𑐵𑐣𑐣𑑂𑐡𑐨𑐵𑐖𑐸𑑍𑐄𑐥𑐵𑐢𑑂𑐫𑐵𑑍𑐩𑑂𑐴𑑄𑑑𑐱𑑂𑐬𑐷𑐣𑐷𑐮𑐎𑐞𑑂𑐛𑐵𑐣𑐣𑑂𑐡𑐨𑐵𑐖𑐸𑑍𑐄𑐥𑐵𑐢𑑂𑐫𑐵𑑍𑐩𑑂𑐴𑑄𑑑𑐥𑐸𑐛𑐷𑐳𑑀𑐎𑐩𑑂𑐴𑐧𑑂𑐬𑐵𑐴𑑂𑐩
578314db,𑐫𑐷𑐳𑐔𑐩𑐟𑐥𑑂𑐰𑐵𑐟𑑓𑐕𑑀𑐊𑐎𑐾𑐫
z6d9cbc5,𑐧𑐖𑑂𑐬𑐵𑐬𑑂𑐫𑐵𑐥𑑂𑐥𑐴𑐰𑐿𑑌𑑑𑑌𑐢𑐬𑑂𑐩𑐔𑐶𑐟𑑂𑐟𑐿
48825b24,𑐡𑐸𑐡𑐵𑐟𑐵𑐫𑐵𑐧𑑄𑐳𑐡𑐟𑐫𑐵𑐒𑐵𑐌𑐟𑐫𑐩𑐵𑐬𑑌
a3654309,𑐟𑐵𑐬𑐎𑐸𑑖𑐥𑐹𑐬𑑂𑐰𑑂𑐰𑐥𑐵𑐏𑐵𑐨𑐹𑐩𑐎𑐵𑐰𑐐𑐸𑐠𑐶𑐳𑐡𑐵𑐣𑐖𑐸𑐳𑐬𑐵𑐫𑐖𑐸𑐬𑐬𑐵𑐐𑐖𑐸𑐬
22373z09,𑐫𑐵𑐫𑑌𑐩𑐴𑐧𑐮𑑀𑐖𑑂𑐘𑐵𑐣𑐳𑐩𑐵𑐢𑐶𑐡𑐣𑑂𑐟𑑀𑐫𑑅𑐥𑐣𑑂𑐖𑐬𑑄𑐖𑐣𑑂𑐩𑐩𑐫𑑄𑐰𑐶𑐡𑐵𑐬𑑂𑐫𑐰𑐶𑐰𑐾𑐱𑐣𑐶
f4b689d0,𑐎𑑂𑐲𑑂𑐩𑐷𑐡𑐾𑐰𑐷𑐣𑐡𑐫𑐎𑐵𑐡𑐶𑐣𑐱𑐸𑐨𑑌
aac1zc74,𑐟𑑂𑐟𑐣𑐫𑑀𑐩𑐴𑐵𑐣𑑂𑐳𑐸𑐣𑐶𑐥𑐸𑐞𑑅𑐱𑑂𑐬𑐷𑐱𑑂𑐬𑐷𑐣𑐶𑐰𑐵𑐳𑑀𑐣𑐺𑐥𑑅𑑋𑐳𑑁𑐣𑑂𑐡𑐬𑑂𑐫𑐾𑐳𑐩𑐣𑑀𑐨𑐰𑑅𑐥𑑂𑐬𑐟𑐶𑐡𑐶𑐣𑑄𑐡𑐵𑐣𑐎𑐣𑐶𑐲𑑂𑐛𑐵𑐩𑐟𑐶𑐬𑑂𑐮𑑀𑐎𑐾𑐱𑐳𑑂𑐫𑐥𑐡𑐵𑐬𑐰𑐶𑐣𑑂𑐡𑐩𑐢𑐸𑐥𑑅𑐳𑑄𑐐𑐷𑐟𑐱𑐵
589b2363,𑐟𑐶𑐔𑐶𑐎𑑄𑐀𑐚𑐣𑐰𑐶𑐒𑐵𑐰𑐥𑑂𑐬𑐟𑐶𑐲𑑂𑐛𑐵𑐫𑐵𑐒𑐵𑐖𑐸𑐮𑑀𑑋𑑋𑐀𑐰𑑂𑐫𑐧𑑂𑐬𑐴𑑂𑐩
450a8d0z,𑐰𑐣𑐾𑐩𑑂𑐴𑑄𑐳𑑂𑐟𑐵𑑍𑐖𑐸𑑑𑐥𑐸𑐖𑐵𑑍𑐡𑑄𑑒𑐑𑐾𑐮𑐎𑐳𑑂𑐟𑐶𑑍𑐥𑐵𑑑𑐡𑐸𑐡𑐸𑑍𑐡𑑄𑑒𑐡𑐎𑑂𑐲𑐶𑐣𑐵𑑍𑐣𑐵𑐐𑐬𑐵𑐖𑐵𑐫𑐵𑐣
cc87z266,𑐣𑐾𑐰𑑄𑐎𑐸𑐳𑐵𑐥𑐸𑐏𑐸𑐬𑐳𑐟𑐫𑐵
z66z51d9,𑐞𑐴𑑀𑐟𑑁𑑋𑐖𑐐𑐣𑑂𑐩𑐵𑐟𑐬𑐸𑐡𑑂𑐣𑐵𑐬𑐖𑐟𑑂𑐟𑑂𑐬𑐷𑐟𑑂𑐰𑐩𑐾𑐎𑐵𑑍𑐱𑐶𑐱𑑀𑐬𑑂𑐩𑑂𑐩𑐥𑐬𑐵𑐢𑐵𑐣𑐰𑐵𑐨𑐵𑐰𑐣𑐷𑐫𑐵𑑅𑑌𑑙𑑌𑐡𑐶𑐣𑐾𑐐𑑀𑐢𑐣𑐾𑐱𑑀𑐖
f5a90f96,𑐮𑐱𑑂𑐬𑐷𑐬𑑂𑐮𑑂𑐮𑐖𑑂𑐖𑐵𑐰𑐟𑐷𑐥𑐸𑐞𑑂𑐫𑐩𑐟𑐷𑐟𑐶𑐣𑐵𑐩𑑂𑐣𑐵𑑋𑐎𑐸𑐩𑐵𑐬𑐨𑐵𑐟𑐾𑐰𑐔𑐩𑐾𑐣𑐎𑐵𑐫𑐵𑑅𑐳𑐸𑐟𑐵𑐳𑐸𑐱𑐷𑐮𑐵𑐳𑐸𑐩𑐟𑐶𑑅𑐳𑐸𑐰𑐞𑐷𑑌𑐥𑐸𑐞𑑂𑐫
3c608596,𑐩𑑂𑐫𑐣𑑂𑐰𑐎𑐬𑐾𑑍𑐀𑐲𑑂𑐚𑐵𑐰𑐶𑐱𑐟𑐶𑐟𑐩𑐾𑐔𑐟𑐸𑐫𑐸𑐐𑐳𑑂𑐫𑐎𑐬𑐾𑐥𑑂𑐬𑐠𑐩𑐥𑐵𑐡𑐾𑑍𑐖𑐩𑑂𑐧𑐸𑐡𑑂𑐰𑐶
fb0z41f6,𑐫𑐵𑐫𑑍𑐦𑑄𑑕𑑐𑐳𑐨𑐸𑑄𑑍𑐥𑐵𑐣𑐧𑐶𑐫𑑍𑐨𑐹𑑄𑑑𑑐𑐳𑐧𑐸𑑄𑐮𑐵𑐴𑐵𑐟𑐶𑐣𑐧𑐶𑐫𑐎𑐸𑑓𑐩𑑂𑐰𑐵𑐟𑑍𑐎𑐸𑑒𑐮
bf7c6f05,𑐳𑑂𑐰𑐟𑐶𑐣𑐎𑑂𑐲𑐟𑑂𑐬𑐾𑐥𑐬𑐶𑐢𑐫𑑀𑐐𑐾𑐰𑐺𑐴𑐳𑑂𑐥𑐟𑐶𑐰𑐵𑐳𑐬𑐾𑐠𑑂𑐰𑐎𑐸𑐣𑑂𑐴𑐸𑐱𑑂𑐬𑐷𑑒𑐬𑐸𑐡𑑂𑐬𑐩𑐟𑐷𑐠𑐎𑐸𑐣𑐷𑐖𑐸𑐳𑑂𑐣𑐮𑑀𑐴𑑀𑐡𑐾𑐰𑐮𑐡𑐫
870c20f0,𑑊𑑉𑐣𑐩𑑅𑐱𑑂𑐬𑐷𑐧𑐖𑑂𑐬𑐢𑐵𑐟𑐰𑐾𑑌𑑌𑐣𑐩𑐳𑑂𑐟𑐸𑐔𑐿𑐟𑑂𑐫𑐵𑐫𑐳𑐐𑐟𑐵𑐮𑐫𑐵𑐫𑐰𑐶𑐱𑐸𑐡𑑂𑐢𑐬𑐸𑐥𑐵𑐫𑐡𑐸𑐬𑐶𑐟𑐵𑐥𑑂𑐬𑐴𑐵𑐫𑑌𑐔𑐶𑐟𑐿𑐧𑐬𑐸𑐥𑐵𑐫𑐎𑐸𑐱𑑂𑐰𑑀𑐟𑑂‌𑐨𑐰𑐵𑐫𑐟𑑄𑐔𑐿𑐟𑑂𑐫𑐬𑐸𑐥𑐵𑐫𑐥𑑂𑐬𑐣𑐩𑐵𑐩𑐶𑐨𑐸𑐫𑑌𑑌𑐀𑐡𑑂𑐫
21bb447a,𑐩𑑂𑐟𑑂𑐬𑐷𑐢𑑄𑐣𑐠𑐎𑑄𑐩𑑂𑐟𑑂𑐬𑐷𑐥𑐸𑐬𑐸𑐲𑐞𑐂𑐣𑐵𑐎𑑀𑐥𑐱𑑂𑐔𑐶𑐩
34b2ba1b,𑐟𑑂𑐫𑐢𑑂𑐰𑐳𑐣𑑍𑐬𑐎𑐵𑐖𑐸𑐬𑑀𑑋𑑋𑐱𑐸𑐨𑑅𑑋𑑋
06b41265,𑐱𑑂𑐰𑐬𑐵𑐫𑑅𑑌
zfa6d069,𑑊𑑉𑐀𑐡𑑂𑐫𑑅𑐧𑑂𑐬𑐩𑑂𑐴𑐞𑑀𑐔𑑂𑐰𑐶𑐟𑐷𑐫𑐥𑐬𑐵𑐡𑑂𑐰𑐾𑑍𑐱𑑀𑐫𑐟𑐧𑐬𑐵𑐴𑐵𑐎𑐬𑑍𑐥𑐾𑐰𑐿𑐰𑐳𑑂𑐰𑐬
ddc61c48,𑐎𑐬𑐵𑐎𑐖𑐸𑐬𑑀𑑌𑐩𑐳𑐾𑐣𑐎𑑄𑐨𑐶𑐣𑐎𑑂𑐬𑐳𑐵𑑍𑐄𑐟𑑂𑐬𑑀𑐎𑑂𑐟𑐦𑐮𑐬𑐵𑐎𑐖𑐸𑐬𑑀𑑌
c26b9a62,𑐩𑐟𑑂𑐫𑐵𑐥𑐹𑐬𑑂𑐰𑑂𑐰𑐎𑐸𑐬𑐾𑑍𑐱𑑂𑐬𑐷𑐩𑐎𑐵𑐟𑑂𑐟𑐶𑐥𑐸𑐮𑐶𑐩𑐵𑐴𑐵𑐣𑐐𑐬𑐾𑑍𑐱𑑂𑐬𑐷𑑒𑐫𑐩𑐩𑐬𑐾𑐱𑑂𑐰𑐬𑐨𑐚𑑂𑐚𑐵𑐬𑐎
7a33cd42,𑐥𑐩𑐮𑑂𑐮𑐡𑐾𑐰𑐥𑑂𑐬𑐨𑐸𑐛𑐵𑐎𑐸𑐬𑐳𑐰𑐶𑐖𑐫𑐬𑐵𑐖𑐳𑐠𑐎𑐵𑐜𑐶
2f61f8df,𑑊𑐳𑑂𑐰𑐳𑑂𑐟𑐶𑑋𑑋𑐱𑑂𑐬𑐷𑐱𑑂𑐬𑐷𑐱𑑂𑐬𑐷𑐐𑑀𑐮𑑀𑐎𑐣𑐵𑐠𑐡𑐾
99d05786,𑐞𑐵𑐬𑐵𑐫𑐣𑐟𑐸𑐠𑐷𑐥𑑂𑐬𑐟𑐶𑐲𑑂𑐛𑐵𑐫𑐵𑐒𑐵
fccz0c43,𑐠𑑄𑐴𑐬𑐫𑐾𑐳𑐸𑐰𑐵𑐳𑐶𑐟𑐟𑐬𑐹𑑄𑐐𑑀𑐥𑐵𑐮𑐡𑐵
f212245c,𑐖𑐸𑑒𑐣𑐶𑐳𑐮𑐵𑐮𑑍𑐠𑑂𑐰𑐟𑐾𑐢𑐸𑐣𑐎𑐵𑐰𑑍𑐦𑐮𑐾𑐳𑑄𑐴𑐶𑐟𑐶𑐳𑑄𑐳𑐾𑐮𑑂𑐴𑑀𑐮𑑂𑐴𑑀𑐣𑐾𑐫𑐵𑐒𑐵
8c0a8566,𑐴𑐵𑐢𑐬𑑂𑐩𑐔𑐶𑐟𑐡𑐸𑐏𑐩𑐵𑐣𑐖𑐸𑐫𑐵𑐌𑐖𑐶𑐬𑑂𑐣𑐄𑐡𑑂𑐢𑐵𑐮𑐥𑑂𑐬𑐟𑐶𑐳𑑂𑐠𑐵𑐫𑐵
5f59c341,𑐀𑐡𑑂𑐫𑐵𑐱𑑂𑐬𑐷𑐩𑐱𑑂𑐬𑐷𑐱𑐵𑐎𑑂𑐫𑐳𑐶𑑄𑐴𑐾𑐟𑑂𑐫𑐵𑐡𑐶𑑋𑑋𑐳𑑂𑐰𑐳𑑂𑐟𑐶𑐱𑑂𑐬𑐷𑐱𑑂𑐬𑐷𑐩𑐴𑐵𑐬𑐵𑐖𑐢𑐶
d4a12346,𑐠𑐸𑐫𑐩𑐡𑐸𑑍𑐩𑐶𑐕𑑀𑐫𑐎𑐾𑐩𑐡𑐸𑐰𑐬𑐲𑐸𑐣𑐶𑐔𑐥𑐵𑐮𑐫𑐵𑐖𑑀𑐐𑐶𑐣𑐧𑐶𑐔𑐵𑐬𑐫𑐵𑐫𑐩𑐵𑐮𑐧𑐶𑐔𑐵𑐬𑐩𑐫𑐵
a0fb14c1,𑐎𑑂𑐲𑑂𑐩𑐶𑑍𑐔𑐟𑐸𑐬𑑂𑐠𑐥𑐸𑐟𑑂𑐬𑐩𑐹𑐣𑐶𑐢𑐬𑑍𑐣𑐵𑐔𑐷𑐩𑐸𑐣𑐶𑐠𑐎𑐸𑑄𑑍𑐟𑐳𑑂𑐫𑐖𑐾𑐲𑑂𑐛𑐨𑐐𑐶𑐣𑐶𑐔
f82393f2,𑐬𑐶𑐟𑑍𑐱𑐟𑐱𑑂𑐬𑐷𑐎𑐾𑐱𑐔𑐣𑑂𑐡𑑂𑐬𑐎𑐺𑐟𑐥𑐵𑐬𑐵𑐰𑐬𑑂𑐟𑐩𑐴𑐵𑐰𑐶𑐴𑐵𑐬𑐢𑐶𑐲𑑂𑐛𑐶𑐟𑑍𑐧𑐖𑑂𑐬𑐵𑐔𑐵𑐬𑑂𑐫𑐱𑑂𑐬𑐷
f4882d7f,𑐥𑑄𑐔𑐵𑐩𑐺𑐟𑑄𑐥𑑄𑐔𑑀𑐥𑐔𑐵𑐬𑐥𑐸𑐖𑐵𑐔𑐵𑐎𑑂𑐬𑐩𑐟𑐕𑑀𑐫𑐎𑐾𑐔𑐾𑐎𑑄𑐎𑐸𑑒𑐡𑐸𑐠𑐾𑑌𑐳𑑂𑐰𑐵𑐣𑐫𑐵𑐟𑐎𑐸
39d3bf01,𑐥𑐵𑐫𑑚𑐢𑐬𑑂𑐩𑑂𑐩𑐞𑐵𑐬𑐵𑐫𑐣𑐥𑑂𑐬𑐩𑐸𑐏𑐥𑐬𑐶𑐧𑐵𑐬𑐡𑐎𑑀𑐩𑑀𑐎𑑂𑐲𑐐𑐟𑐶𑐬𑐵𑐎𑐖𑐸𑐥𑐵𑐫𑑌
z3df42a1,𑐣𑐢𑐬𑐢𑐣𑐳𑐶𑐒𑐩𑐴𑐾𑐱𑑂𑐰
1dc17364,𑐰𑐳𑐟𑐶𑑄𑐎𑐸𑐬𑑂𑐰𑐣𑑂𑐴𑐶𑐎𑑀𑐚𑑂𑐫𑐵𑐴𑐸𑐟𑐶𑐔𑐎𑑂𑐬𑐾𑐎𑐮𑑂𑐥𑐟𑐬𑐸𑑄𑐢𑐬𑐵𑐡𑐶𑐰𑐶𑐲𑐡𑐾𑐡𑐟𑑂𑐰𑐵𑐔𑐟𑐥𑑂𑐟𑐸𑑄𑐐𑐟𑐁𑐳𑐷𑐟𑑂𑐳𑐶𑐡𑑂𑐢𑐶𑐟𑐺𑐳𑐶𑑄𑐴𑐩𑐮𑑂𑐮𑐣𑐺𑐥𑐟𑐶𑑅𑐥𑐸𑐟𑑂𑐬𑐵𑐫𑐬𑐵𑐖𑑂𑐫𑑄𑐡𑐡𑐣𑑂𑑋𑐟𑐳𑑂𑐫
50887202,𑑊𑐱𑑂𑐬𑐷𑐎𑐺𑐲𑑂𑐞𑐵𑐫𑐣𑐩𑑅𑑌𑐨𑐹𑐨𑐵𑐬𑑄𑐴𑐬𑐟𑐾𑐬𑐶𑐥𑐹𑐣𑑂𑐎𑐮𑐸𑐲𑐶𑐞𑑀𑐴𑐟𑑂𑐰𑐵𑐩𑐡𑐵𑐣𑑂𑐢𑐵𑐣𑑂𑐣𑐺𑐥𑐵𑐣𑑂𑐢𑐬𑑂𑐩𑐵𑐣𑑂𑐳𑑂𑐫𑐵
zd19593a,𑐠𑑂𑐰𑐡𑐾𑐰𑐮𑐳𑐮𑑂𑐴𑑀𑐣𑐾𑐩𑐵𑐮𑐎𑐵𑐮𑐾𑐩𑐾𑐰𑐣𑐮𑑂𑐴𑑀𑐒𑐩𑐡𑐟𑐳𑐵𑐰𑑂𑐫𑐳𑐟𑐥𑐣𑐶𑐳𑑂𑐫𑐔𑐶𑐣𑑂𑐟𑐵𑐫𑐵𑐒𑐣𑐡𑐾𑐰𑐫𑐵𑐰𑐳𑑂𑐟𑐸𑐣𑐮𑑂𑐴𑑀𑐣𑐾𑐩𑐵𑐮𑐖𑐸𑐬𑑀𑑌𑐠𑑂𑐰𑐡𑐾
az69008d,𑐟𑐬𑐵𑐳𑐶𑐐𑐟𑐾𑐳𑐰𑐶𑐟𑐬𑐾𑐳𑐶𑑄𑐴𑐬𑐵𑐳𑐶𑐐𑐟𑐾𑐔𑑄𑐡𑑂𑐬𑐩𑐳𑐶𑑌𑐟𑐳𑑂𑐩𑐶𑐡𑐶𑐣𑐾𑑌𑐂𑐟𑐸𑑄𑐧𑐵𑐴𑐵𑐬𑐁
3f1ca716,𑐧𑑓𑐳𑑂𑐠𑐵𑐥𑐣𑐵𑐫𑐵𑐣𑐵𑐖𑐸𑐮𑐠𑐸𑐐𑐸𑐢
d1c636df,𑐰𑐶𑐟𑐬𑐶𑐩𑐷𑐣𑐬𑐵𑐱𑐶𑐐𑐟𑐾𑐔𑐣𑑂𑐡𑑂𑐬𑐩𑐳𑐶𑑋𑑋𑑋𑑋𑐳𑐩𑑂𑐧𑐟𑑂𑑙𑑐𑑗𑐖𑑂𑐫𑐾𑐲𑑂𑐛𑐎𑐺𑐲𑑂𑐞
5d45af63,𑐴𑐬𑐶𑐫𑐵𑐟𑐩𑐵𑐣𑑂𑐫𑐧𑐶𑐳𑐾𑐧𑐶𑐖𑑂𑐫𑐵𑐎𑑌𑐠𑑀𑐰𑐾𑐮𑐳𑐣𑐬𑐴𑐬𑐶𑐣𑐠𑐰𑐱𑐎𑑂𑐫𑐣𑐔𑐵𑐰𑐠𑐾𑑄𑑍𑐰𑐳𑑂𑐟𑐸𑐖𑐵
9f7bccaa,𑐟𑐶𑐥𑑂𑐬𑐠𑑌𑐱𑐶𑐰𑐨𑐎𑑀𑐴𑐬𑐶𑐲𑑂𑐫𑐵𑐟𑐵𑐢𑐬𑑂𑐩𑑂𑐩𑐎𑐬𑑂𑐩𑑂𑐩𑐥𑐹𑐧𑑀𑐡𑑂𑐫𑐩𑑅𑐮𑑀𑐎𑐣𑐵𑐠𑑀𑐔𑑂𑐔𑐎𑐵𑐣𑐶
3f30283c,𑐢𑐬𑐐𑐸𑐠𑐶𑐳𑐡𑐸𑐣𑑂𑐟𑐵𑑍𑐢𑑀𑐬𑐏𑐵𑐧𑐸𑐬𑑀𑑑𑐔𑐸𑐬𑑓𑐎𑐶𑐡𑑀𑐬𑐶𑐌𑐧𑐸𑐬𑑀𑑒𑐴𑐵𑐎𑐸𑐟𑑂𑐰𑐵𑐦𑐮𑐌𑐬
7d25186z,𑐖𑐸𑐬𑑀𑐟𑐟𑐵𑐖𑐰𑐚𑐫𑐵𑐥𑐵𑐎𑐧𑐹𑐮𑑀𑑔𑐧𑐵𑐴𑐵𑐬𑐖𑐸𑐮𑑀
5cc5aa96,𑐨𑐵𑑍𑐥𑑂𑐬𑐷𑐟𑐶𑐣𑐠𑑂𑐰𑐀𑐒𑐖𑐶𑐬𑑂𑐞𑑂𑐞𑐖𑐸𑐫𑐵𑐰𑐔𑑀𑐣𑐾𑑍𑐖𑐶𑐣𑑀𑐡𑑂𑐢𑐵𑐬𑐞𑐫𑐵𑐒𑐣𑑍𑐮𑑂𑐴𑑀
b82f1767,𑐥𑐶𑐟𑑂𑐬𑑀𑑅𑐳𑑂𑐰𑐬𑑂𑐐𑑂𑐐𑐳𑑂𑐠𑐶𑐬𑐵𑐫𑐔𑑌𑐐𑐴𑐣𑐟𑑂𑐬𑐧𑐳𑑀𑐰𑐬𑑂𑐲𑐦𑐵𑐮𑑂𑐐𑐸𑐞𑐱𑐸𑐎𑑂𑐮𑐥𑐎𑑂𑐲𑐎𑑀𑐡𑐸
f807ffd2,𑐰𑐡𑐶𑑒𑐬𑑀𑐖𑑑𑐱𑐸𑐨𑑄𑑋𑑋𑐱𑐸𑐨𑐩𑑂𑑋
842d6382,𑐟𑐵𑐬𑐎𑐸𑑖𑐥𑐹𑐬𑑂𑐰𑑂𑐰𑐥𑐵𑐏𑐵𑐨𑐹𑐩𑐎𑐵𑐰𑐐𑐸𑐠𑐶𑐳𑐡𑐵𑐣𑐖𑐸𑐳𑐬𑐵𑐫𑐖𑐸𑐬𑐬𑐵𑐐𑐖𑐸𑐬
87915dd8,𑐥𑑂𑐬𑐷𑐟𑐶𑐣𑐣𑐎𑐥𑐳𑐮𑐫𑐵𑐨𑐶𑐩𑐨𑐵𑐬𑑀𑐥𑐸𑐟𑑂𑐬𑐩𑐵𑐣𑐰𑐶𑐬𑐨𑐵𑐬𑑀𑐥𑐸𑐟𑑂𑐬𑐎𑐾𑐴𑐾𑐬𑐳𑐶𑐥𑐸𑐟𑑂𑐬
f058zc22,𑐟𑐵𑐬𑐎𑐸𑑖𑐥𑐹𑐬𑑂𑐰𑑂𑐰𑐥𑐵𑐏𑐵𑐨𑐹𑐩𑐎𑐵𑑍𑐰𑐐𑐸𑐠𑐶𑐳𑑍𑐡𑐵𑐟𑐵𑐖𑐸𑐳𑐬𑐵𑐫𑐖𑐸𑑍𑐥𑐬𑑀𑐐𑐖𑐸𑐬
b7d06c97,𑐥𑐸𑐟𑑂𑐬𑐧𑐵𑐬𑐎𑐸𑐩𑐵𑐬𑐳𑐴𑐡𑑂𑐬𑐾𑐟𑐶𑑍𑐠𑐸𑐬𑐶𑐥𑐬𑐶𑐧𑐵𑐬𑐕𑐶𑐫𑐵𑐢𑐬𑑂𑐩𑑂𑐩𑐔𑐶𑐟𑑂𑐟𑐄𑐟𑑂𑐥𑐟𑑂𑐟𑐶
8bbbfd07,𑐑𑐵𑐟𑐰𑐣𑐵𑐥𑐔𑑀𑐒𑐄𑐗𑐵𑐣𑑍𑐬𑑀𑐰𑐣𑑂𑐴𑐳𑑗𑐠𑑂𑐰𑐟𑐾𑐫𑐵𑐰𑐬𑑂𑐲𑐥𑑂𑐬𑐟𑐶𑐰𑐬𑐳𑐵𑐣𑐩𑐸𑐗𑐰𑐔𑐣𑑂𑐡𑑂𑐬𑐩𑐸𑐣𑐶𑐰𑐡𑐾𑐖𑐸𑑍𑐢𑐬𑑂𑐩𑑂𑐩𑐱𑑂𑐬𑐷𑐰𑐡𑐾𑐖𑐸
31z404cz,𑐱𑑂𑐬𑐷𑐩𑐮𑑂𑐮𑑀𑐎𑐾𑐱𑐡𑐿𑐰𑐳𑐬𑐞𑐩𑐥𑐶
7b314a00,𑐳𑐱𑑂𑐩𑐾𑐬𑐩𑐾𑐱𑑀𑑍𑐨𑐰𑐨𑑂𑐫𑐵𑐲𑑂𑐥𑑂𑐬𑐳𑐵𑐡𑐵𑐟𑑂𑐫𑐬𑐵𑑄𑐳𑐶𑐡𑑂𑐰𑐶𑐩𑐵𑐥𑐸𑑅𑑋𑐩𑐩𑐵𑐖𑑂𑐘𑐵𑐣𑐳𑐶𑐣𑑂𑐢𑑀𑑅𑐱𑐶𑐰𑑀𑐡𑐷𑐣𑐰𑐣𑐢𑐸𑑍𑐬𑑂𑐖𑑂𑐖𑐣𑐣𑑂𑐫𑐵𑐴𑐶𑐟𑐵
f86154fz,𑐫𑐵𑐟𑐵𑐳𑐶𑐣𑑂𑐡𑐸𑐡𑑂𑐟𑐸𑐡𑑂𑐬𑐵𑑄𑐳𑐸𑐡𑑂𑐟𑐡𑑂𑐫𑐵𑑍𑐩𑐢𑑀𑐔𑐵𑐩𑐥𑐵𑐞𑑁𑐱𑐬𑐞𑑂𑐫𑐵𑑄𑐳𑑂𑐩𑐬𑐵𑐩𑐶𑑌𑑖𑑌𑐳𑑂𑐰𑐎𑐷𑐫𑐵𑐳𑐣𑐵𑐨𑑂𑐫𑐵𑐳𑐐𑐵𑐨𑑂𑐫𑐩𑐸𑐨
795d5f84,𑐖𑐫𑐬𑐞𑐩𑐮𑑂𑐮𑐡𑐾𑐰𑐥𑑂𑐬𑐨𑐸𑐛𑐵𑐎𑐸𑐬𑐳𑑂𑐫𑑍𑐰𑐶𑐖𑐫𑐬𑐵𑐖𑑂𑐫𑐾𑑋𑑋𑐟𑐳𑑂𑐫𑐩𑐵𑐑𑐰𑑂𑐬𑐟
5z3796a3,𑐳𑑄𑐰𑐟𑑂‌𑑘𑑘𑑕𑐱𑑂𑐬𑐵𑐰𑑄𑐎𑐺𑐲𑑂𑐞𑑍𑐀𑐩𑐵𑐰𑐵𑐳𑐶𑑍𑐠𑐸𑐎𑐸𑐣𑑂𑐴𑐸𑑍𑐱𑑂𑐬𑐷𑑓𑐨𑐐
85zb42d1,𑐢𑐾𑑅𑐥𑐡𑑂‌𑐩𑐾𑐰𑐥𑐡𑑂𑐫𑐾𑐎𑑂𑐲𑐞𑐵𑐫𑐳𑑂𑐫𑐵𑑅𑐰𑐶𑐞𑐸𑐬𑐶𑐰𑐎𑑂𑐲𑐩𑐷𑐰𑐶𑐩𑐮𑐢𑐷𑑅𑐱𑑂𑐬𑐷𑐬𑐸𑐡𑑂𑐬𑐩𑐮𑑂𑐮𑑅𑐩𑐟𑐶𑑅𑐥𑑂𑐬𑐵𑐳𑐵𑐡𑑀𑐬𑐖𑐟𑐵𑐔𑐮𑐵
77aba2cc,𑐔𑐸𑐬𑑒𑐠𑑂𑐰𑐟𑐾𑐧𑐸𑐫𑐵𑐌𑐬𑐳𑐵𑐣𑐣𑐡𑐸𑐠𑐾𑐴𑐣𑐾𑐩𑐵𑐬𑐡𑐶𑐬𑐥𑐸𑐣𑑂𑐴𑐶𑐳𑐶𑐎𑐸𑐣𑑂𑐴𑐸𑐩𑐵𑐴𑐵𑐡𑐶𑐥𑐥𑐸𑑄𑑑
86ac90f5,𑐲𑑒𑐎𑑀𑐠𑐸𑐡𑑀𑐎𑑀𑐔𑐸𑑍𑐠𑑂𑐰𑐟𑐾𑐔𑐸𑐫𑐵𑐌𑐮𑐳𑐵𑐣𑑍𑐱𑑂𑐬𑐷𑐳𑐶
3f5z9dc4,𑐧𑐸𑐢𑐰𑐶𑐬𑑀𑐖𑐬𑐵𑐖𑐳𑐶𑑄𑐴𑐳𑐩𑐸𑐬𑑂𑐔𑑂𑐔𑐫𑐣𑐡𑐫𑐎𑐵𑑋𑑋𑐱𑐶𑐮𑑂𑐥𑐷𑐴𑐵𑐫
dc9d70z9,𑐔𑑀𑐳𑑂𑐫𑐟𑐎𑑀𑐫𑐵𑐖𑐵𑐎𑑂𑐫𑐾𑐩𑐰𑐶𑐫𑐩𑐡𑐸𑑌𑐱𑐸𑐨𑐩𑐳𑑂𑐟𑐸𑐎𑐮𑑂𑐫𑐵𑐣𑐨𑐰𑐣𑑂𑐟𑐸𑐳𑐬𑑂𑐰𑑂𑐰𑐡𑐵𑑌𑐱𑐸𑐨𑑌
71acad24,𑐚𑐩𑐴𑐵𑐳𑑂𑐠𑐵𑐣𑐾𑐬𑐟𑑂‍𑐣𑐩𑐞𑑂𑐜𑐮𑐩𑐴𑐵𑐧𑐶𑐴𑐵𑐬𑐾𑑌𑐣
66cb721a,𑐣𑐬𑐵𑐖𑐳𑐥𑑂𑐬𑐠𑐩𑐥𑐸𑐟𑑂𑐬𑐳𑑀𑐫𑐨𑐸𑐬𑐵𑐖𑑍𑐖𑑂𑐘𑐵𑐣𑐬𑐵𑐖𑐳𑐾𑐩𑐵𑐟𑐵𑑍𑐱𑐷𑐔𑐡𑐸𑐟𑐶𑐖𑑂𑐘𑐵𑐣𑐬𑐵𑐖𑐎𑐳𑑂𑐫𑐡𑐵𑐬𑐵
5z507f10,𑑍𑐎𑐸𑐟𑐸𑐳𑐶𑑄𑐴𑐰𑐡𑐾𑐖𑐸𑐠𑑂𑐰𑐟𑐾𑐳𑐾𑐣𑑍𑐳𑐾𑐮𑑂𑐴𑐳𑑍𑐰𑐬𑑂𑐲𑐥𑑂𑐬𑐟𑐶𑐀𑐰𑐶𑐔𑑂𑐕𑐶𑐣𑑂𑐣𑐫𑐵𑐒𑐔𑐶𑐣𑑂𑐟𑐵𑐫𑐵𑐫𑐩𑐵𑐮𑐖𑐸𑐬𑑀𑑌𑑌𑐨𑐹𑐫𑑌𑐟𑐰𑐡𑐴𑐳𑐶𑐎𑑂𑐲𑐾𑐟𑑂𑐬
a1af1226,𑐧𑐿𑐬𑑀𑐔𑐣𑐡𑐫𑐎𑐵𑐳𑑂𑐰𑐥𑐶𑐟𑐵𑐡𑐶𑐧𑑄𑐐𑐟𑐢𑐣𑐡𑐟𑑂𑐟𑐳𑐶𑑄𑐳𑑂𑐰𑐩𑐵𑐟𑐵𑐡𑐶𑐧𑑄𑐐𑐟𑐖𑑀𑐐
94zza643,𑐥𑐟𑐾𑑅𑑋𑐥𑐡𑑂𑐩𑐮𑐎𑑂𑐲𑑂𑐩𑐷𑐩𑐴𑐵𑐬𑐵𑐣𑐷𑐳𑐡𑐵𑐨𑐬𑑂𑐟𑐺𑐥𑐬𑐵𑐫𑐞𑐵𑑌𑐬𑐵𑐖𑐵𑐳𑑄𑐥𑑂𑐬𑐟𑐶𑐰𑐶𑐲𑑂𑐞𑐸𑐳𑐶𑑄𑐴𑐣𑐺𑐥𑐟𑐶𑐎𑑂𑐲𑐷𑐬𑑀𑐡𑐢𑐾𑐬𑐸𑐴𑑂𑐫𑐟𑑀
d17c84cb,𑐰𑑒𑐢𑐸𑐣𑐶𑐖𑐰𑑑𑐡𑑄𑑘𑐟𑐸𑐟𑐸𑐎𑑄𑐳𑐾𑐳𑐵𑐣𑐶𑐱𑑂𑐬𑐵𑐰𑐖𑑀𑑓𑐩𑐵𑐑𑐾𑐟𑑀𑐕𑐵𑐫𑐫𑐵𑐟𑐑𑐾𑐮𑐎𑐸𑐜𑑒𑐳𑐵𑐏𑐎𑐸𑐜𑑒𑐩𑐬𑐔𑐡𑑖𑐠𑑂𑐰𑐟𑐾𑐟𑐸𑐟𑐎𑑄𑐩𑐵
12776650,𑑊𑑉𑐱𑑂𑐬𑐷𑐐𑑀𑐥𑐵𑐮𑐾𑐱𑑂𑐰𑐬𑐵𑐫𑑌𑐐𑑀𑐥𑐵𑐮𑐾𑐱𑑂𑐰𑐬𑐡𑐾𑐰𑑋
fbz0z707,𑐬𑐵𑐖𑐵𑐢𑐶𑐬𑐵𑐖𑐱𑑂𑐬𑐷𑐱𑑂𑐬𑐷𑐰𑐷𑐬𑐣𑐵𑐬𑐵𑐫𑐞𑐠𑑂𑐰𑐫𑐵𑐣𑐥𑐸𑐟𑑂𑐬𑐩𑐴𑐵𑐬𑐵𑐖𑐵𑐢𑐶𑐬𑐵𑐖𑐱𑑂𑐬𑐷𑐱𑑂𑐬𑐷𑐥𑑂𑐬𑐵𑐞𑐣𑐵𑐬𑐵
66fd447a,𑐐𑐷𑐟𑐰𑐶𑐢𑐵𑐣𑐶𑐢𑐾𑑅𑑋𑐫𑐳𑑂𑐫𑐥𑑂𑐬𑐾𑐩𑐟𑐩𑑀𑐰𑐬𑑀𑐣𑐬𑐴𑐬𑐶𑐣𑑂𑐣𑐷𑐩𑐵𑐩𑐴𑐟𑑂𑐳𑐾𑐰𑐎𑑀𑑍𑐡𑐵𑐳𑐵𑐣𑐵𑑄𑐐𑐞𑐣𑐵𑐫
zfa67b92,𑐫𑐵𑐒𑐵𑐰𑐵𑐴𑐵𑐬𑐫𑐵𑐡𑐵𑐎𑐸𑐖𑐸𑐎𑑂𑐰𑐵𑐛𑑂𑐫𑐵𑐛
526z4877,𑐥𑑂𑐬𑐶𑐫𑐵𑑋𑐥𑐱𑑂𑐫𑐟𑑂𑐰𑑄𑐩𑐎𑐸𑐬𑐾𑐥𑑂𑐬𑐶𑐫𑐾𑐳𑑂𑐰𑐰𑐡𑐣𑑄𑐟𑐟𑑂𑐳𑐣𑑂𑐣𑐶𑐩𑑄𑐎𑐶𑑄𑐣𑐩𑑀𑐂𑐟𑑂𑐠𑑄𑐔𑐵𑐚𑐸𑐰𑐔𑐥𑑂𑐬𑐧𑑀𑐢𑐶𑐟𑐬𑐩𑑅𑐥𑐵𑐫𑐵𑐟𑑂𑐳𑐡𑐵𑐩𑑀𑐡𑐬𑑌𑐟𑑂𑐬𑐮𑑀𑐎𑑂𑐫𑐾𑐰𑐶𑐡𑐶𑐟𑐵𑐳𑐸𑐥𑐸
fz522272,𑐢𑐵𑐫𑑅𑑍𑐱𑑂𑐬𑐾𑐫𑑀𑑇𑐳𑑂𑐟𑐸𑑌𑐳𑑂𑐰𑐟𑑗𑑗𑑗𑐖𑐾𑐲𑑂𑐚𑐎𑐺𑐲𑑂𑐞𑑌𑐥𑑄𑐔𑐩𑐷𑐱𑑂𑐬𑐰𑐣𑐣𑐎𑑂𑐲𑐾𑐟𑑂𑐬𑐾𑐂𑐣𑑂𑐡𑑂𑐬𑐫𑑀𑐐𑐾𑐱𑐸𑐎𑐰𑐵𑐳𑐬𑐾𑐠𑑂𑐰𑐎𑐸
b482bzc5,𑐢𑐵𑐟𑐦𑐮𑐾𑐳𑐔𑑀𑐒𑐡𑐾𑐰𑐫𑐵𑐟𑑍𑐣𑐶𑐱𑐬𑐵𑐰𑐰𑐖𑐶𑐎𑐸𑐜𑑑𑐟𑐵𑑑𑐩𑐢𑐶𑑍𑐥𑐵𑐟𑑑𑐢𑐬𑐶𑐡𑑄𑑑𑐑𑐾𑐬𑐡𑐶𑐰𑐵𑐠𑑂𑐰
1c0d0z04,𑐠𑐰𑐳𑑂𑐟𑑂𑐬𑐷𑐖𑑀𑐐𑐩𑐟𑐶𑐣𑑄𑑍𑐎𑐮𑐱𑐸𑐧𑐸𑐬𑑀𑑔𑐡𑐸𑐟𑐵𑑋𑑋𑐡𑐾𑐰𑐳𑑂𑐎𑐾𑑍𑐣𑐶𑐟𑑂𑐫𑐥𑐸𑐖𑐵𑐫𑐎𑐵𑑍𑐰𑑂𑐬𑐵𑐩𑑂𑐴𑐣𑑍𑐁𑐔𑐵
cbf95cf1,𑐳𑐩𑑂𑐰𑐟𑑂𑑗𑑕𑑗𑐩𑐵𑐑𑐩𑐵𑐳𑐎𑐺𑐲𑑂𑐞𑐥𑐎𑑂𑐲
22b5cdd1,𑐣𑐠𑑀𑐩𑐞𑑂𑐜𑐥𑐡𑐫𑐎𑐵𑐫𑐵𑐳𑐩𑐳𑑂𑐟𑑄𑐔𑐶𑑄𑐟𑐵𑐫𑐵𑐒𑐵𑐰𑐩𑐴𑐵𑐎𑐲𑑂𑐚𑐫𑐵𑐒𑐵𑐰𑐩𑐴𑐵𑐬𑐵𑐖𑐵𑐫𑐵𑐳𑐾
a101z4c2,𑐣𑐵𑐔𑐵𑐬𑑂‍𑐫𑐱𑑂𑐬𑐷𑐖𑐷𑐰𑐱𑑂𑐬𑐩𑐖𑐹𑐳𑐨𑐵𑐬𑑂‍𑐫𑐵𑐱𑑂𑐬𑐷𑐥𑐞𑑂𑐞𑐸𑐣𑐶𑐮𑐎𑑂𑐲𑑂𑐩𑐷𑐳𑑌𑐥𑐡𑑂𑐩𑐮
b44d9776,𑐱𑐵𑐎𑑂𑐫𑐨𑐶𑐎𑑂𑐲𑐸𑐱𑑂𑐬𑐷𑐡𑐾𑐰𑐔𑑄𑐡𑑂𑐬𑑍𑐱𑐵𑐎𑑂𑐫𑐨𑐶𑐎𑑂𑐲𑐸𑐱𑑂𑐬𑐷𑐢𑐣𑑍𑐱𑐵𑐎𑑂𑐫𑐨𑐶𑐎𑑂𑐲𑐸𑐱𑑂𑐬𑐷𑐐𑑂𑐫𑐵𑐣
0fb44936,𑐎𑐵𑐐𑑀𑐥𑐎𑐸𑐮𑐵𑐣𑑂𑐟𑐬𑐎𑑂𑐲𑑌𑐀𑐏𑐞𑑂𑐜𑐮𑑀𑐟𑑂𑐳𑐺𑐲𑑂𑐚𑐱𑐶𑐮𑐵𑐟𑐶𑐰𑐺𑐲𑑂𑐚𑐾𑑅𑐟𑐳𑑂𑐩𑐣𑐩𑑀𑐣𑐣𑑂𑐡𑐳𑐸𑐟𑐵𑐫𑐣𑐶𑐟𑑂𑐰𑑄𑑌𑐁𑐳𑐷𑐬𑐟𑑂𑐳𑐶𑐡𑑂𑐢𑐶
2adfb9b7,𑐳𑑄𑐰𑐟𑑂‌𑑘𑑘𑑕𑐱𑑂𑐬𑐵𑐰𑑄𑐎𑐺𑐲𑑂𑐞𑑍𑐀𑐩𑐵𑐰𑐵𑐳𑐶𑑍𑐠𑐸𑐎𑐸𑐣𑑂𑐴𑐸𑑍𑐱𑑂𑐬𑐷𑑓𑐨𑐐
059c3453,𑑘𑑓𑑕𑐦𑐵𑐐𑐸𑐣𑐱𑐸𑐡𑐶𑑑𑐱𑑂𑐬𑐷𑐳𑐡𑐵𑐱𑐶𑐰𑐱𑑂𑐬𑐷𑐣𑐵𑐬𑐵𑐫𑐣𑐱𑑂𑐬𑐷𑐳𑐬𑐱𑑂𑐰
bc72f8z6,𑐮𑐳𑐖𑐮𑐢𑐸𑐣𑐶𑐳𑑂𑐠𑐵𑐥𑐣𑐵
36d00266,𑐣𑐵𑐐𑐎𑐮𑐶𑐟𑐾𑐣𑐾𑐥𑐵𑐮𑐳𑐩𑐟𑐵𑐬𑐾𑐱𑐸𑐎𑐺
32842cf2,𑐟𑐶𑐠𑑁𑐳𑑀𑐩𑐡𑐶𑐣𑐥𑑂𑐬𑐟𑐶𑐳𑑂𑐛𑐵𑑄𑐳𑐰𑐎𑐵𑐬𑐴𑑌𑑌𑐀𑐠𑐣𑐾𑐥𑐵𑐮𑐨𑐵𑐏𑐵𑑌
zc21z396,𑐳𑐶𑐎𑑅𑐎𑐣𑑂𑐡𑐬𑑂𑐥𑑂𑐥𑐰𑐟𑑂𑐳𑐸𑐣𑑂𑐡𑐬𑑀𑑍𑐰𑐷𑐞𑐵𑐟𑐵𑐮𑐩𑐺𑐡𑐒𑑂𑐐𑐐𑐷𑐟𑐣𑐶𑐥𑐸𑐞𑑅𑐳𑐒𑑂𑐐𑐷𑐟𑐰𑐶𑐡𑑂𑐫𑐵𑐣𑐶𑐢𑐶𑑅𑑋𑐨𑐵𑐳𑑂𑐰𑐡𑑂𑐩𑐵𑐣𑐸𑐣𑐶𑐨𑑅𑐥𑑂𑐬𑐟𑐵𑐥𑐣𑐶𑐴𑐟𑐥𑑂𑐬𑑀𑐡𑑂𑐫𑐟𑑂𑐥𑑂𑐬𑐟𑐷𑐥𑐡𑑂𑐫𑐸
64a4c60f,𑐬𑑂𑐖𑑂𑐫𑐵𑐬𑐵𑐩𑐵𑐫𑐵𑑅𑐎𑐣𑑂𑐫𑐳𑑂𑐟𑐨𑐵𑐬𑑂𑐖𑑂𑐫𑐵𑐬𑐟𑑂𑐣𑐡𑐾𑐰𑐶𑑅𑐩𑑀𑐟𑐶
60743620,𑐟𑐥𑐟𑑂𑐬𑐵𑐠𑐿𑐚𑑂𑐚𑐲𑑂𑐚𑐳𑐵𑐎𑑂𑐲𑐶𑐱𑑂𑐬𑐷𑑓𑐔𑑄𑐡𑑂𑐬𑐳𑑂𑐛𑐫𑐩𑐡𑐣𑐶𑐟𑑂𑐰𑑄𑑋𑑋
a50f41b8,𑐧𑐵𑐳𑐡𑐾𑐰𑐣𑐖𑐬𑐢𑐵
7zfc002c,𑐳𑐩𑑂𑐰𑐟𑑂𑑗𑑕𑑗𑐩𑐵𑐑𑐩𑐵𑐳𑐎𑐺𑐲𑑂𑐞𑐥𑐎𑑂𑐲
faac7104,𑐖𑐸𑐬𑑀𑐠𑑂𑐰𑐟𑐾𑐡𑐾𑐐𑑀𑐮𑐣𑐾𑐐𑑀𑐮𑐳𑐔𑐶𑑄𑐟𑐵𑐫𑐵
83z88fb1,𑐱𑐶𑐢𑑂𑐡𑐶𑐬𑐵𑐩𑐴𑐵𑐎𑐸𑐥𑐩𑑂𑐩𑐬𑐵𑐩𑐐𑐸𑐣𑐶𑐬𑐵𑐩𑐎𑐶𑐬𑑂𑐟𑑂𑐟𑐶𑐬𑐵𑐩
943f75c2,𑑗𑑗𑑑
48f4a676,𑐟𑐶𑐠𑑁𑐳𑑀𑐩𑐡𑐶𑐣𑐥𑑂𑐬𑐟𑐶𑐳𑑂𑐛𑐵𑑄𑐳𑐰𑐎𑐵𑐬𑐴𑑌𑑌𑐀𑐠𑐣𑐾𑐥𑐵𑐮𑐨𑐵𑐏𑐵𑑌
fbbfd880,𑑊𑐱𑑂𑐬𑐷𑑓𑐧𑐸𑐢𑐢𑐬𑑂𑐩𑐳𑑄𑐑𑐩𑐔𑐣𑐱𑑂𑐬𑐷𑐩𑐵
ab402a76,𑑉𑐣𑐩𑑅𑐱𑑂𑐬𑐷𑑓𑐴𑐾𑐬𑐸𑐎𑐰𑐖𑑂𑐬𑐵𑐫𑑋𑑋𑐰𑐖𑑂𑐬𑐳𑐟𑑂𑐰𑐣𑐩𑐩𑑂𑐟𑐸𑐨𑑂𑐫𑑄𑑍𑐟𑐿
8a90c870,𑐎𑑂𑐰𑐵𑐔𑐥𑐵𑐡𑐾𑐰𑐳𑑂𑐎𑐾𑐕𑑀𑐫𑐎𑐾𑐩𑐵𑐬𑐠𑑂𑐰𑐣𑐳𑐟𑐶𑐎𑐸𑐣𑑂𑐴𑐸𑐳𑐐𑐫𑐵𑐟𑐳𑐩𑑂𑐴𑐔𑐧𑐶𑐫𑐾𑐩𑐵𑐬𑐰
428a4980,𑐡𑐩𑐫𑐶𑐟𑐸𑑄𑐟𑑂𑐬𑐵𑐟𑐸𑑄𑐳𑐸𑐴𑐺𑐟𑑂𑐳𑐖𑑂𑐖𑐣𑐵𑐣𑑂𑐨𑐹𑐩𑐶𑑄𑐨𑐹𑐲𑐫𑐶𑐟𑐸𑑄𑐟𑐩𑑅𑐳𑐩𑐫𑐶𑐟𑐸𑑄𑐎𑐬𑑂𑐟𑐸𑑄𑐰𑑂𑐫𑐰𑐳𑑂𑐠𑐵𑑄𑐳𑐟𑐷𑑄𑑋𑐰𑐶𑐡𑑂𑐰𑐵𑑄𑐳𑑀𑐣𑐩𑐫𑐣𑑂𑐟𑐶𑐨𑐹𑐥𑐟𑐶𑐐𑐖𑐵𑐣𑑂
1069b7c1,𑐐𑐣𑐬𑐾𑐣𑑂𑐡𑑂𑐬𑐩𑐮𑑂𑐮𑐥𑑂𑐬𑐨𑐸𑐠𑐵𑐎𑐸𑐬𑐣𑑍𑐣𑑂𑐴𑐥𑐵𑐫𑐵𑐩𑐞𑐶𑐩𑐞𑑂𑐜𑐥𑐖𑐷𑐬𑑂𑐞𑐖𑐸𑐫𑐵𑐰𑐣𑑂𑐴𑐸𑐬𑐡𑐫𑐎𑑄𑐧𑐶𑐖𑑂𑐫𑐵𑐒𑐵𑐰
5b3z9b83,𑐐𑐖𑐴𑐬𑐶𑐞𑐵𑐰𑐶𑐲𑑂𑐞𑐸𑐩𑐮𑑂𑐮𑐾𑐣𑐬𑐵𑐖𑑂𑐘𑐵𑑋𑐩𑑀𑐎𑑂𑐲𑐵𑐬𑑂𑐠𑐾𑐰𑐎𑐺𑐟𑐵𑐳𑐵𑐣𑐶𑐖𑐎𑐸𑐮𑐩𑐞𑐶𑐣𑐵𑐢𑐬𑑂𑐩𑑂𑐩𑐔𑐶𑐟𑐾𑐣𑐬𑐩𑑂𑐫𑐵𑐡𑑂𑐬𑐲𑑂𑐚𑐸𑑄𑐰𑐳𑑂𑐟𑐸𑑄𑐔𑐫𑑀𑐐𑑂𑐫𑐵𑐖𑐐𑐟𑐶𑐣𑐶𑐬𑐹𑐥𑐩𑐵𑐣𑐾
147cdf70,𑐣𑐺𑐳𑐶𑑄𑐴𑐩𑐮𑑂𑐮𑐣𑐺𑐥𑐟𑐶𑑅𑐎𑐮𑑂𑐥𑐡𑑂𑐬𑐸𑐎𑐮𑑂𑐥𑑅𑐎𑑂𑐲𑐩𑐷𑐐𑑀𑐰𑐵𑐮𑑄𑐑𑑂𑐬𑐶𑐳𑐬𑑀𑐖𑐢𑐹𑐮𑐶𑐢𑐹𑐳𑐬𑐱𑐶𑐮𑐵𑐫𑐸𑐡𑑂𑐢𑐾𑐲𑐸𑐫𑑀𑐢𑐵
zd8a6256,𑐔𑑄𑐡𑑂𑐬𑐮𑐎𑑂𑐲𑑂𑐩𑐷𑑋𑑋𑐟𑐾𑐖𑐮𑐎𑑂𑐲𑑂𑐩𑐷𑑋𑐬𑐵𑐖𑐧𑐶𑐬𑐳𑐶𑑄𑑋𑑋𑐴𑐬𑑂𑐲𑐣𑐬𑐳𑐶𑑄𑑋𑑋𑐩𑐷𑐣𑐢𑑄𑑋
c17520f7,𑐱𑑂𑐬𑐷𑑓
967bdf32,𑐟𑐬𑑍𑐧‍𑐺𑐲𑐮𑐵𑐳𑐶𑐐𑐟𑐾𑐔𑑄𑐡𑑂𑐬‌𑐩𑐳𑐶𑐊𑐟𑐟𑐡𑐶𑐣𑐎‌𑐩𑐖𑐾𑐲𑑂𑐛𑐐𑐸𑐠𑐶𑐎
4487bb31,𑐣𑐺𑐥𑐟𑑁𑐱𑑂𑐬𑐷𑐨𑐸𑐥𑐟𑐷𑐣𑑂𑐡𑑂𑐬𑐾𑐩𑐸𑐡𑐵𑐫𑐵𑑍𑐡𑑂𑐫𑑄𑐱𑐵𑐳𑐟𑐶𑐡𑐶𑐰𑑂𑐫𑐰𑐿𑐨𑐰𑐫𑐸𑐟𑐾𑐣𑐾𑐥𑐵𑐮
74056408,𑐟𑑂𑐬𑐱𑑂𑐬𑐷𑐬𑐟𑑂‍𑐣𑑅𑐡𑑂𑐧𑐶𑐟𑐶𑐫𑐥𑐸𑐟𑑂𑐬𑐢𑐣𑐬𑐟𑑂‍𑐣𑐟𑐺𑐟𑐶𑐫𑐥𑐸
b8c7a96b,𑐰𑐣𑐶𑐥𑐸𑐣𑐅𑐟𑑂𑐬𑑍𑐐𑑄𑐢𑐫𑑀𑐐𑑍𑐱𑐸𑐎𑑂𑐬𑐧𑐵
76749133,𑐣𑐢𑐬𑐢𑐣𑐳𑐶𑐒𑐩𑐴𑐾𑐱𑑂𑐰
1d77f4c8,𑑊𑑉𑐣𑐩𑑅𑐱𑑂𑐬𑐷𑐧𑐖𑑂𑐬𑐳𑐟𑑂‍𑐧𑐵𑐫𑑌𑐧𑐣𑑂𑐡𑐾𑐱𑑂𑐬𑐷
3a4501d9,𑐬𑐰𑐶𑐡𑐶𑐣𑐱𑑂𑐬𑐰𑐞𑐬𑑂𑐎𑑂𑐲𑐾𑐎𑐸𑐩𑑂𑐨𑐳𑑄𑐳𑑂𑐠𑐾𑐱𑐸𑐩𑐵𑐮𑐵𑐩𑐣𑐳𑐶𑐖𑐟𑐶𑐠𑐶𑐩𑐵𑐑𑐾𑐎𑐺𑐲𑑂𑐞𑐵𑐥𑐎𑑂𑐲𑐾𑐟𑐶𑐬𑐩𑑂𑐫𑐾𑐆𑐟𑐸𑐰𑐳𑐸𑐬𑐳
bzc28ac3,𑐣𑐵𑐐𑐎𑐮𑐶𑐟𑐾𑐣𑐾𑐥𑐵𑐮𑐳𑐩𑐟𑐵𑐬𑐾𑐱𑐸𑐎𑐺
c02d3779,𑑊𑑉𑐣𑐩𑑀𑐮𑐎𑑂𑐲𑑂𑐩𑐷𑐣𑐵𑐬𑐵𑐫𑐞𑐵𑐫𑑌𑐳𑑂𑐰𑐵𑐩𑐶𑐣𑑂𑐰𑐎𑑂𑐲𑐳𑐶𑐎𑐶𑑄𑐩𑐞𑐶𑐬𑑂𑐩𑐩𑐬𑐩𑐾𑐟𑐣𑑂𑐩𑐞𑑂𑐜𑐮𑐾𑐎𑐵𑐳𑑂𑐠𑐶𑐟𑐵𑐟𑑂𑐰𑐡𑑂𑐰𑐎𑑂𑐟𑑂𑐬𑐥𑑂𑐬𑐟𑐶𑐰𑐶𑐩𑑂𑐰𑐩𑐶𑐣𑑂𑐡𑐸𑐰𑐡𑐣𑐾𑐰𑐎𑑂𑐲𑐳𑑂𑐠𑐶𑐟𑐵𑐟𑐾
553ffd52,𑐟𑐺𑐟𑐷𑐫𑐵𑐣𑑂𑐟𑐶𑐠𑑁𑐧𑐺𑐴𑐳𑑂𑐥𑐟𑐶𑐰𑐵𑐬𑐠𑑂𑐰𑐟𑐾
380bf6z4,𑐔𑐎𑑂𑐬𑐱𑐎𑑂𑐬𑑅𑑋𑐀𑐩𑐬𑐟𑐬𑐸𑐳𑐩𑐵𑐣𑑀𑐰𑐶𑐱𑑂𑐰𑐰𑐶𑐏𑑂𑐫𑐵𑐟𑐎𑐷𑐬𑑂𑐟𑐶𑑅𑐳𑐎𑐮𑐧𑐸𑐢𑐖𑐣𑐵𑐣𑐵𑐩𑐵𑐱𑑂𑐬𑐫𑑀𑐨𑐹𑐩𑐶𑐥𑐵𑐮𑑅𑑌𑐊𑐟𑐳𑑂𑐩𑐵𑐡𑑂𑐢𑐵𑐬𑐞𑐷
d03d9708,𑐰𑐺𑐡𑑂𑐰𑐶𑐳𑑂𑐟𑐸𑑍𑐖𑐟𑑀𑐳𑐵𑐳𑑂𑐳𑐟𑑂𑐬𑐳𑐥𑑂𑐬𑐵𑐰𑑂𑐟𑐵𑐨𑐰𑐟𑐸𑑍𑐀
71a58061,𑐣𑐩𑑅𑐱𑑂𑐬𑐷𑐟𑑂𑐬𑐶𑐬𑐟𑑂𑐣𑐩𑐹𑐬𑑂𑐟𑑂𑐟𑐨𑑂𑐫𑑅𑑌𑐩𑐵𑐬𑐰𑐶𑐖𑐶𑐨𑑂𑐫𑐳𑐧𑐮𑑄𑐳𑐴𑐶𑐥𑐸𑐬𑐸𑐏𑐳𑐶𑑄𑐴𑐵𑑍𑐢𑑂𑐫𑐵𑐣𑐳𑐸𑐏𑐣𑐨𑐶𑐩𑐸𑐏
02af99dz,𑐖𑐸𑐢𑐣𑐖𑐸𑐟𑐶𑐬𑐶𑐖𑐸𑐳𑐬𑐎𑑂𑐲𑑂𑐩𑐶𑐨𑑀𑐕𑐶𑐳𑐾𑐣𑐡𑐫𑐾𑐎𑐵𑐳𑐶𑐬𑐵𑐩𑐫𑐬𑑂𑐔𑐾𑐟𑑂𑐫𑐠𑑂𑐰𑐧𑐵𑐟𑐩
68620dfc,𑐟𑐵𑐫𑐵𑑅𑐡𑐶𑐣𑐳𑑅𑐱𑑂𑐬𑐷𑑓𑐁𑐬𑑂𑐖𑑂𑐫𑐵𑐰𑐬𑑀𑐎𑐶𑐟𑐾𑐳𑑂𑐰𑐬𑐖𑐩𑐬𑐾𑐳𑑂𑐰𑐬𑐫𑐵𑐰𑐶
46dac45f,𑐨𑐶𑐩𑐳𑐾𑐣𑑅𑐥𑑂𑐬𑐷𑐟𑐷𑐣𑑅𑐳𑐶𑑄𑐑𑐡𑐸𑐣𑑂𑐟𑐵𑐖𑐸𑐮𑑀𑑅𑐳𑐸𑐨𑑄𑑌
b41b6523,𑐠𑑂𑐰𑐀𑐒𑐳𑑂𑐫𑐬𑐒𑐵𑐳𑐾𑑄𑑍𑐳𑐸𑐣𑐵𑐣𑑄𑐮𑑂𑐴𑑀𑐣𑐾𑐟𑐾𑐰𑐖𑐸𑐬𑑀𑑍𑐠𑑂𑐰𑐳𑐵𑐴𑐵𑐳𑐣𑑍𑐬𑑀𑐴𑑀
659ad6b0,𑐟𑑌𑐳𑑂𑐰𑐫𑑄𑐨𑐹𑐳𑐩𑑂𑐧𑐟𑑙𑑓𑐁𑐏𑐵𑐡𑐱𑐎𑐡𑐩𑐳𑐶𑐎𑐸𑐴𑐥𑐢𑐶𑐡𑐶𑐣𑐖𑐸𑐬𑑀𑑌𑐩𑐴𑐵𑐬𑐵
626d118c,𑐩𑐵𑐩𑐶𑐩𑐵𑑄𑐱𑐸𑐨𑐎𑐬𑐷𑐫𑐲𑑂𑐚𑐸𑑅𑐳𑐩𑐳𑑂𑐫𑐵𑐥𑐫𑐟𑑂𑑌𑑌𑐀𑐟𑑅𑐥𑐬𑑄𑐣𑐾𑐥𑐵𑐮𑐨𑐵𑐲𑐵𑑌𑐳𑑄𑐰𑐟𑑂𑑘𑑒𑑕𑐖𑐾𑐲𑑂𑐛𑐱𑐸𑐎𑑂𑐮𑐡𑑂𑐰𑐵𑐡𑐱𑑂𑐫𑐵𑑄𑐟𑐶𑐠𑑁
2b5z2zf0,𑐬𑑀𑑌𑐱𑐸𑐨𑑄𑑌𑑅𑑌𑑛𑑌𑑐𑑌
1z2679z5,𑐠𑐰𑐰𑑀𑐡𑐖𑐣𑐡𑐎𑑀𑐰𑑀𑐒𑐵𑐰𑐫𑐵𑐒𑐵𑐠𑑂𑐰𑐟𑐾
5554667d,𑐥𑐹𑐬𑑂𑐞𑐶𑐩𑐵𑐎𑐸𑐣𑑂𑐴𑐸𑐥𑐹𑐖𑐵𑐨𑑄𑐜𑐶𑐖𑑀𑑑𑐳𑐵𑐢𑐬𑐶𑐥𑐵𑑔𑐡𑐸𑐡𑐸𑐥𑐵𑑔𑐑𑐾𑐮𑐀𑐲𑑂𑐚𑐵𑑑𑐎𑐳𑑂𑐟𑐶𑐀𑑑𑐳𑐵𑐏𑐀𑑑𑐣𑐶𑐱𑑂𑐬𑐵𑐰𑐖𑑀𑑓𑐡𑑄𑑘𑐳𑐾𑐳𑐡𑐰𑐵
7ddfb2z9,𑐖𑐸𑐫𑐵𑐌𑐀𑐧𑐸𑐖𑐸𑐩𑐵𑐩𑐣𑐶𑐩𑑂𑐴𑐳𑐫𑐵𑐣𑐵𑐩𑐣𑐱𑑂𑐬𑐷𑑓𑐧𑐖𑑂𑐬
598d424z,𑐱𑐶𑐢𑑂𑐡𑐶𑐬𑐵𑐩𑐴𑐵𑐎𑐸𑐥𑐩𑑂𑐩𑐬𑐵𑐩𑐐𑐸𑐣𑐶𑐬𑐵𑐩𑐎𑐶𑐬𑑂𑐟𑑂𑐟𑐶𑐬𑐵𑐩
c4b7zd66,𑐱𑑂𑐬𑐵𑐰𑐞𑐱𑐸𑐡𑑂𑐢𑐷𑑑𑑔𑐱𑐸𑐨𑑋𑑋
226dbzbb,𑐕𑐾𑐱𑑂𑐬𑐷𑑓𑐁𑐐𑑂𑐩𑐖𑐸𑐫𑐵𑐕𑐾𑐣𑐄𑐟𑑂𑐟𑑂𑐬𑐟𑐩𑐸𑐐𑐬𑐣𑐥𑐸𑐬𑑂𑐰𑑂𑐰
bab2369d,𑐧𑐬𑑂𑐞𑑂𑐞𑐥𑐩𑐴𑐵𑐣𑐐𑐬𑐾𑐢𑑂𑐰𑐵𑐎𑐵𑐧𑐵𑐴𑐵𑐡𑐵𑐟𑐏𑐵𑐬𑑄𑐰𑐣𑑂𑐟𑐵𑐕𑐾𑑍𑐐𑐺𑐴𑐵𑐢𑐶𑐧𑐵
a03ab69b,𑐬𑐶𑐡𑑂𑐬𑐫𑐵𑐬𑑂𑐞𑑂𑐞𑐰𑐩𑐐𑑂𑐣𑐰𑐶𑐥𑑂𑐬𑐣𑐶𑐔𑐫𑑀𑐡𑑂𑐢𑐵𑐬𑐎𑐣𑑁𑐎𑐵𑐰𑐴𑑀𑐰𑐷𑐞𑐵𑐰𑐵𑐡𑐣𑐣𑐶𑐬𑑂𑐖𑐶𑐟𑐵𑐩𑐬𑐩𑐸𑐣𑐷𑐬𑐸𑐡𑑂𑐬𑐾𑐣𑑂𑐡𑑂𑐬𑐩𑐮𑑂𑐮𑐵𑐴𑑂𑐰𑐫𑑅𑑌
1b64111a,𑐟𑐮𑐨𑐹𑐲𑐞𑑀𑐰𑐶𑐖𑐫𑐰𑐵𑐣𑑂𑐱𑑂𑐬𑐷𑐎𑐷𑐬𑑂𑐟𑐶𑐳𑐶𑐴𑑀𑐣𑐺𑐥𑑅𑑌𑐀𑐖𑐣𑐶𑐎𑐸𑐳𑐸𑐩𑐳𑐶𑑄𑐴𑑅𑐱𑐟𑑂𑐬𑐸𑐩𑐟𑑂𑐟𑐾𑐩𑐳𑐶𑑄𑐴𑑅𑐩𑐩𑐬𑐨𑐸𑐰𑐶𑐎𑐬𑐵𑐮𑑀𑐩𑐾𑐡𑐶𑐣𑐷
43374011,𑐱𑑂𑐬𑐷𑑓𑐩𑐡𑐵𑐬𑑂𑐫𑑂𑐫𑐵𑐧𑐮𑑀
da8078f1,𑐢𑐵𑐟𑐦𑐮𑐾𑐳𑐔𑑀𑐒𑐡𑐾𑐰𑐫𑐵𑐟𑑍𑐣𑐶𑐱𑐬𑐵𑐰𑐰𑐖𑐶𑐎𑐸𑐜𑑑𑐟𑐵𑑑𑐩𑐢𑐶𑑍𑐥𑐵𑐟𑑑𑐢𑐬𑐶𑐡𑑄𑑑𑐑𑐾𑐬𑐡𑐶𑐰𑐵𑐠𑑂𑐰
4452db7c,𑐱𑑂𑐬𑐷𑐩𑐕𑑂𑐬𑐷𑐱𑐵𑐎𑑂𑐫𑐳𑐶𑑄𑐴𑐾𑐟𑑂𑐫𑐵𑐡𑐶𑑐𑑌𑐡𑐵𑐣𑐥𑐟𑐶𑐖𑐖𑐩𑐵𑐣𑐣𑐾𑐥𑐵𑐮𑐩𑐞𑑂𑐜𑐮𑐾𑐱𑐵𑐣𑑂𑐟𑐶𑑄𑐑𑐟𑐳𑑂𑐠𑐵𑐣𑐾𑐠𑐵𑐫𑐩𑐡𑐸𑐟𑑀𑐮𑐣𑑂𑐴𑐸𑐧𑐵𑐴𑐵𑐮𑐳𑐔𑑀𑐣𑐩𑑂𑐴𑐳𑑂𑐠𑐵𑐥𑐶𑐟𑐣𑐵𑐫𑐎𑐖𑑀𑐐𑐰𑐷𑐬𑐟𑐳𑑂𑐫𑐨𑐵𑐬𑑂𑐫𑑂𑐫𑐵𑐖𑑂𑐘𑐵𑐣𑐶𑐠𑐎𑐸𑑄
7830cf80,𑐳𑑄𑐐𑐕𑐶𑐫𑐵𑐟𑐡𑑄𑐡𑐎𑑂𑐲𑐞𑐵𑐠𑐶𑐖𑐣𑐥𑐣𑐶𑐳𑐾𑐣𑐳𑐟𑐥𑑂𑐥𑑂𑐫𑐵
66f92f32,𑐣𑐵𑐐𑐎𑐮𑐶𑐟𑐾𑐣𑐾𑐥𑐵𑐮𑐳𑐩𑐟𑐵𑐬𑐾𑐱𑐸𑐎𑐺
685a3377,𑐩𑐡𑐸𑐥𑑄𑐔𑐥𑐵𑐟𑐎𑐬𑐵𑐎
60284cab,𑐖𑐾𑑍𑐳𑐬𑑂𑐰𑑂𑐰𑐵𑐟𑑂𑐩𑐵𑐣𑐩𑐐𑐩𑑂𑐫𑐩𑐶𑐣𑑂𑐡𑑂𑐬𑐶𑐫𑐐𑐞𑑅𑐳𑐬𑑂𑐰𑑂𑐰𑐖𑑂𑐘𑐩𑐵𑐡𑑂𑐫𑑄𑐰𑐶𑐨𑐸𑑄𑑋𑐣𑐶𑐟𑑂𑐫𑐵𑐣𑐣𑑂𑐡𑐶𑐩𑐫𑑄𑐥𑐬𑐵𑐟𑑂𑐥𑐬𑐟𑐬𑑄𑐳𑑄𑐳𑐵𑐬
45f17777,𑐧𑐵𑐣𑐣𑑂‍𑐡𑐎𑑀𑐴𑑀𑐡𑐔𑑂‍𑐟𑐔𑑀𑐣𑐵𑐰𑐾𑐬𑐳𑑅𑐢𑐬𑑂𑐩𑑂‍𑐩𑐔𑐶𑐟𑑂‍𑐟𑐄𑐟𑐥𑐟𑑂‍𑐟𑐶𑐖𑐸𑐫𑐵𑐜𑑀𑐠𑑂‍𑐰𑐎𑐸
535c8zzb,𑐡𑐾𑐧𑐥𑑂𑐬𑐩𑐹𑐲𑐣𑐖𑐖𑐩𑐵𑐣𑐖𑐏𑐬𑐵𑐖𑐨𑐵𑐬𑑀
dbb2d65f,𑐳𑐥𑐸𑐬𑐵𑐨𑐵𑐬𑐶𑐳𑐰𑐰𑐵𑐐𑑀𑐥𑐵𑐮𑐬𑐵𑐩𑐩𑐵𑐩𑐢𑑄
8z850051,𑐧𑐶𑐟𑐿𑑅𑐨𑐹𑐐𑐞𑐷𑐫𑑅𑑌𑑉𑐀𑐡𑑂𑐫𑐧𑑂𑐬𑐩𑑂𑐴𑐞𑑀𑐡𑑂𑐰𑐶𑐟𑐷𑐫𑐥𑐬𑐵𑐡𑑂𑐫𑐾𑐱𑐾𑐨𑐧𑐵𑐣𑐵𑐴𑐵𑐎𑐮𑑂𑐥𑐾𑐧𑑂𑐬𑐿
643z7za6,𑐴𑐳𑐬𑑂𑐧𑑂𑐧𑐡𑐵𑑋𑑋𑑋𑑋𑐱𑑂𑐬𑐷𑑓𑐔𑐞𑑂𑐜𑐾𑐱𑑂𑐰𑐬𑐷𑐥𑑂𑐬𑐶𑐟𑐶𑐎𑐵𑐩𑐣𑐵𑐣𑐨𑐸𑐰𑐶𑐟𑐩𑐸
9c5181a6,𑐱𑑂𑐰𑐬𑑍𑐖𑐐𑐟𑑂𑐩𑑀𑐴𑑀𑐣𑑍𑐱𑑂𑐰𑐩𑑂𑐴𑑄𑐳𑐵
3c2zcdc0,𑐳𑐩𑐹𑐴𑐣𑐡𑐫𑐎𑐵𑐊𑐟𑐾𑐨𑐵𑐰𑑀𑑍𑐥𑑂𑐰𑐡𑐾𑐫𑐎𑐷𑐟𑐨𑐵𑐰𑑀𑐣𑐖𑑂𑐫𑐵𑐨𑐵𑐡𑐶𑐟𑐵𑐒𑐵𑐬𑐹𑐥𑐵𑐬𑐵
zb726c86,𑐧𑐬𑑂𑐞𑑂𑐞𑐥𑐩𑐴𑐵𑐣𑐐𑐬𑐾𑐢𑑂𑐰𑐵𑐎𑐵𑐧𑐵𑐴𑐵𑐡𑐵𑐟𑐏𑐵𑐬𑑄𑐰𑐣𑑂𑐟𑐵𑐕𑐾𑑍𑐐𑐺𑐴𑐵𑐢𑐶𑐧𑐵
c56cf792,𑐣𑑄𑐡𑐸𑐠𑑂𑐫𑐾𑐧𑐬𑑂𑐲𑐥𑑂𑐬𑐟𑑂𑐟𑐶𑐥𑑄𑐔𑐵𑐩𑐺𑐟𑐡𑐫𑐎𑐵𑐌𑐥𑐸𑐖𑐵𑐫𑐵𑐫𑐫𑐵𑐫𑑌𑐱𑐶𑐰𑐬𑐵𑐟𑑂𑐬𑐷𑐎𑐸𑐣𑑂𑐴𑐸
00332718,𑑊𑑉𑐣𑐩𑑅𑐱𑑂𑐬𑐷𑐨𑐰𑐵𑐣𑑂𑐫𑑌𑐨𑐎𑑂𑐟𑐳𑑂𑐰𑐲𑑂𑐥𑐡𑐡𑐵𑐫𑐶𑐣𑐷𑐨𑐰𑐣𑐰𑐎𑐷𑐜𑐵𑐎𑐮𑐵
d062c69a,𑐎𑐩𑐮𑐾𑐱𑑂𑐰𑐬𑑍𑐩𑐵𑐟𑐵𑐢𑐣𑐩𑐶𑐟𑐨𑐵𑐨𑐺𑐔𑐶𑐎𑐶𑐢𑐶𑐥𑐸𑐳𑐸𑐏𑑄𑐳𑐬𑑂𑐧𑑂𑐧𑐳𑐟𑑂‍𑐰𑐄𑐡𑑂𑐢𑐵𑐮𑐖𑐸𑐌𑐖𑐸
9f6d15dz,𑐥𑑄𑐔𑐵𑐩𑐺𑐟𑑄𑐥𑑄𑐔𑑀𑐥𑐔𑐵𑐬𑐥𑐸𑐖𑐵𑐔𑐵𑐎𑑂𑐬𑐩𑐟𑐕𑑀𑐫𑐎𑐾𑐔𑐾𑐎𑑄𑐎𑐸𑑒𑐡𑐸𑐠𑐾𑑌𑐳𑑂𑐰𑐵𑐣𑐫𑐵𑐟𑐎𑐸
3105260c,𑐎𑐳𑑂𑐫𑐥𑐸𑐟𑑂𑐬𑐴𑐬𑑂𑐲𑐣𑐬𑐳𑐶𑑄𑐣𑐷𑐩𑑂𑐴𑐢𑑄𑑍𑐩𑐸𑐣𑐶𑐢𑐣𑐎𑐳𑑂𑐫
439c3a11,𑑍𑐎𑐸𑐟𑐸𑐳𑐶𑑄𑐴𑐰𑐡𑐾𑐖𑐸𑐠𑑂𑐰𑐟𑐾𑐳𑐾𑐣𑑍𑐳𑐾𑐮𑑂𑐴𑐳𑑍𑐰𑐬𑑂𑐲𑐥𑑂𑐬𑐟𑐶𑐀𑐰𑐶𑐔𑑂𑐕𑐶𑐣𑑂𑐣𑐫𑐵𑐒𑐔𑐶𑐣𑑂𑐟𑐵𑐫𑐵𑐫𑐩𑐵𑐮𑐖𑐸𑐬𑑀𑑌𑑌𑐨𑐹𑐫𑑌𑐟𑐰𑐡𑐴𑐳𑐶𑐎𑑂𑐲𑐾𑐟𑑂𑐬
4d935c60,𑐨𑐎𑑂𑐟𑐶𑐖𑐣𑐰𑐶𑐥𑑂𑐬𑐱𑑂𑐬𑐷𑐰𑐶𑐩𑐬𑐵𑐖𑐡𑐾𑐰𑐫𑐖𑐩𑐵𑐣𑑍𑐖𑐏𑐬𑐵𑐖𑐨𑐵𑐬𑑀𑑍𑐳𑑂𑐰
b8z6a496,𑐴𑐵𑐬𑐫𑐵𑑅𑐢𑑂𑐰𑐵𑐎𑐵𑐳𑑅𑐢𑐵𑐟𑐸𑐫𑐵𑐳𑐶𑑄𑐑𑐳𑑂𑐠𑐵𑐥𑐣𑐵𑐫𑐵𑐣𑐵𑑅𑐡𑐵𑐣𑐥𑐟𑐶
72017fda,𑐩𑐡𑐸𑐧𑐴𑐷𑐬𑐣𑐿𑐆𑐟𑑂𑐫𑐕𑐾𑐫𑐵𑐟𑐵𑐩𑑂𑐬𑐎𑐵𑐬𑐡𑐶𑐰𑑄𑐐𑐟𑐥𑐶𑐟𑐵𑐩𑐴
a3f8785f,𑐁𑐬𑑀𑐖𑑂𑐘𑐊𑐳𑐸𑐫𑐖𑐣𑐢𑐣𑐮𑐎𑑂𑐲𑑂𑐩𑐷𑐳𑐟𑐟𑐶𑐳𑑄𑐟𑐵𑐣
c4533d5a,𑐳𑐸𑐏𑐩𑐫𑐡𑐾𑐴𑐶𑐣𑐵𑐩𑑀𑐎𑑂𑐲𑐴𑐾𑐟𑐸𑑌𑑑𑑌𑐁𑐟𑑂𑐩𑐬𑐎𑐵𑐬
4c4a41b6,𑐣𑑄𑐡𑐸𑐠𑑂𑐫𑐾𑐧𑐬𑑂𑐲𑐥𑑂𑐬𑐟𑑂𑐟𑐶𑐥𑑄𑐔𑐵𑐩𑐺𑐟𑐡𑐫𑐎𑐵𑐌𑐥𑐸𑐖𑐵𑐫𑐵𑐫𑐫𑐵𑐫𑑌𑐱𑐶𑐰𑐬𑐵𑐟𑑂𑐬𑐷𑐎𑐸𑐣𑑂𑐴𑐸
12026bc2,𑑚𑐄𑐟𑑂‍𑐟𑐥𑐟𑐶𑐖𑐸𑐫𑐵𑑚𑐮𑐳𑐶𑐫𑐵𑐌𑑚𑐥𑑂𑐬𑐟𑐶𑐲𑑂𑐛𑐵𑐫𑐵𑐒𑐵𑐡𑐶𑐣
96a6f8c4,𑐡𑑂𑐬𑐩𑐥𑐎𑑂𑐲𑐴𑐩𑐵𑐮𑐳𑐸𑐟𑐵𑐣𑐵𑑄𑑍𑐳𑐡𑐵𑐡𑑂𑐡𑐬𑑂𑐑𑐱𑐵𑐣𑐵𑑄𑐴𑐶𑐟𑑄𑐳𑐣𑑂𑐟𑐣𑑀𑐟𑐶𑑌𑑑𑑑𑑌𑐞𑐶𑐰𑐬𑑂𑐨𑐵𑐣𑐸𑐔𑐎𑑂𑐟𑑂𑐬𑐲𑑂𑐎𑐸𑐮𑐵𑐔𑐵𑐬𑐣𑑂𑐟𑑂𑐬𑑄𑐥
72957058,𑐮𑐨𑐶𑐎𑑂𑐲𑐵𑐨𑑀𑐖𑐣𑐫𑐵𑐫𑐩𑐵𑐮𑐥𑑂𑐬𑐳𑐾𑐲𑐮𑐾𑐎𑑀𑐐𑐸𑐠𑐶
b46712bc,𑐎𑑂𑐟𑐷𑐱𑑂𑐰𑐣𑐵𑐩𑑂𑐣𑐶𑐔𑐟𑐟𑑂𑐳𑐴𑑀𑐡𑐬𑐣𑐵𑐩𑐰𑑋𑑋𑐖
1f8cbbc6,𑐜𑐵𑐌𑐌𑐫𑐵𑐟𑐔𑐿𑐟𑐱𑐸𑐎𑑂𑐬𑐫𑐵𑐐𑑂𑐰𑑑𑐠𑐫𑐩𑐵𑐬𑐧𑐡𑐾𑐖𑐸𑐥𑐣𑐶𑐳𑑂𑐟
73zbd771,𑐖𑑀𑐐𑐖𑑀𑐐𑐬𑐴𑐶𑐟𑑂𑐬𑐶𑐥𑐸𑐟𑑂𑐬𑐶𑐥𑐟𑐵𑐬𑐟𑐶𑐬𑐶𑐫𑐾𑐥𑐸𑐟𑑂𑐬𑐶𑐧𑐶𑐳𑑂‍𑐣𑐸𑐩𑐵𑐫𑐵𑐥𑑁𑐟𑑂𑐬𑐢𑐬𑑂𑐩𑑂‍𑐩𑐵
2667cb89,𑐩𑑂𑐫𑐾𑐳𑐒𑑂𑐎𑐬𑑂𑐲𑐞𑑄𑐥𑑂𑐬𑐨𑐸𑑄𑑋𑐥𑑂𑐬𑐡𑑂𑐫𑐸𑐩𑑂𑐣𑑄𑐥𑐱𑑂𑐔𑐶𑐩𑐡𑑂𑐰𑐵𑐬𑐶𑐎𑑁𑐰𑐾𑐫𑐸𑐫𑑂‌𑐬𑑂𑐫𑐵𑐩𑐣𑐶𑐬𑐸𑐡𑑂𑐢𑑄𑐎𑑌𑐩𑐢𑑂𑐫𑐾𑐣𑐵𑐬𑐵𑐫𑐞𑐬𑐹𑐥𑑄𑑍𑐥𑐬𑑄𑐧𑑂𑐬𑐴𑑂𑐩𑐳𑑂𑐰
7d30f834,𑐡𑐶𑐣𑐾𑐮𑑀𑐎𑐣𑐵𑐠𑐾𑐏𑐬𑐵𑐐𑑂𑐬𑐿𑑌𑐫𑐵𑐱𑑂𑐬𑐷
z311f450,𑐡𑐖𑐔𑐣𑑂𑐡𑑂𑐬𑐬𑐳𑑂𑐩𑐷𑑌𑐖𑑂𑐘𑐵𑐣𑑄𑐥𑑂𑐬𑐎𑐵𑐱𑑂𑐫𑐥𑐬𑐶𑐥𑐸𑐬𑐖𑐧𑐺𑐡𑑂𑐢𑐶𑐢𑑂𑐫𑐵
bfb66a57,𑐰𑐵𑐐𑑂𑐰𑐬𑐀𑐒𑐣𑐥𑐱𑐶𑐩𑑋𑑋𑐬𑐵𑐕𑐾𑐖𑐵𑐰𑐖𑐸𑐎𑑂𑐰𑐡𑐸𑑄𑐟𑐵𑐖𑐸
f6a2z0b1,𑐜𑐵𑐌𑐌𑐫𑐵𑐟𑐔𑐿𑐟𑐱𑐸𑐎𑑂𑐬𑐫𑐵𑐐𑑂𑐰𑑑𑐠𑐫𑐩𑐵𑐬𑐧𑐡𑐾𑐖𑐸𑐥𑐣𑐶𑐳𑑂𑐟
bz6a03f0,𑐳𑑄𑐎𑐬𑐾𑐎𑐬𑑂𑐟𑑂𑐟𑐸𑐎𑐵𑑄𑐰𑐶𑐱𑑂𑐰𑐎𑐬𑑂𑐟𑑂𑐬𑐷𑑍𑐩𑐨𑐶𑐨𑐬𑑂𑐠𑐡𑐵𑐟𑑂𑐬𑐷𑑄𑐳𑐡𑐵𑐔𑐶𑐣𑑂𑐟𑐫𑐵𑐩𑑅𑑌𑑓𑑌𑐱𑑂𑐩𑐱𑐵𑐣𑐵𑐣𑐮𑐵𑐨𑑂𑐫𑐣𑑂𑐟𑐬𑐾𑐱𑐵𑐰
0afa4110,𑑑𑑐𑐁𑐡𑐶𑐟𑑂𑐫𑐰𑐵𑐬𑐎𑐸𑐣𑑂𑐴𑐸𑐥𑑂𑐬𑐟𑐶𑐲𑑂𑐛𑐵𑐫𑐵𑐒𑐵𑐡𑐶𑐣𑐖𑐸𑐮𑑀𑑋𑑋𑑋𑑋𑐢𑑄𑐖𑑂𑐰𑐣𑑂𑐟𑐣𑐵
6ffb34za,𑐰𑑄𑐟𑐸𑐳𑐡𑐵𑐎𑐵𑐮𑑄𑑋𑑋
41157d6f,𑐣𑐾𑐴𑑂𑐩𑐵𑐳𑑂𑐟𑐵𑐥𑐵𑐔𑐵𑐫𑐵𑐟𑐔𑐾𑐎𑐣𑐀𑐳𑑂𑐟𑐵𑑒𑐩𑐟𑐵𑐰𑑂𑐰𑐵𑐟𑑕𑑋𑑋𑐱𑑂𑐬𑐷𑐥𑐘𑑂𑐔𑐩𑐶
b303z2fa,𑐬𑑀𑐥𑐩𑐎𑐺𑐟𑐾𑐡𑐵𑐩𑑀𑐡𑐬𑐾𑑅𑐳𑐬𑑂𑐰𑑂𑐰𑐡𑐵𑐥𑑂𑐬𑐷
7bba08f6,𑐖𑐫𑐬𑐞𑐩𑐮𑑂𑐮𑐡𑐾𑐰𑐥𑑂𑐬𑐨𑐸𑐛𑐵𑐎𑐸𑐬𑐳𑑂𑐫𑑍𑐰𑐶𑐖𑐫𑐬𑐵𑐖𑑂𑐫𑐾𑑋𑑋𑐟𑐳𑑂𑐫𑐩𑐵𑐑𑐰𑑂𑐬𑐟
61czc860,𑐧𑑂𑐬𑐟𑐶𑐮𑑀𑐎𑐳𑐩𑐳𑑂𑐟𑐳𑑂𑐫𑐩𑐵𑐑𑐧𑑂𑐬𑐟𑑂𑐟𑐫𑐵𑐱𑑂𑐬𑐷𑐱𑑂𑐬𑐷𑐩𑐵𑐢𑐧𑐨𑐵𑐜
f0z253z9,𑐠𑑂𑐰𑐟𑐾𑑘𑐩𑑂𑐴𑐳𑐩𑐸𑐬𑑂𑐔𑐫𑐣𑐱𑑂𑐬𑐷𑑓𑐳𑐶𑐡𑑂𑐢𑐶
2z3dfd16,𑐥𑑂𑐬𑐶𑐫𑐵𑐡𑐾𑐰𑐷𑐮𑐎𑑂𑐲𑑂𑐩𑐷𑑅𑐥𑐸𑐣𑐬𑑂𑐮𑐎𑑂𑐲𑑂𑐩𑐷𑐞𑐵𑐨𑑂𑐫𑑅𑐟𑐶𑐳𑐟𑐳𑑂𑐳𑐟𑐷𑑌𑐖𑑂𑐫𑐾𑐲𑑂𑐛𑐳𑑂𑐫𑐥𑐸𑐟𑑂𑐬𑐳𑐸𑐐𑐸
84a324a7,𑐰𑐳𑐟𑐶𑑄𑐎𑐸𑐬𑑂𑐰𑐣𑑂𑐴𑐶𑐎𑑀𑐚𑑂𑐫𑐵𑐴𑐸𑐟𑐶𑐔𑐎𑑂𑐬𑐾𑐎𑐮𑑂𑐥𑐟𑐬𑐸𑑄𑐢𑐬𑐵𑐡𑐶𑐰𑐶𑐲𑐡𑐾𑐡𑐟𑑂𑐰𑐵𑐔𑐟𑐥𑑂𑐟𑐸𑑄𑐐𑐟𑐁𑐳𑐷𑐟𑑂𑐳𑐶𑐡𑑂𑐢𑐶𑐟𑐺𑐳𑐶𑑄𑐴𑐩𑐮𑑂𑐮𑐣𑐺𑐥𑐟𑐶𑑅𑐥𑐸𑐟𑑂𑐬𑐵𑐫𑐬𑐵𑐖𑑂𑐫𑑄𑐡𑐡𑐣𑑂𑑋𑐟𑐳𑑂𑐫
b8f34z34,𑐳𑑂𑐫𑑄𑑍𑐠𑑂𑐰𑐡𑐾𑐰𑐮𑐡𑐫𑐎𑐰𑐶𑐖𑑂𑐫𑐵𑐎𑐖𑐸𑐬𑑀𑑌𑑌𑐱𑑂𑐬𑐾𑑇𑐫𑑀𑐳𑑂𑐟𑐸𑑌𑐳𑐩𑑂𑐰𑐟𑑂𑑘𑑐𑑑𑐩𑐵𑐬𑑂𑐐𑑂𑐐𑐱𑐶𑐮𑐱𑐸𑐎𑑂𑐮𑑌𑐥𑐥𑑂𑐚𑑂𑐫𑐵𑐣𑑂𑐟𑐶𑐠𑑁𑐱𑑂𑐬𑐰𑐞𑐥𑑂𑐬𑐢𑐣𑐾𑐲𑑂𑐛𑐵𑐣𑐎𑑂𑐲𑐾𑐟𑑂𑐬𑐾𑑌
51751454,𑐞𑐷𑐡𑐾𑐰𑐧𑑂𑐬𑐵𑐴𑑂𑐩𑐞𑐥𑐹𑐖𑐎𑑋𑐣𑐵𑐩𑑂𑐣𑐵𑐩𑐬𑑀𑐴𑐬𑐥𑐬𑑄𑐳𑐶𑑄𑐴𑐰𑐶𑐏𑑂𑐫𑐵𑐟𑐬𑐵𑐩𑐎𑐩𑐖𑐸𑐣𑐷
60db415z,𑐎𑑂𑐟𑑍𑐧𑐞𑑂𑐜𑐾𑑍𑐖𑑄𑐩𑑂𑐧𑐸𑑍𑐡𑐷𑐥𑐾𑑍𑐴𑐾𑐩𑐸𑐥𑐵𑐡𑐾𑑍𑐧𑐵𑐳𑐸𑐎𑐶𑐎𑑂𑐲𑐟𑑂𑐬𑐾𑑍𑐴𑐾𑐩𑐵𑐮𑐫𑐵𑑍𑐡𑐎𑑂𑐲𑐶𑐣
2984b51c,𑐟𑐵𑐬𑐎𑐸𑑖𑐥𑐹𑐬𑑂𑐰𑑂𑐰𑐥𑐵𑐏𑐵𑐨𑐹𑐩𑐎𑐵𑑍𑐰𑐐𑐸𑐠𑐶𑐳𑑍𑐡𑐵𑐟𑐵𑐖𑐸𑐳𑐬𑐵𑐫𑐖𑐸𑑍𑐥𑐬𑑀𑐐𑐖𑐸𑐬
47c86672,𑐎𑐸𑐮𑐩𑐵𑐣𑐨𑑀𑐕𑐶𑐫𑐵𑐢𑐬𑑂𑐩𑑂𑐩𑐔𑐶𑐟𑑂𑐟𑐖𑐸𑐫𑐵
a2zfa5a5,𑐣𑐰𑐩𑑂𑐫𑐵𑐫𑐵𑑄𑐟𑐶𑐠𑑂𑐰𑑁𑐄𑐟𑑂𑐬𑐨𑐡𑑂𑐬𑐣𑐎𑑂𑐲𑐟𑑂𑐬𑑍𑐁𑐡𑐶𑐟𑑂𑐫𑐰𑐵𑐬𑑍𑐠𑑂𑐰𑐎𑐹𑐣𑑂𑐴𑐸𑐠𑑂𑐰𑐴𑐬𑐵𑐴𑐬𑐮𑑀𑐎𑐾𑐱𑑂𑐰𑐬
b134850f,𑐱𑑂𑐬𑐷
2542d502,𑐫𑐎𑑄𑐧𑑀𑐳𑐵𑐢𑐣𑐫𑐵𑐫𑐩𑐵𑐮𑑌𑑌𑐡𑐾𑐱𑐰𑐮𑐶𑐖𑑂𑐰𑐎𑑀𑐰𑐵𑐴𑐶𑐎𑐣𑐠𑑂𑐰𑐟𑐾𑐄𑐥𑐔𑐵𑐬𑐡𑐫𑐎𑑄𑐱𑑂𑐬𑐵𑐰𑐞𑐱𑐸𑐎𑑂𑐮𑐡𑑂𑐰𑐵𑐡𑐱𑐷𑐎𑐸𑐣𑑂𑐴𑐸𑐥𑐰𑐶
66d949ff,𑐟𑐬𑑍𑐧‍𑐺𑐲𑐮𑐵𑐳𑐶𑐐𑐟𑐾𑐔𑑄𑐡𑑂𑐬‌𑐩𑐳𑐶𑐊𑐟𑐟𑐡𑐶𑐣𑐎‌𑐩𑐖𑐾𑐲𑑂𑐛𑐐𑐸𑐠𑐶𑐎
8b67d5dd,𑐑𑐾𑐮𑐎𑐳𑑂𑐟𑐶𑐕𑐥𑐵𑐟𑐡𑐸𑐡𑐸𑑍𑐣𑐵𑐐𑐬𑐵𑐖𑐵𑐫𑐵𑐣𑐵𑐩𑐣𑑄𑑍𑐥𑑂𑐬𑑑𑐖𑐵𑐎𑐶𑐥𑑂𑐬𑑑𑐡𑐸𑐡𑐸𑐂𑐟𑐶
f2985285,𑐥𑐶𑐳𑐶𑑄𑐴𑐨𑐵𑐰𑑍𑐩𑐵𑐢𑐰𑐬𑐵𑐩𑐨𑐵𑐰𑑌𑐠𑐸𑐟𑐶𑐢𑐬𑑂𑐩𑑂𑐩𑐐𑑀𑐲𑑂𑐚𑐶𑐳𑐩𑐹𑐴𑐣𑑍𑐥𑐹𑐬𑑂𑐞𑑂𑐞𑐩𑐵𑐳𑐶𑐳𑐾𑐰𑐵𑐡𑐫𑐎𑑄𑑍
fcd50617,𑐨𑐸𑐩𑐶𑐨𑐵𑐐𑑂𑐫𑐵𑐄𑐥𑐕𑐣𑑂𑐡𑐥𑐶𑐛𑐾𑐱𑑂𑐬𑐷𑐴𑐾𑐬𑐸𑐎𑐧𑐶𑐬𑐸𑐥𑐵𑐎𑑂𑐲𑐏𑐐𑐵𑐣𑐣𑐵𑐢𑐶𑐧𑐵𑐳𑐶𑐟𑐾𑐀𑐣𑐾𑐎𑐡𑐾
6212499b,𑑉𑐣𑐩𑑅𑐱𑑂𑐬𑐷𑐧𑐖𑑂𑐬𑐳𑐟𑑂𑐰𑐵𑐫𑑌𑑌𑐱𑑂𑐬𑐷𑐎𑐵𑐣𑑂𑐟𑐶𑐥𑐸𑐬𑐶𑐩𑐴𑐵𑐣𑐐𑐬𑐵𑐢𑐶𑐥𑐟𑐶𑑍𑐩𑐴𑐵
8cd78501,𑑉𑐣𑐩𑑅𑐱𑑂𑐬𑐷𑐐𑐞𑐾𑐱𑐵𑐫𑑋𑑋𑐱𑑂𑐬𑐷𑐔𑐞𑑂𑐜𑐾𑐱𑑂𑐰
zb09c8d2,𑐰𑐣𑐶𑐥𑐸𑐣𑐅𑐟𑑂𑐬𑑍𑐐𑑄𑐢𑐫𑑀𑐐𑑍𑐱𑐸𑐎𑑂𑐬𑐧𑐵
516d3z02,𑐣𑑂𑐴𑐸𑐧𑐥𑐸𑐎𑐾𑐫𑐵𑐟𑐖𑐵𑐎𑐾𑐦𑑄𑑒𑐬𑐫𑐬𑐳𑑄𑐰𑐷𑐫𑐩𑐵𑐬𑐐𑐸𑐠𑐶𑐣𑐧𑐥𑐸𑐎𑐩𑑂𑐴𑐫𑐵𑐟𑐳𑐵𑐬𑐳𑐶𑐬𑐰𑐵𑐫𑐣𑐬𑐔𑐮𑐥𑐶𑐟
c8zb315b,𑐖𑑂𑐬𑐵𑐔𑐵𑐫𑐾𑐱𑑂𑐬𑐷𑐰𑑂𑐫𑐏𑐵𑐳𑐶𑑄𑐴𑐡𑐾𑐰𑑍𑐔𑐎𑐾𑐱𑑂𑐰𑐬𑐷𑐫𑐵𑐒𑐣𑐡𑐵𑐣𑐥𑐟𑐶𑐨𑐵𑐳𑑂𑐎𑐬𑐡𑐾𑐰𑐳𑑄𑐳𑑂𑐎𑐵
2c5zcd1c,𑐎𑑂𑐬𑐟𑐱𑑂𑐬𑐷𑐎𑐞𑑂𑐛𑐴𑐬𑑂𑐩𑑂𑐫𑐔𑐣𑑂𑐡𑑂𑐬𑐩𑐞𑑂𑐜𑐮𑐬𑐶𑐥𑐸𑐩𑐸𑐞𑑂𑐜𑐩𑐞𑑂𑐜𑐮𑐏𑐞𑑂𑐜𑐣𑐥𑑂𑐬𑐔𑐞𑑂𑐜𑐎𑐵𑐞𑑂𑐜𑐩𑐞𑑂𑐜𑐶𑐟𑐎𑑀𑐡𑐞𑑂𑐜𑐵𑐮𑐎𑑂𑐲𑐺𑐟
9d3502a7,𑐧𑐸𑐳𑐵𑐢𑐣𑐫𑐵𑐫𑐩𑐵𑐮𑐔𑐥𑐵𑐮𑐳𑐳𑐾𑐣𑐐𑐸𑐮𑑂𑐴𑑀𑐣𑐾𑐩𑐵
c7136f28,𑑉𑐣𑐩𑑅𑐱𑑂𑐬𑐷𑑓𑐎𑐸𑐮𑐶𑐐𑐵𑐳𑐣𑐵𑐎𑑂𑐲𑑀𑐨𑑂𑐫𑑌𑐳𑑂𑐰𑐳𑑂𑐟𑐶𑑌𑐳𑐩𑑂𑐧𑐟𑑗𑑘𑑓𑐔𑐿𑐟𑑂𑐬𑐩𑐵𑐳𑐾𑐱𑐸𑐎𑑂𑐮
b2cz3825,𑐬𑑂𑐩𑑂𑐩𑐖𑐐𑐟𑐳𑑄𑐳𑐵𑐬𑐳𑐮𑐥𑑂𑐬𑐵𑐞𑐶𑐄𑐢𑐵
f0a6cz0z,𑐣𑐶𑐩𑑂𑐟𑑂𑐬𑐷𑐥𑐸𑐬𑐸𑐲𑐣𑑍𑐥𑐸𑐟𑑂𑐬𑐢𑐶𑐬𑐖𑐩𑑂𑐟𑑂𑐬𑐷𑐂𑐣𑑂𑐡𑐮𑐎𑑂𑐲𑑂𑐩𑐷𑐩𑑂𑐟𑑂𑐬𑐷𑐢𑑄𑐣
54444016,𑐖𑐶𑐟𑐵𑐩𑐶𑐟𑑂𑐬𑐩𑐮𑑂𑐮𑐡𑐾𑐰𑐳𑑂𑐫𑐰𑐶𑐖𑐫𑐳𑐩𑐫
14b9fz6d,𑐬𑑀𑑍𑐖𑐫𑐟𑐬𑐵𑐖𑐨𑐵𑐬𑑀𑑍𑐰𑐶𑐎𑐸𑐨𑐵𑐬𑑀𑑍𑐎𑐸𑐳𑐸𑐩𑐬𑐵𑐖𑐨𑐵𑐬𑑀𑑍𑐖𑐫𑐟𑑂𑐬𑐵𑐖𑐾
z2c05dbb,𑐥𑐵𑐫𑑚𑐢𑐬𑑂𑐩𑑂𑐩𑐞𑐵𑐬𑐵𑐫𑐣𑐥𑑂𑐬𑐩𑐸𑐏𑐥𑐬𑐶𑐧𑐵𑐬𑐡𑐎𑑀𑐩𑑀𑐎𑑂𑐲𑐐𑐟𑐶𑐬𑐵𑐎𑐖𑐸𑐥𑐵𑐫𑑌
1102f272,𑐠𑐎𑐸𑐠𑑂𑐰𑐟𑐾𑐳𑐾𑐣𑐂𑐣𑐵𑐫𑐎𑑀𑐥𑐸𑐬𑐵𑐨𑐵𑐬𑐶𑑄𑐥𑐱𑑂𑐔𑐶𑐩
5c72ba24,𑐫𑐵𑐫𑑌𑐩𑐴𑐧𑐮𑑀𑐖𑑂𑐘𑐵𑐣𑐳𑐩𑐵𑐢𑐶𑐡𑐣𑑂𑐟𑑀𑐫𑑅𑐥𑐣𑑂𑐖𑐬𑑄𑐖𑐣𑑂𑐩𑐩𑐫𑑄𑐰𑐶𑐡𑐵𑐬𑑂𑐫𑐰𑐶𑐰𑐾𑐱𑐣𑐶
d5183a8d,𑐖𑐩𑐟𑐳𑐶𑑄𑐴𑐖𑐸𑑄𑐐𑐸𑐬𑐵𑐩𑐖𑐫𑐔𑐣𑑂𑐡𑑂𑐬𑐖𑐶𑐰𑐾𑐬𑐵𑐩𑐀𑐩𑐶𑐳𑐶𑑄𑐴𑐳𑑂𑐰𑐦𑐸𑐜𑑍𑐐𑑀𑐥𑐶𑐬𑐵𑐩
c6ab3b33,𑐔𑑄𑐡𑑂𑐬𑐮𑐎𑑂𑐲𑑂𑐩𑐷𑑋𑑋𑐟𑐾𑐖𑐮𑐎𑑂𑐲𑑂𑐩𑐷𑑋𑐬𑐵𑐖𑐧𑐶𑐬𑐳𑐶𑑄𑑋𑑋𑐴𑐬𑑂𑐲𑐣𑐬𑐳𑐶𑑄𑑋𑑋𑐩𑐷𑐣𑐢𑑄𑑋
c0cba7c1,𑐖𑐶𑐩𑐕𑐩𑑂𑐴𑐣𑐵𑐫𑐎𑐖𑐸𑐥𑐶𑑄𑐧𑐶𑐖𑑂𑐫𑐵𑐟𑐎𑐾𑐩𑐵𑐬𑐖𑐸𑐬𑑀
2zbfd4zz,𑐰𑐶𑐲𑑂𑐞𑐸𑐣𑐵𑐬𑐵𑐫𑐞𑐨𑐵𑐬𑑀𑐎𑐣𑐾𑐲𑑂𑐛𑐨𑑂𑐬𑐵𑐟𑑂𑐟𑐾𑐱𑐶𑐰𑐣𑐵𑐬𑐵𑐫𑐞𑐨𑐵𑐬𑑀𑑍𑐩𑑀𑐟𑐶𑐬𑐵𑐖𑐨𑐵𑐬𑑀𑑍𑐔𑐵𑐏𑐵𑐧𑐵𑐴𑐵𑐬𑐧𑐎𑐸𑐞𑑂𑐜𑐬𑐵𑐩𑐨𑐵𑐬𑑀
8dcdd7z1,𑐱𑑂𑐬𑐷𑐣𑐬𑐣𑐵𑐬𑐵𑐫𑐞𑐠𑑂𑐰𑐫𑐵𑐣𑐥𑐸𑐟𑑂𑐬𑐩𑐴𑐵𑐬𑐵𑐖𑐵𑐢𑐶𑐬𑐵𑐖𑐱𑑂𑐬𑐷𑐱𑑂𑐬𑐷𑐮𑐎𑑂𑐲𑑂𑐩𑐷𑐣𑐵𑐬𑐵𑐫𑐞𑐠𑑂𑐰𑐫𑐵𑐣𑐥𑐸𑐟𑑂𑐬𑐩𑐴𑐵
4328018b,𑐰𑐷𑐬𑐥𑑂𑐬𑐨𑐷𑐟𑐶𑑄𑐥𑐬𑐶𑐰𑐵𑐬𑐕𑐶𑐫𑐵𑐠𑐸𑐐𑐸𑐖𑐣𑑂𑐩𑐳𑐩𑐣𑑀𑐬𑐠𑐥𑐸𑐬𑑂𑐞𑐖𑐸𑐫𑐾𑐩𑐵𑐮𑐥𑐬𑐟𑑂𑐬𑐳𑐩𑑀𑐎𑑂𑐲𑐥𑐡𑐧𑐶𑐮𑐵𑐫𑐡𑐫𑐩𑐵𑐮𑑅𑑌𑐱𑑂𑐬𑐷𑐳𑐩𑑂𑐰𑐟𑑂𑑑𑑐𑑒𑑐𑐳𑑂𑐟𑐶𑐦𑐵𑐮𑑂𑐐𑐸𑐞𑐱𑐸𑐎𑑂𑐮𑐥𑐵𑐡𑐸𑐄𑐟𑑂𑐬𑐨𑐡𑑂𑐬𑐣𑐎𑑂𑐲𑐟𑑂𑐬𑐳𑐵𑐏𑑂𑐫𑐫𑑀𑐐
7dz3fzzd,𑐬𑑀𑐎𑑂𑐫𑐾𑐰𑐬𑐡𑐵𑐫𑐎𑑍𑐰𑐣𑑂𑐡𑐾𑐟𑑂𑐰𑑄𑐖𑐐𑐟𑐣𑐵𑐠𑑄𑐱𑐟𑐐𑐸𑐬𑐸𑐣
0db8c014,𑐟𑑂𑐬𑐥𑐶𑐔𑐱𑐶𑐧𑐧𑑂𑐬𑐩𑑂𑐴𑐳𑐸𑐟𑑂𑐬𑑄𑐔𑐣𑐶𑐟𑑂𑐫𑑄𑐣𑐿𑐧𑐾𑐡𑑂𑐫𑐵𑐣𑑂𑐟𑑄𑐩𑐡𑐵𑐟𑑄𑑅𑐱𑐶𑐧𑐥𑐡𑐎𑐩𑐮𑐍𑐨𑐵𑑍
2c5d1f8d,𑐧𑐨𑐹𑐟𑐳𑑂𑐰𑐖𑐣𑐳𑐴𑐶𑐟𑐵𑐣𑑂𑐳𑐬𑑂𑐰𑐳𑐟𑑂𑐰𑐵
898792f6,𑐧𑑂𑐬𑐩𑑂𑐴𑐴𑐟𑑂𑐫𑐵𑐳𑑂𑐟𑑂𑐬𑐷𑐴𑐟𑑂𑐫𑐵𑐧𑐵𑐮𑐴𑐟𑑂𑐫𑐵𑐐𑐸𑐬𑐸𑐴𑐟𑑂𑐫𑐵𑐠𑑂𑐰𑐟𑐾𑐥𑑄𑐔𑐩𑐴𑐵𑐥𑐵𑐟𑐎𑐬𑐵𑐎𑐖𑐸
94c247ad,𑐟𑐶𑐠𑑁𑐳𑑀𑐩𑐡𑐶𑐣𑐥𑑂𑐬𑐟𑐶𑐳𑑂𑐛𑐵𑑄𑐳𑐰𑐎𑐵𑐬𑐴𑑌𑑌𑐀𑐠𑐣𑐾𑐥𑐵𑐮𑐨𑐵𑐏𑐵𑑌
a4276dc6,𑐔𑐸𑐬𑑒𑐠𑑂𑐰𑐟𑐾𑐧𑐸𑐫𑐵𑐌𑐬𑐳𑐵𑐣𑐣𑐡𑐸𑐠𑐾𑐴𑐣𑐾𑐩𑐵𑐬𑐡𑐶𑐬𑐥𑐸𑐣𑑂𑐴𑐶𑐳𑐶𑐎𑐸𑐣𑑂𑐴𑐸𑐩𑐵𑐴𑐵𑐡𑐶𑐥𑐥𑐸𑑄𑑑
743f60cz,𑐟𑐬𑑍𑐧‍𑐺𑐲𑐮𑐵𑐳𑐶𑐐𑐟𑐾𑐔𑑄𑐡𑑂𑐬‌𑐩𑐳𑐶𑐊𑐟𑐟𑐡𑐶𑐣𑐎‌𑐩𑐖𑐾𑐲𑑂𑐛𑐐𑐸𑐠𑐶𑐎
f9z9f40z,𑐥𑐶𑐰𑐣𑐳𑐶𑐑𑐾𑐣𑐶𑐰𑑂𑐫𑐵𑐑𑐾𑐣𑐶𑐡𑐾𑐰𑐡𑐫𑐎𑐵𑐳𑐶𑐟𑑀𑐮𑐣
z5019a28,𑐳𑐵𑐣𑐣𑑄𑐴𑐵𑐣𑐾𑐖𑑂𑐫𑐵𑐩𑐶𑐴𑑂𑐩𑑖𑐡𑐫𑐎𑐵𑐰𑐣𑐾𑐐𑐸𑐬𑐥𑐸𑐏𑐸𑐬𑐳𑑄𑐑𑐵𑐳𑐥𑐸𑐫
6976b2bc,𑐣𑐩𑑅𑐱𑑂𑐬𑐷𑐟𑑂𑐬𑐶𑐬𑐟𑑂𑐣𑐩𑐹𑐬𑑂𑐟𑑂𑐟𑐨𑑂𑐫𑑅𑑌𑐩𑐵𑐬𑐰𑐶𑐖𑐶𑐨𑑂𑐫𑐳𑐧𑐮𑑄𑐳𑐴𑐶𑐥𑐸𑐬𑐸𑐏𑐳𑐶𑑄𑐴𑐵𑑍𑐢𑑂𑐫𑐵𑐣𑐳𑐸𑐏𑐣𑐨𑐶𑐩𑐸𑐏
946cfbad,𑐩𑐟𑑂𑐫𑐵𑐥𑐹𑐬𑑂𑐰𑑂𑐰𑐎𑐸𑐬𑐾𑑍𑐱𑑂𑐬𑐷𑐩𑐎𑐵𑐟𑑂𑐟𑐶𑐥𑐸𑐮𑐶𑐩𑐵𑐴𑐵𑐣𑐐𑐬𑐾𑑍𑐱𑑂𑐬𑐷𑑒𑐫𑐩𑐩𑐬𑐾𑐱𑑂𑐰𑐬𑐨𑐚𑑂𑐚𑐵𑐬𑐎
z3d40zac,𑐳𑐢𑐬𑑂𑐩𑑂𑐩𑐳𑐵𑐮𑐵𑐔𑐥𑐵𑐮𑐡𑐫𑐎𑐵𑐱𑑂𑐬𑐷𑐳𑐶𑐡𑑂𑐢𑐶𑐎𑐵𑐮𑐶𑐎𑐵
6zz192c9,𑐖𑐣𑐣𑐨𑑀𑐥𑐾𑐡𑐸𑐐𑐸𑐠𑐶𑐖𑐣𑐠𑑂𑐰𑐟𑐾𑑍𑐖𑑂𑐫𑐾𑐲𑑂𑐚𑐥𑐸𑐟𑑂𑐬𑐣𑐵𑐬𑐵𑑄
2bfz94da,𑑊𑑉𑐀𑐡𑑂𑐫𑑅𑐧𑑂𑐬𑐩𑑂𑐴𑐞𑑀𑐔𑑂𑐰𑐶𑐟𑐷𑐫𑐥𑐬𑐵𑐡𑑂𑐰𑐾𑑍𑐱𑑀𑐫𑐟𑐧𑐬𑐵𑐴𑐵𑐎𑐬𑑍𑐥𑐾𑐰𑐿𑐰𑐳𑑂𑐰𑐬
d534c548,𑐕𑐫𑑂‌𑐩𑐵𑐢𑐰𑐬𑐵𑐩𑐢𑑄𑐖𑐸𑐬𑐵𑐩𑐖𑐫𑐬𑐵𑐩𑐠𑐸𑐟𑐶𑐳𑐩𑐸𑐔𑐫𑐣𑐠𑑂𑐰𑐎𑑂𑐰
5b8b1d00,𑐎𑑄𑐰𑐸𑐎𑐬𑐷𑐰𑐖𑑍𑐩𑐵𑐢𑐰𑑄𑐬𑐹𑐐𑑂𑐩𑐳𑑄𑐎𑐵𑐱𑑄𑑍𑐥𑑂𑐬𑐨𑐸𑐡𑐾𑐰𑐣𑐩𑑀𑑇𑐳𑑂𑐟𑐸𑐟𑐾𑑋𑑋𑐱𑑂𑐬𑐷𑐱𑑂𑐬𑐷
2f9892ac,𑐣𑐾𑐥𑑂𑐬𑐟𑐶𑐲𑑂𑐛𑐵𑐥𑑂𑐫𑐣𑐶𑐟𑑂𑐫𑑄𑐰𑐣𑑂𑐡𑐾𑐣𑐩𑐵𑐩𑑂𑐫𑐴𑑄𑑌𑐀𑐑𑐟𑑂𑐫𑐵𑐡𑐶
391066b0,𑐬𑑀𑑋𑑋𑐥𑐸𑐣𑐨𑐵𑐏𑐵𑐠𑑂𑐰𑐕𑐾𑐳𑐢𑐬𑑂𑐩𑑂𑐩𑐬𑐵𑐖𑐵𑐫𑐵𑐰𑑄𑐳𑐡𑐟𑑀
b64a7abf,𑐩𑐴𑐾𑐱𑑂𑐰𑐬𑐳𑑂𑐠𑐵𑐥𑐣𑐵𑐫𑐵𑐒𑐵𑑌𑐠𑑂𑐰𑐰𑐬𑑀𑐳𑐸𑐨𑐱𑑂𑐬𑐷𑑓𑐮𑐎𑑂𑐲𑑂𑐩𑐷
3adb7a96,𑐁𑐔𑐵𑐬𑑂𑐫𑑂𑐫𑐖𑐸𑐥𑐣𑐶𑐰𑐶𑐖𑑂𑐫𑐵𑐔𑐎𑑄𑐮𑐔𑑂𑐕𑑂𑐫𑐵𑐨𑐐𑐰𑐟𑐶𑐥𑐵𑐠𑐳𑐵𑐬𑑂𑐡𑑂𑐢𑐫𑐵𑐔𑐎𑐵𑐖𑐸𑐬𑑀𑐖𑐶𑐩𑐕𑐩𑑂𑐴𑐣𑐵𑐫𑐎𑐧𑐶𑐖𑑂𑐫𑐵𑐔𑐎𑑄𑐳𑑄𑐐𑐨𑑀𑐖
b7bf0616,𑐎𑐵𑑄𑐟𑐶𑐥𑐹𑐬𑐩𑐵𑐴𑐵𑐣𑐐𑐬𑐾𑐀𑐳𑑂𑐰𑐎𑐩𑑄𑐡𑐥𑐠𑐵𑐣𑑂𑐫𑑅𑐎𑐶𑐳𑐶𑐢𑑂𑐰𑐵
ab998453,𑐰𑐎𑐸𑐣𑑂𑐴𑐸𑐳𑐶𑑄𑐴𑐳𑐶𑑄𑐢𑐶𑐣𑐷𑑍𑐕𑐾𑐥𑐮𑐢𑐵𑐎
d0023fz1,𑐱𑑂𑐬𑐷𑐳𑐶𑐡𑑂𑐢𑐶𑐎𑐵𑐮𑐶𑐎𑐵𑐫𑑋𑑋𑐐𑑀𑐥𑐵𑐮𑐬𑐵𑐩𑐣𑐵𑐩𑐾𑐞𑐥𑑂𑐬𑐵𑐳𑐵𑐡𑑄
708cz03d,𑐐𑐞𑐾𑐱𑐵𑐫𑑌𑐱𑑂𑐬𑐷𑐫𑑀𑑇𑐳𑑂𑐟𑐸𑐳𑐩𑑂𑐰𑐟𑑂𑑘𑑐𑑓𑐨𑐵𑐡𑑂𑐬𑐥𑐡𑐩𑐵𑐳𑐾𑐱𑐸𑐎𑑂𑐬𑐥𑐎𑑂𑐲𑐾𑐡𑑂𑐰𑐵𑐡𑐱𑑂𑐫𑐵𑑄𑐟𑐶𑐠𑑁
2fb7z104,𑐥𑐵𑐥𑐬𑐵𑐎𑐖𑐸𑐫𑐵𑐫𑑋𑑋𑐳𑐸𑐣𑐵𑐣𑑄𑑍𑐠𑑂𑐰𑐦𑐬𑐾𑐳𑐰𑑄𑐥𑐸𑐒𑐣𑑄𑑍𑐐𑐵𑐣𑐥𑐸𑐒𑐣𑐨𑐶𑐣𑐎𑑄𑐣𑐶𑐡𑐵𑐣
52b1c7b5,𑐳𑐩𑐹𑐴𑐣𑐡𑐫𑐎𑐵𑐊𑐟𑐾𑐨𑐵𑐰𑑀𑑍𑐥𑑂𑐰𑐡𑐾𑐫𑐎𑐷𑐟𑐨𑐵𑐰𑑀𑐣𑐖𑑂𑐫𑐵𑐨𑐵𑐡𑐶𑐟𑐵𑐒𑐵𑐬𑐹𑐥𑐵𑐬𑐵
9d5az71c,𑐟𑑍𑐎𑐵𑐱𑐶𑐬𑐵𑐖𑐫𑐵𑐕𑐾𑐣𑐡𑐎𑑂𑐲𑐶𑐞𑐟𑐢𑐬𑑂𑐩𑑂𑐩𑐬𑐵𑐖𑐫𑐵
01aa279a,𑐖𑐣𑐣𑐨𑑀𑐥𑐾𑐡𑐸𑐐𑐸𑐠𑐶𑐖𑐣𑐠𑑂𑐰𑐟𑐾𑑍𑐖𑑂𑐫𑐾𑐲𑑂𑐚𑐥𑐸𑐟𑑂𑐬𑐣𑐵𑐬𑐵𑑄
5d0105b7,𑐫𑐣𑑂𑐣𑐶𑐩𑐵𑐬𑑂𑐞𑐰𑐶𑐢𑑁𑐩𑐴𑐔𑑂𑐕𑐩𑐨𑐺𑐟𑐵𑐢𑐶𑐎𑑂𑐫𑑀𑐢𑐩𑐵𑐬𑑄𑐨𑐎𑐺𑐡𑑂𑐰𑐷𑐬𑐳𑑂𑐫𑐵𑐣𑐸𑐔𑐬𑑀𑐣𑐬𑐾𑐣𑑂𑐡𑑂𑐬𑐣𑐺𑐥𑐟𑐾𑑅𑐳𑑄
3c1bc980,𑐨𑐶𑐟𑐵𑐥𑐶𑐱𑐵𑐴𑐵𑑅𑑋𑐟𑐿𑐬𑑂𑐧𑑂𑐧𑐶𑐡𑑂𑐫𑐟𑐵𑐡𑐱𑐧𑐮𑐾𑐣𑐫𑐡𑐵𑐴𑐶𑐥𑑂𑐬𑐵𑐥𑑂𑐟𑐵𑑅𑑍𑐳𑑄𑐎𑐳𑑂𑐫𑐶𑐟𑐵𑑅𑐡𑐱𑐡𑐶
d527f50c,𑐜𑐵𑐌𑐌𑐫𑐵𑐟𑐔𑐿𑐟𑐱𑐸𑐎𑑂𑐬𑐫𑐵𑐐𑑂𑐰𑑑𑐠𑐫𑐩𑐵𑐬𑐧𑐡𑐾𑐖𑐸𑐥𑐣𑐶𑐳𑑂𑐟
89db85f3,𑐒𑐵𑐡𑐶𑐣𑑋𑐰𑐬𑑂𑐲𑐥𑑂𑐬𑐟𑐶𑐠𑐰𑐦𑐸𑐎𑐶𑐖𑐖𑐸𑐎𑑀𑐳𑑂𑐫
bfb8f803,𑐴𑐰𑐶𑐴𑐵𑐬𑐾𑐲𑑂𑐛𑐶𑐟𑐩𑐥𑐶𑐎𑐸𑐮𑐩𑐵𑐣
a7920b9z,𑐰𑐳𑑂𑐎𑐾𑐳𑐶𑐟𑑀𑐮𑐣𑐡𑐸𑐟𑐵𑐊𑐎𑐩𑐹𑐎𑐐𑑂𑐫𑐵𑐮𑐡𑑀𑐴𑑀𑐬𑐫𑐵
471a1427,𑐰𑐣𑐶𑐥𑐸𑐣𑐅𑐟𑑂𑐬𑑍𑐐𑑄𑐢𑐫𑑀𑐐𑑍𑐱𑐸𑐎𑑂𑐬𑐧𑐵
a8b781ff,𑐧𑐨𑐹𑐟𑐳𑑂𑐰𑐖𑐣𑐳𑐴𑐶𑐟𑐵𑐣𑑂𑐳𑐬𑑂𑐰𑐳𑐟𑑂𑐰𑐵
4az00dzz,𑐥𑐶𑐰𑐣𑐳𑐶𑐑𑐾𑐣𑐶𑐰𑑂𑐫𑐵𑐑𑐾𑐣𑐶𑐡𑐾𑐰𑐡𑐫𑐎𑐵𑐳𑐶𑐟𑑀𑐮𑐣
z2bc2d4d,𑐧𑐵𑐣𑐾𑐳𑑂‍𑐰𑐬𑐟𑐵𑐬𑐜𑑀𑐠𑐜𑐂𑐢𑐵𑐬𑐧𑐸𑐣𑑀𑑑𑐔𑐸𑐣𑑑𑐡𑑀𑐴𑐣𑐥𑐟𑐫𑐵𑐖𑐸𑐣𑑀𑑅𑐠𑑂‍𑐰𑐔𑐸𑐫𑐵
dbzd4760,𑐟𑐸𑐮𑑀𑐣𑐳𑐶𑑄𑐴𑐢𑐟𑐖𑐖𑐩𑐵𑐣𑐫𑐵𑐩𑐣𑐳𑐂𑐢𑐵𑐐𑐸𑐳𑑂𑐫𑐵𑐠𑑂𑐰𑐔𑐿𑐟𑑂𑐫𑐡𑑀𑐳𑐵𑐮𑐡𑐫
1cfa5a60,𑑌𑐡𑐵𑐣𑐥𑐟𑐶𑐖𑐖𑐩𑐵𑐣𑐎𑐵𑐲𑑂𑐛𑐩𑐞𑑂𑐜𑐥𑐩𑐴𑐵𑐣𑐐𑐬𑐾𑐩𑐶𑐔𑑂𑐫𑐵𑐎𑐩𑐸𑐐𑐬𑐟𑑀𑐬
12f9f31f,𑐣𑐖𑐬𑐢𑐵𑐮𑐵𑐳𑐶𑐢𑐎𑑄𑐣𑐶
9b652928,𑐲𑐸𑑋𑑋𑐟𑐶𑐲𑑂𑐫𑐎𑐸𑐖𑐔𑐵𑐬𑑂𑐫𑑂𑐫𑐩𑐾𑐳𑐖𑑂𑐘𑐆𑐎𑑂𑐲𑐾𑐐
506649d1,𑐱𑑂𑐰𑐳𑐶𑑄𑐴𑐨𑐵𑐬𑑀𑑌𑐰𑑂𑐫𑐳𑐟𑐩𑐣𑐶𑐐𑑂𑐮𑐎𑑀𑐰𑐶𑐕𑐾𑐩𑐣𑑀𑐴𑐬𑐶𑐳𑐶𑑄𑐴𑐨𑐵𑐬𑑀𑐨𑑂𑐬𑐵𑐟𑑂𑐟𑐾𑐨𑐵𑐐𑐳𑐶𑑄𑐴𑐨𑐵𑐬𑑀𑑄𑑍𑐩𑐣𑐶𑐎𑐬𑐵𑐖𑐨𑐵𑐬𑑀𑐨𑑂𑐬𑐵𑐟𑑂𑐟𑐾
037f6c00,𑐖𑐫𑐟𑐳𑐶𑑄𑐴𑐐𑐰𑐬𑐶
80d3c7f7,𑐣𑑂𑐴𑐸𑐡𑐶𑐣𑐥𑐫𑐖𑑂𑐘𑐫𑐵𑐒𑑍𑐥𑐰𑐶𑐟𑑂𑐬𑐵𑐬𑑀𑐴𑐞𑐫𑐵𑐫𑐩𑐵𑐮𑑌𑐔𑐟𑑂𑐬𑐎𑐺𑐲𑑂𑐞𑐡𑑂𑐰𑐵𑐡𑐱𑐷𑐎𑐸𑐣𑑂𑐴𑐸𑑍𑐡𑐶𑐣𑐥𑐫𑐖𑑂𑐘𑐫𑐵𑐒𑑍𑐡𑐩𑐣𑐵𑐬𑑀𑐴𑐬𑐞𑐫𑐵𑐫𑐩𑐵𑐮𑑋
62688bd6,𑐣𑑂𑐴𑐣𑑂𑐴𑑀𑐫𑐠𑑀𑐳𑑂𑐰𑐣𑐨𑑀𑐖𑐾𑐣𑐎𑐾𑐩𑐵𑐮𑑍𑐩𑑄𑐐𑐥𑐳𑐔𑐶𑑄𑐟𑐵𑐫𑐵𑐎𑐣𑑂𑐴𑐣𑑌𑐧𑐬𑐲𑐸𑐣𑐶𑐔𑐥𑐵𑐮𑐫𑐵𑐖𑑀
34df66d4,𑐱𑑂𑐬𑐾𑐫𑑀𑐳𑑂𑐟𑐸𑐳𑐩𑑂𑐰𑐟𑑂𑑗𑑖𑑘𑐦𑐵𑐮𑑂𑐐𑐸𑐞𑐱𑐸𑐎𑑂𑐮𑑌𑐬𑑀𑐴𑐶𑐞𑐷𑐣𑐎𑑂𑐲𑐟𑑂𑐬𑐾𑐰𑐶𑐲𑑂𑐎𑐩𑑂𑐨𑐫𑑀𑐐𑐾𑐱𑐸𑐎
980z25cb,𑐳𑐹𑐬𑑂𑐫𑑂𑐫𑐵𑐫𑐠𑐵𑐬𑐵𑐖𑐟𑐾𑑌𑐟𑐳𑑂𑐫𑐥𑐟𑑂𑐣𑐷𑐟𑐸𑐰𑐶𑐏𑑂𑐫𑐵𑐟𑐵𑑍𑐔𑐣𑑂𑐡𑑂𑐬𑐮𑐎𑑂𑐲𑑂𑐩𑐷𑑅𑐳𑐸𑐮𑐎𑑂𑐲𑐞𑐵𑑋𑐔𑐵𑐬𑐸𑐔𑐶𑐟𑑂𑐬𑐵𑐥𑑂𑐬𑐨𑑀𑐎𑑂𑐟𑐵𑐔𑐣𑑂𑐡𑑂𑐬𑐳𑑂𑐫𑐾𑐰𑐔𑐬𑑀𑐴𑐶𑐞𑐷𑑌𑐨𑑀𑐐𑐶𑐞𑐷𑐰𑐶𑐲𑑂𑐞𑐸
z5c59baz,𑐧𑐵𑐬𑐫𑐾𑐱𑑂𑐬𑐷𑑒𑐳𑑂𑐰𑐫𑐨𑐸𑐬𑑂𑐔𑐾𑐟𑑂𑐫𑐨𑐚𑑂𑐚𑐵𑐬𑐎𑐳𑐣𑐶𑐢𑐵𑐣𑐾𑐀𑐡𑑂𑐫𑐵𑐡𑐶𑑋𑑋𑐡𑐵𑐣𑐥𑐟𑐶𑐎𑐵𑐟𑐶𑐥𑐸
143z8f0a,𑐱𑐸𑐨𑑌𑐳𑐩𑑂𑐰𑐟𑑘𑑑𑑙𑐰𑐿𑐱𑐵𑐏𑐎𑐺𑐲𑑂𑐞𑑑𑑑𑐱𑑂𑐬𑐞𑐵𑐎𑑂𑐬𑐰𑐶𑐴𑐵𑐬𑐳𑐰𑐖𑑂𑐬𑐵
50bz8f85,𑐡𑐸𑐡𑐵𑐟𑐵𑐫𑐵𑐧𑑄𑐳𑐡𑐟𑐫𑐵𑐒𑐵𑐌𑐟𑐫𑐩𑐵𑐬𑑌
56d01cb3,𑐧𑐖𑑂𑐬𑐵𑐬𑑂𑐫𑐵𑐥𑑂𑐥𑐴𑐰𑐿𑑌𑑑𑑌𑐢𑐬𑑂𑐩𑐔𑐶𑐟𑑂𑐟𑐿
d22c0605,𑐴𑐩𑐴𑐵𑐰𑐶𑐴𑐵𑐬𑐾𑐲𑑂𑐛𑐶𑐟𑐩𑐥𑐶𑐎𑐸𑐮𑐩𑐵𑐣
fa9c1603,𑐞𑑂𑐜𑐬𑐾𑐧𑐵𑐳𑐸𑐎𑐶𑐎𑑂𑐲𑐾𑐟𑑂𑐬𑐾𑐱𑑂𑐬𑐷𑑓𑐥𑐱𑐸𑐥𑐟𑐶𑐳𑐣𑐶𑐢𑐵𑐣𑐾𑐧𑐵𑐐𑑂𑐩𑐟𑑂𑐫𑐵𑑄𑐥𑐱𑑂𑐔𑐶𑐩𑐎𑐸𑐬𑐾𑐧𑐶𑐲𑑂
a2d750bd,𑑊𑐳𑑂𑐰𑐳𑑂𑐟𑐶𑑋𑑋𑐱𑑂𑐬𑐷𑐱𑑂𑐬𑐷𑐱𑑂𑐬𑐷𑐐𑑀𑐮𑑀𑐎𑐣𑐵𑐠𑐡𑐾
cadzc8f8,𑐟𑑂𑐫𑐢𑑂𑐰𑐳𑐣𑑍𑐬𑐎𑐵𑐖𑐸𑐬𑑀𑑋𑑋𑐱𑐸𑐨𑑅𑑋𑑋
9fd6ad91,𑐫𑐣𑑂𑑌𑐖𑑂𑐫𑐾𑐲𑑂𑐛𑐵𑐫𑑀𑐐𑐣𑐬𑐾𑐣𑑂𑐡𑑂𑐬𑐎𑐳𑑂𑐫𑐨𑐐𑐶𑐣𑐷𑐱𑑂𑐬𑐷𑐱𑑂𑐬𑐷𑐣𑐶𑐰𑐵𑐳𑐟𑑂𑐩𑐖𑐵𑑍𑐥𑐟𑑂𑐫𑑁𑐨𑐎𑑂𑐟𑐶𑐩𑐟𑐷𑐳𑐟𑐷𑐩𑐞𑐶𑐩𑐟𑐷𑐣𑐵𑐩𑐣𑑂𑐣𑐷𑐴𑑂𑐫𑐩𑐸𑐔𑑂𑐕𑐷𑐩𑐟𑐷𑑋𑐫𑐳𑑂𑐫𑐵
14179zc2,𑐮𑐶𑐟𑐎𑐣𑑂𑐡𑐬𑑂𑐑𑐲𑐬𑑂𑐫𑑂𑐫𑐱𑐵𑐣𑑂𑐟𑐶𑐖𑑂𑐘𑐵𑐣𑐖𑐣𑐶𑐟𑐳𑐸𑐬𑐐𑐸𑐬𑐸𑐨𑑂𑐬𑐵𑐣𑑂𑐟𑐶𑑋𑐱𑑂𑐬𑐷𑐖𑐟𑑂𑐩𑐷𑐱𑐔𑐬𑐞𑐳𑑂𑐩𑐬𑐞𑐱𑐩𑐶𑐟𑐎𑐾
9c586401,𑐎𑑂𑐰𑐔𑐥𑐵𑐡𑐰𑐳𑑂𑐎𑐾𑐕𑑀𑐫𑐎𑐾𑐩𑐵𑐬𑑍𑐠𑑂𑐰𑐣𑐳𑐟𑐶𑐎𑐸𑐣𑑂𑐴𑐸𑐳𑑄𑐐𑐫𑐵𑐟𑑍𑐳𑐩𑑂𑐴𑐔𑐧𑐶𑐫𑐩𑐵𑐬𑑍𑐰
8d49b515,𑐑𑐾𑐕𑐵𑐫𑐱𑐸𑐎𑐶𑑑𑐖𑑀𑐣𑐵𑐫𑐵𑐫𑐩𑐢𑐸𑐥𑐬𑑂𑐎𑑂𑐎𑐫𑐵𑐟𑐡𑑄𑑑𑐡𑐾𑐰𑐳𑑂𑐟𑐡𑐎𑑂𑐲𑐶𑐞𑐵𑐡𑑄𑑒𑐴𑑀𑐩𑐫𑐵𑐟𑐡𑑄𑑖𑐥𑐹𑐖𑐵𑐰𑐵𑐬𑐶𑐥𑐵𑐴𑑂𑐩𑐳𑑂𑐟𑑄𑐡𑑄𑑑𑑐𑐠𑑂𑐰𑐟𑐾𑐡
79980a7c,𑐧𑐶𑐟𑐿𑑅𑐨𑐹𑐐𑐞𑐷𑐫𑑅𑑌𑑉𑐀𑐡𑑂𑐫𑐧𑑂𑐬𑐩𑑂𑐴𑐞𑑀𑐡𑑂𑐰𑐶𑐟𑐷𑐫𑐥𑐬𑐵𑐡𑑂𑐫𑐾𑐱𑐾𑐨𑐧𑐵𑐣𑐵𑐴𑐵𑐎𑐮𑑂𑐥𑐾𑐧𑑂𑐬𑐿
fc46511c,𑐖𑐵𑐩𑐫𑐵𑐳𑐵𑐡𑐾𑐰𑐟𑐵𑐫𑐵𑐎𑐸𑐡𑐺𑐲𑑂𑐚𑐶𑐫𑐵𑐟
998a8zb1,𑐫𑑀𑐐𑐳𑑀𑐩𑐧𑐵𑐬𑐠𑑂𑐰𑐎𑐸𑐣𑑂𑐴𑐸𑐥𑑂𑐰𑐵𑐠𑐮𑑄𑐏𑐸𑐰𑐶𑐖𑐫𑐴𑐬𑐶𑐎𑑀𑐕𑐎𑑀𑐡𑐺𑐲𑑂𑐛𑐎𑐷𑐬𑑂𑐟𑑂𑐬𑐶
f5f3331b,𑐴𑐬𑑂𑐲𑐳𑑀𑐨𑐵𑐥𑑁𑐟𑑂𑐬𑐴𑐶𑐬𑐵𑐎𑐺𑐲𑑂𑐞𑐴𑐶𑐬𑐵𑐬𑐟𑑂𑐣𑐠𑐸𑐟𑐶𑐥𑐬𑐶𑐰𑐵𑐬𑐳𑐩𑐸𑐔𑑂𑐔𑐖𑐸𑐫𑐵𑐌𑐔𑑀𑐣𑐵𑐰𑐾𑐮𑐳𑐢𑐬𑑂𑐩𑐔𑐶𑐟𑑂𑐟𑐄𑐟𑑂𑐥𑐟𑐶𑐖𑐸𑐫𑐵𑐌𑐱𑑂𑐬𑐷𑑓𑐳𑑂𑐰𑐫𑑄𑐨𑐸𑐔𑐿𑐟𑑂𑐫𑐫𑐵𑐔𑐟𑐸𑐬𑑂𑐡𑐷𑐐𑐳𑐣𑑂𑐴𑐵𑐥𑐵𑐫𑐵𑐳𑐶𑐡𑑂𑐢𑐵𑐥𑐣𑐶𑐳𑑂𑐫𑐣𑑄𑐥𑑂𑐫𑐐𑑂𑐰
21af1473,𑐰𑐡𑐶𑑒𑐬𑑀𑐖𑑑𑐱𑐸𑐨𑑄𑑋𑑋𑐱𑐸𑐨𑐩𑑂𑑋
a758c0z5,𑑊𑐱𑑂𑐬𑐷𑑓𑐔𑐞𑑂𑐜𑐾𑐱𑑂𑐰𑐬𑐷𑐥𑑂𑐬𑐷𑐟𑐶𑐣
a0b8b37f,𑑊𑑉𑐣𑐩𑑅𑑌𑐱𑑂𑐬𑐾𑐫𑑀𑑇𑐳𑑂𑐟𑐸𑑌𑐳𑑄𑐰𑐟𑑂𑑗𑑔𑑗𑐩𑐵𑐑𑐱𑐸𑐎𑑂𑐮𑑌𑐥𑑄𑐔𑐩𑑂𑐫𑐵𑐣𑑂𑐟𑐶𑐠𑑁𑑌𑐄𑐟𑑂𑐟𑐬𑐨𑐡𑑂𑐬𑐣𑐎𑑂𑐲𑐟𑑂𑐬𑐾
c44d06bb,𑐔𑐸𑐬𑑒𑐠𑑂𑐰𑐟𑐾𑐧𑐸𑐫𑐵𑐌𑐬𑐳𑐵𑐣𑐣𑐡𑐸𑐠𑐾𑐴𑐣𑐾𑐩𑐵𑐬𑑍𑐡𑐶𑐬𑐵𑐥𑐸𑐣𑑂𑐴𑐶𑐳𑐶𑐎𑐸𑐣𑑂𑐴𑐸𑐩𑐵𑐴𑐵𑐡𑐶𑐥𑐥𑐸
9zc41df5,𑐱𑑂𑐬𑐷𑐳𑐶𑐡𑑂𑐢𑐶𑐎𑐵𑐮𑐶𑐎𑐵𑐫𑑋𑑋𑐐𑑀𑐥𑐵𑐮𑐬𑐵𑐩𑐣𑐵𑐩𑐾𑐞𑐥𑑂𑐬𑐵𑐳𑐵𑐡𑑄
dd970azc,𑐟𑐳𑐵𑐩𑐴𑐵𑐬𑐵𑐖𑐵𑐫𑐵𑐐𑐸𑐞𑐵𑐴𑐵𑐐𑐵𑐬𑐖𑐸𑐬𑑀𑑌𑐠𑑂𑐰𑐟𑐶𑐮𑑂𑐴𑐵𑐳𑐾𑐟𑐎𑑀𑐩𑐫𑐵𑐟𑐳𑐵𑐥𑑄𑐔𑐩𑐴𑐵𑐥𑐵𑐥𑐮𑐵
f58495d5,𑐴𑐠𑑂𑐫𑐵𑐐𑐸𑐬𑐸𑐴𑐠𑑂𑐫𑐵𑐎𑑀𑐚𑐷𑐔𑐟𑑂𑐫𑐢𑑂𑐰𑐳𑐣𑐫𑐵𑐒𑐵𑐥𑐵𑐥𑐬𑐵𑐎𑐖𑐸𑐬𑑀𑐩𑐫𑐵𑐟𑐳𑐵𑐎𑑀𑐚𑐷𑐔𑐟𑑂𑐫𑐠𑐵𑐥𑐣𑐵𑐫𑐵𑐒𑐵𑐥𑐸𑐣𑑂𑐫𑐬𑐵𑐎𑐀𑐳𑐸𑐩𑐾𑐬𑐖𑐖𑑂𑐘𑐫𑐵𑐒𑐵
469bcz56,𑐡𑐾𑐰𑐳𑑂𑐫𑐰𑐶𑐖𑐫𑐳𑐩𑐫𑐧𑐵𑐴𑐵𑐬
6b40002a,𑐖𑐸𑑒𑐣𑐶𑐳𑐮𑐵𑐮𑑍𑐠𑑂𑐰𑐟𑐾𑐢𑐸𑐣𑐎𑐵𑐰𑑍𑐦𑐮𑐾𑐳𑑄𑐴𑐶𑐟𑐶𑐳𑑄𑐳𑐾𑐮𑑂𑐴𑑀𑐮𑑂𑐴𑑀𑐣𑐾𑐫𑐵𑐒𑐵
cz17fad2,𑐱𑑂𑐬𑐷𑐴𑐾𑐬𑐸𑐎𑐔𑐮𑐞𑐳𑐾𑐰𑐎𑐱𑑂𑐬𑐷𑐰𑐶𑐱𑑂𑐰𑐎𑐬𑑂𑐩𑑂𑐩𑐵𑐀𑐰𑐟𑐵𑐬
3097505a,𑑊𑑉𑐣𑐩𑑀𑐮𑐎𑑂𑐲𑑂𑐩𑐷𑐣𑐵𑐬𑐵𑐫𑐞𑐵𑐫𑑌𑐳𑑂𑐰𑐵𑐩𑐶𑐣𑑂𑐰𑐎𑑂𑐲𑐳𑐶𑐎𑐶𑑄𑐩𑐞𑐶𑐬𑑂𑐩𑐩𑐬𑐩𑐾𑐟𑐣𑑂𑐩𑐞𑑂𑐜𑐮𑐾𑐎𑐵𑐳𑑂𑐠𑐶𑐟𑐵𑐟𑑂𑐰𑐡𑑂𑐰𑐎𑑂𑐟𑑂𑐬𑐥𑑂𑐬𑐟𑐶𑐰𑐶𑐩𑑂𑐰𑐩𑐶𑐣𑑂𑐡𑐸𑐰𑐡𑐣𑐾𑐰𑐎𑑂𑐲𑐳𑑂𑐠𑐶𑐟𑐵𑐟𑐾
f87zcz0z,𑐰𑐶𑐲𑐫𑐰𑐶𑐲𑐢𑐬𑐐𑑂𑐬𑐳𑑂𑐟𑐔𑐶𑐟𑑂𑐟𑑀𑐥𑐣𑐷𑐔𑑅𑑌𑐖𑑂𑐫𑐾𑐲𑑂𑐛𑐾𑐩𑐵𑐳𑐶𑐳𑐶𑐟𑐾𑐖𑐣𑐵𑐬𑑂𑐡𑑂𑐡𑐣𑐟𑐶𑐠𑑁𑐧𑐵𑐞𑐵𑐖𑐶𑐣𑐵𑐐𑐒𑑂𑐎𑐶𑐟𑐾𑐰𑐬𑑂𑐲𑐾𑐥𑑄𑐎𑑂𑐟𑐶
b0c7c7z0,𑑊𑑉𑐣𑐩𑑅𑐱𑑂𑐬𑐷𑐥𑑄𑐔𑐟𑐟𑑂𑐰𑐵𑐟𑑂𑐩𑐣𑐾𑐣𑐵𑐬𑐵𑐫𑐞𑐫𑑋𑐫𑑄𑐰𑑂𑐬𑐮𑐾𑐣𑑂𑐡𑑂𑐬𑐩𑐸𑐣𑐷𑐣𑑂𑐡𑑂𑐬𑐔𑐣𑑂𑐡𑑂𑐬𑐰𑐶𑐰𑐢𑐵𑐢𑑂𑐫𑐵𑐫𑐣𑑂𑐟𑐶𑐴𑐟𑑂𑐥𑐒𑑂𑐎
7127ac0a,𑐞𑐷𑐡𑐾𑐰𑐧𑑂𑐬𑐵𑐴𑑂𑐩𑐞𑐥𑐹𑐖𑐎𑑋𑐣𑐵𑐩𑑂𑐣𑐵𑐩𑐬𑑀𑐴𑐬𑐥𑐬𑑄𑐳𑐶𑑄𑐴𑐰𑐶𑐏𑑂𑐫𑐵𑐟𑐬𑐵𑐩𑐎𑐩𑐖𑐸𑐣𑐷
5257cddd,𑐢𑐬𑐩𑐡𑐵𑐳𑐡𑐾𑐰𑐶𑐡𑐵𑐳𑑋𑑋𑐠𑑂𑐰𑐟𑐾𑐳𑑂𑐫𑐣𑐔𑐶
69a13z11,𑐨𑐸𑐖𑐡𑐞𑑂𑐜𑐡𑐵𑐣𑐳𑐣𑑂𑐟𑐵𑐣𑐳𑐩𑑂𑐩𑐵𑐣𑐶𑐟𑐐𑐸𑐞𑐶𑐐𑐞𑐩𑐷𑐫𑐩𑐵𑐣𑐵𑐣𑐰𑐡𑑂𑐫𑐐𑐡𑑂𑐫𑐥𑐡𑑂𑐫𑐵𑐡𑐶𑐰𑐶𑐰𑐶𑐢𑐎𑐵𑐰𑑂𑐫𑐵
28289439,𑐨𑐫𑑀𑑅𑐳𑑂𑐠𑐵𑐥𑐫𑐵𑑌𑑓
14b914c2,𑐂𑐣𑐵𑐫𑐎𑑀𑐡𑐾𑐰𑐳𑑂𑐎𑑄𑐥𑐸𑐖𑐵𑐫𑐵𑐫𑑍𑐖𑐸𑑑𑐥𑐸𑐖𑐵𑑍𑐥𑐵𑑒𑐱𑑂𑐰𑐐𑑄𑐢𑑁𑑍𑐐𑑂𑐰𑑑𑐏𑐾𑐖𑐱𑑂𑐬𑐷
45zc7d69,𑐖𑐵𑐎𑑂𑐫𑐾𑐦𑑄𑑖𑑐𑐧𑐥𑐸𑐎𑐫𑐵𑐟𑐰𑐶𑐫𑐩𑐵𑐬𑑄𑐡𑑄𑐳𑑋𑐖𑐵𑐎𑑂𑐫𑐦𑑄𑑑𑑐𑐳𑐶𑐣𑐐𑐩𑐵𑐮𑐔𑑀𑐎𑐩𑑂𑐴𑐫𑐵
218356d8,𑐣𑐢𑐵𑐬𑐶𑐴𑐵𑐎𑐸𑐣𑐵𑐠𑐳𑑂𑐟𑑂𑐬𑐷𑐐𑑄𑐐𑐵𑐬𑐵𑐩𑐫𑐷𑐥𑐸𑐟𑑂𑐬
23zz3056,𑐩𑐴𑐵𑐬𑐵𑐖𑐵𑐢𑐶𑐬𑐵𑐖𑐱𑑂𑐬𑐷𑐱𑑂𑐬𑐷𑐣𑐬𑐳𑐶𑑄𑐴𑐩𑐮𑑂𑐮𑐡𑐾𑐰𑐥𑑂𑐬𑐨𑐸𑐠𑐵𑐎𑐸𑐮𑐮𑑄𑐖𑐸𑐬𑑀𑑍𑐔
a54d1f1f,𑐳𑐸𑐡𑐣𑑀𑐬𑑂𑐖𑐸𑐣𑐩𑐶𑐰𑐵𑐬𑐵𑐟𑐾𑐬𑐞𑐾𑐨𑐷𑐲𑐞𑑅𑑋𑐱𑐎𑐳𑑂𑐫𑐾𑐰𑐖𑐫𑐣𑑂𑐟𑐊𑐲𑐟𑐣𑐫𑑀𑐫𑑀𑐰𑐷𑐬𑐨𑐡𑑂𑐬𑐵𑐎𑐺𑐟𑐶𑑅𑑌𑐟𑐾𑐣𑐵𑐎𑐵𑐬𑐶𑐩𑐛𑑀𑐩
7bz2cf0z,𑐣𑑂𑐴𑐸𑐔𑐵𑐎𑑂𑐬𑐩𑐟𑐕𑑀𑐫𑐎𑐾𑐔𑐾𑐎𑑄𑑒𑐡𑐸𑐠𑐾𑐥𑑄𑐔𑑀𑐥𑐔𑐵𑐬𑐥𑐸𑐖𑑌𑐳𑑄𑐎𑑂𑐬𑐵𑐣𑑂𑐟𑐶𑐥𑐟𑐶𑐎𑑄𑐩𑐧𑐾
711b14f8,𑐳𑑂𑐠𑐵𑐣𑐳𑑂𑐫𑑍𑐂𑐴𑐾𑐰𑐥𑐹𑐞𑑂𑐫𑐨𑐹𑐩𑑌𑐀𑐡𑑂𑐫𑑅𑐱𑑂𑐬𑐵𑐰𑐞𑐩𑐵𑐳𑑂𑐫𑐱𑐎𑑂𑐬𑐥𑐎𑑂𑐲𑐟𑐺𑐟𑐶𑐫𑐵𑐟𑐶𑐠𑑁𑑍𑐥𑐹
cdz22z99,𑐳𑑂𑐩𑐩𑐡𑐵𑐳𑐷𑐚𑐫𑐵𑐡𑐾𑐣𑐬𑐩𑑂𑐫𑐵𑑄𑑋𑐣𑐐𑐾𑐣𑑂𑐡𑑂𑐬𑐵𑐟𑑂𑐩𑐖𑐵𑑄𑐣𑐵𑐐𑐨𑐸𑐲𑑀𑐖𑑂𑐰𑐮𑐵𑐨𑑂𑐐𑐷𑑄𑑍𑐎𑐸𑐬𑐨𑑂𑐐𑐷𑐡𑐺𑐱𑑄𑐟𑐵𑐨𑐹𑐱𑑄𑐨𑐵𑐰𑐫𑐵𑐩𑑅𑑌𑑔
1z81z3bb,𑐣𑐾𑐬𑐹𑐱𑐵𑐳𑑂𑐟𑐵𑑌𑐢𑐬𑑂𑐩𑑂𑐩𑐢𑐵𑐬𑑄𑐩𑐸𑐣𑐷𑐣𑐵𑑄𑐖𑐶𑐣𑐐𑐸𑐬𑐸𑐱𑐸𑐨
5d994azz,𑑊𑐱𑑂𑐬𑐷𑑓𑐔𑐞𑑂𑐜𑐾𑐱𑑂𑐰𑐬𑐷𑐥𑑂𑐬𑐷𑐟𑐶𑐣
83058zab,𑐟𑐳𑑄𑑍𑐩𑐵𑐢𑐶𑐕𑐵𑐫𑐩𑐵𑐮𑐩𑑂𑐴𑑑𑐱𑑂𑐬𑐷𑐰𑐶𑐱𑑂𑐰𑐵𑐣𑐣𑑂𑐡𑐨𑐵𑐖𑐸𑑍𑐄𑐥𑐵𑐢𑑂𑐫𑐵𑑍𑐩𑑂𑐴𑑄𑑑𑐱𑑂𑐬𑐷𑐣𑐷𑐮𑐎𑐞𑑂𑐛𑐵𑐣𑐣𑑂𑐡𑐨𑐵𑐖𑐸𑑍𑐄𑐥𑐵𑐢𑑂𑐫𑐵𑑍𑐩𑑂𑐴𑑄𑑑𑐥𑐸𑐛𑐷𑐳𑑀𑐎𑐩𑑂𑐴𑐧𑑂𑐬𑐵𑐴𑑂𑐩
52a81daf,𑐣𑐢𑐵𑐬𑐶𑐴𑐵𑐎𑐸𑐣𑐵𑐠𑐳𑑂𑐟𑑂𑐬𑐷𑐐𑑄𑐐𑐵𑐬𑐵𑐩𑐫𑐷𑐥𑐸𑐟𑑂𑐬
z4bz2962,𑐟𑐶𑐳𑐸𑐧𑐬𑑂𑐞𑑂𑐞𑐥𑐣𑐵𑐬𑐶𑐩𑐴𑐵𑐣𑐐𑐬𑐾𑑍𑐟𑑄𑐧𑐮𑐵𑐕𑐶𑐟𑑂‍𑐰𑐵𑐮𑐫𑐵𑑍𑐟𑐸𑐮𑐵𑐢𑐬𑑍𑐢𑐬𑑂𑐩𑑂𑐩𑐞𑐵𑐬𑐵𑐫𑐞
df018dbf,𑐱𑑅𑐥𑑂𑐬𑐎𑐵𑐱𑐶𑐟𑐵𑐣𑐶𑐟𑑂𑐫𑑄𑐥𑑂𑐬𑐖𑐵𑐥𑐵𑐮𑐣𑐟𑐟𑑂𑐥𑐬𑐵𑑌𑐰𑐵𑐐𑑂𑐩𑐟𑑂𑐫𑐵𑐳𑑂𑐟𑐷𑐬𑐡𑐾𑐱𑐾𑐣𑐫𑐣𑐳𑐸𑐏𑐎𑐬𑐵𑐢𑐬𑑂𑐩𑐱𑐵𑐮𑐵𑐰𑐶𑐱𑐵𑐮𑐵𑑍𑐫𑑀𑐐𑐵𑐣𑐵𑑄𑐳𑑂𑐠𑐵𑐣𑐨𑐹𑐟𑐵𑐬𑐶
99d0a6cz,𑐎𑐵𑐲𑑂‍𑐛𑐩𑐞𑑂‍𑐡𑐥𑐩𑐴𑐵𑐣𑐐𑐬𑐾𑐟𑐬𑐰𑑀𑐟𑑀𑐮𑐧𑐜𑐣𑐣𑐶𑐫𑐾𑐟𑐵𑐕𑐾𑑃𑐫𑐵𑐥𑐶𑐟
da288901,𑐩𑐵𑐣𑐾𑐣𑐳𑑂𑐰𑐰𑐵𑐔𑐵𑐥𑐟𑐶𑐥𑐣𑑂𑐣𑐶𑐟𑐸𑐟𑐾𑐣𑑍𑐳𑑂𑐰𑐫𑐣𑐶𑐩𑐶𑐟𑐾𑐣𑑍𑐡𑐾
00z30bc6,𑐥𑑄𑐔𑐩𑐶𑐎𑐸𑐣𑑂𑐴𑐸𑐰𑐣𑐶𑐎𑐐𑑂𑐰
b1641ab0,𑐖𑐔𑐎𑑂𑐬𑐵𑐢𑐶𑐱𑑂𑐰𑐬𑐳𑑂𑐰𑐰𑐶𑐎𑑂𑐬𑐩𑑀𑐥𑐵𑐬𑑂𑐖𑑂𑐖𑐶𑐟𑐐𑐖𑐥𑐟𑐶𑐥𑐡𑐾𑐧𑐶𑐬𑐵𑐖𑐩𑐵𑐣𑐱𑑂𑐬𑐷𑐱𑑂𑐬𑐷𑐖𑐫𑐩𑐴𑐶𑑄𑐡𑑂𑐬𑐳𑐶𑑄𑐴𑐡𑐾𑐰𑐥𑐮𑐩𑐨𑐚𑑂𑐚𑐵𑐬𑐎𑐡𑐾𑐰𑐵𑐣𑐵𑑄𑐳𑐡𑐵𑐳𑐩𑐬
3845df08,𑑊𑑉𑐀𑐡𑑂𑐫𑐱𑑂𑐰𑐫𑐟𑐧𑐵𑐮𑐵𑐖𑑂𑐘𑐵𑐎𑐮𑑂𑐥𑐾𑐧𑐰𑐱𑑂𑐰𑐟𑐩𑐣𑑀𑑄𑐟𑐬𑑍𑐎𑐮𑐶𑐐𑐸𑐖𑐸𑐐𑐨
3c4638dz,𑐩𑐸𑐖𑑂𑐖𑐺𑐩𑑂𑐨𑐟𑐾𑑌𑐫𑐾𑐣𑐵𑐡𑐵𑐫𑐶𑐩𑐸𑐬𑐵𑐬𑐫𑐾𑑄𑑇𑐱𑑂𑐩𑐳𑐡𑐣𑑄𑐳𑐬𑑂𑐰𑑂𑐰𑐵𑐫𑐰𑐵𑐥𑐷𑐡𑑂𑐰𑐫𑑄𑐥𑐸𑐟𑑂𑐬𑐵𑐫𑐵𑐰𑐣𑐶𑐥𑐵𑐮𑐟𑐵𑐴𑐸𑐟
85a41z63,𑐲𑐬𑐵𑐳𑐶𑐐𑐟𑐾𑐔𑐣𑑂𑐡𑑂𑐬𑐩𑐳𑐶𑑌𑐎𑐵𑐱𑑂𑐫𑐥𑐐𑑀𑐟𑑂𑐬𑐳𑑂𑐫𑐩𑐩𑑋𑐣𑐵𑐬𑐵𑐫𑐞𑐡𑐵𑐳𑐳𑑂𑐫𑑌𑐱𑑂𑐬𑐷
bd627d04,𑐰𑐣𑐐𑐵𑐣𑐵𑐐𑐵𑐣𑐬𑐵𑑅𑐎𑐶𑐣𑑂𑐣𑐬𑐵𑑅𑑋𑑋𑐟𑐔𑐾𑐟𑑅𑐳𑐾𑐎𑐮𑑄𑐩𑐣𑑀𑑓𑐨𑐶𑐮𑐳𑑂𑐰𑐶
z380zaz9,𑐮𑐶𑐟𑐥𑑂𑐬𑑀𑐡𑑂𑐫𑐣𑑂𑐩𑑀𑐴𑐢𑐣𑐵𑐣𑑂𑐢𑐎𑐵𑐬𑐥𑐚𑐮𑐥𑑂𑐬𑐰𑑂𑐫𑐎𑑂𑐟𑐧𑑀𑐢𑑀𑐡𑐫𑑅𑑋𑐱𑐵𑐣𑑂𑐟𑐎𑑂𑐮𑐵𑐣𑑂𑐟𑐥𑐬𑐵𑐨𑐰𑐵𑐫𑐟𑐢𑐬𑐵
06z28b29,𑐩𑑂𑐧𑐟𑑗𑑙𑑖𑐖𑐾𑐲𑑂𑐛𑐱𑐸𑐎𑑂𑐬𑐡𑑂𑐰𑐶𑐟𑐷𑐫𑐵𑑄𑐟𑐶𑐠𑑁𑐩𑐺𑐐𑐱𑐶𑐬𑐣𑐎𑑂𑐲𑐟𑑂𑐬𑐱𑐹𑐮𑐫𑑀𑐐𑐾𑐁𑐡𑐶
515c2c3z,𑐎𑐾𑐱𑑂𑐰𑐬𑐶𑐒𑐵𑐏𑐵𑐔𑑀𑐎𑐫𑐵𑐱𑑂𑐬𑐷𑐖𑐶𑐡𑐾𑐰𑐖𑐸𑐖𑐸𑐬𑑀𑑌𑐱𑐸𑐨𑑌𑐨𑐹𑐫𑑄𑐎𑑀𑐎𑐵𑐳𑑂𑐰𑐵𑐣𑐴𑐵𑐣𑐾𑐕𑐶𑑑
d767bbzf,𑐩𑐵𑐣𑐰𑐵𑐣𑐬𑐢𑑂𑐰𑐖𑐱𑑂𑐬𑐷𑐳𑐟𑐹𑐰𑐶𑐴𑐵𑐬𑐩𑐴𑐵𑐣𑐐𑐬𑐣𑐵𑐫𑐎𑐣𑐬𑐥𑐟𑐶𑐩𑐴𑐵𑐬𑐵𑐖𑐵𑐢𑐶𑐬𑐵𑐖𑐱𑑂𑐬𑐷
7zbf1a1b,𑐎𑐾𑐱𑑂𑐰𑐬𑐶𑐒𑐵𑐏𑐵𑐔𑑀𑐎𑐫𑐵𑐱𑑂𑐬𑐷𑐖𑐶𑐡𑐾𑐰𑐖𑐸𑐖𑐸𑐬𑑀𑑌𑐱𑐸𑐨𑑌𑐨𑐹𑐫𑑄𑐎𑑀𑐎𑐵𑐳𑑂𑐰𑐵𑐣𑐴𑐵𑐣𑐾𑐕𑐶𑑑
819c5da7,𑐨𑐫𑑀𑑅𑐳𑑂𑐠𑐵𑐥𑐫𑐵𑑌𑑓𑑌
cbfz5a84,𑑋𑑋𑐨𑐵𑐏𑐵𑐠𑑂𑐰𑐬𑐵𑐕𑐾𑐫𑐵𑐀𑐟𑐐𑐮𑐶𑐣𑐡𑐸𑑍𑐳𑐎𑐬𑑂𑐫𑑄𑑍𑐠𑑂𑐰𑐰𑐶𑐴𑐵𑐬𑐳𑐳𑑄𑐎𑐮𑑂𑐥𑐫𑐵
df0dz7b6,𑐢𑐾𑑅𑐥𑐡𑑂‌𑐩𑐾𑐰𑐥𑐡𑑂𑐫𑐾𑐎𑑂𑐲𑐞𑐵𑐫𑐳𑑂𑐫𑐵𑑅𑐰𑐶𑐞𑐸𑐬𑐶𑐰𑐎𑑂𑐲𑐩𑐷𑐰𑐶𑐩𑐮𑐢𑐷𑑅𑐱𑑂𑐬𑐷𑐬𑐸𑐡𑑂𑐬𑐩𑐮𑑂𑐮𑑅𑐩𑐟𑐶𑑅𑐥𑑂𑐬𑐵𑐳𑐵𑐡𑑀𑐬𑐖𑐟𑐵𑐔𑐮𑐵
c635fa52,𑐳𑐠𑐵𑐥𑐸𑐖𑐵𑐫𑐵𑐫𑐩𑐵𑐬𑐧𑐸𑐳𑐵𑐢𑐣𑐎𑐸𑐣𑑂𑐴𑐸𑐟𑐶𑐔𑑀𑐡𑑀𑐬𑐧𑐸𑐫𑐵𑐰𑐬𑐳𑐵𑐣𑐥𑐾𑐧𑑀𑐳𑐕𑐶𑐰𑑀𑐣𑐔𑐵𑐌𑐠
356cd811,𑐬𑐩𑑂𑐴𑑄𑑌𑑖𑑌𑐳𑐩𑐸𑐴𑐖𑐸𑐫𑐵𑐌𑐔𑑀𑐣𑐵𑐧𑐾𑐮𑐳𑐢𑐬𑑂𑐩𑑂𑐩
26a5f2a3,𑐰𑐎𑐸𑐣𑑂𑐴𑐸𑐳𑐶𑑄𑐴𑐳𑐶𑑄𑐢𑐶𑐣𑐷𑑍𑐕𑐾𑐥𑐮𑐢𑐵𑐎
057521d9,𑐬𑐾𑑍𑐎𑐸𑑄𑐨𑐬𑐵𑐱𑐶𑐐𑐟𑐾𑐳𑐧𑐶𑐟𑐬𑐶𑐰𑐺𑐲𑐬𑐵𑐱𑐶𑐐𑐟𑐾𑐔𑐣𑑂𑐡𑑂𑐬𑐩𑐳𑐶𑑌𑐱𑑂𑐬𑐷𑑓𑐖
738dz3cz,𑑊𑐳𑑄𑐧𑐟𑑗𑑙𑑗𑐧𑐿𑐱𑐵𑐏𑐱𑐸𑐎𑑂𑐮𑐥𑐸𑐬𑑂𑐞𑑂𑐞𑐩𑐵𑐳𑐷𑐱𑑂𑐬𑐷
ac50bz3f,𑐴𑐩𑐴𑐵𑐰𑐶𑐴𑐵𑐬𑐾𑐲𑑂𑐛𑐶𑐟𑐩𑐥𑐶𑐎𑐸𑐮𑐩𑐵𑐣
81da604d,𑐫𑐵𑐒𑐵𑐣
4b806298,𑐎𑐸𑐩𑐵𑐬𑐷𑐳𑑄𑐑𑐬𑐟𑑂‍𑐣𑑑𑐴𑐬𑐶𑐎𑐸𑐮𑐶𑑑𑐮𑐟𑑂‍𑐣𑐧𑐵𑐴𑐵𑐡𑐸𑐬𑐐𑐸𑐥𑐎𑐸𑐩𑐵𑐬𑐷𑑑𑐩𑑀𑐴𑐩𑐵𑐫𑐵𑑑𑐐𑑂‍𑐫𑐷𑐟𑐩𑐵𑐫𑐵𑑑𑐖𑐵𑐦𑐸𑐩𑐵𑐫𑐵
zz415777,𑐔𑑄𑐔𑐟𑑂𑐎𑑀𑐚𑐶𑐟𑐬𑑄𑐐𑐶𑐞𑐷𑐩𑐞𑐶𑐩𑐟𑐷𑐳𑑄𑐐𑐩𑑂𑐫𑐳𑑄𑐰𑐵𑐴𑐶𑐣𑐷𑑍𑐳𑐾𑐫𑑄𑐧𑑂𑐬𑐴𑑂𑐩𑐳𑐬𑐳𑑂𑐰𑐟𑐷𑐰𑐶𑐖𑐫𑐟𑐾𑐐𑑀𑐒𑑂𑐐𑑀𑐥𑐩𑐵𑐰𑐵𑐐𑑂𑐩𑐟𑐷𑑌
ca4fd4f6,𑐡𑐶𑐣𑐖𑐸𑐬𑑀𑑍𑐬𑐟𑑂𑐣𑐾𑐱𑑂𑐧𑐬𑑍𑐨𑐧𑐣𑐾
z2f8b696,𑑑𑑐𑐁𑐡𑐶𑐟𑑂𑐫𑐰𑐵𑐬𑐎𑐸𑐣𑑂𑐴𑐸𑐥𑑂𑐬𑐟𑐶𑐲𑑂𑐛𑐵𑐫𑐵𑐒𑐵𑐡𑐶𑐣𑐖𑐸𑐮𑑀𑑋𑑋𑑋𑑋𑐢𑑄𑐖𑑂𑐰𑐣𑑂𑐟𑐣𑐵
1493bddf,𑐲𑐸𑑋𑑋𑐟𑐶𑐲𑑂𑐫𑐎𑐸𑐖𑐔𑐵𑐬𑑂𑐫𑑂𑐫𑐩𑐾𑐳𑐖𑑂𑐘𑐆𑐎𑑂𑐲𑐾𑐐
874a6zb3,𑐡𑐖𑐔𑐣𑑂𑐡𑑂𑐬𑐬𑐳𑑂𑐩𑐷𑑌𑐖𑑂𑐘𑐵𑐣𑑄𑐥𑑂𑐬𑐎𑐵𑐱𑑂𑐫𑐥𑐬𑐶𑐥𑐸𑐬𑐖𑐧𑐺𑐡𑑂𑐢𑐶𑐢𑑂𑐫𑐵
46c00272,𑐲𑑒𑐎𑑀𑐠𑐸𑐡𑑀𑐎𑑀𑐔𑐸𑑍𑐠𑑂𑐰𑐟𑐾𑐔𑐸𑐫𑐵𑐌𑐮𑐳𑐵𑐣𑑍𑐱𑑂𑐬𑐷𑐳𑐶
19caf740,𑐱𑐸𑐨𑐳𑐳𑐩𑑂𑐰𑐟𑑑𑑐𑑔𑑒𑑅𑐩𑑂𑐟𑐶𑐨𑐵𑐡𑑂𑐬𑐧𑐩𑐵𑐳𑑂𑐫𑐱𑐸𑐎𑑂𑐬𑐥𑐎𑑂𑐲𑐥𑑂𑐬𑐟𑐷𑐥𑑂𑐬
5bda0b5z,𑐥𑐵𑐬𑑂𑐰𑑂𑐰𑐟𑐷𑐱𑐎𑑂𑐟𑐶𑐳𑑄𑐳𑑂𑐠𑐶𑐟𑑄𑐩𑐺𑐟𑑂𑐫𑐸𑐣𑑂𑐖𑐫𑐱𑐶𑐰𑑄𑐧𑐣𑑂𑐡𑐾𑐱𑐒𑑂𑐎𑐬𑑄𑐖𑐐𑐡𑐷𑐱𑑂𑐰𑐬𑑄𑑌𑑉𑐣𑐩𑑀𑐬𑐟𑑂𑐣𑑄𑐟𑑂𑐬
2f8cb8cf,𑐡𑑂𑐢𑐶𑐎𑐵𑐩𑐣𑐵𑐬𑑂𑐠𑑍𑐫𑐠𑐵𑐱𑐵𑐱𑑂𑐟𑑂𑐬𑑀𑐎𑑂𑐟𑐟𑐠𑐵𑐦𑐮𑐥𑑂𑐬𑐵𑐥𑑂𑐟𑐾𑐟𑐶𑑌𑐥𑐸𑐣𑐨𑐵𑐥𑐵
9a504245,𑐏𑐞𑑂𑐜𑐾𑐨𑐵𑐬𑐟𑐧𑐬𑑂𑐲𑑌𑐴𑐶𑐩𑐧𑐚𑑂𑐚𑐎𑑂𑐲𑐶𑐱𑐥𑐵𑐡𑐾𑐣𑐾𑐥𑐵𑐮𑐩𑐞𑑂𑐜𑐮𑐾𑐱𑑂𑐬𑐷𑑓𑐥𑐱𑐸𑐥𑐟𑐶
cd4f1713,𑐡𑐾𑐧𑐥𑑂𑐬𑐩𑐹𑐲𑐣𑐖𑐖𑐩𑐵𑐣𑐖𑐏𑐬𑐵𑐖𑐨𑐵𑐬𑑀
93b5892c,𑐣𑑍𑐠𑐵𑐥𑐶𑐟𑐢𑐬𑑂𑐩𑑂𑐩𑐬𑐵𑐖𑐳𑑄𑐏𑑂𑐬𑐡𑐾𑐌𑐠𑑂𑐰𑐟𑐾𑐳𑐾𑐣𑑍𑐐𑐸𑐬𑐵𑐠𑑂𑐰𑐥𑑄𑐘𑑂𑐔𑐩𑐶𑐎𑐸𑐣𑑂𑐴𑐸𑐟𑐸𑑄𑐥𑐸𑐫𑐩𑐵𑐬𑐖𑐸𑐬𑑀𑑌𑐨𑐵𑐏𑐵𑐬𑑂𑐫𑐸𑐟𑐵
300f1a13,𑐨𑐸𑐩𑐶𑐨𑐵𑐐𑑂𑐫𑐵𑐄𑐥𑐕𑐣𑑂𑐡𑐥𑐶𑐛𑐾𑐱𑑂𑐬𑐷𑐴𑐾𑐬𑐸𑐎𑐧𑐶𑐬𑐸𑐥𑐵𑐎𑑂𑐲𑐏𑐐𑐵𑐣𑐣𑐵𑐢𑐶𑐧𑐵𑐳𑐶𑐟𑐾𑐀𑐣𑐾𑐎𑐡𑐾
9d562bd4,𑐌𑑍𑐰𑐶𑐔𑐵𑐮𑐫𑐵𑐫𑑍𑐩𑐵𑐮𑐖𑐸𑐬𑑀𑑍𑐄𑐥𑐬𑐵𑑄𑐣𑑂𑐟𑐣𑐴𑐵𑐣𑐾𑑍𑐀𑐳𑑂𑐟𑐶𑐡𑐶𑐣𑐎𑐸𑐣𑑂𑐴𑐸𑑍𑐡𑐾𑐐𑐸𑐮𑐶
dcf20b6f,𑐫𑐵𑐥𑐵𑐴𑐵𑐳𑐶𑑄𑐨𑐵𑐬𑑀𑐠𑑂𑐰𑐟𑐾𑐒𑐵𑐩𑑂𑐴𑐵𑑕𑐳𑐩𑐸𑐔𑐫𑐣𑐔𑐵𑐠𑑂𑐰𑐮𑐖𑐐
2c24zfd2,𑐣𑐵𑐬𑐵𑑄𑐩𑐾𑐥𑐸𑐟𑑂𑐬𑐵𑐳𑑂𑐟𑐾𑐖
3dcf8335,𑐢𑐬𑐐𑐸𑐠𑐶𑐳𑐡𑐸𑐣𑑂𑐟𑐵𑑍𑐢𑑀𑐬𑐏𑐵𑐧𑐸𑐬𑑀𑑑𑐔𑐸𑐬𑑓𑐎𑐶𑐡𑑀𑐬𑐶𑐌𑐧𑐸𑐬𑑀𑑒𑐴𑐵𑐎𑐸𑐟𑑂𑐰𑐵𑐦𑐮𑐌𑐬
z835a7bb,𑐡𑐸𑐣𑑂𑐟𑐵𑐖𑐸𑐬𑑀𑑌𑑌𑐱𑐸𑐨
3874baa4,𑐕𑐥𑐬𑑂𑐧𑑂𑐧𑐟𑐫𑐵𑐧𑐵𑐮𑐳𑑚𑐔𑐿𑐟𑑂𑐫𑐡𑐫𑐎𑐵𑐟𑐫𑐵𑐖𑐸𑐮𑑌𑐠𑐸𑐐𑐸𑐥𑐸𑐞𑐾𑐣𑐡𑐶𑐧𑑄𑐐𑐟𑐥𑐶𑐟𑐵
a519f913,𑐫𑐣𑑂𑐟𑐷𑑍𑐩𑐬𑐷𑐣𑐸𑐐𑑂𑐬𑐬𑐹𑐥𑐵𑐩𑐴𑑄𑐟𑑂𑐬𑐵𑑄𑐨𑐖𑐵𑐩𑐶𑑌𑑘𑑌𑐣𑐰𑑀𑐩𑐾𑐩𑐩𑐢𑑂𑐫𑐵𑐣𑐳𑐣𑑂𑐟𑐵𑐣𑐱𑐎𑑂𑐟𑐶𑑍𑐬𑑂𑐣𑑂𑐣𑐔𑐥𑑂𑐬𑐵𑐞𑐬𑑀𑐢𑐾𑐖𑐐𑐟𑐵
cba0fff3,𑐣𑑄𑐱𑑂𑐬𑐷𑐧𑐖𑑂𑐬𑐳𑐟𑑂‍𑐧𑐫𑐱𑐩𑑄𑐱𑐶𑐬𑐳𑐵𑑄𑐣𑐩𑐵𑐩𑐷𑑌𑑒𑑌𑐱𑐹𑐢𑑂𑐫𑐱𑑂𑐬𑐷
8a91ddz6,𑐫𑑀𑐐𑐳𑑀𑐩𑐧𑐵𑐬𑐠𑑂𑐰𑐎𑐸𑐣𑑂𑐴𑐸𑐥𑑂𑐰𑐵𑐠𑐮𑑄𑐏𑐸𑐰𑐶𑐖𑐫𑐴𑐬𑐶𑐎𑑀𑐕𑐎𑑀𑐡𑐺𑐲𑑂𑐛𑐎𑐷𑐬𑑂𑐟𑑂𑐬𑐶
cbdfd8a7,𑐱𑑂𑐬𑐷𑐩𑐕𑑂𑐬𑐷𑐱𑐵𑐎𑑂𑐫𑐳𑐶𑑄𑐴𑐾𑐟𑑂𑐫𑐵𑐡𑐶𑑐𑑌𑐡𑐵𑐣𑐥𑐟𑐶𑐖𑐖𑐩𑐵𑐣𑐣𑐾𑐥𑐵𑐮𑐩𑐞𑑂𑐜𑐮𑐾𑐱𑐵𑐣𑑂𑐟𑐶𑑄𑐑𑐟𑐳𑑂𑐠𑐵𑐣𑐾𑐠𑐵𑐫𑐩𑐡𑐸𑐟𑑀𑐮𑐣𑑂𑐴𑐸𑐧𑐵𑐴𑐵𑐮𑐳𑐔𑑀𑐣𑐩𑑂𑐴𑐳𑑂𑐠𑐵𑐥𑐶𑐟𑐣𑐵𑐫𑐎𑐖𑑀𑐐𑐰𑐷𑐬𑐟𑐳𑑂𑐫𑐨𑐵𑐬𑑂𑐫𑑂𑐫𑐵𑐖𑑂𑐘𑐵𑐣𑐶𑐠𑐎𑐸𑑄
1b3a182c,𑐎𑑂𑐲𑐐𑐟𑐶𑐥𑑂𑐬𑐵𑐦𑐖𑐸𑐥𑐵𑐫𑐐𑐸𑐨𑐳𑐬𑑂𑐰𑐖𑐐𑐟𑐷𑐐𑐸𑐨𑑄
b9193968,𑑉𑐀𑐡𑑂𑐫𑑅𑐧𑑂𑐬𑐩𑑂𑐴𑐞𑑀𑐡𑑂𑐢𑐶𑐟𑐷𑐫𑐥𑐬𑐵𑐡𑑂𑐢𑐾𑑍𑐱𑐷𑐫𑐟𑐧𑐬𑐵𑐴𑐵𑐎𑐬𑐥𑐾𑐰𑐿𑐰𑐰𑐱𑑂𑐰𑐟𑐩𑐣𑑂𑐰𑐎𑐬𑐾𑐀𑐲𑑂𑐚𑐵𑐰𑐶𑐱
a0zz1f9z,𑐨𑐵𑐖𑐹𑑌𑐠𑑂𑐰𑐧𑐾𑐮𑐳𑑍𑐱𑑂𑐬𑐷𑐧𑐣𑐶𑐎𑐵𑐥𑐹𑐬𑐶𑐳𑐠𑑂𑐰𑐡𑐾𑐰𑐮𑐥𑑂𑐬𑐟𑐶𑐲𑑂𑐛𑐵
18342zz6,𑐊𑐎𑐵𑐫𑑅𑑋𑐱𑐳𑑂𑐟𑑂𑐬𑐱𑐵𑐳𑑂𑐟𑑂𑐬𑐳𑑄𑐐𑐷𑐟𑐵𑐡𑐶𑐳𑐎𑐬𑐧𑐶𑐡𑑂𑐫𑐵𑐥𑐵𑐬𑐐𑑅𑐬𑐵𑐖𑐬𑐵𑐖𑐾𑐣𑑂𑐡𑑂𑐬𑐎𑐧𑐷𑐡𑑂𑐬𑐡𑐶𑐐𑑂𑐢
4334745c,𑐖𑑀𑐟𑐶𑐟𑐳𑑂𑐫𑐨𑐵𑐬𑑂𑐫𑑂𑐫𑐵𑑍𑐥𑐡𑐸𑐩𑐣𑐷𑐮𑐎𑑂𑐲𑑂𑐩𑐷𑐟𑐡𑐣𑐸𑐨𑐵𑐬𑑂𑐫𑑂𑐫𑐵𑐴𑐾𑐬𑐩𑐣𑐷𑑍𑐥𑐸𑐣𑐱𑑂𑐔𑐨𑐵𑐬𑑂𑐫𑑂𑐫𑐵𑑍𑐥𑐡𑐸𑐩𑐣𑐷𑐥𑑂𑐬𑐠
8b5fa00c,𑐧𑐵𑐬𑐫𑐾𑐱𑑂𑐬𑐷𑑒𑐳𑑂𑐰𑐫𑐨𑐸𑐬𑑂𑐔𑐾𑐟𑑂𑐫𑐨𑐚𑑂𑐚𑐵𑐬𑐎𑐳𑐣𑐶𑐢𑐵𑐣𑐾𑐀𑐡𑑂𑐫𑐵𑐡𑐶𑑋𑑋𑐡𑐵𑐣𑐥𑐟𑐶𑐎𑐵𑐟𑐶𑐥𑐸
a02fa841,𑐦𑑂𑐫𑐵𑐒𑐳𑐸𑐣𑐵𑐣𑑄𑐎𑐵𑐳𑐾𑐳𑐣𑐳𑐵𑑍𑐠𑑂𑐰𑐰𑐶𑐴𑐵𑐬𑑍𑐢𑑂𑐰𑑄𑐳𑐣𑐵𑐫𑐵𑐒𑐵𑐥𑑂𑐬𑐵𑐔𑐶𑐟𑑍𑐥𑑄𑐔𑐩𑐴𑐵
c162z48c,𑐡𑐾𑐰𑐳𑐎𑐾𑐮𑐸𑐫𑐵𑐩𑐸𑐡𑐫𑐡𑐫𑐎𑑄𑐡𑑀𑐴𑑀𑐬𑐰𑐵𑐖𑐸𑐬𑑀𑑌𑐳𑐸𑐨𑐩𑐳𑑂𑐟𑐸𑐳𑐬𑑂𑐰𑑂𑐰𑐡𑐵𑑌
d94880ac,𑐢𑐵𑐫𑑅𑑍𑐱𑑂𑐬𑐾𑐫𑑀𑑇𑐳𑑂𑐟𑐸𑑌𑐳𑑂𑐰𑐟𑑗𑑗𑑗𑐖𑐾𑐲𑑂𑐚𑐎𑐺𑐲𑑂𑐞𑑌𑐥𑑄𑐔𑐩𑐷𑐱𑑂𑐬𑐰𑐣𑐣𑐎𑑂𑐲𑐾𑐟𑑂𑐬𑐾𑐂𑐣𑑂𑐡𑑂𑐬𑐫𑑀𑐐𑐾𑐱𑐸𑐎𑐰𑐵𑐳𑐬𑐾𑐠𑑂𑐰𑐎𑐸
70503148,𑐮𑐨𑐵𑐲𑐵𑑋𑐱𑑂𑐬𑐾𑐫𑑀𑐳𑑂𑐟𑐸𑑌𑐳𑑄𑐰𑐟𑑂𑑘𑑕𑑒𑐖𑑂𑐫𑐾𑐲𑑂𑐛𑐩𑐵𑐳𑐾𑐱𑐸𑐎𑑂𑐮𑐥𑐎𑑂𑐲𑐾𑐥𑐣𑑂𑐔𑐩𑑂𑐫𑐵𑑄𑐟𑐶𑐠𑑁𑑍𑐥𑐸𑐲𑑂𑐫𑐣𑐎𑑂𑐲𑐾𑐟𑑂𑐬𑐾𑑍𑐰𑐸𑐡𑑂𑐢𑐶𑐫𑑀𑐐𑐾𑑍𑐧𑐸𑐢𑐰𑐵𑐳𑐬𑐾𑑍𑐠𑑂𑐰𑐎𑐸𑐣𑑂𑐴𑐸
d7c2559z,𑐐𑐞𑐾𑐱𑐵𑐫𑑌𑐱𑑂𑐬𑐷𑐫𑑀𑑇𑐳𑑂𑐟𑐸𑐳𑐩𑑂𑐰𑐟𑑂𑑘𑑐𑑓𑐨𑐵𑐡𑑂𑐬𑐥𑐡𑐩𑐵𑐳𑐾𑐱𑐸𑐎𑑂𑐬𑐥𑐎𑑂𑐲𑐾𑐡𑑂𑐰𑐵𑐡𑐱𑑂𑐫𑐵𑑄𑐟𑐶𑐠𑑁
f3253a71,𑐴𑐬𑐶𑐫𑐵𑐟𑐩𑐵𑐣𑑂𑐫𑐧𑐶𑐳𑐾𑐧𑐶𑐖𑑂𑐫𑐵𑐎𑑌𑐠𑑀𑐰𑐾𑐮𑐳𑐣𑐬𑐴𑐬𑐶𑐣𑐠𑐰𑐱𑐎𑑂𑐫𑐣𑐔𑐵𑐰𑐠𑐾𑑄𑑍𑐰𑐳𑑂𑐟𑐸𑐖𑐵
541142zz,𑐎𑑂𑐰𑐔𑐥𑐵𑐡𑐰𑐳𑑂𑐎𑐾𑐕𑑀𑐫𑐎𑐾𑐩𑐵𑐬𑑍𑐠𑑂𑐰𑐣𑐳𑐟𑐶𑐎𑐸𑐣𑑂𑐴𑐸𑐳𑑄𑐐𑐫𑐵𑐟𑑍𑐳𑐩𑑂𑐴𑐔𑐧𑐶𑐫𑐩𑐵𑐬𑑍𑐰
3bzz48c2,𑐡𑐶𑑍𑐳𑐎𑐬𑐰𑐶𑐡𑑂𑐫𑐵𑐬𑐐𑑅𑐬𑐵𑐖𑐬𑐵𑐖𑐾𑐣𑑂𑐡𑑂𑐬𑐎𑐰𑐷𑑄𑐣𑑂𑐡𑑂𑐬𑐰𑐶𑐡𑐐𑑂𑐰𑐔𑐸𑐟𑑂𑐬𑐵𑐩𑐞𑐶𑑍𑐩𑐴𑐵𑐬𑐵𑐖𑐵𑐢𑐶𑐬𑐵𑐖
2769zbz1,𑐐𑐸𑐞𑐏𑐐𑐱𑐶𑐎𑐵𑐬𑑂𑐟𑐶𑐎𑐾𑐱𑐸𑐎𑑂𑐮𑐥𑐎𑑂𑐲𑐾
295746fz,𑐧𑑂𑐬𑐟𑐶𑐮𑑀𑐎𑐳𑐩𑐳𑑂𑐟𑐳𑑂𑐫𑐩𑐵𑐑𑐧𑑂𑐬𑐟𑑂𑐟𑐫𑐵𑐱𑑂𑐬𑐷𑐱𑑂𑐬𑐷𑐩𑐵𑐢𑐧𑐨𑐵𑐜
8576d15d,𑑉𑐣𑐩𑑅𑐱𑑂𑐬𑐷𑑓𑐎𑐸𑐮𑐶𑐐𑐵𑐳𑐣𑐵𑐎𑑂𑐲𑑀𑐨𑑂𑐫𑑌𑐳𑑂𑐰𑐳𑑂𑐟𑐶𑑌𑐳𑐩𑑂𑐧𑐟𑑗𑑘𑑓𑐔𑐿𑐟𑑂𑐬𑐩𑐵𑐳𑐾𑐱𑐸𑐎𑑂𑐮
64c3dc39,𑐱𑐸𑐨𑐳𑐳𑐩𑑂𑐰𑐟𑑑𑑐𑑔𑑒𑑅𑐩𑑂𑐟𑐶𑐨𑐵𑐡𑑂𑐬𑐧𑐩𑐵𑐳𑑂𑐫𑐱𑐸𑐎𑑂𑐬𑐥𑐎𑑂𑐲𑐥𑑂𑐬𑐟𑐷𑐥𑑂𑐬
0z65c057,𑐰𑐷𑐬𑐥𑑂𑐬𑐨𑐷𑐟𑐶𑑄𑐥𑐬𑐶𑐰𑐵𑐬𑐕𑐶𑐫𑐵𑐠𑐸𑐐𑐸𑐖𑐣𑑂𑐩𑐳𑐩𑐣𑑀𑐬𑐠𑐥𑐸𑐬𑑂𑐞𑐖𑐸𑐫𑐾𑐩𑐵𑐮𑐥𑐬𑐟𑑂𑐬𑐳𑐩𑑀𑐎𑑂𑐲𑐥𑐡𑐧𑐶𑐮𑐵𑐫𑐡𑐫𑐩𑐵𑐮𑑅𑑌𑐱𑑂𑐬𑐷𑐳𑐩𑑂𑐰𑐟𑑂𑑑𑑐𑑒𑑐𑐳𑑂𑐟𑐶𑐦𑐵𑐮𑑂𑐐𑐸𑐞𑐱𑐸𑐎𑑂𑐮𑐥𑐵𑐡𑐸𑐄𑐟𑑂𑐬𑐨𑐡𑑂𑐬𑐣𑐎𑑂𑐲𑐟𑑂𑐬𑐳𑐵𑐏𑑂𑐫𑐫𑑀𑐐
53874c06,𑑊𑑉𑐣𑐩𑑅𑐱𑑂𑐬𑐷𑐧𑐖𑑂𑐬𑐢𑐵𑐟𑐰𑐾𑑌𑑌𑐣𑐩𑐳𑑂𑐟𑐸𑐔𑐿𑐟𑑂𑐫𑐵𑐫𑐳𑐐𑐟𑐵𑐮𑐫𑐵𑐫𑐰𑐶𑐱𑐸𑐡𑑂𑐢𑐬𑐸𑐥𑐵𑐫𑐡𑐸𑐬𑐶𑐟𑐵𑐥𑑂𑐬𑐴𑐵𑐫𑑌𑐔𑐶𑐟𑐿𑐧𑐬𑐸𑐥𑐵𑐫𑐎𑐸𑐱𑑂𑐰𑑀𑐟𑑂‌𑐨𑐰𑐵𑐫𑐟𑑄𑐔𑐿𑐟𑑂𑐫𑐬𑐸𑐥𑐵𑐫𑐥𑑂𑐬𑐣𑐩𑐵𑐩𑐶𑐨𑐸𑐫𑑌𑑌𑐀𑐡𑑂𑐫
b16b7d30,𑐰𑐵𑐫𑐵𑐎𑑌𑐠𑑀𑐐𑐸𑐬𑐳𑐾𑐰𑐵𑐣𑑍𑐩𑐴𑐵𑐬𑐵𑐖𑐵𑐥𑑂𑐬𑐳𑐣𑑂𑐣𑐖𑐸𑐫𑐵𑐰𑐠𑑀𑐩𑐞𑐶𑐩𑐞𑑂𑐜𑐥𑐳𑐧𑐶𑐖𑑂𑐫𑐵𑐒𑐵𑐰𑐣𑐬
3426z8f8,𑐥𑐵𑐬𑑂𑐰𑑂𑐰𑐟𑐷𑐱𑐎𑑂𑐟𑐶𑐳𑑄𑐳𑑂𑐠𑐶𑐟𑑄𑐩𑐺𑐟𑑂𑐫𑐸𑐣𑑂𑐖𑐫𑐱𑐶𑐰𑑄𑐧𑐣𑑂𑐡𑐾𑐱𑐒𑑂𑐎𑐬𑑄𑐖𑐐𑐡𑐷𑐱𑑂𑐰𑐬𑑄𑑌𑑉𑐣𑐩𑑀𑐬𑐟𑑂𑐣𑑄𑐟𑑂𑐬
b4506376,𑐧𑐵𑐣𑐾𑐳𑑂‍𑐰𑐬𑐟𑐵𑐬𑐜𑑀𑐠𑐜𑐂𑐢𑐵𑐬𑐧𑐸𑐣𑑀𑑑𑐔𑐸𑐣𑑑𑐡𑑀𑐴𑐣𑐥𑐟𑐫𑐵𑐖𑐸𑐣𑑀𑑅𑐠𑑂‍𑐰𑐔𑐸𑐫𑐵
28bc22f7,𑐖𑐾𑑍𑐳𑐬𑑂𑐰𑑂𑐰𑐵𑐟𑑂𑐩𑐵𑐣𑐩𑐐𑐩𑑂𑐫𑐩𑐶𑐣𑑂𑐡𑑂𑐬𑐶𑐫𑐐𑐞𑑅𑐳𑐬𑑂𑐰𑑂𑐰𑐖𑑂𑐘𑐩𑐵𑐡𑑂𑐫𑑄𑐰𑐶𑐨𑐸𑑄𑑋𑐣𑐶𑐟𑑂𑐫𑐵𑐣𑐣𑑂𑐡𑐶𑐩𑐫𑑄𑐥𑐬𑐵𑐟𑑂𑐥𑐬𑐟𑐬𑑄𑐳𑑄𑐳𑐵𑐬
1faa99df,𑐮𑐵𑐳𑐶𑐢𑐎𑑄𑐣𑐶𑐧𑐾𑐡𑐣𑐫
550c0990,𑐳𑐶𑐡𑑂𑐢𑐶𑐎𑐵𑐮𑐷𑐩𑐫𑐵𑐡𑐟𑑂𑐟𑑄𑐡𑐾𑐰𑐷𑐥𑐸𑐬𑐶𑑄𑐰𑑂𑐬𑐖𑐵𑐩𑑂𑐫𑐴𑑄𑑋𑑋𑑒𑑋𑑋𑐀𑐡𑑂𑐫𑑍𑐱𑑂𑐰𑐟𑐧𑐵
z82c42b7,𑑉𑐱𑑂𑐬𑐷𑐐𑐞𑐾𑐱𑐵𑐫𑐣𑐩𑑅𑑋𑑋
f618dczd,𑐣𑐺𑐥𑐟𑑁𑐱𑑂𑐬𑐷𑐨𑐸𑐥𑐟𑐷𑐣𑑂𑐡𑑂𑐬𑐾𑐩𑐸𑐡𑐵𑐫𑐵𑑍𑐡𑑂𑐫𑑄𑐱𑐵𑐳𑐟𑐶𑐡𑐶𑐰𑑂𑐫𑐰𑐿𑐨𑐰𑐫𑐸𑐟𑐾𑐣𑐾𑐥𑐵𑐮
c4z2bc47,𑑊𑑉𑐱𑑂𑐬𑐷𑑓𑐨𑐷𑐩𑐳𑐾𑐣𑐵𑐫𑐣𑐩𑑅𑑌𑑌𑐡𑑀𑐬𑑂𑐡𑐞𑑂𑐜𑐾𑐣𑐧𑐮𑐾𑐣𑐫𑐾𑐣𑐣𑐶𑐴𑐟𑑀𑐡𑐸𑑅𑐱𑐵𑐣𑑂𑐟𑐡𑐸𑑅𑐱𑐵𑐳𑐣𑑀𑑍𑐫𑐸𑐡𑑂𑐢𑐾𑐨𑐷𑐲𑐞𑐫𑐵𑐖𑐑𑐵𑐣𑐐𑐡𑐫𑐵𑐡𑐸𑐂𑐬𑑂𑐫𑑀𑐢𑐣𑑄𑐫𑑀𑑇𑐢𑐩
4d3zc654,𑐠𑐸𑐥𑐸𑐲𑐸𑐬𑐦𑐬𑐾𑐩𑑄𑐡𑐥𑐡𑐫𑐎𑐵𑐰𑐥𑐟𑐶𑐳𑑂𑐠𑐵𑐫𑐵𑐒𑐵𑐡𑐶𑐣𑐳𑐩𑑂𑐰
51f0d410,𑑊𑐳𑑂𑐰𑐳𑑂𑐟𑐶𑑌𑐏𑑂𑐫𑐵𑐟𑐎𑐸𑑄𑐖𑐣𑐾𑐟𑑂𑐬
18fcfb40,𑐧𑐨𑐹𑐟𑐳𑑂𑐰𑐖𑐣𑐳𑐴𑐶𑐟𑐵𑐣𑑂𑐳𑐬𑑂𑐰𑐳𑐟𑑂𑐰𑐵
012938a1,𑐞𑐬𑐣𑐸𑐥𑐩𑑀𑐬𑐹𑐥𑐬𑐟𑐷𑐰𑐮𑑂𑐮𑐨𑑀𑐢𑐾𑐫𑑂‌𑐫𑐬𑑂𑐡𑐵𑐱𑐬𑐠𑐶𑐲𑑂𑐥𑑂𑐬𑐟𑐵𑐥𑐟𑐟𑐶𑐩𑐶𑐱𑑂𑐔𑐞𑑂𑐜𑑅𑐥𑑂𑐬𑐔𑐞𑑂𑐜𑐵𑑐𑐱𑐸𑐎𑑅𑑋𑐐𑐵
8902cbb8,𑑊𑑉𑐣𑐩𑑅𑐱𑑂𑐬𑐷𑐥𑑄𑐔𑐟𑐟𑑂𑐰𑐵𑐟𑑂𑐩𑐣𑐾𑐣𑐵𑐬𑐵𑐫𑐞𑐫𑑋𑐫𑑄𑐰𑑂𑐬𑐮𑐾𑐣𑑂𑐡𑑂𑐬𑐩𑐸𑐣𑐷𑐣𑑂𑐡𑑂𑐬𑐔𑐣𑑂𑐡𑑂𑐬𑐰𑐶𑐰𑐢𑐵𑐢𑑂𑐫𑐵𑐫𑐣𑑂𑐟𑐶𑐴𑐟𑑂𑐥𑐒𑑂𑐎
dd294z8f,𑐬𑑂𑐩𑑂𑐩𑐔𑐶𑐟𑑂𑐟𑐖𑐵𑐥𑑍𑐠𑑂𑐰𑐰𑐶𑐴𑐵𑐬𑐡𑐫𑐎𑐵𑑌
d20f9a82,𑐣𑐾𑐰𑑄𑐎𑐸𑐳𑐵𑐥𑐸𑐏𑐸𑐬𑐳𑐟𑐫𑐵
89644507,𑐣𑑂𑐟𑐵𑐫𑐵𑐒𑐵𑐰𑐡𑐫𑐎𑐵𑑋𑑋𑐳𑑂𑐠𑐵𑐥𑐣𑐵𑐡𑐶𑐣𑑋𑑋𑐳𑐩𑑂𑐧𑐟𑑂
ba6a805b,𑐥𑐱𑐸𑐥𑐟𑐶𑐥𑐵𑐡𑐥𑐵𑐠𑑀𑐖𑐥𑐬𑐵𑐐𑐬𑐵𑐐𑐶𑐟𑐱𑑂𑐬𑐷𑐩𑐣𑑂𑐩𑐵𑐣𑐾𑐱𑑂𑐰𑐬𑐷𑐲𑑂𑐚𑐡𑐾𑐰𑐟𑐵𑐰𑐬𑐮𑐎𑑂𑐲𑐥𑑂𑐬𑐳𑐵𑐡𑐡𑐾
f4fz6a97,𑐫𑐥𑐶𑐰𑐫𑑌𑑌𑐠𑑂𑐰𑐡𑐾𑐰𑐮𑐳𑐑𑐵𑐔𑐥𑐸𑐫𑐎𑐾𑐰𑐵𑐮𑐎𑐾𑐧𑐸𑑄𑐐𑐫𑐵𑐟𑐰𑑀𑐂𑐣𑑂𑐡𑑂𑐬𑐫𑐵𑐟𑐣𑐰𑑀𑐣𑐖𑐸𑐮𑑀𑑌𑐠𑑂𑐰𑐟𑐾𑐫𑐵𑐔𑐶𑑄
c88272z5,𑐄𑐟𑑂𑐬𑐨𑐡𑑂𑐬𑐱𑐸𑐨𑐖𑑀𑐐𑐧𑐸𑐢𑐰𑐵𑐬
56dbf773,𑐩𑐟𑑂𑐫𑐵𑐥𑐹𑐬𑑂𑐰𑑂𑐰𑐎𑐸𑐬𑐾𑐱𑑂𑐬𑐷𑐩𑐎𑐵𑐣𑑂𑐟𑐶𑐥𑐸𑐮𑐶𑐩𑐵𑐴𑐵𑐣𑐐𑐬𑐾𑐱𑑂𑐬𑐷𑑒𑐫𑐩𑐩𑐬𑐾𑐱𑑂𑐰𑐬𑐨𑐚𑑂𑐚𑐵𑐬𑐎
fc96c6a6,𑐱𑐶𑐐𑐟𑐾𑐔𑐣𑑂𑐡𑑂𑐬𑐩𑐱𑐶𑑋𑑋𑐱𑐸𑐨𑐩𑐳𑑂𑐟𑐸𑐳𑐬𑑂𑐰𑑂𑐰𑐡𑐵𑐱𑐸𑐨𑑋𑑋
4721d5c3,𑐣𑐱𑑂𑐬𑐷𑐩𑐟𑑂𑐱𑑂𑐬𑐷𑑓𑐎𑐵𑐲𑑂𑐛𑐨𑑀𑐟𑐣𑑂𑐴𑐰𑐣𑐾𑐖𑐮𑐢𑐵𑐮𑐶𑐡𑐫𑐎𑑄𑐥𑐟𑐶𑐳𑑂𑐠𑐵𑐫𑐵𑐒𑐵𑐡𑐶𑐣𑐖𑐸𑐬𑑀𑑌𑐠𑑂𑐰𑐖𑐮𑐢𑐸𑐣𑐷𑐳
58aa59a1,𑑋𑑋𑐨𑐵𑐏𑐵𑐠𑑂𑐰𑐬𑐵𑐕𑐾𑐫𑐵𑐀𑐟𑐐𑐮𑐶𑐣𑐡𑐸𑑍𑐳𑐎𑐬𑑂𑐫𑑄𑑍𑐠𑑂𑐰𑐰𑐶𑐴𑐵𑐬𑐳𑐳𑑄𑐎𑐮𑑂𑐥𑐫𑐵
299df1zd,𑐬𑑂𑐰𑑂𑐰𑐟𑑂𑐫𑐴𑐰𑐷𑑄𑐥𑑂𑐬𑐱𑐵𑐣𑑂𑐟𑐵𑑄𑐟𑐩𑑂𑐧𑑁𑐡𑑂𑐢𑐣𑐵𑐐𑑄𑐱𑐶𑐬𑐳𑐵𑐣𑐩𑐵𑐩𑐶𑑌𑐳𑐵𑐎𑐵𑐬𑐵𑐔𑐣𑐶𑐬𑐵𑐎𑐺𑐟𑐶𑐬𑑂𑐨𑐐𑐰𑐟𑐷𑐥𑑂𑐬𑐵
37d4f7z6,𑐣𑐵𑐩𑐵𑐬𑐎𑑂𑐟𑐵𑐎𑐺𑐟𑐶𑐳𑐸𑑄𑐡𑐬𑑀𑐬𑐰𑐶𑐬𑐶𑐰𑐱𑑂𑐬𑐷𑐮𑑀𑐎𑐣𑐵𑐠𑑅𑐥𑑂𑐬𑐨𑐸𑑌𑐱𑑂𑐬𑐷𑐨𑐷𑐩𑐳𑑂𑐫𑐩𑐞𑐾𑑅𑐳𑐩𑐵𑐳𑑂𑐠𑐮𑐩𑐶
51b42d33,𑐖𑐸𑐬𑑀𑑌𑐠𑑂𑐰𑐣𑐿𑐬𑐎𑑀𑐠𑑄𑐎𑐵𑐖𑐵
28f357az,𑐳𑐡𑐵𑐨𑐎𑑂𑐟𑐶𑐣𑑁𑐣𑐶𑐥𑑂𑐬𑐥𑐺𑐖𑑂𑐫𑑄𑑌𑐩𑐞𑐷𑐳𑐶𑑄
bz32404f,𑐡𑑂𑐢𑐶𑐥𑐹𑐬𑑂𑐰𑐷𑐣𑐬𑐳𑐶𑑄𑐴𑐣𑐵𑐩𑐵𑑌𑐥𑑂𑐬𑐵𑐳𑐵𑐡𑑀𑐫𑑄𑐰𑐶𑐱𑐵𑐮𑑀𑐣𑐰𑐣𑐟𑐰𑐎𑐮𑐱𑐵𑐰𑐾𑐲𑑂𑐚𑐶𑐟𑐵𑐐𑑂𑐬𑑀𑐴𑐶𑐩𑐵𑑄𑐩𑑅𑐱𑑂𑐬𑐷𑐩𑐟𑑂𑐫𑐵𑐬𑐸𑐡𑑂𑐬𑐩𑐟𑑂𑐰𑐵𑐰𑐺𑐴𑐡𑐸
b2ff1700,𑐨𑐸𑐖𑐡𑐞𑑂𑐜𑐡𑐵𑐣𑐳𑐣𑑂𑐟𑐵𑐣𑐳𑐩𑑂𑐩𑐵𑐣𑐶𑐟𑐐𑐸𑐞𑐶𑐐𑐞𑐩𑐷𑐫𑐩𑐵𑐣𑐵𑐣𑐰𑐡𑑂𑐫𑐐𑐡𑑂𑐫𑐥𑐡𑑂𑐫𑐵𑐡𑐶𑐰𑐶𑐰𑐶𑐢𑐎𑐵𑐰𑑂𑐫𑐵
0c4c32zc,𑐳𑐩𑑂𑐰𑐟𑑂𑑘𑑒𑑙𑐦𑐵𑐮𑑂𑐐𑐸𑐞𑐱𑐸𑐎𑑂𑐮𑐣𑐰𑐩𑐷𑐬𑑀𑐴𑐶𑐞𑐷𑐣𑐎𑑂𑐲𑐟𑑂𑐬𑐾𑐧𑐢𑐺𑐟𑐶𑐫𑐬𑐰𑐶𑐲𑑂𑐎𑑄𑐨
a8z469zc,𑑉𑐣𑐩𑑅𑐱𑑂𑐬𑐷𑐩𑐡𑑂𑐬𑐵𑐬𑑂𑐫𑑂𑐫𑐵𑐰𑐮𑑁𑐎𑐶𑐟𑐾
9z5f8523,𑐴𑐾𑐩𑐵𑐬𑑂𑐫𑐟𑐵𑐬𑐵𑐳𑐴𑐶𑐟𑐡𑑂𑐰𑐫𑐱𑐶𑐮𑐵𑐳𑑂𑐟𑑄
3b007a93,𑐮𑐳𑐖𑐮𑐢𑐸𑐣𑐶𑐳𑑂𑐠𑐵𑐥𑐣𑐵
54fdf303,𑐱𑑂𑐬𑐷𑑓
b2446219,𑐰𑐺𑐡𑑂𑐰𑐶𑐳𑑂𑐟𑐸𑑍𑐖𑐟𑑀𑐳𑐵𑐳𑑂𑐳𑐟𑑂𑐬𑐳𑐥𑑂𑐬𑐵𑐰𑑂𑐟𑐵𑐨𑐰𑐟𑐸𑑍𑐀
88f7cbfd,𑑋𑑋𑐨𑐵𑐏𑐵𑐠𑑂𑐰𑐬𑐵𑐕𑐾𑐫𑐵𑐀𑐟𑐐𑐮𑐶𑐣𑐡𑐸𑑍𑐳𑐎𑐬𑑂𑐫𑑄𑑍𑐠𑑂𑐰𑐰𑐶𑐴𑐵𑐬𑐳𑐳𑑄𑐎𑐮𑑂𑐥𑐫𑐵
830a9510,𑐣𑑂𑐴𑐶𑐟𑐵𑐬𑑂𑐠𑑌𑐣𑐾𑐥𑐵𑐮𑐳𑐩𑑂𑐰𑐟𑐿𑐳𑑂𑐩𑐶𑐣𑐥
23cbdd03,𑐫𑐵𑐫𑑌𑐩𑐴𑐧𑐮𑑀𑐖𑑂𑐘𑐵𑐣𑐳𑐩𑐵𑐢𑐶𑐡𑐣𑑂𑐟𑑀𑐫𑑅𑐥𑐣𑑂𑐖𑐬𑑄𑐖𑐣𑑂𑐩𑐩𑐫𑑄𑐰𑐶𑐡𑐵𑐬𑑂𑐫𑐰𑐶𑐰𑐾𑐱𑐣𑐶
80zc8z9f,𑐣𑐵𑐐𑐎𑐮𑐶𑐟𑐾𑐣𑐾𑐥𑐵𑐮𑐳𑐩𑐟𑐵𑐬𑐾𑐱𑐸𑐎𑐺
4323c8zz,𑐬𑑂𑐰𑑂𑐰𑐟𑑂𑐫𑐴𑐰𑐷𑑄𑐥𑑂𑐬𑐱𑐵𑐣𑑂𑐟𑐵𑑄𑐟𑐩𑑂𑐧𑑁𑐡𑑂𑐢𑐣𑐵𑐐𑑄𑐱𑐶𑐬𑐳𑐵𑐣𑐩𑐵𑐩𑐶𑑌𑐳𑐵𑐎𑐵𑐬𑐵𑐔𑐣𑐶𑐬𑐵𑐎𑐺𑐟𑐶𑐬𑑂𑐨𑐐𑐰𑐟𑐷𑐥𑑂𑐬𑐵
0cc4a3d2,𑐎𑐹𑑅𑐎𑑂𑐲𑐶𑐟𑐶𑐥𑐟𑐾𑑅𑐳𑐳𑑂𑐫𑐵𑐟𑑂𑐳𑐡𑐵𑐩𑐵𑐣𑑂𑐫𑐩𑐺𑐟𑑂𑑌𑐧𑑂𑐬𑐩𑑂𑐴𑐵𑐣𑐾𑐟𑑂𑐬𑐡𑐶𑐐𑐒𑑂𑐐𑐣𑐵𑐒𑑂𑐎𑐳𑐴𑐶𑐟𑐾𑐣𑐾𑐥𑐵𑐮𑐳
ba780790,𑐣𑑂𑐡𑑂𑐬𑐩𑑁𑐮𑐶𑐩𑐸𑐎𑐸𑐚𑐵𑐟𑑂‌𑐳𑐬𑑂𑐰𑑂𑐰𑐵𑐬𑑂𑐠𑐔𑐶𑐣𑑂𑐟𑐵𑐩𑐞𑐾𑐳𑐵𑐎𑑂𑐲𑑂𑐫𑐵𑐔𑑂𑐕𑐷𑐖𑐐𑐡𑐷𑐱𑑂𑐰𑐬𑑀𑐣𑐺𑐥𑐰𑐥𑐸𑑅𑐱𑑂𑐬𑐷𑐰𑐶𑐲𑑂𑐞𑐸𑐳𑐴𑑀𑑇𑐖𑐣𑐶𑑋𑐡𑐺𑐲𑑂𑐚𑐵𑐣𑑂𑐡𑐞𑑂𑐜𑐫𑐶𑐟𑐸𑑄𑐡𑑂𑐰𑐶𑐲𑑀
f767z7bz,𑑋𑐫𑐡𑐷𑐫𑐳𑑄𑐦𑐸𑐮𑑂𑐮𑐫𑐱𑑅𑐳𑐬𑑀𑐖𑐾𑐰𑐶𑐫𑐡𑑂𑐰𑐩𑑁𑐨𑐸𑐒𑑂𑐐𑐂𑐰𑐵𑐧𑑂𑐖𑐩𑐢𑑂𑐫𑐾𑐣𑐷𑐟𑐶𑐖𑑂𑐘𑑀𑐡𑐬𑐳𑐶𑑄𑐴𑐩𑐮𑑂𑐮𑐟𑐣𑐫𑑅𑐱𑑂𑐬𑐷𑐰𑐶𑐲𑑂𑐞𑐸𑐩𑐮𑑂𑐮𑑅
c4c983a7,𑐬𑐎𑐵𑐩𑐔𑐵𑐔𑐵𑐟𑑂𑐣𑐩𑑀𑐎𑑂𑐲𑐐𑐟𑐶𑐥𑑂𑐬𑐵𑐦𑐖𑐸
c9ab98f7,𑐫𑐵𑐒𑐣𑐱𑑂𑐬𑐷𑑓𑐧𑐖𑑂𑐬𑐵𑐳𑐣𑐀𑐎𑑂𑐲𑑀𑐨𑑂𑐫𑐳𑐎𑐾𑐱𑑂𑐬𑐷𑑓𑐔𑐎𑑂𑐬𑐳𑐩𑑂𑐧𑐬𑐴𑐾𑐬𑐸𑐎𑐳𑐎𑐾
c5bcb524,𑐟𑐬𑐎𑑂𑐲𑑂𑐩𑐶𑑍𑐢𑐩𑐂𑑍𑐠𑑂𑐰𑐳𑐾𑐣𑑍𑐱𑑂𑐰𑐐𑑂𑐫𑑂𑐬𑐴𑐾𑑍𑐩𑐣𑐳𑐂𑐔𑑂𑐕𑑂𑐫𑐵𑐢𑐩𑑂𑐩𑐔𑐶𑐟𑑂𑐟𑐄𑐟𑑂𑐫𑐖𑐸𑐫𑐵𑐌𑑍𑐳𑐶𑐬𑐵
d71f40c2,𑐱𑐶𑐧𑐮𑐶𑑄𑐐𑐳𑐧𑐺𑐲𑐨𑐳𑑂𑐠𑐵𑐥𑐣𑐥𑑂𑐬𑐟𑐶𑐲𑑂𑐚𑐵𑐫𑐣𑑂𑐫𑐔𑐟𑑂𑐟𑐸𑐬𑑂𑐧𑑂𑐧𑐡𑑀𑐎𑑂𑐟𑐦𑐮𑐥𑑂𑐬𑐵𑐥𑑂𑐟𑐶𑐎𑐵𑐩𑐣
7286za74,𑐟𑐬𑐵𑐳𑐶𑐐𑐟𑐾𑐳𑐰𑐶𑐟𑐬𑐾𑑍𑐳𑐶𑑄𑐴𑐬𑐵𑐳𑐶𑐐𑐟𑐾𑐔𑑄𑐡𑑂𑐬𑐩𑐳𑐶𑑌𑐟𑐳𑑂𑐩𑐶𑐡𑐶𑐣𑐾𑑌𑐂𑐟𑐸𑑄𑐧𑐵𑐴𑐵𑐬𑐌
zz80cbdb,𑐳𑑄𑐩𑑂𑐢𑐰𑑂𑐬𑐶𑑑𑐔𑐶𑐬𑐶𑐠𑐎𑐸𑑃𑑑𑐎𑐾𑐔𑐩𑐵𑑑𑐣𑐖𑐬𑐎𑐸𑐩𑐵𑐬𑐷𑐳𑑄𑐑𑐬𑐟𑑂‍𑐣𑑑𑐴𑐬𑐶𑐎𑐸𑐮𑐶𑑑𑐮𑐟𑑂‍𑐣𑐧𑐵𑐴
z86f1aa1,𑐣𑐨𑐵𑐬𑑀𑐠𑐸𑐟𑐶𑐳𑐩𑐹𑐔𑐫𑐣𑐖𑑂𑐘𑐵𑐣𑐬𑐵𑐖𑐥𑑂𑐬𑐩𑐸𑐲𑑄𑐖𑐊𑐬𑐵𑐖𑐩𑑄𑐘𑑂𑐖𑐸𑐬𑐵𑐖𑑍𑐢𑐣𑐬𑐵𑐖𑐨𑐵𑐟𑐺𑐥𑐸𑐟𑑂𑐬𑐧𑐺𑐣𑑂𑐡𑑂𑐬𑐬𑐵
fzccc35b,𑑉𑐣𑐩𑑅𑐱𑑂𑐬𑐷𑑓𑐎𑐸𑐮𑐶𑐐𑐵𑐳𑐣𑐵𑐎𑑂𑐲𑑀𑐨𑑂𑐫𑑌𑐳𑑂𑐰𑐳𑑂𑐟𑐶𑑌𑐳𑐩𑑂𑐧𑐟𑑗𑑘𑑓𑐔𑐿𑐟𑑂𑐬𑐩𑐵𑐳𑐾𑐱𑐸𑐎𑑂𑐮
10dcfa62,𑐱𑑂𑐬𑐷𑑓
489f64d4,𑐕𑐾𑐨𑐶𑐎𑑂𑐲𑐸𑐱𑑂𑐬𑐷𑐖𑐫𑐬𑐵𑐫𑐖𑐸𑐥𑐸𑐟𑑂𑐬𑐖𑐐𑐟𑐩𑐸𑐣𑐶𑑍𑐟𑑂𑐬𑐶𑐢𑐣𑐰𑐟𑐶𑐥𑐸𑐟𑑂𑐬𑐶𑐁𑐡𑐬𑐎𑑂𑐲𑑂𑐩𑐶𑐖𑐐
14aaad0d,𑐣𑑂𑐢𑐫𑑀𑐐𑐾𑑍𑐖𑐠𑐵𑐎𑐬𑑂𑐞𑑂𑐞𑐩𑐸𑐴𑐸𑐟𑑂𑐬𑐾𑑍𑐰𑐺𑐴𑐳𑑂𑐥𑐟𑐶𑐰𑐵𑐳𑐬𑐾𑑍𑐎𑐣𑑂𑐫𑐬𑐵𑐱𑐶𑐐𑐟𑐾𑐳𑐰𑐶𑐟
zd80d42f,𑐬𑑂𑐲𑑓𑐎𑐵𑐡𑑀𑐰𑐸𑐎𑐬𑑂𑐲𑑒𑐐𑐵𑑄𑐰𑐸𑐠𑑂𑐰𑐟𑐾𑐰𑐸𑐡𑐸𑐣𑑂𑐟𑐵
7586603z,𑐟𑐥𑐟𑑂𑐬𑐵𑐠𑐿𑐚𑑂𑐚𑐲𑑂𑐚𑐳𑐵𑐎𑑂𑐲𑐶𑐱𑑂𑐬𑐷𑑓𑐔𑑄𑐡𑑂𑐬𑐳𑑂𑐛𑐫𑐩𑐡𑐣𑐶𑐟𑑂𑐰𑑄𑑋𑑋
750f7ac9,𑐐𑐷𑐟𑐰𑐶𑐢𑐵𑐣𑐶𑐢𑐾𑑅𑑋𑐫𑐳𑑂𑐫𑐥𑑂𑐬𑐾𑐩𑐟𑐩𑑀𑐰𑐬𑑀𑐣𑐬𑐴𑐬𑐶𑐣𑑂𑐣𑐷𑐩𑐵𑐩𑐴𑐟𑑂𑐳𑐾𑐰𑐎𑑀𑑍𑐡𑐵𑐳𑐵𑐣𑐵𑑄𑐐𑐞𑐣𑐵𑐫
zbcz844b,𑐬𑐾𑐩𑐾𑐰𑐔𑑀𑐣𑐾𑐩𑐡𑐸𑐢𑐬𑑂𑐩𑑂𑐩𑐬𑐵𑐖𑐫𑐵𑐰𑑄𑐱𑐩𑐡𑐟
223303a9,𑐎𑑂𑐲𑑂𑐩𑐷𑐡𑐾𑐰𑐷𑐣𑐡𑐫𑐎𑐵𑐡𑐶𑐣𑐱𑐸𑐨𑑌
1a822053,𑐬𑑀𑐥𑐩𑐎𑐺𑐟𑐾𑐡𑐵𑐩𑑀𑐡𑐬𑐾𑑅𑐳𑐬𑑂𑐰𑑂𑐰𑐡𑐵𑐥𑑂𑐬𑐷
4c2950d7,𑐳𑐸𑐧𑐬𑑂𑐞𑑂𑐞𑐳𑑂𑐩𑐾𑐟𑐫𑐵𑐱𑑂𑐬𑐷
77z77bz1,𑐩𑐵𑐣𑐾𑐣𑐳𑑂𑐰𑐰𑐵𑐔𑐵𑐥𑐟𑐶𑐥𑐣𑑂𑐣𑐶𑐟𑐸𑐟𑐾𑐣𑑍𑐳𑑂𑐰𑐫𑐣𑐶𑐩𑐶𑐟𑐾𑐣𑑍𑐡𑐾
300ad67z,𑑌𑐡𑑂𑐬𑑁𑐥𑐟𑐷𑐳𑐴𑐶𑐟𑑄𑐨𑐷𑐩𑑄𑑍𑐩𑑄𑐣𑑂𑐡𑐶𑐬𑐾𑐞𑐳𑐩𑐣𑑂𑐰𑐶𑐟𑑄𑑋𑐊𑐟𑐡𑑂𑐡𑐶
0bz7b57c,𑐎𑐾𑐱𑑂𑐰𑐬𑐶𑐒𑐵𑐏𑐵𑐔𑑀𑐎𑐫𑐵𑐱𑑂𑐬𑐷𑐖𑐶𑐡𑐾𑐰𑐖𑐸𑐖𑐸𑐬𑑀𑑌𑐱𑐸𑐨𑑌𑐨𑐹𑐫𑑄𑐎𑑀𑐎𑐵𑐳𑑂𑐰𑐵𑐣𑐴𑐵𑐣𑐾𑐕𑐶𑑑
f051151z,𑐩𑐴𑐵𑐬𑐵𑐖𑐵𑐢𑐶𑐬𑐵𑐖𑐱𑑂𑐬𑐷𑐱𑑂𑐬𑐷𑐖𑐫𑐥𑑂𑐬𑐟𑐵𑐥𑐩𑐮𑑂𑐮𑐡𑐾𑐰𑐥𑑂𑐬𑐨𑐸𑐠𑐵𑐎𑐸𑐬𑐳𑑂𑐫𑐰𑐶𑐖𑐫𑐬𑐵𑐖𑑂𑐫𑑅
49b5z453,𑐖𑐵𑐩𑐫𑐵𑐳𑐵𑐡𑐾𑐰𑐟𑐵𑐫𑐵𑐎𑐸𑐡𑐺𑐲𑑂𑐚𑐶𑐫𑐵𑐟
19c480b3,𑐣𑑂𑐣𑐴𑐣𑑂𑐣𑐾𑐩𑐵𑐮𑐖𑐸𑐬𑑀𑐮𑑀𑐥𑐫𑐵𑐎𑐵𑐮𑐾𑐐𑑀𑐧𑑂𑐬𑐵𑐴𑑂𑐩𑐞𑐵𑐡𑐶𑐥𑑄𑐔𑐩𑐴𑐵𑐥𑐵𑐟𑐎𑐵𑐡𑐶𑐮𑐵𑐎𑐖𑐸𑐬𑑀𑐮𑑀𑐥𑐩𑐫𑐵
25zf0231,𑐣𑐹𑐐𑐵𑐩𑐺𑐟𑑂𑐫𑐡𑐮𑐶𑐎𑐰𑐖𑐰𑐎𑑂𑐲𑐟𑑂𑐬𑐡𑐸𑐂𑐩𑐡𑐩𑐳𑑂𑐟𑐣𑐾𑐥𑐵𑐮𑐖𑐩𑐟𑐶𑐟𑐵𑐟𑐶𑐩𑐸𑐂𑐐𑐣𑐳𑐥𑐕𑐾
9201a601,𑑊𑐳𑑂𑐰𑐳𑑂𑐟𑐶𑐱𑑂𑐬𑐷𑑓𑐔𑐞𑑂𑐜𑐾𑐱𑑂𑐰𑐬𑐷𑐨𑐰𑐵𑐣𑑂𑐫𑐣𑐩𑑅𑑋𑑋𑐐𑐞𑐾𑐱𑐵𑐫𑐩𑐴𑐾𑐱𑐵𑐫𑐣𑐵𑐛𑐾
73792664,𑐫𑐵𑐟𑐱𑑂𑐬𑐷𑑓𑐣𑐵𑐬𑐵𑐫𑐞𑐱𑑂𑐬𑐷𑐮𑐎𑑂𑐲𑑂𑐩𑐷𑑌𑐠𑐰𑐟𑐣𑐵𑐩𑐣𑐱𑑂𑐬𑐷𑑓𑐣𑐵𑐬𑐵𑐫𑐞𑐟𑑂𑐬𑐷𑐡𑐶
a7120098,𑐬𑐩𑐴𑐵𑐣𑐐𑐬𑐀𑐳𑑂𑐰𑐎𑐩𑐡𑐥𑐢𑐵𑐮𑐵𑐗𑑂𑐫𑐾𑐟𑐵𑐩𑐐𑐮𑐥𑐸𑐊𑐎𑐎𑑂𑐲𑐫𑐵
18616ba4,𑑌𑑒𑑌𑐣𑐰𑐩𑑂𑐫𑐵𑑄𑐥𑐺𑐞𑑂𑐫𑐟𑐶𑐠𑑁𑐖𑑂𑐫𑐟𑐶𑐱𑐸𑐨𑐱𑐸
abc35b69,𑐀𑐳𑑂𑐫𑐨𑐱𑑂𑐬𑐷𑐢𑐧𑐟𑑍𑐡𑑂𑐢𑐶𑐱𑑂𑐬𑐷𑐱𑐶𑐟𑐰𑐟𑐷𑑌𑐠𑑂𑐰𑐟𑐾𑐥𑑂𑐬𑐩𑐸𑐏
8b099df9,𑐢𑐵𑐟𑐸𑐔𑐿𑐟𑑂𑐫𑐡𑐫𑐎𑐵𑐌𑐥𑑂𑐬𑐟𑐶𑐲𑑂𑐛𑐵𑐳𑑄𑐥𑐸𑐬𑑂𑐞𑑂𑐞𑐫𑐵𑐣𑐵𑐖𑐸𑐮𑑀𑑋𑑋
aff15061,𑐥𑐵𑐫𑑚𑐢𑐬𑑂𑐩𑑂𑐩𑐞𑐵𑐬𑐵𑐫𑐣𑐥𑑂𑐬𑐩𑐸𑐏𑐥𑐬𑐶𑐧𑐵𑐬𑐡𑐎𑑀𑐩𑑀𑐎𑑂𑐲𑐐𑐟𑐶𑐬𑐵𑐎𑐖𑐸𑐥𑐵𑐫𑑌
40c87c73,𑐮𑐶𑐎𑐾𑑇𑐳𑑂𑐩𑐶𑐣𑑂𑐫𑐩𑐱𑐾𑐳𑐬𑐰𑐾𑐚𑐾𑐰𑐬𑑂𑐲𑐾𑐩𑐶𑐟𑐾𑐩𑐵
a584a071,𑐴𑐵𑐢𑐬𑑂𑐩𑐔𑐶𑐟𑐡𑐸𑐏𑐩𑐵𑐣𑐖𑐸𑐫𑐵𑐌𑐖𑐶𑐬𑑂𑐣𑐄𑐡𑑂𑐢𑐵𑐮𑐥𑑂𑐬𑐟𑐶𑐳𑑂𑐠𑐵𑐫𑐵
c3b5f25d,𑐱𑑂𑐬𑐷𑐖𑐫𑐖𑐐𑑂𑐟𑐥𑑂𑐬𑐎𑐵𑐳𑐩𑐮𑑂𑐮𑐡𑐾𑐰𑐥𑑂𑐬𑐨𑐸𑐛𑐵
11df426c,𑐁𑐬𑑀𑐖𑑂𑐘𑐊𑐳𑐸𑐫𑐖𑐣𑐢𑐣𑐮𑐎𑑂𑐲𑑂𑐩𑐷𑐳𑐟𑐟𑐶𑐳𑑄𑐟𑐵𑐣
585z5994,𑐥𑑂𑐬𑐷𑐟𑐶𑐣𑐣𑐎𑐥𑐳𑐮𑐫𑐵𑐨𑐶𑐩𑐨𑐵𑐬𑑀𑐥𑐸𑐟𑑂𑐬𑐩𑐵𑐣𑐰𑐶𑐬𑐨𑐵𑐬𑑀𑐥𑐸𑐟𑑂𑐬𑐎𑐾𑐴𑐾𑐬𑐳𑐶𑐥𑐸𑐟𑑂𑐬
15cc9bbb,𑐫𑐞𑐳𑐴𑐶𑐟𑑄𑐱𑑂𑐬𑐷𑐐𑑀𑐥𑐵𑐮𑐾𑐱𑑂𑐰𑐬𑐳𑑂𑐠𑐵𑐥𑐣𑐵𑐫𑐵
z487979a,𑐡𑐸𑐣𑑂𑐟𑐵𑐖𑐸𑐬𑑀𑑌𑑌𑐱𑐸𑐨
217f5332,𑐱𑑂𑐬𑐵𑐟𑐟𑐳𑑀𑐨𑐸𑐥𑐵𑐟𑑂‍𑐩𑐳𑐾𑐣𑐩𑑅𑑌𑑌𑐳𑑂𑐰𑐳𑑂𑐟𑐶𑐱𑑂𑐬𑐷𑐐𑐶𑐬𑐶𑐬𑐵𑐖𑐾𑐣𑑂𑐡𑑂𑐬𑐔𑐎𑑂𑐬𑐔𑐸𑐜𑐵𑐩𑐣𑐾𑐟𑑂𑐫𑐵𑐡𑐶
f75z03cb,𑑊𑐱𑑂𑐬𑐷𑐎𑐺𑐲𑑂𑐞𑐵𑐫𑐣𑐩𑑅𑑌𑐨𑐹𑐨𑐵𑐬𑑄𑐴𑐬𑐟𑐾𑐬𑐶𑐥𑐹𑐣𑑂𑐎𑐮𑐸𑐲𑐶𑐞𑑀𑐴𑐟𑑂𑐰𑐵𑐩𑐡𑐵𑐣𑑂𑐢𑐵𑐣𑑂𑐣𑐺𑐥𑐵𑐣𑑂𑐢𑐬𑑂𑐩𑐵𑐣𑑂𑐳𑑂𑐫𑐵
da01z650,𑐩𑐴𑐵𑐣𑐠𑐬𑐾𑐱𑑂𑐬𑐷𑐫𑑄𑐐𑑂𑐮𑐎𑐵𑐲𑑂𑐚𑐩𑐞𑑂𑐜𑐥𑐳𑑂𑐠𑐵𑐣𑐾𑐂𑐴𑐿𑐰𑐥𑐹𑐞𑑂𑐫𑐨𑐸𑐩𑑁𑑌𑐱𑑂𑐬𑑀𑐫𑑀𑐬𑐳𑑂𑐟𑐸𑐳
48d05349,𑐎𑐸𑐮𑐩𑐵𑐣𑐨𑑀𑐕𑐶𑐫𑐵𑐢𑐬𑑂𑐩𑑂𑐩𑐔𑐶𑐟𑑂𑐟𑐖𑐸𑐫𑐵
5cz2a3bd,𑐫𑐵𑐒𑐵𑐖𑐸𑐬𑑀𑐢𑐶𑐖𑐶𑐠𑐶
b187d09a,𑐖𑐮𑐵𑐏𑐸𑐧𑐸𑐬𑑀𑑑𑐎𑐵𑐳𑐵𑐎𑑂𑐰𑐧𑐸𑐬𑑀𑑒𑐎𑐬𑑂𑐲𑑑𑑍𑐎𑑀𑑄𑐮𑑂𑐴𑐵𑐡𑑀𑐮𑐧𑐸𑑍𑐬𑑀𑑒𑐩𑑄𑐢𑐮𑐵𑐧𑐸𑑍𑐬𑑀𑑒𑐥𑐸𑐟𑐶𑐮𑐵𑐧𑐸
cfb40cfz,𑐱𑑂𑐬𑐷𑐩𑐮𑑂𑐮𑑀𑐎𑐾𑐱𑐡𑐿𑐰𑐳𑐬𑐞𑐩𑐥𑐶
zb566dz4,𑐱𑑂𑐬𑐷𑐱𑐵𑑑𑑘𑑓𑑒𑐱𑑂𑐬𑐷𑐰𑐶𑑑𑑙𑑖𑑗𑐱𑑂𑐬𑐷
52z2a05d,𑐡𑑂𑐫𑐕𑐵𑐫𑐩𑐵𑐮𑐥𑑄𑐔𑑀𑐥𑐔𑐵𑐬𑐥𑐸𑐖𑐵𑑌𑐥𑐸𑐖𑐵𑐫𑐵𑐎𑐧𑑂𑐬𑐵𑐩𑑂𑐴𑐞𑐫𑐵𑐟𑐎𑐾𑐦𑑄𑑔𑑕𑐧𑑂𑐬𑐵𑐩𑑂𑐴𑐞
879d4d52,𑐳𑐶𑑄𑐴𑑀𑐡𑐫𑐵𑐥𑐬𑑅𑑋𑐨𑐷𑐩𑐳𑐾𑐣𑐳𑐩𑑅𑐳𑐵𑐬𑐾𑐳𑐬𑑂𑐰𑐱𑐟𑑂𑐬𑐸𑐰𑐶𑐣𑐵𑐱𑐎𑑅𑑌𑐀𑐖𑐷𑐖𑐣𑐔𑑂𑐕𑐷𑐖𑐫𑐰𑐶𑐲𑑂𑐞𑐸𑐩𑐮𑑂𑐮𑐳𑑂𑐟𑐳𑑂𑐫𑐵𑑄
7542c0c1,𑐳𑑄𑐩𑑂𑐰𑐟𑑂𑐬𑑙𑑑𑑙𑐳𑐡𑐫𑐎𑐵𑐖𑐸𑐬𑑀𑑌𑐩𑑂𑐟𑐶𑐔𑐐𑐸𑐬𑐵𑐠𑑂𑐰𑑑𑑓𑐳𑐥𑐬𑐶𑐠𑐵𑐡𑐶𑑄
z97z7969,𑑊𑑉𑐣𑐩𑑀𑐮𑐎𑑂𑐲𑑂𑐩𑐷𑐣𑐵𑐬𑐵𑐫𑐞𑐵𑐫𑑌𑐳𑑂𑐰𑐵𑐩𑐶𑐣𑑂𑐰𑐎𑑂𑐲𑐳𑐶𑐎𑐶𑑄𑐩𑐞𑐶𑐬𑑂𑐩𑐩𑐬𑐩𑐾𑐟𑐣𑑂𑐩𑐞𑑂𑐜𑐮𑐾𑐎𑐵𑐳𑑂𑐠𑐶𑐟𑐵𑐟𑑂𑐰𑐡𑑂𑐰𑐎𑑂𑐟𑑂𑐬𑐥𑑂𑐬𑐟𑐶𑐰𑐶𑐩𑑂𑐰𑐩𑐶𑐣𑑂𑐡𑐸𑐰𑐡𑐣𑐾𑐰𑐎𑑂𑐲𑐳𑑂𑐠𑐶𑐟𑐵𑐟𑐾
fa9d2z64,𑐣𑑄𑐡𑐸𑐠𑑂𑐫𑐾𑐧𑐬𑑂𑐲𑐥𑑂𑐬𑐟𑑂𑐟𑐶𑐥𑑄𑐔𑐵𑐩𑐺𑐟𑐡𑐫𑐎𑐵𑐌𑐥𑐸𑐖𑐵𑐫𑐵𑐫𑐫𑐵𑐫𑑌𑐱𑐶𑐰𑐬𑐵𑐟𑑂𑐬𑐷𑐎𑐸𑐣𑑂𑐴𑐸
d816125b,𑑉𑐣𑐩𑑅𑐱𑑂𑐬𑐷𑐩𑐡𑑂𑐬𑐵𑐬𑑂𑐫𑑂𑐫𑐵𑐰𑐮𑑁𑐎𑐶𑐟𑐾
d972az7d,𑐥𑐵𑐥𑐬𑐵𑐎𑐖𑐸𑐫𑐵𑐫𑑋𑑋𑐳𑐸𑐣𑐵𑐣𑑄𑑍𑐠𑑂𑐰𑐦𑐬𑐾𑐳𑐰𑑄𑐥𑐸𑐒𑐣𑑄𑑍𑐐𑐵𑐣𑐥𑐸𑐒𑐣𑐨𑐶𑐣𑐎𑑄𑐣𑐶𑐡𑐵𑐣
ad311aa3,𑐴𑐵𑐢𑐬𑑂𑐩𑐔𑐶𑐟𑐡𑐸𑐏𑐩𑐵𑐣𑐖𑐸𑐫𑐵𑐌𑐖𑐶𑐬𑑂𑐣𑐄𑐡𑑂𑐢𑐵𑐮𑐥𑑂𑐬𑐟𑐶𑐳𑑂𑐠𑐵𑐫𑐵
70bbz7z7,𑐣𑐶𑐔𑐫𑐬𑑂𑐐𑐷𑐬𑑂𑐰𑐵𑐞𑐐𑑀𑐲𑑂𑐛𑐷𑐐𑐸𑐬𑐸𑑅𑐱𑑂𑐬𑐷𑐩𑐟𑑂𑐳𑐶𑐡𑑂𑐢𑐶𑐣𑐺𑐳𑐶𑑄𑐴𑐩𑐮𑑂𑐮𑐖𑐐𑐟𑐷𑐖𑐵𑐣𑐶𑐳𑑂𑐳
2770c96f,𑐎𑑄𑐰𑐸𑐎𑐬𑐷𑐰𑐖𑑍𑐩𑐵𑐢𑐰𑑄𑐬𑐹𑐐𑑂𑐩𑐳𑑄𑐎𑐵𑐱𑑄𑑍𑐥𑑂𑐬𑐨𑐸𑐡𑐾𑐰𑐣𑐩𑑀𑑇𑐳𑑂𑐟𑐸𑐟𑐾𑑋𑑋𑐱𑑂𑐬𑐷𑐱𑑂𑐬𑐷
12c4df1c,𑐮𑐨𑐵𑐲𑐵𑑋𑐱𑑂𑐬𑐾𑐫𑑀𑐳𑑂𑐟𑐸𑑌𑐳𑑄𑐰𑐟𑑂𑑘𑑕𑑒𑐖𑑂𑐫𑐾𑐲𑑂𑐛𑐩𑐵𑐳𑐾𑐱𑐸𑐎𑑂𑐮𑐥𑐎𑑂𑐲𑐾𑐥𑐣𑑂𑐔𑐩𑑂𑐫𑐵𑑄𑐟𑐶𑐠𑑁𑑍𑐥𑐸𑐲𑑂𑐫𑐣𑐎𑑂𑐲𑐾𑐟𑑂𑐬𑐾𑑍𑐰𑐸𑐡𑑂𑐢𑐶𑐫𑑀𑐐𑐾𑑍𑐧𑐸𑐢𑐰𑐵𑐳𑐬𑐾𑑍𑐠𑑂𑐰𑐎𑐸𑐣𑑂𑐴𑐸
84467fz2,𑐎𑐺𑐟𑐳𑑂𑐩𑐿𑐳𑑂𑐟𑐸𑐧𑐵𑐫𑐵𑐧𑑂𑐫𑐰𑐾𑐣𑐩𑑅𑑌𑐱𑐸𑐨𑐳𑑄𑐰𑐟𑑘𑑙𑑙𑐩𑐵𑐬𑑂𑐐𑐱𑐶
4938c393,𑐖𑐵𑐎𑑂𑐫𑐾𑐦𑑄𑑖𑑐𑐧𑐥𑐸𑐎𑐫𑐵𑐟𑐰𑐶𑐫𑐩𑐵𑐬𑑄𑐡𑑄𑐳𑑋𑐖𑐵𑐎𑑂𑐫𑐦𑑄𑑑𑑐𑐳𑐶𑐣𑐐𑐩𑐵𑐮𑐔𑑀𑐎𑐩𑑂𑐴𑐫𑐵
c9663401,𑐳𑑂𑐥𑐟𑐶𑐧𑐵𑐳𑐬𑐾𑐎𑐸𑑄𑐨𑐬𑐵𑐳𑐶𑐐𑐟𑐾𑐱𑑂𑐬𑐷𑐳𑐸𑐬𑑂𑐫𑑂𑐫𑐩𑐷𑐣𑐾𑐐𑐟𑐾𑐔𑐣𑑂𑐡𑑂𑐬𑐩𑐟𑑂𑐫𑐾𑐫𑐾𑐟𑐟𑑂‌𑐡𑐶𑐣𑐾𑐱𑑂𑐬𑐷𑐰𑐖𑑂𑐬𑐢𑐵𑐟𑐸𑐔𑐿𑐟𑑂𑐫𑐖𑐶𑐬𑑂𑐞𑐄𑐡𑑂𑐢𑐵𑐬𑐫𑐵𑐣𑐵𑐌𑐥𑑂𑐬𑐟𑐶𑐳𑑂𑐠𑐵𑐫𑐵𑐣𑐵𑐡𑐷𑐣𑐖𑐸𑐮𑑅𑑌𑑌𑐱𑐸𑐨𑐳𑑌
2zzz8cac,𑐡𑐶𑐣𑐳𑐩𑑂𑐧𑐟𑑘𑑑𑑒𑐖𑑂𑐫𑐾𑐲𑑂𑐛
79242000,𑑊𑐳𑑂𑐣𑐵𑐟𑐸𑐬𑑂𑐖𑑂𑐖𑐣𑑂𑐩𑐣𑐶𑐰𑐵𑐬𑐶𑐞𑐷𑐖𑐜𑐢𑐶𑐫𑐵𑑄𑐖𑐵𑐜𑐔𑑁𑐢𑐰𑐶𑐢𑑂𑐰𑑄𑐳𑐶𑐣𑐷𑑍𑐩𑐺𑐟𑑂𑐎𑐣𑑂𑐡𑐬𑐡𑐵𑐬𑐶𑐞𑐷𑐴𑐬𑐩𑐸𑐏𑐵𑐖𑑂𑐖𑐵𑐟𑐵𑐖𑐐𑐟𑑂𑐥𑐵𑐰𑐣𑐷𑑋
c4973z79,𑐳𑑂𑐫𑑄𑑍𑐠𑑂𑐰𑐡𑐾𑐰𑐮𑐡𑐫𑐎𑐰𑐶𑐖𑑂𑐫𑐵𑐎𑐖𑐸𑐬𑑀𑑌𑑌𑐱𑑂𑐬𑐾𑑇𑐫𑑀𑐳𑑂𑐟𑐸𑑌𑐳𑐩𑑂𑐰𑐟𑑂𑑘𑑐𑑑𑐩𑐵𑐬𑑂𑐐𑑂𑐐𑐱𑐶𑐮𑐱𑐸𑐎𑑂𑐮𑑌𑐥𑐥𑑂𑐚𑑂𑐫𑐵𑐣𑑂𑐟𑐶𑐠𑑁𑐱𑑂𑐬𑐰𑐞𑐥𑑂𑐬𑐢𑐣𑐾𑐲𑑂𑐛𑐵𑐣𑐎𑑂𑐲𑐾𑐟𑑂𑐬𑐾𑑌
8122f65b,𑐞𑑂𑐜𑐬𑐾𑑍𑐧𑐵𑐳𑐸𑐎𑐶𑐎𑑂𑐲𑐾𑐟𑑂𑐬𑐾𑑍𑐱𑑂𑐬𑐷𑑓𑐥𑐱𑐸𑐥𑐟𑐶𑐳𑐣𑐶𑐢𑐵𑐣𑐾𑐧𑐵𑐐𑑂𑐩𑐟𑑂𑐫𑐵𑑄𑐥𑐱𑑂𑐔𑐶𑐩𑐎𑐸𑐬𑐾𑑍𑐧𑐶𑐲𑑂𑐞𑐸
f7d51bz2,𑐱𑐸𑐨𑑌𑐳𑐩𑑂𑐰𑐟𑑂‌𑑙𑑘𑑑𑐩𑐵𑐑𑐎𑐺𑐲𑑂𑐞𑑌𑐡𑐱𑐩𑐷𑑌𑐥𑐸𑐬𑑂𑐑𑐵𑐲𑐵𑐝𑐵𑐣𑐎𑑂𑐲𑐟𑑂𑐬𑐾𑑌
bcczda88,𑐢𑑂𑐬𑐶𑐫𑐸𑐐𑑄𑐳𑑂𑐩𑐬𑐣𑑂𑐟𑐶𑐩𑐸𑐣𑐫𑑀𑐑𑐵𑐫𑐣𑑂𑐟𑐶𑐫𑐡𑑂𑐫𑑀𑐐𑐶𑐣𑑅𑐳𑑄𑐥𑐸𑐖𑑂𑐫𑐣𑑂𑐟𑐶𑐳𑐸𑐣𑐵𑑓𑐳𑐸𑐬𑐵𑑅𑐏
86016z81,𑐴𑐾𑐩𑐵𑐬𑑂𑐫𑐟𑐵𑐬𑐵𑐳𑐴𑐶𑐟𑐡𑑂𑐰𑐫𑐱𑐶𑐮𑐵𑐳𑑂𑐟𑑄
03673004,𑐥𑑂𑐬𑐵𑐟𑐶𑐣𑑍𑐎𑐵𑐫𑐧𑐵𑐱𑑂𑐬𑐣𑑀𑐖𑐣𑐶𑑄𑐟𑐳𑐎𑐮𑐥𑐵𑐥𑐲𑑂𑐚𑐫𑐵
55f13052,𑐟𑐵𑐕𑐾𑐨𑐷𑐎𑑂𑐲𑐸𑐱𑑂𑐬𑐷𑐖𑐳𑐬𑐵𑐫𑐖𑐸𑑍𑐥𑐸𑐟𑑂𑐬𑐖𑐐𑐟𑐩𑐸𑐣𑐶𑑍𑐟𑑂𑐬𑐶𑐢𑐣𑐰𑐟𑐶𑐥𑐸𑐟𑑂𑐬𑐶𑐁𑐡𑐬𑐎𑑂𑐲𑑂𑐩𑐶𑑍𑐖𑐐
a2532106,𑐫𑐥𑐶𑐰𑐫𑑌𑑌𑐠𑑂𑐰𑐡𑐾𑐰𑐮𑐳𑐑𑐵𑐔𑐥𑐸𑐫𑐎𑐾𑐰𑐵𑐮𑐎𑐾𑐧𑐸𑑄𑐐𑐫𑐵𑐟𑐰𑑀𑐂𑐣𑑂𑐡𑑂𑐬𑐫𑐵𑐟𑐣𑐰𑑀𑐣𑐖𑐸𑐮𑑀𑑌𑐠𑑂𑐰𑐟𑐾𑐫𑐵𑐔𑐶𑑄
f3z04c07,𑐧𑐖𑑂𑐬𑐵𑐬𑑂𑐫𑐵𑐥𑑂𑐥𑐴𑐰𑐿𑑌𑑑𑑌𑐢𑐬𑑂𑐩𑐔𑐶𑐟𑑂𑐟𑐿
a50b7a5d,𑐰𑐮𑐖𑑂𑐫𑐵𑐳𑐔𑐶𑐣𑑂𑐟𑐵𑐫𑐵𑐎𑐥𑐵𑐟𑑂𑐬𑐰𑑄𑐱𑐬𑐵𑐰𑐸𑐟𑐟𑐰𑐨𑑂𑐫𑐵𑐮𑑄𑐨𑐵𑐎𑐟𑐸𑐎𑑀𑐠𑑂𑐫𑐟𑐰𑐨𑑂𑐫𑐵𑐮𑐥𑐵𑐟𑑂𑐬𑐰𑑄𑐱𑐬𑐵𑐰𑐸𑐟𑑂𑐟𑐬𑐟𑑂𑐣𑐬𑐵𑐖𑐨𑐵𑐬𑑀𑐨𑑂𑐬𑐵𑐟𑑂𑐟𑐾𑐳
zz40z87b,𑐧𑑂𑐬𑐩𑑂𑐴𑐴𑐟𑑂𑐫𑐵𑐳𑑂𑐟𑑂𑐬𑐷𑐴𑐟𑑂𑐫𑐵𑐧𑐵𑐮𑐴𑐟𑑂𑐫𑐵𑐐𑐸𑐬𑐸𑐴𑐟𑑂𑐫𑐵𑐠𑑂𑐰𑐟𑐾𑐥𑑄𑐔𑐩𑐴𑐵𑐥𑐵𑐟𑐎𑐬𑐵𑐎𑐖𑐸
z5c4a406,𑑊𑐳𑑂𑐰𑐳𑑂𑐟𑐶𑑋𑑋𑑌𑐱𑑂𑐬𑐷𑑓𑐔𑐣𑑂𑐡𑐾𑐱𑑂𑐰𑐬𑐷𑐨𑐰𑐵𑐣𑐷𑐥𑑂𑐬𑐶𑐟𑐶𑐣
954z7zd5,𑐣𑐾𑐰𑑄𑐎𑐸𑐳𑐵𑐥𑐸𑐏𑐸𑐬𑐳𑐟𑐫𑐵
f7af57z8,𑐰𑐶𑐢𑑂𑐣𑐑𑐳𑑂𑐟𑐸𑑋𑑋𑐱𑑂𑐬𑐷𑐔𑐞𑑂𑐜𑐶𑐎𑐵𑐥𑑂𑐬𑐶𑐟𑐶𑐎𑐺𑐟𑐬𑑂𑐳𑑂𑐫𑐫
z21d8b2d,𑐥𑐵𑐡𑐸𑐎𑐵𑐠𑐵𑐥𑐣𑐵𑐫𑐵𑐒𑐵
188d4513,𑐱𑐸𑐎𑑂𑐮𑑑𑑐
9d4247d1,𑐳𑑂𑐫𑑍𑐰𑐶𑐔𑐬𑐳𑐵𑐠𑐾𑐔𑑀𑐒𑐁𑐥𑐬𑐳𑐸𑐣𑐵𑐣𑑄𑐳𑐾𑐣𑐎𑑂𑐬𑐳𑐵𑐧𑐸𑐡𑑂𑐢𑐑𑐵𑐟
fz115z2d,𑐎𑐹𑐥𑐹𑐟𑑂𑐬𑐡𑐾𑐧𑐷𑐢𑑄𑐫𑑀𑐐𑐬𑐵𑐖𑐩𑑀𑐟𑐶𑐮𑐵𑐮𑐡𑐾𑐰𑐬𑐖
b6df57c4,𑑉𑐣𑐩𑑀𑐬𑐟𑑂‍𑐣𑐟𑑂𑐬𑐫𑐵𑐫𑐳𑐎𑐮𑐣𑐣𑐵𑐠𑐎𑐵𑐰𑐣𑐵𑐴𑐾𑐖𑐶𑐣𑐾𑐣𑑂‍𑐡𑐸𑐡𑐐𑐾𑐰𑐮
66f4a31z,𑐣𑑂𑐴𑐶𑐟𑐵𑐬𑑂𑐠𑑌𑐣𑐾𑐥𑐵𑐮𑐳𑐩𑑂𑐰𑐟𑐿𑐳𑑂𑐩𑐶𑐣𑐥
za7f6d4d,𑐖𑐊𑐣𑐶𑐖𑐊𑐬𑐵𑐖𑐎𑐳𑑂𑐫𑐡𑐵𑐬𑐵𑐖𑐊𑐩𑐐𑐬𑐵𑐩𑑄𑐖𑐸𑐬𑐵𑐖𑐎𑐳𑑂𑐫𑐡𑐵𑐬𑐵𑐳𑐸𑐩𑐢𑑄𑐬𑐶𑑍𑐠𑐸𑐟𑐶𑐳𑑂𑐫𑐣
z6bcdda9,𑐱𑐶𑐐𑐟𑐾𑐔𑐣𑑂𑐡𑑂𑐬𑐩𑐱𑐶𑑋𑑋𑐱𑐸𑐨𑐩𑐳𑑂𑐟𑐸𑐳𑐬𑑂𑐰𑑂𑐰𑐡𑐵𑐱𑐸𑐨𑑋𑑋
cbzfafd4,𑐔𑐸𑑒𑐠𑐸𑐮𑐶𑐌𑐮𑐳𑐵𑐣𑐞𑐡𑐸𑐠𑐾𑑍𑐳𑐾𑐐𑐸𑐳𑐟𑐶𑐳𑐵𑐔𑐶𑐣𑑂𑐣𑐵𑐮𑐫𑐵𑐫𑐧𑐵𑐟𑐮𑐳𑐔𑐿𑐟𑑂𑐫𑐫𑐵𑐧𑐸𑐳𑐵𑐢
zc3796z6,𑐩𑐟𑑂𑐫𑐵𑐥𑐹𑐬𑑂𑐰𑑂𑐰𑐎𑐸𑐬𑐾𑑍𑐱𑑂𑐬𑐷𑐩𑐎𑐵𑐟𑑂𑐟𑐶𑐥𑐸𑐮𑐶𑐩𑐵𑐴𑐵𑐣𑐐𑐬𑐾𑑍𑐱𑑂𑐬𑐷𑑒𑐫𑐩𑐩𑐬𑐾𑐱𑑂𑐰𑐬𑐨𑐚𑑂𑐚𑐵𑐬𑐎
4zdf6898,𑐳𑐸𑐣𑐵𑐣𑑄𑐠𑑂𑐰𑐳𑐵𑐴𑐵𑐳𑐣𑐫𑐶𑐔𑐾𑐬𑐾𑐠𑐶𑐔𑐾𑐬𑐫𑐵𑐟
a83c3fdz,𑐣𑐫𑐵𑐫𑐩𑐵𑐮𑐖𑐸𑐮𑐱𑐸𑐨𑑌𑐳𑑄𑐧𑐟𑑙𑑔𑑕𑐩𑐵𑐑𑐧𑐡𑐶𑑕𑐳𑐥𑑂𑐬𑐟𑐶𑐲𑑂𑐛𑐵𑐫𑐵𑐒𑐵𑐡𑐶𑐣𑐖𑐸𑐮𑐱𑐸𑐨
26319fa4,𑐰𑐺𑐴𑐡𑑂𑐰𑐥𑐶𑐳𑐶𑑄𑐴𑐵𑐳𑐣𑐵𑐨𑑂𑐫𑐵𑑄𑐳𑑂𑐴𑐬𑐣𑑂𑐟𑐷𑑄𑑋𑐳𑐡𑐵𑐡𑐵𑐳𑐶𑐎𑐵𑐨𑑂𑐫𑐵𑐩𑑄𑐩𑐸𑐡𑐵𑐡𑐎𑑂𑐲𑐰𑐵𑐩𑐾𑑍𑐴𑐬𑐥𑑂𑐬𑐾𑐫𑐳𑐷𑑄𑐱𑑂𑐬𑐾𑐫𑐳𑐷𑑄𑐟𑑂𑐟𑑁𑐩𑐶𑐳𑑁
2219965d,𑐟𑐶𑐣𑐡𑐫𑐎𑐵𑐖𑐸𑐬𑑀𑑍𑑌𑐱𑐸𑐨𑑌
972d8634,𑐥𑐰𑐣𑐵𑐥𑐣𑐵𑐫𑐵𑐒𑐵𑐡𑐶𑐣𑐖𑐸𑐬𑑀𑑌𑐀𑐠𑐱𑐸𑐨
z0945795,𑐟𑑂𑐫𑐴𑐵𑑍𑐥𑐵𑐥𑐵𑐣𑐶𑐫𑐵𑐣𑑂𑐟𑐶𑐰𑐶𑐮𑐫𑑄𑐥𑐹𑐞𑑂𑐫𑑄𑐨𑐰𑐣𑐶𑐔𑐵𑐳𑐵𑐎𑐠𑑄𑐟𑐸𑐮𑐳𑐷𑐮𑑀𑐎𑐾
1zd3a1b4,𑐎𑐶𑐟𑐾𑐖𑑂𑐰𑐬𑐫𑐵𑐠𑐵𑐣𑐾
db2d43a0,𑐰𑑂𑐫𑐟𑐶𑐥𑐵𑐟𑐥𑐬𑐰𑐬𑐶𑐫𑐵𑐣𑐫𑑀𑐐𑑌𑐧𑐸𑐢𑐧𑐵𑐬𑑌𑐠𑑂𑐰𑐲𑐸𑐣𑑂𑐴𑐸𑐱𑑂𑐬𑐷𑑓𑐨𑐷𑐩𑐳𑐾𑐣𑐡𑐾𑐰𑐟𑐵
9c2b6a22,𑐬𑐫𑑄𑐣𑐵𑐬𑐵𑐫𑐞𑐥𑑂𑐬𑐷𑐟𑐫𑐾𑐣𑐾𑐎𑐳𑑂𑐰𑐬𑑂𑐞𑐑𑐚𑐬𑑂𑐰𑑂𑐰𑐶𑐨𑐹𑐲𑐶𑐟𑐱𑐶𑐏𑑀𑐴𑐺𑐡𑑂𑐫𑑀𑐫𑐫𑐵𑐎𑐵𑐬𑐶𑐟𑑅𑑌𑐫𑐳𑑂𑐫𑐵𑐱𑑂𑐔𑐵
08az033z,𑐩𑑂𑐧𑐟𑑗𑑙𑑖𑐖𑐾𑐲𑑂𑐛𑐱𑐸𑐎𑑂𑐬𑐡𑑂𑐰𑐶𑐟𑐷𑐫𑐵𑑄𑐟𑐶𑐠𑑁𑐩𑐺𑐐𑐱𑐶𑐬𑐣𑐎𑑂𑐲𑐟𑑂𑐬𑐱𑐹𑐮𑐫𑑀𑐐𑐾𑐁𑐡𑐶
z65774db,𑐥𑑀𑐐𑐵𑐬𑐰𑐴𑐶𑐮𑐶𑐥𑐕𑐾𑑄𑐣𑐬𑐴𑐬𑐶𑑍𑐩𑑂𑐴𑐫𑐵𑐔𑐩𑐣𑑀𑐴𑐬𑐷𑑍𑐩𑐵𑐣𑑂𑐫𑐾𑐱𑑂𑐰𑐬𑐷𑑍𑐥𑑂𑐬𑐩𑐸𑐏𑐫𑑀𑐳𑑂𑐰𑐩𑑂𑐴𑐳𑐾
67c0z50a,𑐱𑑂𑐬𑐷𑑕𑐩𑐴𑐵𑐬𑐵𑐖𑐢𑐶𑐬𑐵𑐖
z8z1aab0,𑐳𑑄𑐰𑐟𑑂𑑘𑑒𑑑𑐔𑐟𑑂𑐬𑐩𑐵𑐳𑐱𑐸𑐎𑑂𑐮𑐥𑐎𑑂𑐲𑐲𑐲𑑂𑐛𑐷𑐧𑐺𑐴𑐳𑑂𑐥𑐟𑐶𑐧𑐵𑐬𑑍𑐠𑑂𑐰𑐎𑐸𑐣𑑂𑐴𑐸𑐳𑑄𑐐𑐷𑐟𑐵𑐬𑑂𑐞𑑂𑐞𑐰𑐥𑐵𑐬𑐐
d9f72ffa,𑐖𑐸𑐢𑐣𑐖𑐸𑐟𑐶𑐬𑐶𑐖𑐸𑐳𑐬𑐎𑑂𑐲𑑂𑐩𑐶𑐨𑑀𑐕𑐶𑐳𑐾𑐣𑐡𑐫𑐾𑐎𑐵𑐳𑐶𑐬𑐵𑐩𑐫𑐬𑑂𑐔𑐾𑐟𑑂𑐫𑐠𑑂𑐰𑐧𑐵𑐟𑐩
b925z420,𑐥𑐬𑐵𑐖𑐨𑐵𑐬𑑀𑑍𑐩𑐴𑐶𑐬𑐵𑐨𑐵𑐬𑑀𑑍𑐖𑑀𑐟𑐶𑐨𑐵𑐬𑑀𑑍𑐖𑐫𑐟𑐳𑐶𑑄𑐴𑐨𑐵𑐬𑑀𑑍𑐖𑑂𑐘𑐵𑑄𑐨𑐵
f9zz1cdc,𑐩𑐾𑐴𑐾𑐬𑐩𑐵𑐣𑐥𑐸𑐟𑑂𑐬𑐳𑐸𑐲𑐸𑐨𑐵𑐖𑐸𑐠𑑂𑐰𑐟𑐾𑐳𑐎𑐮𑐥𑐬𑐶𑐰𑐵𑐬𑐳𑐩𑑀𑐴𑑅𑐖𑐸𑐫𑐵𑐌𑐱𑑂𑐬𑐷
29fb4216,𑐎𑐹𑑅𑐎𑑂𑐲𑐶𑐟𑐶𑐥𑐟𑐾𑑅𑐳𑐳𑑂𑐫𑐵𑐟𑑂𑐳𑐡𑐵𑐩𑐵𑐣𑑂𑐫𑐩𑐺𑐟𑑂𑑌𑐧𑑂𑐬𑐩𑑂𑐴𑐵𑐣𑐾𑐟𑑂𑐬𑐡𑐶𑐐𑐒𑑂𑐐𑐣𑐵𑐒𑑂𑐎𑐳𑐴𑐶𑐟𑐾𑐣𑐾𑐥𑐵𑐮𑐳
b7a4daa8,𑐣𑑂𑐟𑐵𑑍𑐬𑐵𑐩𑐨𑐡𑑂𑐬𑐨𑐵𑐬𑑀𑐳𑐡𑐵𑐡𑐾𑐰𑐨𑐵𑐬𑑀𑐮
1882d244,𑐟𑑂𑐟𑐬𑑄𑐬𑐵𑐖𑐟𑐾𑑍𑐫𑐟𑑂‌𑐥𑐵𑐡𑐵𑐟𑐥𑐡𑐥𑑂𑐬𑐴𑐵𑐬𑐰𑐱𑐟𑑀𑐨𑐹𑐩𑐶𑐬𑑂𑐩𑑂𑐩𑐸𑐴𑐸𑑅𑐎𑐩𑑂𑐥𑐟𑐾𑑋𑐫𑐟𑑂𑐟𑐾𑐖𑐳𑑂𑐟𑐥𑐣𑑀𑐡𑐫𑐾𑐳𑑂𑐟𑐩𑐐𑐩𑐣𑑂𑐨𑐹𑐥𑐵𑐮𑐰𑐺𑐣𑑂𑐡𑐾𑐣𑑂𑐡𑐰𑑅𑐳𑑀
b84adc3a,𑑊𑐳𑑂𑐰𑐳𑑂𑐟𑐶𑑌𑐱𑑂𑐬𑐷𑐱𑑂𑐬𑐷𑐱𑑂𑐬𑐷𑐳𑑂𑐰𑐾𑐲𑑂𑐚𑐡𑐾𑐰𑐟𑐵𑐥𑑂𑐬𑐷𑐟𑑂𑐫
4da950z0,𑐩𑐏𑐣𑐩𑐱𑐥𑐡𑐵𑐣𑐰𑐣𑐸𑐩𑐳𑐕𑐾𑐫𑐵𑐠𑐵𑐥𑐶𑐟𑐢𑐬𑑂𑐩𑑂‍𑐩𑐵𑐟𑐳𑑂𑐫𑐢𑐣𑐳𑐶𑑄𑐴𑐨𑐵𑐬𑑀
b3b10496,𑐡𑐫𑐎𑐵𑐖𑐸𑐬𑑀𑑍𑐟𑐟𑐥𑐸𑐞𑑂𑐫𑐵𑐠𑐾𑐣𑐖𑑀𑐖𑐩𑐵𑐣𑐳𑑂𑐫𑐁𑐫𑐶
45dff478,𑑊𑐱𑑂𑐬𑐹𑐫𑑀𑐳𑑂𑐟𑐸𑐳𑐩𑑂𑐧𑐟𑑂𑑖𑑓𑑖𑐩𑐵𑐑𑐩𑐵𑐳𑑂𑐫𑐱𑐹𑐎𑑂𑐮𑐥𑐎𑑂𑐲𑐾
0d6907f8,𑐨𑐺𑐔𑑂𑐕𑐒𑑂𑐐𑐵𑐚𑐰𑐷𑐩𑐞𑑂𑐜𑐶𑐣𑐷𑐩𑑀𑐴𑐢𑑂𑐰𑐵𑐣𑑂𑐟𑐰𑐶𑐣𑐵𑐱𑐶𑐣𑐷𑐳𑐸𑐬𑐨𑐫𑐔𑑂𑐕𑐾𑐡𑑀𑐟𑑂𑐳𑐰𑑀
3c0f3afd,𑐬𑐵𑐴𑐎𑐵𑐮𑑂𑐫𑐾𑐟𑑂𑐫𑐵𑐡𑐶𑐩𑐢𑑂𑐫𑐵𑐥𑐸𑐬𑐶𑐳𑑂𑐠𑐵𑐣𑐾𑐱𑑂𑐬𑐷𑐧𑐵𑐮𑐎𑑁𑐩𑐵𑐬𑐷𑐣𑐶𑐰𑐵
6c814f93,𑑊𑐱𑑂𑐬𑐷𑑓𑐔𑐞𑑂𑐜𑐾𑐱𑑂𑐰𑐬𑐷𑐥𑑂𑐬𑐷𑐟𑐶𑐣
4114zc5d,𑐥𑐟𑑂𑐬𑐵𑐬𑑂𑐠𑐾𑐡𑐺𑐲𑑂𑐚𑐳𑐵𑐎𑑂𑐲𑐶𑐱𑑂𑐬𑐷𑐱𑑂𑐬𑐷𑐖𑐫𑐖𑑂𑐫𑑀𑐟𑐶𑐥𑑂𑐬𑐎𑐵𑐱𑐩𑐮𑑂𑐮𑐡𑐾𑐰𑑌𑐳𑐩𑑂𑐰𑐟𑑂𑑘𑑘𑑑𑐩𑐵𑐑𑐱𑐸𑐡𑐶𑑑𑑕
11z8300z,𑐳𑐶𑑄𑐴𑐵𑐳𑐣𑐳𑐩𑐾𑐰𑐳𑐸𑐣𑑄𑐔𑑀𑐣𑐾𑐩𑐡𑐸𑐔𑑀𑐣𑐳𑐵𑐩𑐴𑐵𑐬𑐵𑐖𑐵𑐫𑐵𑐐𑐸𑐞𑐵𑐴𑐵𑐐𑐵𑐬𑐖𑐸𑐬𑑀𑑌𑐠𑑂𑐰𑐀𑐎𑑂𑐲𑐬
3dz4bfc7,𑐎𑐳𑐎𑐾𑐳𑐸𑐰𑐬𑑂𑐞𑐩𑐸𑐏𑐡𑐫𑐎𑑄𑐥𑑂𑐬𑐟𑐶𑐳𑑂𑐠𑐵𑐫𑐵𑐒𑐵𑐡𑐶𑐣𑐖𑐸𑐬𑑀𑑌𑐡𑐵𑐣𑐥𑐕𑐶𑐱𑑂𑐬𑐷𑐡𑐾𑐰𑐬𑐵𑐖𑐥𑑂𑐬𑐩𑐸𑐏𑐣𑐱𑑂𑐬𑐷𑐥𑐸𑐬𑐸
z218c2zb,𑐬𑑀𑑍𑐖𑐫𑐟𑐬𑐵𑐖𑐨𑐵𑐬𑑀𑑍𑐰𑐶𑐎𑐸𑐨𑐵𑐬𑑀𑑍𑐎𑐸𑐳𑐸𑐩𑐬𑐵𑐖𑐨𑐵𑐬𑑀𑑍𑐖𑐫𑐟𑑂𑐬𑐵𑐖𑐾
f823a0b8,𑑍𑐎𑐸𑐟𑐸𑐳𑐶𑑄𑐴𑐰𑐡𑐾𑐖𑐸𑐠𑑂𑐰𑐟𑐾𑐳𑐾𑐣𑑍𑐳𑐾𑐮𑑂𑐴𑐳𑑍𑐰𑐬𑑂𑐲𑐥𑑂𑐬𑐟𑐶𑐀𑐰𑐶𑐔𑑂𑐕𑐶𑐣𑑂𑐣𑐫𑐵𑐒𑐔𑐶𑐣𑑂𑐟𑐵𑐫𑐵𑐫𑐩𑐵𑐮𑐖𑐸𑐬𑑀𑑌𑑌𑐨𑐹𑐫𑑌𑐟𑐰𑐡𑐴𑐳𑐶𑐎𑑂𑐲𑐾𑐟𑑂𑐬
721b99b0,𑐥𑐱𑐸𑐥𑐟𑐶𑐥𑐵𑐡𑐥𑐵𑐠𑑀𑐖𑐥𑐬𑐵𑐐𑐬𑐵𑐐𑐶𑐟𑐱𑑂𑐬𑐷𑐩𑐣𑑂𑐩𑐵𑐣𑐾𑐱𑑂𑐰𑐬𑐷𑐲𑑂𑐚𑐡𑐾𑐰𑐟𑐵𑐰𑐬𑐮𑐎𑑂𑐲𑐥𑑂𑐬𑐳𑐵𑐡𑐡𑐾
842a4fdc,𑐨𑐎𑑂𑐟𑑂𑐫𑐵𑐳𑑂𑐰𑐵𑐩𑐹𑐖𑐥𑐬𑑂𑐱𑐸𑐬𑐵𑐩𑐳𑐴𑐶𑐟𑑅𑐳𑑄𑐳𑑂𑐠𑐵𑐥𑑂𑐫𑐟𑐟𑑂𑐬𑐿𑐱𑑂𑐰𑐬𑑄𑑍𑐮𑐶𑑄𑐐𑑄𑐳𑑂𑐦
bbbc0c34,𑐧𑐬𑑂𑐞𑑂𑐞𑐥𑐩𑐴𑐵𑐣𑐐𑐬𑐾𑐢𑑂𑐰𑐵𑐎𑐵𑐧𑐵𑐴𑐵𑐡𑐵𑐟𑐏𑐵𑐬𑑄𑐰𑐣𑑂𑐟𑐵𑐕𑐾𑑍𑐐𑐺𑐴𑐵𑐢𑐶𑐧𑐵
1704a244,𑐴𑐩𑐴𑐵𑐰𑐶𑐴𑐵𑐬𑐾𑐲𑑂𑐛𑐶𑐟𑐩𑐥𑐶𑐎𑐸𑐮𑐩𑐵𑐣
27c820f4,𑑊𑑉𑐣𑐩𑑅𑐱𑑂𑐬𑐷𑐥𑑄𑐔𑐟𑐟𑑂𑐰𑐵𑐟𑑂𑐩𑐣𑐾𑐣𑐵𑐬𑐵𑐫𑐞𑐫𑑋𑐫𑑄𑐰𑑂𑐬𑐮𑐾𑐣𑑂𑐡𑑂𑐬𑐩𑐸𑐣𑐷𑐣𑑂𑐡𑑂𑐬𑐔𑐣𑑂𑐡𑑂𑐬𑐰𑐶𑐰𑐢𑐵𑐢𑑂𑐫𑐵𑐫𑐣𑑂𑐟𑐶𑐴𑐟𑑂𑐥𑐒𑑂𑐎
cda13565,𑐱𑑂𑐬𑐷𑐱𑐵𑑑𑑘𑑓𑑒𑐱𑑂𑐬𑐷𑐰𑐶𑑑𑑙𑑖𑑗𑐱𑑂𑐬𑐷
9dz7caa4,𑐩𑐣𑑄𑑍𑐂𑐟𑐶𑐩𑑄𑐐𑐮𑐳𑑄𑑍𑐮𑐸𑐫𑐟𑐵𑑍𑐥𑑂𑐬𑑑𑐡𑐸𑐡𑐸𑑍𑐥𑑂𑐬𑑑𑐖𑐵𑐎𑐶𑑍𑐠𑑂𑐰𑐟𑐾𑐢𑐸𑐣𑐎𑐵𑐰𑐦𑐮𑐾𑐳𑐡𑐵𑐣
zbad5d94,𑐳𑐱𑑂𑐩𑐾𑐬𑐩𑐾𑐱𑑀𑑍𑐨𑐰𑐨𑑂𑐫𑐵𑐲𑑂𑐥𑑂𑐬𑐳𑐵𑐡𑐵𑐟𑑂𑐫𑐬𑐵𑑄𑐳𑐶𑐡𑑂𑐰𑐶𑐩𑐵𑐥𑐸𑑅𑑋𑐩𑐩𑐵𑐖𑑂𑐘𑐵𑐣𑐳𑐶𑐣𑑂𑐢𑑀𑑅𑐱𑐶𑐰𑑀𑐡𑐷𑐣𑐰𑐣𑐢𑐸𑑍𑐬𑑂𑐖𑑂𑐖𑐣𑐣𑑂𑐫𑐵𑐴𑐶𑐟𑐵
f64zc0b1,𑐱𑑂𑐰𑐬𑐵𑐫𑑅𑑌
31cd751c,𑐩𑐴𑐾𑐱𑑂𑐰𑐬𑐳𑑂𑐠𑐵𑐥𑐣𑐵𑐫𑐵𑐒𑐵𑑌𑐠𑑂𑐰𑐰𑐬𑑀𑐳𑐸𑐨𑐱𑑂𑐬𑐷𑑓𑐮𑐎𑑂𑐲𑑂𑐩𑐷
93434az3,𑐧𑐸𑐢𑐥𑑂𑐬𑐩𑐸𑐏𑐣𑑍𑐨𑐵𑐬𑑂𑐫𑐵𑐩𑐒𑑂𑐐𑐬𑐵𑐮𑐎𑑂𑐲𑑂𑐩𑐷𑐱𑐵𑐎𑑂𑐫𑐨𑐶𑐎𑑂𑐲𑐸𑐱𑑂𑐬𑐷𑐩𑐣𑐖𑐟𑐶𑑍𑐱𑐵𑐎𑑂𑐫𑐨𑐶
51z4f114,𑐡𑐾𑐰𑐳𑑂𑐎𑐾𑐥𑐸𑐖𑐵𑐫𑐵𑐫𑑍𑐖𑐸𑑑𑐥𑐸𑐖𑐵𑑍𑐥𑐵𑑒𑐱𑑂𑐰𑐐𑑄𑐞𑐢𑐮𑐶𑑍𑐐𑑂𑐰𑑑𑐏𑐾𑐖𑑍𑐖𑐸𑐡𑐶𑐲𑑂𑐚𑐶𑑍𑐖𑐸𑑓
dd4627b0,𑐰𑐷𑐣𑑂𑐡𑑂𑐬𑐥𑑂𑐬𑐟𑐵𑐥𑐎𑑂𑐲𑐶𑐟𑐶𑐣𑑂𑐡𑑂𑐬𑑅𑐩𑑂𑐟𑐸𑐟𑐶𑑄𑐣𑐶𑐬𑑂𑐩𑑂𑐩𑐩𑐡𑐾𑐰𑐡𑐾𑐰𑑂𑐫𑐵𑐨𑐰𑐵𑐣𑑂𑐫𑐵𑑅𑑋𑐂𑐩𑐵𑐩𑐩𑑂𑐰𑐶𑐎𑐵𑐥𑑂𑐬𑐷𑐟𑐶𑐴𑐾𑐟𑑀𑐲𑑂𑐫𑐛𑐾𑐟𑑍𑐱𑑂𑐬𑐶
68za36a6,𑐲𑐵𑐐𑑂𑐰𑑒𑐡𑑂𑐫𑐵𑑄𑐣𑑂𑐚𑐀𑐳𑑂𑐟𑐵𑐩𑐳𑐶𑐴
23d16z24,𑐟𑐥𑐵𑐰𑐟𑐩𑐴𑐵𑐰𑑂𑐫𑐰𑐴𑐵𑐮𑐶𑐎𑐾𑑍𑐫𑐾𑐟𑐸𑑄𑐰𑐵𑐴𑐵𑐬𑐫𑐾𑐠𑐮𑐡𑑂𑐒𑐾
fc4c1367,𑐴𑐾𑐩𑐵𑐬𑑂𑐫𑐟𑐵𑐬𑐵𑐳𑐴𑐶𑐟𑐡𑑂𑐰𑐫𑐱𑐶𑐮𑐵𑐳𑑂𑐟𑑄
7d902a7d,𑐳𑐳𑐵𑐧𑐔𑐥𑑂𑐬𑐔𑐵𑐧𑑂‍𑐰𑐮𑑅𑐥𑑂𑐬𑐵𑐣𑐶𑐡𑐎𑑀𑐄𑐡𑐵𑐬𑐖𑐸𑐫𑐵𑐩𑐵𑐮𑐢𑐎𑐠𑑂‍𑐰𑐱𑑂𑐬𑐷𑑓𑐔𑐂𑐟𑐾𑐠𑑂‍
f7ccdz02,𑐥𑑄𑐔𑐩𑐶𑐥𑐸𑐲𑐾𑐣𑐎𑑂𑐲𑐟𑑂𑐬𑐳𑐸𑐎𑑂𑐮𑐧𑐵𑐬𑐎𑐸𑐣𑑂𑐴𑐸𑐱𑑂𑐬𑐷𑑓𑐨𑐶𑐩𑐳𑐾𑐣𑐫𑐵
0c5ca1bf,𑐚𑐶𑐎𑑀𑐚𑐶𑐡𑐸𑐣𑑂𑐡𑐸𑐨𑐶𑐡𑑀𑐡𑐵𑐒𑑂𑐎𑐫𑐬𑐥𑑂𑐬𑐮𑐫𑐐𑐬𑑂𑐖𑑂𑐖𑐡𑑂𑐰𑐵𑐬𑐵𑐢𑐬𑐢𑐵𑐣𑐢𑑂𑐰𑐣𑐶𑐟𑐡𑐶𑐰𑑂𑐳𑑂𑐎𑐞𑑂𑐜𑐮𑐵𑐳𑑂𑐰𑐞𑑂𑐜𑐮𑐣𑐶𑐖𑐫𑐱𑐏𑐞𑑂𑐜𑐷
16372c27,𑐩𑐟𑐶𑐠𑑂𑐰𑐣𑐶𑐩𑑂𑐴𑐳𑐫𑐵𑐣𑐵𑐩𑐣𑐳𑐖𑐷𑐧𑐥𑐸𑐟𑑂𑐬𑐀𑐩𑐺𑐟𑐢𑐬𑑍
310zf6f8,𑐴𑐵𑐬𑐫𑐵𑑅𑐢𑑂𑐰𑐵𑐎𑐵𑐳𑑅𑐢𑐵𑐟𑐸𑐫𑐵𑐳𑐶𑑄𑐑𑐳𑑂𑐠𑐵𑐥𑐣𑐵𑐫𑐵𑐣𑐵𑑅𑐡𑐵𑐣𑐥𑐟𑐶
70dd19z8,𑐣𑑂𑐩𑐹𑐬𑑂𑐟𑑂𑐟𑐫𑐾𑑋𑐦𑐞𑐵𑐳𑐥𑑂𑐟𑐧𑐶𑐨𑐹𑐲𑐵𑐫𑐮𑑀𑐎𑐵𑐬𑑂𑐟𑑂𑐟𑐶𑐨𑐫𑐴𑐵𑐬𑐶𑐞𑐾𑑌𑐫𑐖𑐩
05026z17,𑐠𑑂𑐰𑐔𑐿𑐟𑑂𑐫𑐳𑐵𑐬𑐐𑑂𑐰𑐴𑐳𑑂𑐰𑐮𑐳𑐣𑐎𑐬𑐳𑐵𑐐𑑂𑐰𑐳𑐰𑐵𑐮𑐵𑐡𑐠𑐵𑐟𑐔𑐰𑐩𑐳𑐵𑐫𑐵𑐫𑐬𑐵𑐎𑐡𑐵𑐣
ad819553,𑑋𑑋𑐡𑑂𑐰𑐶𑐟𑐶𑐫𑐵𑐣𑑂𑐟𑐶𑐠𑑁𑐱𑐸𑐨𑐱𑑂𑐬𑐷𑑓𑐖𑐰𑐫𑐡𑐾𑐰𑐫𑐵𑐟𑑍𑐱𑐶𑐖
7a19b3c0,𑐫𑐵𑐲𑐸𑐣𑐣𑐖𑑀𑐖𑐩𑐵𑐣𑐳𑑂𑐫𑐁𑐫𑐸𑐁𑐬𑑀𑐐𑑂𑐫𑑍𑐖𑐣𑐢𑐣𑐰𑐺𑐡𑑂𑐢𑐶𑐬𑐳𑑂𑐟𑐸𑑋𑑋𑐂𑐴𑑀𑐬𑑀𑐎𑐾𑐳𑐸𑐲
83bfb509,𑐬𑐵𑐰𑐟𑐖𑐱𑐶𑐬𑐵𑐖𑐫𑐵𑐰𑐾𑐬𑐳𑑍𑐖𑑀𑐖𑐩𑐵𑐣𑐫𑐟𑐵𑐏𑐵
910975c6,𑐰𑐡𑐵𑐬𑐶𑐞𑐷𑐥𑐬𑐶𑐮𑐳𑐟𑑂𑐥𑐬𑐷𑐣𑑂𑐡𑑂𑐬𑐳𑐘𑑂𑐔𑐵𑐬𑐶𑐞𑐷𑐥𑑂𑐬𑑀𑐡𑑂𑐫𑐟𑑂𑐥𑐣𑑂𑐣𑐐𑐢𑐵𑐬𑐶𑐞𑐷𑐰𑐶𑐢𑐸𑐎𑐮𑐵
6732069c,𑐡𑐡𑐶𑐧𑐾𑐩𑐵𑐣𑑀𑐬𑐰𑐷𑐎𑐸𑐬𑐟𑐶𑐮𑐎𑐴𑐣𑐸𑐩𑐢𑑂𑐰𑐖𑐣𑐾𑐥𑐵𑐬𑐱𑑂𑐰𑐬𑐩𑐴𑐵𑐬𑐵𑐖𑐵
6225a9c2,𑐎𑐖𑐸𑐬𑑀𑑍𑐠𑑂𑐰𑐟𑐶𑐮𑑂𑐴𑐵𑐳𑐾𑐟𑐎𑑀𑐫𑐵𑐟𑐳𑐵𑐩𑐴𑐵𑐥𑐸𑐣𑑂𑐫𑐮𑐵𑐎𑐖𑐸𑐬𑑀𑑌𑐠𑑀𑐐𑐸𑐬𑐮𑑀𑐴𑑀𑐫𑐵𑐳𑐶𑑄𑐴𑐵
fc90512d,𑑊𑐱𑑂𑐬𑐷𑑓𑐧𑐸𑐢𑐢𑐬𑑂𑐩𑐳𑑄𑐑𑐩𑐔𑐣𑐱𑑂𑐬𑐷𑐩𑐵
a7d01f63,𑐎𑐵𑐐𑑀𑐥𑐎𑐸𑐮𑐵𑐣𑑂𑐟𑐬𑐎𑑂𑐲𑑌𑐀𑐏𑐞𑑂𑐜𑐮𑑀𑐟𑑂𑐳𑐺𑐲𑑂𑐚𑐱𑐶𑐮𑐵𑐟𑐶𑐰𑐺𑐲𑑂𑐚𑐾𑑅𑐟𑐳𑑂𑐩𑐣𑐩𑑀𑐣𑐣𑑂𑐡𑐳𑐸𑐟𑐵𑐫𑐣𑐶𑐟𑑂𑐰𑑄𑑌𑐁𑐳𑐷𑐬𑐟𑑂𑐳𑐶𑐡𑑂𑐢𑐶
z2zcffz1,𑑊𑐳𑑄𑐰𑐟𑑘𑑗𑑑𑐁𑐳𑐸𑐶𑐣𑐶𑑅𑐎𑐺𑐲𑑂𑐞𑑅𑐡𑐳𑐩𑑂𑐫𑐵𑑄𑐣𑑂𑐟𑐶𑐠𑑂𑐰𑑁
80f93cb7,𑐖𑐷𑐰𑐨𑐵𑐬𑑀𑑍𑐰𑐵𑐰𑐸𑐡𑐷𑑄𑐟𑐨𑐵𑐬𑑀𑑋𑑋𑐟𑐳𑑂𑐫𑐢𑐬𑑂𑐩𑑂𑐩𑐥𑐸𑐞𑑂𑐫𑐾𑐦𑐮𑐾𑐣𑐖𑐣
4f2005c2,𑐎𑑂𑐟𑐷𑐱𑑂𑐰𑐣𑐵𑐩𑑂𑐣𑐶𑐔𑐟𑐟𑑂𑐳𑐴𑑀𑐡𑐬𑐣𑐵𑐩𑐰𑑋𑑋𑐖
8cda289c,𑐣𑐬𑐎𑐵𑐣𑐵𑑄𑐳𑐸𑐡𑐵𑐬𑐸𑐞𑐵𑑅𑑌𑐎𑑂𑐬𑐩𑐾𑐞𑐟𑐵𑐳𑐸𑐥𑐟𑑂𑐫𑐣𑑂𑐟𑐾𑑍𑐡𑐾𑐰𑐧𑑂𑐬𑐴𑑂𑐩𑐳𑑂𑐰𑐴𑐵𑐬𑐶𑐞𑑅𑑌𑐠𑑂𑐰𑐐𑐸
b5c1z725,𑐩𑑂𑐟𑑂𑐬𑐷𑐢𑑄𑐣𑐠𑐎𑑄𑐩𑑂𑐟𑑂𑐬𑐷𑐥𑐸𑐬𑐸𑐲𑐞𑐂𑐣𑐵𑐎𑑀𑐥𑐱𑑂𑐔𑐶𑐩
70c87c37,𑑉𑐣𑐩𑑅𑐱𑑂𑐬𑐷𑐩𑐡𑑂𑐬𑐵𑐬𑑂𑐫𑑂𑐫𑐵𑐰𑐮𑑁𑐎𑐶𑐟𑐾
86a97901,𑑊𑐱𑐸𑐫𑑀𑐳𑑂𑐟𑐸𑐳𑐧𑐟𑑂𑑙𑑘𑑒𑐩𑑂𑐟𑐶𑐎𑐵𑐟𑑂𑐟𑐶𑐎𑐩𑐵𑐳𑐾𑐎𑐺𑐳𑑂𑐣𑐥𑐎𑑂𑐲
c9f50z83,𑐠𑑂𑐰𑐟𑐾𑐧𑐸𑐫𑐵𑐰𑐬𑑂𑐲𑐥𑑂𑐬𑐟𑐶𑑄𑐰𑐬𑐳𑐵𑐣𑐣𑑄𑐣𑐶𑐟𑑂𑐫𑐥𑐹𑐖𑐵𑐫𑐵𑐟𑐥𑐹𑐖𑐵𑐎𑑂𑐫𑐾𑐀𑐲𑑂𑐚𑐵𑑒𑐰𑐖𑐶𑐎𑐸𑐜𑑑𑐢𑐮𑐶𑐥𑐵𑐟𑑒𑐡𑑄𑑔𑐟𑐸𑐟𑐎𑑄𑐩𑐢𑐶𑐟𑐵𑑒𑐡𑑄𑐱𑑂𑐑𑐮
071a9b17,𑐟𑑍𑐠𑑂𑐰𑐣𑐾𑐩𑑂𑐴𑑄𑐳𑑂𑐟𑐵𑐏𑐸𑐫𑐶𑐔𑐮𑐵𑐧𑐸𑐬𑑀𑑑𑐠𑐟𑐾𑐧𑐸𑐡𑐸𑐟𑐵𑐖𑐸𑐬𑑀𑑋𑑋𑐠𑑂𑐰𑐧𑐸𑐫𑐵𑐰𑐮𑐳𑐵𑐣𑑄𑐴𑐵𑐣𑐾𑐰𑐶𑐱𑑂𑐰𑐖𑐵
6217c3d1,𑐱𑑂𑐬𑐷𑐱𑑂𑐬𑐷𑐱𑑂𑐬𑐷𑐢𑐩𑐢𑐵𑐟𑐸𑐔𑐿𑐟𑑂𑐫𑐖𑐶𑐬𑑂𑐞𑐄𑐢𑐵𑐬𑐫𑐵𑐒𑐵𑐳𑑂𑐬𑑀𑐳𑑂𑐟𑐸𑑌𑐳𑑄𑐩𑑂𑐧𑐟𑑂𑑘𑑑𑑒𑐧𑐿𑐳𑐵𑐲𑐎𑐺𑐲𑑂𑐞𑐊𑐎𑐵𑐡
145471d0,𑐳𑐶𑑄𑐴𑑍𑐱𑐵𑐎𑑂𑐫𑐨𑐶𑐎𑑂𑐲𑐸𑐱𑑂𑐬𑐷𑐥𑐩𑑍𑐳𑐶𑐎𑑂𑐰𑐩𑐐𑐸𑐜𑐶𑐰𑐶𑐴𑐵𑐬𑑍𑐧𑐖𑐵𑐔𑐵𑐬𑑂𑐫𑐱𑑂𑐬𑐷𑐬𑐣𑑂𑐴𑐡𑐾
6fb3ad78,𑐠𑐸𑐥𑐸𑐲𑐸𑐬𑐦𑐬𑐾𑐩𑑄𑐡𑐥𑐡𑐫𑐎𑐵𑐰𑐥𑐟𑐶𑐳𑑂𑐠𑐵𑐫𑐵𑐒𑐵𑐡𑐶𑐣𑐳𑐩𑑂𑐰
264f28z1,𑑊𑐳𑑂𑐰𑐳𑑂𑐟𑐶𑑋𑑋𑑌𑐱𑑂𑐬𑐷𑑓𑐔𑐣𑑂𑐡𑐾𑐱𑑂𑐰𑐬𑐷𑐨𑐰𑐵𑐣𑐷𑐥𑑂𑐬𑐶𑐟𑐶𑐣
d19fa813,𑐣𑐨𑐵𑐬𑑀𑐠𑐸𑐟𑐶𑐳𑐩𑐹𑐔𑐫𑐣𑐖𑑂𑐘𑐵𑐣𑐬𑐵𑐖𑐥𑑂𑐬𑐩𑐸𑐲𑑄𑐖𑐊𑐬𑐵𑐖𑐩𑑄𑐘𑑂𑐖𑐸𑐬𑐵𑐖𑑍𑐢𑐣𑐬𑐵𑐖𑐨𑐵𑐟𑐺𑐥𑐸𑐟𑑂𑐬𑐧𑐺𑐣𑑂𑐡𑑂𑐬𑐬𑐵
dzfzbf3a,𑑑𑑑𑐧𑐸𑐢𑐧𑐵𑐬𑐎𑐹𑐣𑑂𑐴𑐹𑑍𑐱𑑂𑐬𑐷𑑒𑐐𑐬𑐹𑐜
c0c68a92,𑐮𑑂𑐫𑑄𑐄𑐢𑐵𑐬𑐖𑐸𑐫𑐩𑐵𑐬𑑍𑐖𑐖𑐩𑐵𑐣𑐫𑐵𑑄𑐠𑐸𑐐𑐸𑐖𑐣𑑂𑐩𑐳𑐖𑐣𑐢𑐣𑐳𑐣𑑂𑐟𑐵𑐣𑐔𑐟𑐸
zz2338z5,𑐩𑐴𑐵𑐬𑐵𑐖𑐵𑐢𑐶𑐬𑐵𑐖𑐱𑑂𑐬𑐷𑐱𑑂𑐬𑐷𑐖𑐫𑐥𑑂𑐬𑐟𑐵𑐥𑐩𑐮𑑂𑐮𑐡𑐾𑐰𑐥𑑂𑐬𑐨𑐸𑐠𑐵𑐎𑐸𑐬𑐳𑑂𑐫𑐰𑐶𑐖𑐫𑐬𑐵𑐖𑑂𑐫𑑅
868zd33a,𑐬𑑀𑐡𑐶𑐣𑐳𑐩𑑂𑐧𑐟𑑘𑑑𑑒𑐖𑑂𑐫𑐾𑐲𑑂𑐛
82327674,𑐖𑐨𑐵𑐰𑑀𑐕𑐾𑐩𑑂𑐴𑑀𑐫𑐬𑐸𑐎𑐾𑐱𑐐𑐸𑐞𑐄𑐮𑑂𑐴𑐵𑐳𑐶𑑄𑐴𑐐𑑂𑐫𑐵𑐣𑐔𑐣𑑂𑐡𑑂𑐬𑐀𑐩𑐺𑐟𑐬𑐵𑐖𑐥𑐵
299dfd9d,𑐩𑐳𑐾𑐣𑐳𑑂𑐠𑐵𑐥𑐣𑐵𑐫𑐵𑐣𑐵𑐡𑐾𑐐𑑀𑐮𑐡𑐫𑐎𑑄𑐣𑐶
z6aaz47f,𑐴𑐣𑐡𑐸𑐣𑑂𑐟𑐵𑐖𑐸𑐬𑑀𑑍𑐱𑐸𑐨𑑄𑑌𑑌
1z0ccd65,𑐱𑐸𑐨𑑋𑑋𑐨𑐵𑐳𑑂𑐎𑑂𑐬𑐾𑐡𑐾𑐰𑐳𑑄𑐳𑑂𑐎𑐵𑐬𑐶𑐟𑐳𑐵𑑍𑐳𑐟𑑂𑐬𑐱𑑂𑐬𑐷𑐎𑐾𑐱𑐰𑐔𑐣𑑂𑐡𑑂𑐬𑐎𑐶
d441627d,𑐡𑐸𑐡𑐵𑐟𑐵𑐫𑐵𑐧𑑄𑐳𑐡𑐟𑐫𑐵𑐒𑐵𑐌𑐟𑐫𑐩𑐵𑐬𑑌
203fa318,𑐔𑐶𑐟𑑂𑐟𑐄𑐟𑑂‍𑐥𑐟𑑂𑐟𑐶𑐖𑐸𑐫𑐵𑐌𑑌𑐳𑑄𑐩𑑂𑐧𑐟𑑑𑑐𑑑𑑐𑐩𑑂𑐟𑐶
cab329d2,𑐐𑐸𑐖𑐸𑐬𑐶𑐕𑑀𑐎𑐵𑐳𑑂𑐫𑑄𑐥𑑂𑐬𑐟𑐶𑑄𑐳𑑂𑐠𑐵𑐫𑐵𑐒𑐵𑐖𑐸𑐬𑑀𑑍𑐐𑐖𑐸𑐬𑐷𑐕𑐵𑐳𑑂𑐫𑑄𑐢𑐸𑑄𑐐𑑂𑐰𑐖𑐸𑐬𑑀𑑌𑐠𑑂𑐰𑐰𑐾𑐬𑐳
d6a6469c,𑐮𑐎𑑂𑐲𑑂𑐩𑐷𑐱𑑂𑐔𑐎𑐵𑐩𑐶𑐣𑐶𑐟𑐾𑐲𑐵𑑄𑐔𑐳𑑂𑐰𑐬𑑂𑐐𑐵𑐥𑑂𑐬𑐵
94zacc1c,𑐌𑐱𑑂𑐬𑐷𑑓𑐨𑐶𑐩𑐳𑐾𑐣𑐡𑑂𑐐𑐾𑐌𑐣𑐾𑐥𑐵𑐔𑑀𑐟𑐳𑐶𑑄𑐫𑐵𑐌𑐡𑐵𑐣𑐥𑐟𑐶𑑚𑐩
649971z4,𑐳𑐸𑐣𑐵𑐣𑑄𑐠𑑂𑐰𑐳𑐵𑐴𑐵𑐳𑐣𑐫𑐶𑐔𑐾𑐬𑐾𑐠𑐶𑐔𑐾𑐬𑐫𑐵𑐟
510931a5,𑐮𑐵𑐳𑐶𑐢𑐎𑑄𑐣𑐶𑐧𑐾𑐡𑐣𑐫
0a3717b3,𑐫𑑀𑐐𑐥𑑂𑐬𑐷𑐟𑐶𑐳𑐣𑐵𑐏𑑂𑐫𑐎𑐾𑐳𑐩𑐎𑐬𑑀𑐡𑑂𑐫𑐵𑐐𑐾𑐱𑑂𑐰𑐬𑐳𑑂𑐫𑐵𑐮
44970423,𑐎𑑀𑐚𑑂𑐫𑐵𑐴𑐸𑐣𑑂𑐟𑐶𑐴𑑀𑐩𑐫𑐵𑐒𑐵𑐰𑐠𑑀𑐩𑐞𑐶𑐩𑐞𑑂𑐜𑐥𑑄𑐳𑐱𑐎𑑂𑐟𑐶𑐣𑐳𑐴𑐶𑐟𑐨𑐬𑐰𑐡𑐫𑐎𑑄𑐳𑑂𑐠𑐵𑐥𑐣𑐵
8117f50f,𑐠𑑂𑐰𑐔𑐿𑐟𑑂𑐫𑐳𑐵𑐬𑐐𑑂𑐰𑐴𑐳𑑂𑐰𑐮𑐳𑐣𑐎𑐬𑐳𑐵𑐐𑑂𑐰𑐳𑐰𑐵𑐮𑐵𑐡𑐠𑐵𑐟𑐔𑐰𑐩𑐳𑐵𑐫𑐵𑐫𑐬𑐵𑐎𑐡𑐵𑐣
z68557f7,𑐠𑑁𑐁𑐏𑐵𑐝𑐾𑐔𑐱𑐶𑐟𑐾𑑇𑐣𑐸𑐬𑐵𑐢𑐳
d9z0cdca,𑐟𑐶𑐔𑐰𑐶𑐏𑑂𑐫𑐵𑐟𑐵𑐟𑐳𑑂𑐫𑐨𑐵𑐬𑑂𑐫𑑂𑐫𑐵𑐥𑐟𑐶𑐰𑑂𑐬𑐟𑐵𑑌𑐟𑐫𑑀𑑅𑐥𑐸𑐟𑑂𑐬𑐳𑐸𑐢𑐷𑐳𑐷𑐳𑑂𑐎𑐷𑐬𑑂𑐟𑐶𑐳𑐶𑑄𑐴𑐂
68775038,𑐫𑐷𑐳𑐔𑐩𑐟𑐥𑑂𑐰𑐵𑐟𑑓𑐕𑑀𑐊𑐎𑐾𑐫
3c48a47f,𑐮𑐶𑐟𑐥𑑂𑐬𑑀𑐡𑑂𑐫𑐣𑑂𑐩𑑀𑐴𑐢𑐣𑐵𑐣𑑂𑐢𑐎𑐵𑐬𑐥𑐚𑐮𑐥𑑂𑐬𑐰𑑂𑐫𑐎𑑂𑐟𑐧𑑀𑐢𑑀𑐡𑐫𑑅𑑋𑐱𑐵𑐣𑑂𑐟𑐎𑑂𑐮𑐵𑐣𑑂𑐟𑐥𑐬𑐵𑐨𑐰𑐵𑐫𑐟𑐢𑐬𑐵
aadf658d,𑐱𑐶𑐐𑐟𑐾𑐔𑐣𑑂𑐡𑑂𑐬𑐩𑐱𑐶𑑋𑑋𑐱𑐸𑐨𑐩𑐳𑑂𑐟𑐸𑐳𑐬𑑂𑐰𑑂𑐰𑐡𑐵𑐱𑐸𑐨𑑋𑑋
z03z80z4,𑐩𑐳𑐾𑐣𑐳𑑂𑐠𑐵𑐥𑐣𑐵𑐫𑐵𑐣𑐵𑐡𑐾𑐐𑑀𑐮𑐡𑐫𑐎𑑄𑐣𑐶
b1ca50b8,𑐬𑑀𑑌𑐱𑐸𑐨𑑄𑑌𑑅𑑌𑑛𑑌𑑐𑑌
f0417zdz,𑐬𑑀𑑋𑑋𑐥𑐸𑐣𑐨𑐵𑐏𑐵𑐠𑑂𑐰𑐕𑐾𑐳𑐢𑐬𑑂𑐩𑑂𑐩𑐬𑐵𑐖𑐵𑐫𑐵𑐰𑑄𑐳𑐡𑐟𑑀
c5f92268,𑐖𑐮𑐵𑐏𑐸𑐧𑐸𑐬𑑀𑑑𑐎𑐵𑐳𑐵𑐎𑑂𑐰𑐧𑐸𑐬𑑀𑑒𑐎𑐬𑑂𑐲𑑑𑑍𑐎𑑀𑑄𑐮𑑂𑐴𑐵𑐡𑑀𑐮𑐧𑐸𑑍𑐬𑑀𑑒𑐩𑑄𑐢𑐮𑐵𑐧𑐸𑑍𑐬𑑀𑑒𑐥𑐸𑐟𑐶𑐮𑐵𑐧𑐸
6105f130,𑐬𑐶𑐡𑑂𑐬𑐫𑐵𑐬𑑂𑐞𑑂𑐞𑐰𑐩𑐐𑑂𑐣𑐰𑐶𑐥𑑂𑐬𑐣𑐶𑐔𑐫𑑀𑐡𑑂𑐢𑐵𑐬𑐎𑐣𑑁𑐎𑐵𑐰𑐴𑑀𑐰𑐷𑐞𑐵𑐰𑐵𑐡𑐣𑐣𑐶𑐬𑑂𑐖𑐶𑐟𑐵𑐩𑐬𑐩𑐸𑐣𑐷𑐬𑐸𑐡𑑂𑐬𑐾𑐣𑑂𑐡𑑂𑐬𑐩𑐮𑑂𑐮𑐵𑐴𑑂𑐰𑐫𑑅𑑌
a2dcc839,𑐟𑑂𑑘𑑓𑑒𑐰𑐱𑐵𑐲𑐱𑐸𑐡𑐶𑑙𑐏𑑄𑐠𑐸𑐟𑐶𑐥𑐵𑐎𑑀𑐰𑐸𑐬𑑀𑑕𑐠𑑂𑐰𑐟𑐾𑐫𑐵𑐰𑐬
z74345bf,𑑅𑐎𑐺𑐟𑑋𑑋𑐳𑑄𑐰𑐟𑑂𑑗𑑗𑑒𑐠𑑂𑐰𑐡𑑄𑐳𑐬𑐵
83c9537a,𑐰𑐱𑐵𑐎𑑂𑐫𑐱𑐵𑐎𑑂𑐫𑐨𑐶𑐎𑑂𑐲𑐸𑐱𑑂𑐬𑐷𑐖𑐸𑐐𑐶𑐡𑐾𑐰𑐠𑐸𑐟𑐶𑐢𑐬𑑂𑐩𑐐𑑀𑐲𑑂𑐛𑐶𑐳𑐩𑐹𑐔𑐫𑐳𑑄𑐨𑐵𑐲𑐣
66315645,𑐥𑑄𑐔𑐬𑑀𑐥𑐞𑐶𑐎𑑄𑐬𑑀𑐰𑐒𑐵𑑕𑑍𑐀𑐦𑐮𑐰𑐸𑐎𑑂𑐲𑐾𑐟𑑂𑐬𑐟𑑂𑐬𑐫𑐬𑑀𑐥𑐞𑐶𑐎𑑄𑐬𑑀𑐰𑐳𑑂𑐰𑑓𑐕𑑀𑐀𑐦𑐮𑐎𑑂𑐲𑐾𑐟𑑂𑐬𑐥𑑄𑐔𑐬𑑀𑐥𑐞𑐶𑐎𑐬𑑀𑐰𑐒𑐵𑑕𑑍𑐂𑐡𑑀𑐮𑐎𑑂𑐲𑐾𑐟𑑂𑐬𑑄
dca6ba78,𑐑𑐾𑐮𑐎𑐳𑑂𑐟𑐶𑐕𑐥𑐵𑐟𑐡𑐸𑐡𑐸𑑍𑐣𑐵𑐐𑐬𑐵𑐖𑐵𑐫𑐵𑐣𑐵𑐩𑐣𑑄𑑍𑐥𑑂𑐬𑑑𑐖𑐵𑐎𑐶𑐥𑑂𑐬𑑑𑐡𑐸𑐡𑐸𑐂𑐟𑐶
df4a5606,𑐬𑐣𑐎𑑂𑐲𑐟𑑂𑐬𑐥𑑂𑐬𑐷𑐟𑐶𑐫𑑀𑐐𑐧𑐹𑐢𑐧𑐵𑐬𑐠𑑂𑐰𑐎𑐸𑐴𑑂𑐣𑐸𑐥𑑂𑐬𑐟𑐶𑐲𑑂𑐛𑐵𑐡𑐶𑐣𑐱𑐸𑐨
69cf6d85,𑐮𑐵𑐫𑐸𑑍𑐖𑐶𑐬𑑂𑐞𑑂𑐞𑐄𑐡𑑂𑐢𑐵𑐬𑐫𑐵𑐳𑐵𑐳𑐸𑐏𑐵𑐰
zaz17838,𑐒𑐵𑐌𑑍𑐌𑐫𑐵𑐟𑐔𑐿𑐟𑐱𑐸𑐎𑑂𑐬𑐫𑐵𑐀𑐲𑑂𑐚𑐩𑐶𑐬𑐐𑑂𑐰𑑑𑐠𑐫𑐩𑐵𑐬𑑍𑐧𑐰𑐡𑐾𑐖𑐸𑐥𑐣𑐶𑐳𑑂𑐠
b8a1a96z,𑐱𑑂𑐬𑐷𑑕𑐩𑐴𑐵𑐬𑐵𑐖𑐵𑐬𑐵𑐖𑐬𑐵𑐖𑐾𑐣𑑂𑐡𑑂𑐬𑐧𑐶𑐎𑑂𑐬𑐩𑐳𑐵𑐴𑐡𑐾𑐰𑐳𑑂𑐫𑐧𑐶𑐖𑐫𑐾𑐬𑐵𑐖𑑂𑐫𑑌
b4134771,𑑘𑑓𑑕𑐦𑐵𑐐𑐸𑐣𑐱𑐸𑐡𑐶𑑑𑐱𑑂𑐬𑐷𑐳𑐡𑐵𑐱𑐶𑐰𑐱𑑂𑐬𑐷𑐣𑐵𑐬𑐵𑐫𑐣𑐱𑑂𑐬𑐷𑐳𑐬𑐱𑑂𑐰
fbf0a271,𑐱𑑂𑐬𑐷𑐣𑐬𑐣𑐵𑐬𑐵𑐫𑐞𑐠𑑂𑐰𑐫𑐵𑐣𑐥𑐸𑐟𑑂𑐬𑐩𑐴𑐵𑐬𑐵𑐖𑐵𑐢𑐶𑐬𑐵𑐖𑐱𑑂𑐬𑐷𑐱𑑂𑐬𑐷𑐮𑐎𑑂𑐲𑑂𑐩𑐷𑐣𑐵𑐬𑐵𑐫𑐞𑐠𑑂𑐰𑐫𑐵𑐣𑐥𑐸𑐟𑑂𑐬𑐩𑐴𑐵
5333f322,𑐳𑑂𑐟𑑂𑐬𑐵𑐬𑑂𑐠𑐰𑐶𑐟𑑂𑐟𑐟𑐸𑐮𑑂𑐫𑑀𑐣𑐢𑐬𑐵𑐥𑐟𑐶𑐬𑑂𑐨𑐸𑐰𑐶𑐟𑐡𑐵𑐰𑐎𑐞𑑂𑐛𑐣𑐵𑐠𑑀𑐥𑐩𑑅𑑌𑐁𑐳𑐷𑐡𑑂𑐫𑑀𑐐𑐣𑐬𑐾𑐣𑑂𑐡𑑂𑐬𑐩𑐮𑑂𑐮𑐣𑐺𑐥𑐟𑐶𑑅𑐱𑑂𑐬𑐷𑐱𑑂𑐬𑐷𑐣𑐶𑐰𑐵𑐳𑐵𑐟𑑂𑐩𑐖𑑀𑐫𑐟𑑂𑐟𑐸𑐮𑑂𑐫𑑀𑐨𑐸
a9a87z5d,𑑊𑐩𑐏𑐣𑐟𑑀𑐬𑐫𑐵𑑍𑐱𑐶𑐰𑐮𑐎𑐨𑐵𑐬𑑀𑐣𑐳𑐾𑐐𑐸
b52b2fad,𑐣𑑂𑐴𑐶𑐟𑐵𑐬𑑂𑐠𑑌𑐣𑐾𑐥𑐵𑐮𑐳𑐩𑑂𑐰𑐟𑐿𑐳𑑂𑐩𑐶𑐣𑐥
80bfbc6d,𑐰𑐣𑐾𑐩𑑂𑐴𑑄𑐳𑑂𑐟𑐵𑑍𑐖𑐸𑑑𑐥𑐸𑐖𑐵𑑍𑐡𑑄𑑒𑐑𑐾𑐮𑐎𑐳𑑂𑐟𑐶𑑍𑐥𑐵𑑑𑐡𑐸𑐡𑐸𑑍𑐡𑑄𑑒𑐡𑐎𑑂𑐲𑐶𑐣𑐵𑑍𑐣𑐵𑐐𑐬𑐵𑐖𑐵𑐫𑐵𑐣
f9f6b8d9,𑐩𑐳𑐵𑐴𑐡𑐾𑐧𑐳𑑂𑐫𑐧𑐶𑐖𑐫𑐬𑐵𑐖𑑂𑐫𑐾𑑌𑑌𑐡𑐵𑐣𑐥𑐟𑐾𑐣𑐾𑐥𑐵
1c016acf,𑐱𑑂𑐰𑐬𑐵𑐫𑑅𑑌
d69f279f,𑐖𑐷𑐰𑐨𑐵𑐬𑑀𑑍𑐰𑐵𑐰𑐸𑐡𑐷𑑄𑐟𑐨𑐵𑐬𑑀𑑋𑑋𑐟𑐳𑑂𑐫𑐢𑐬𑑂𑐩𑑂𑐩𑐥𑐸𑐞𑑂𑐫𑐾𑐦𑐮𑐾𑐣𑐖𑐣
3611bz32,𑐖𑐸𑐬𑑀𑐟𑐟𑐵𑐖𑐰𑐚𑐫𑐵𑐥𑐵𑐎𑐧𑐹𑐮𑑀𑑔𑐧𑐵𑐴𑐵𑐬𑐖𑐸𑐮𑑀
d617a93z,𑑉𑐀𑐡𑑂𑐫𑑅𑐧𑑂𑐬𑐩𑑂𑐴𑐞𑑀𑐡𑑂𑐢𑐶𑐟𑐷𑐫𑐥𑐬𑐵𑐡𑑂𑐢𑐾𑑍𑐱𑐷𑐫𑐟𑐧𑐬𑐵𑐴𑐵𑐎𑐬𑐥𑐾𑐰𑐿𑐰𑐰𑐱𑑂𑐰𑐟𑐩𑐣𑑂𑐰𑐎𑐬𑐾𑐀𑐲𑑂𑐚𑐵𑐰𑐶𑐱
azfbcbf7,𑐥𑑄𑐔𑐩𑐶𑐥𑐸𑐲𑐾𑐣𑐎𑑂𑐲𑐟𑑂𑐬𑐳𑐸𑐎𑑂𑐮𑐧𑐵𑐬𑐎𑐸𑐣𑑂𑐴𑐸𑐱𑑂𑐬𑐷𑑓𑐨𑐶𑐩𑐳𑐾𑐣𑐫𑐵
c74df32f,𑐨𑐵𑐬𑑀𑑍𑐖𑐶𑐟𑐬𑐵𑐖𑐨𑐵𑐬𑑀𑑍𑐖𑐐𑐟𑐬𑐵𑐖𑐨𑐵𑐬𑑀𑑍𑐟𑑀𑐫𑐨𑐵𑐬𑑀𑑍𑐣𑐵𑐠
bcaz7d7c,𑐣𑑂𑐡𑑂𑐬𑐵𑐫𑐣𑐩𑑀𑐣𑐩𑑅𑑋𑑋𑐨𑐬𑐰𑐵𑐫𑐳𑐬𑐳𑑂𑐰𑐟𑑂𑐫𑐥𑑂𑐬𑐞𑐩𑐵𑐩𑐶𑐡𑐶𑐣𑐾𑐡𑐶𑐣𑐾𑑋𑑋𑐫𑐳𑑂𑐫𑐵𑑅𑐳𑑂𑐰𑑄
88d00695,𑐮𑐵𑐳𑐶𑐢𑐎𑑄𑐣𑐶𑐧𑐾𑐡𑐣𑐫
7cf1f727,𑑊𑑉𑐣𑐩𑑅𑐱𑑂𑐬𑐷𑐨𑐰𑐵𑐣𑑂𑐫𑑌𑐨𑐎𑑂𑐟𑐳𑑂𑐰𑐲𑑂𑐥𑐡𑐡𑐵𑐫𑐶𑐣𑐷𑐨𑐰𑐣𑐰𑐎𑐷𑐜𑐵𑐎𑐮𑐵
0df276f2,𑐎𑑂𑐲𑐟𑑂𑐬𑐾𑑍𑐐𑐥𑐸𑐕𑐥𑐬𑑂𑐰𑑂𑐰𑐟𑑍𑐱𑑂𑐬𑐷𑑒𑐱𑑂𑐰𑐫𑐰𑐸𑐔𑐟𑑂𑐫𑐠𑐵𑐣𑑂𑐫𑑍𑐀𑐳𑑂𑐟𑐰𑐬𑐵𑐐𑐳𑐣𑐶𑐢𑐵𑐣𑑂𑐫
f50cdf9a,𑐰𑐵𑐳𑐬𑐾𑑌𑐠𑑂𑐰𑐎𑐸𑐣𑑂𑐴𑐸𑐥𑑂𑐬𑐟𑐶𑐳𑑂𑐠𑐵𑐫𑐵𑐒𑐵𑐡𑐶𑐣𑐖𑐸𑐬𑑀𑐠𑑂𑐠𑑂𑐰𑐀𑐐𑐜𑐮𑑂𑐴𑑀𑐒𑐵𑐫𑐵𑐱𑑂𑐬𑐷𑐱𑑂𑐬𑐷𑐥𑐬𑐩𑐾
faa3z24f,𑐟𑐶𑐔𑐶𑐎𑑄𑐀𑐚𑐣𑐰𑐶𑐒𑐵𑐰𑐥𑑂𑐬𑐟𑐶𑐲𑑂𑐛𑐵𑐫𑐵𑐒𑐵𑐖𑐸𑐮𑑀𑑋𑑋𑐀𑐰𑑂𑐫𑐧𑑂𑐬𑐴𑑂𑐩
2504f2bz,𑐳𑐡𑐵𑐨𑐎𑑂𑐟𑐶𑐣𑑁𑐣𑐶𑐥𑑂𑐬𑐥𑐺𑐖𑑂𑐫𑑄𑑌𑐩𑐞𑐷𑐳𑐶𑑄
7a7baba6,𑐣𑐾𑐐𑐸𑐬𑐶𑐡𑐫𑐎𑐵𑐥𑐘𑑂𑐔𑐣𑑄𑐳𑐾𑐮𑑂𑐴𑑀𑐰𑐶𑐔𑐵𑐬𑐫𑐵𑐎𑐾𑐩𑐵𑐮𑑋𑐏𑑄𑐴𑑂𑐩𑐵
b48cf775,𑐟𑐟𑐥𑐸𑐣𑑂𑐫𑐵𑐣𑐸𑐨𑐵𑐰𑐾𑐣𑐖𑐖𑐩𑐵𑐣𑐳𑑂𑐫𑐂𑐴𑐮𑑀𑐎𑐾𑐳𑐸𑐏𑐨𑑀
9bd18635,𑐎𑑂𑐬𑐟𑐱𑑂𑐬𑐷𑐎𑐞𑑂𑐛𑐴𑐬𑑂𑐩𑑂𑐫𑐔𑐣𑑂𑐡𑑂𑐬𑐩𑐞𑑂𑐜𑐮𑐬𑐶𑐥𑐸𑐩𑐸𑐞𑑂𑐜𑐩𑐞𑑂𑐜𑐮𑐏𑐞𑑂𑐜𑐣𑐥𑑂𑐬𑐔𑐞𑑂𑐜𑐎𑐵𑐞𑑂𑐜𑐩𑐞𑑂𑐜𑐶𑐟𑐎𑑀𑐡𑐞𑑂𑐜𑐵𑐮𑐎𑑂𑐲𑐺𑐟
2245a6af,𑐖𑐫𑐬𑐞𑐩𑐮𑑂𑐮𑐡𑐾𑐰𑐥𑑂𑐬𑐨𑐸𑐛𑐵𑐎𑐸𑐬𑐳𑑂𑐫𑑍𑐰𑐶𑐖𑐫𑐬𑐵𑐖𑑂𑐫𑐾𑑋𑑋𑐟𑐳𑑂𑐫𑐩𑐵𑐑𑐰𑑂𑐬𑐟
0f4576z3,𑐡𑐸𑐡𑐵𑐟𑐵𑐫𑐵𑐧𑑄𑐳𑐡𑐟𑐫𑐵𑐒𑐵𑐌𑐟𑐫𑐩𑐵𑐬𑑌
7684afb3,𑐥𑑄𑐔𑐵𑐩𑐺𑐟𑑄𑐥𑑄𑐔𑑀𑐥𑐔𑐵𑐬𑐥𑐸𑐖𑐵𑐔𑐵𑐎𑑂𑐬𑐩𑐟𑐕𑑀𑐫𑐎𑐾𑐔𑐾𑐎𑑄𑐎𑐸𑑒𑐡𑐸𑐠𑐾𑑌𑐳𑑂𑐰𑐵𑐣𑐫𑐵𑐟𑐎𑐸
2f9f215b,𑐬𑑂𑐱𑑂𑐬𑐳𑑂𑐟𑐸𑑋𑑋𑐳𑐩𑑂𑐰𑐟𑑗𑑖𑑒𑐁𑐏𑐵𑐢𑐩𑐵𑐳𑐾𑐱𑐸𑐎𑑂𑐮𑐥𑐎𑑂𑐲
881fd600,𑐔𑐸𑐬𑑒𑐠𑑂𑐰𑐟𑐾𑐧𑐸𑐫𑐵𑐌𑐬𑐳𑐵𑐣𑐣𑐡𑐸𑐠𑐾𑐴𑐣𑐾𑐩𑐵𑐬𑐡𑐶𑐬𑐥𑐸𑐣𑑂𑐴𑐶𑐳𑐶𑐎𑐸𑐣𑑂𑐴𑐸𑐩𑐵𑐴𑐵𑐡𑐶𑐥𑐥𑐸𑑄𑑑
190861d1,𑐊𑐎𑐵𑐫𑑅𑑋𑐱𑐳𑑂𑐟𑑂𑐬𑐱𑐵𑐳𑑂𑐟𑑂𑐬𑐳𑑄𑐐𑐷𑐟𑐵𑐡𑐶𑐳𑐎𑐬𑐧𑐶𑐡𑑂𑐫𑐵𑐥𑐵𑐬𑐐𑑅𑐬𑐵𑐖𑐬𑐵𑐖𑐾𑐣𑑂𑐡𑑂𑐬𑐎𑐧𑐷𑐡𑑂𑐬𑐡𑐶𑐐𑑂𑐢
09fbd42f,𑐬𑑂𑐖𑑂𑐫𑐵𑐬𑐵𑐩𑐵𑐫𑐵𑑅𑐎𑐣𑑂𑐫𑐳𑑂𑐟𑐨𑐵𑐬𑑂𑐖𑑂𑐫𑐵𑐬𑐟𑑂𑐣𑐡𑐾𑐰𑐶𑑅𑐩𑑀𑐟𑐶
0644352f,𑐳𑐵𑐣𑐣𑑄𑐴𑐵𑐣𑐾𑐖𑑂𑐫𑐵𑐩𑐶𑐴𑑂𑐩𑑖𑐡𑐫𑐎𑐵𑐰𑐣𑐾𑐐𑐸𑐬𑐥𑐸𑐏𑐸𑐬𑐳𑑄𑐑𑐵𑐳𑐥𑐸𑐫
1bc6z846,𑐫𑐵𑐒𑐵𑐣
3af18b53,𑐢𑐵𑐩𑐢𑑀𑐬𑐒𑑂𑐞𑐬𑐡𑐹𑐬𑑂𑐒𑑂𑐐𑐬𑐡𑑂𑐰𑐶𑐬𑐡𑐫𑐸𑐠𑐥𑐟𑐶𑐥𑐵𑐡𑑀𑐴𑐸𑐟𑐢𑐸𑐩𑐵𑐎𑐵𑐬𑐢𑐸𑐮𑐶𑐢𑑂𑐞𑐳𑐬𑐶𑐟𑐡𑐶𑐎𑑂𑐎𑐞𑐸𑐮𑐵𑐟𑐵𑐟𑑂𑐬𑑂𑐫𑐩𑐵𑐣𑐎𑐾
044c7913,𑐨𑐵𑐣𑐸𑐥𑑂𑐬𑐟𑐶𑐩𑐥𑑂𑐬𑐟𑐵𑐥𑑀𑐰𑐶𑐬𑐵𑐖𑐟𑐾𑐩𑐵𑐬𑐳𑐩𑐵𑐣𑐬𑐹𑐥𑑅𑑌𑐳𑐱𑑂𑐬𑐷𑐣𑐶𑐰𑐵𑐳𑑀𑐣𑐺𑐥𑐰𑐵𑐳𑐬𑐾𑐱𑑀𑐨𑐐𑐷𑐬𑐠𑐳𑑂𑐫𑐵𑐣𑐸𑐩𑐟𑑄𑐐𑐺𑐴𑐷𑐟𑑂𑐰𑐵𑑍𑐀𑐎𑐵𑐬𑐫𑐡𑑂𑐨𑐷𑐲𑐞
41d51938,𑐬𑑂𑐰𑐦𑐵𑐮𑑂𑐐𑐸𑐞𑐷𑐣𑐎𑑂𑐲𑐾𑐟𑐬𑐾𑑍𑐱𑐶𑐰𑐖𑑀𑐐𑐾𑐖𑐠𑐵𑐎𑐬𑑂𑐞𑐩𑑀𑐴𑑀𑐟𑐬𑐾𑑍𑐧𑐾𑐴𑐳𑑂𑐥𑐟𑐶𑐰𑐵𑐳𑐬𑐾𑑍𑐎𑑂𑐬𑐎𑑂𑐬
d5c42b41,𑐎𑑂𑐲𑐟𑑂𑐬𑐾𑑍𑐐𑐥𑐸𑐕𑐥𑐬𑑂𑐰𑑂𑐰𑐟𑑍𑐱𑑂𑐬𑐷𑑒𑐱𑑂𑐰𑐫𑐰𑐸𑐔𑐟𑑂𑐫𑐠𑐵𑐣𑑂𑐫𑑍𑐀𑐳𑑂𑐟𑐰𑐬𑐵𑐐𑐳𑐣𑐶𑐢𑐵𑐣𑑂𑐫
d5d711bd,𑐩𑐟𑑂𑐫𑐵𑑅𑐥𑐸𑐬𑑂𑐧𑑂𑐧𑐎𑐸𑐮𑐾𑑌𑐐𑐵𑑄𑐐𑐸𑐮𑐥𑐚𑑂𑐚𑐣𑐾𑑌𑐁𑐬𑑂𑐫𑑂𑐫𑐵𑐧𑐬𑑂𑐟𑑂𑐟𑐡𑐾𑐱𑐾𑐱𑑂𑐬𑐷𑐩𑐟𑑂‍𑐎𑐵𑐣𑑂𑐟𑐶𑐥𑐹𑐬
26b48d0d,𑐟𑐶𑐣𑐡𑐫𑐎𑐵𑐖𑐸𑐬𑑀𑑍𑑌𑐱𑐸𑐨𑑌
fczzz271,𑐡𑐶𑐣𑐾𑐮𑑀𑐎𑐣𑐵𑐠𑐾𑐏𑐬𑐵𑐐𑑂𑐬𑐿𑑌𑐫𑐵𑐱𑑂𑐬𑐷
1a3879b4,𑐩𑑂𑐫𑐣𑑂𑐰𑐎𑐬𑐾𑑍𑐀𑐲𑑂𑐚𑐵𑐰𑐶𑐱𑐟𑐶𑐟𑐩𑐾𑐔𑐟𑐸𑐫𑐸𑐐𑐳𑑂𑐫𑐎𑐬𑐾𑐥𑑂𑐬𑐠𑐩𑐥𑐵𑐡𑐾𑑍𑐖𑐩𑑂𑐧𑐸𑐡𑑂𑐰𑐶
970f3a4a,𑐠𑐸𑐫𑐩𑐡𑐸𑑍𑐩𑐶𑐕𑑀𑐫𑐎𑐾𑐩𑐡𑐸𑐰𑐬𑐲𑐸𑐣𑐶𑐔𑐥𑐵𑐮𑐫𑐵𑐖𑑀𑐐𑐶𑐣𑐧𑐶𑐔𑐵𑐬𑐫𑐵𑐫𑐩𑐵𑐮𑐧𑐶𑐔𑐵𑐬𑐩𑐫𑐵
dcf01748,𑑒
42b12d19,𑐬𑐖𑐸𑐫𑐩𑐵𑐮𑐠𑑂𑐰𑐏𑑄𑐧𑐵𑐳𑑂𑐫𑑄𑐎𑐸𑐳𑐵𑑌
cff124ff,𑐫𑐣𑑂𑐟𑐷𑑍𑐩𑐬𑐷𑐣𑐸𑐐𑑂𑐬𑐬𑐹𑐥𑐵𑐩𑐴𑑄𑐟𑑂𑐬𑐵𑑄𑐨𑐖𑐵𑐩𑐶𑑌𑑘𑑌𑐣𑐰𑑀𑐩𑐾𑐩𑐩𑐢𑑂𑐫𑐵𑐣𑐳𑐣𑑂𑐟𑐵𑐣𑐱𑐎𑑂𑐟𑐶𑑍𑐬𑑂𑐣𑑂𑐣𑐔𑐥𑑂𑐬𑐵𑐞𑐬𑑀𑐢𑐾𑐖𑐐𑐟𑐵
4679521f,𑐥𑑂𑐬𑐶𑐫𑐵𑐡𑐾𑐰𑐷𑐮𑐎𑑂𑐲𑑂𑐩𑐷𑑅𑐥𑐸𑐣𑐬𑑂𑐮𑐎𑑂𑐲𑑂𑐩𑐷𑐞𑐵𑐨𑑂𑐫𑑅𑐟𑐶𑐳𑐟𑐳𑑂𑐳𑐟𑐷𑑌𑐖𑑂𑐫𑐾𑐲𑑂𑐛𑐳𑑂𑐫𑐥𑐸𑐟𑑂𑐬𑐳𑐸𑐐𑐸
018b9230,𑐥𑐵𑐡𑐸𑐎𑐵𑐠𑐵𑐥𑐣𑐵𑐫𑐵𑐒𑐵
77600z79,𑐮𑐶𑐎𑐾𑑇𑐳𑑂𑐩𑐶𑐣𑑂𑐫𑐩𑐱𑐾𑐳𑐬𑐰𑐾𑐚𑐾𑐰𑐬𑑂𑐲𑐾𑐩𑐶𑐟𑐾𑐩𑐵
01105bf6,𑐣𑑂𑐜𑐮𑐎𑑂𑐲𑑂𑐩𑐶𑐩𑐸𑐣𑐶𑐢𑐬𑐎𑐳𑑂𑐫𑐥𑐸𑐟𑑂𑐬𑐬𑐵𑐖𑐧𑐶𑐬𑐳𑐶𑑄𑑍𑐀𑐩𑐸𑐢𑐬
6b777026,𑐨𑐷𑐩𑐳𑐾𑐣𑐥𑑂𑐬𑐵𑐳𑐵𑐡𑐩𑐾𑐣𑑄𑐣𑐫𑐣𑐵𑐨𑐶𑐬𑐵𑐩𑑄𑑌𑐣𑐾𑐥𑐵𑐮𑐵𑐰𑑂𑐡𑐾𑐱𑐱𑐢𑐬𑐣𑐩𑑅𑐎𑐸𑐘𑑂𑐖𑐬𑐾𑐨𑐵𑐳𑐶𑐨𑐵𑐬𑑂𑐐𑑂𑐐𑐾𑑍𑐱𑐸𑐎𑑂𑐮𑐾𑐥𑐎𑑂𑐲𑐾𑐐𑐸𑐴𑐟𑐶𑐠𑐶𑐫𑐸𑐟𑐾𑐰𑐵𑐳𑐬𑐾𑐔𑐣𑑂𑐡𑑂𑐬𑐥𑐸
1cz3b1ad,𑐫𑐵𑐫𑑍𑐦𑑄𑑕𑑐𑐳𑐨𑐸𑑄𑑍𑐥𑐵𑐣𑐧𑐶𑐫𑑍𑐨𑐹𑑄𑑑𑑐𑐳𑐧𑐸𑑄𑐮𑐵𑐴𑐵𑐟𑐶𑐣𑐧𑐶𑐫𑐎𑐸𑑓𑐩𑑂𑐰𑐵𑐟𑑍𑐎𑐸𑑒𑐮
zd723707,𑐫𑐥𑐶𑐰𑐫𑑌𑑌𑐠𑑂𑐰𑐡𑐾𑐰𑐮𑐳𑐑𑐵𑐔𑐥𑐸𑐫𑐎𑐾𑐰𑐵𑐮𑐎𑐾𑐧𑐸𑑄𑐐𑐫𑐵𑐟𑐰𑑀𑐂𑐣𑑂𑐡𑑂𑐬𑐫𑐵𑐟𑐣𑐰𑑀𑐣𑐖𑐸𑐮𑑀𑑌𑐠𑑂𑐰𑐟𑐾𑐫𑐵𑐔𑐶𑑄
3722ccfb,𑐡𑑂𑐫𑐵𑐬𑑂𑐖𑑂𑐖𑐸𑐣𑐾𑐲𑐲𑑂𑐫𑐵𑑄𑐱𑐹𑐨𑐫𑑀𑐐𑐾𑐬𑐧𑐶𑐬𑑂𑐡𑑂𑐡𑐶𑐣𑐾𑑌𑐱𑐸𑐨𑐩𑐳𑑂𑐟𑐸𑐳𑐬𑑂𑐧𑑂𑐧𑐡𑐵𑑌𑑏𑑌
2f7az813,𑐳𑐶𑑄𑐴𑐨𑐵𑐰𑑋𑐔𑐣𑑂𑐡𑑂𑐬𑐳𑐶𑑄𑐴𑐨𑐵𑐰𑑍𑐖𑐶𑐰𑐣𑐎𑐾𑐱𑐨𑐵𑐰𑑍𑐰𑐫𑐎𑐸𑐟𑐨𑐵𑐰𑑍𑐱𑐶𑐰𑐨𑐵𑐰𑑍𑐨𑐵𑐐𑐶𑐳𑐶𑑄𑐴
65881717,𑐬𑐾𑐩𑐾𑐰𑐔𑑀𑐣𑐾𑐩𑐡𑐸𑐢𑐬𑑂𑐩𑑂𑐩𑐬𑐵𑐖𑐫𑐵𑐰𑑄𑐱𑐩𑐡𑐟
b19d3d08,𑐣𑐖𑑀𑐐𑐾𑐳𑐣𑐶𑐔𑐬𑐧𑐵𑐳𑐬𑐾𑑋𑑋𑐧𑐶𑐥𑑂𑐬𑐱𑑂𑐬𑐷𑐧𑐶𑐩𑐮𑐵
1zaac685,𑐔𑐵𑐬𑑂𑐫𑑂𑐫𑐥𑐬𑐶𑐏𑐡𑐾𑐰𑐣𑐠𑐌𑐟𑐣𑐵𑐩𑐣𑐱𑑂𑐬𑐷𑑓𑐧𑐖𑑂𑐬𑐳𑐟𑑂𑐰𑐥𑑂𑐬𑐟𑐶𑐩𑐵𑐡𑐫𑐎𑐵𑐖𑐸𑐬𑑀𑑌
fa07df34,𑐠𑑁𑐁𑐏𑐵𑐝𑐾𑐔𑐱𑐶𑐟𑐾𑑇𑐣𑐸𑐬𑐵𑐢𑐳
f1c93f42,𑐖𑐸𑐧𑐵𑐴𑐵𑐬𑐫𑐵𑐡𑐾𑐰𑐖𑐸𑐠𑑂𑐰𑐧𑐾𑐮𑐳𑑋𑑋𑐡𑐬𑑂𑐱
59d413f6,𑐳𑐣𑐶𑐬𑑂𑐩𑐮𑑀𑐨𑐸𑐧𑐷𑐣𑐶𑐥𑑂𑐬𑐧𑐔𑐐𑐸𑐣𑐵𑐱𑑂𑐬𑐫𑐥𑑄𑐔𑐧𑐸𑐢𑑂𑐫𑐟𑑂𑐩𑐎‌𑑄𑐳𑑂𑐫
bcf6853b,𑐰𑐶𑐡𑑂𑐫𑐵𑐢𑐬𑐶𑐫𑐵𑐣𑐎𑐖𑐸𑐬𑑀𑐱𑐸𑐨
d02698a5,𑐟𑐶𑐥𑑂𑐬𑐠𑑌𑐱𑐶𑐰𑐨𑐎𑑀𑐴𑐬𑐶𑐲𑑂𑐫𑐵𑐟𑐵𑐢𑐬𑑂𑐩𑑂𑐩𑐎𑐬𑑂𑐩𑑂𑐩𑐥𑐹𑐧𑑀𑐡𑑂𑐫𑐩𑑅𑐮𑑀𑐎𑐣𑐵𑐠𑑀𑐔𑑂𑐔𑐎𑐵𑐣𑐶
47612314,𑐚𑐶𑐎𑑀𑐚𑐶𑐡𑐸𑐣𑑂𑐡𑐸𑐨𑐶𑐡𑑀𑐡𑐵𑐒𑑂𑐎𑐫𑐬𑐥𑑂𑐬𑐮𑐫𑐐𑐬𑑂𑐖𑑂𑐖𑐡𑑂𑐰𑐵𑐬𑐵𑐢𑐬𑐢𑐵𑐣𑐢𑑂𑐰𑐣𑐶𑐟𑐡𑐶𑐰𑑂𑐳𑑂𑐎𑐞𑑂𑐜𑐮𑐵𑐳𑑂𑐰𑐞𑑂𑐜𑐮𑐣𑐶𑐖𑐫𑐱𑐏𑐞𑑂𑐜𑐷
f86c5ad1,𑐀𑐱𑑂𑐮𑐥𑐵𑐣𑐎𑑂𑐲𑐟𑑂𑐟𑑅𑐱𑐸𑐨𑐫𑑀𑐐𑐾𑑅𑐧𑐾𑐳𑐥𑐟𑐶𑐧𑐵𑐳𑐬𑐾𑑅
zz40d02b,𑐐𑐸𑐞𑐏𑐐𑐱𑐶𑐎𑐵𑐬𑑂𑐟𑐶𑐎𑐾𑐱𑐸𑐎𑑂𑐮𑐥𑐎𑑂𑐲𑐾
dba39755,𑐳𑐣𑑂𑐣𑐶𑐢𑐵𑐣𑐾𑐱𑑂𑐬𑐷𑑓𑐧𑐵𑐳𑐸𑐎𑐷𑐎𑑂𑐲𑐾𑐟𑑂𑐬𑐾𑐱𑑂𑐬𑐷𑑓𑐧𑐵𑐐𑑂𑐩𑐟𑑂𑐫𑐵𑑅𑐥𑐱𑑂𑐔𑐶𑐩𑐎𑐸𑐮𑐾𑑌𑐱𑑂𑐬𑐷𑑓𑐧𑐶𑐲𑐸
69zz8c93,𑐎𑑂𑐲𑐐𑐟𑐶𑐥𑑂𑐬𑐵𑐦𑐖𑐸𑐥𑐵𑐫𑐐𑐸𑐨𑐳𑐬𑑂𑐰𑐖𑐐𑐟𑐷𑐐𑐸𑐨𑑄
8d13d3cf,𑐫𑐳𑐾𑑄𑐰𑐵𑐫𑐩𑐵𑐬𑐖𑐸𑐬𑑀𑐨𑐵𑐏𑐵𑐠𑑂𑐰𑐫𑐵𑐐𑐸𑐠𑐶𑐎𑐟𑐎𑐾𑐐𑐸𑐬𑐸𑐥𑐡𑑂𑐩𑐢𑑂𑐬𑐢𑐬𑑂𑐩𑑂𑐩𑐎𑑂𑐬𑑍𑐟𑐥𑐵𑐡𑐾𑐌𑑍𑐳𑑂𑐰𑐳𑑂𑐟𑐶𑐡𑐾𑐌𑐬𑐕𑐾𑐩
25a624a2,𑐜𑑑𑐬𑐵𑐎𑐸𑐜𑑑𑐧𑐖𑐶𑐡𑑄𑑔𑐢𑐬𑐶𑐎𑐸𑐜𑑑𑐎𑑂𑐬𑐩𑐸𑐦𑑀𑐫𑐵𑑍𑐠𑑂𑐰𑐟𑐶𑐡𑐵𑐣𑐧𑐶𑐫𑐩𑐵𑐮𑑌𑐐𑐸𑐬𑑂𑐰𑑂𑐰𑐵𑐴𑐵𑐬𑐩𑐟𑐕𑑀𑐫𑐎
7602z33c,𑐊𑐰𑑄𑐧𑐶𑐱𑐾𑐧𑐶𑐳𑐶𑐳𑑂𑐟𑐬𑐵𑐫𑐵𑑄𑐩𑐵𑐴𑐵𑐥𑐸𑐞𑑂𑐫𑑍𑐐𑐵𑐩𑐔𑐵𑐣𑐣𑐶𑐫𑐵𑑍𑐮𑐴𑑂𑐣𑐩𑐵𑐣𑐳𑐶𑑄𑐡𑐵𑐣𑐵𑐫
f0745089,𑐟𑑂𑐬𑐵𑐫𑐵𑐳𑑄𑐎𑑂𑐬𑐵𑐟𑐶𑐎𑐸𑐣𑑂𑐴𑐸𑐱𑑂𑐬𑐷𑑓𑐂𑐣𑐵𑐫𑐎𑐡𑐾𑐰𑐳𑑂𑐎𑐾𑐖𑐸𑑑𑐥𑐸𑐖𑐵𑑍𑐥𑐵𑑒𑐱𑑂𑐰𑐐𑑄𑐞𑐢𑐮𑐶𑐐𑑂𑐰𑑑𑐏𑐾
8d3z9282,𑐫𑑍𑐫𑐡𑑂𑐡𑐟𑑂𑐟𑑄𑐡𑐾𑐰𑐩𑐣𑑂𑐡𑐶𑐬𑑄𑑋𑐐𑑀𑐥𑐵𑐮𑐬𑐵𑐩𑐔𑐵𑐕𑐵𑐫𑐥𑐸𑐟𑑂𑐬𑐾𑐞𑐳𑑂𑐠𑐵
1031b523,𑐳𑑄𑐐𑐟𑑅𑐎𑑂𑐲𑑂𑐩𑐵𑐨𑐺𑐟𑐵𑑄𑐥𑐡𑐔𑑂𑐫𑐹𑐟𑐩𑐴𑐷𑐥𑐟𑐶𑐳𑑂𑐰𑐥𑐡𑐬𑐎𑑂𑐲𑐞𑐾𑐥𑐞𑑂𑐜𑐶𑐟𑑅𑐥𑐸𑐬𑐣𑑂𑐡𑐬𑐣𑐾𑐱𑑂𑐰𑐬𑑀𑐖𑐫𑐟𑐶𑐰𑐶𑐥𑑂𑐬𑐎𑐮𑑂𑐥𑐡𑑂𑐬𑐸𑐩𑑅
44833029,𑐰𑐶𑐲𑑂𑐞𑐸𑐣𑐵𑐬𑐵𑐫𑐞𑐨𑐵𑐬𑑀𑐎𑐣𑐾𑐲𑑂𑐛𑐨𑑂𑐬𑐵𑐟𑑂𑐟𑐾𑐱𑐶𑐰𑐣𑐵𑐬𑐵𑐫𑐞𑐨𑐵𑐬𑑀𑑍𑐩𑑀𑐟𑐶𑐬𑐵𑐖𑐨𑐵𑐬𑑀𑑍𑐔𑐵𑐏𑐵𑐧𑐵𑐴𑐵𑐬𑐧𑐎𑐸𑐞𑑂𑐜𑐬𑐵𑐩𑐨𑐵𑐬𑑀
9d264455,𑐥𑐸𑐞𑑂𑐫𑐣𑐰𑐎𑐸𑐞𑑂𑐛𑐥𑑂𑐬𑐵𑐥𑑂𑐟𑐶𑐖𑐸𑐫𑐩𑐵𑐮𑑌
cd32d3d6,𑐱𑑂𑐬𑐷𑐴𑐾𑐬𑐸𑐎𑐔𑐮𑐞𑐳𑐾𑐰𑐎𑐱𑑂𑐬𑐷𑐰𑐶𑐱𑑂𑐰𑐎𑐬𑑂𑐩𑑂𑐩𑐵𑐀𑐰𑐟𑐵𑐬
4dz0fzc5,𑐬𑐐𑐾𑐣𑑍𑐳𑐸𑐎𑐸𑐮𑐵𑐩𑑂𑐨𑑀𑐖𑐵𑐚𑐰𑐷𑐨𑐵𑐳𑑂𑐰𑐟𑐵𑑍𑐱𑑂𑐬𑐷𑐩𑐡𑑂𑐰𑐷𑐬𑐣𑐬𑐾𑐣𑑂𑐡𑑂𑐬𑐨𑐹𑐩𑐶𑐥𑐟𑐶𑐣𑐵𑑇𑐎𑐵𑐬𑐶𑐳𑑂𑐦𑐸𑐟𑑄𑐣𑐹𑐟𑐣𑑄𑑌
c147z7b4,𑐰𑐟𑑂𑐳𑐬𑐾𑑋𑐔𑐟𑑂𑐬𑐾𑐩𑐵𑐳𑐶𑐳𑐶𑐟𑐾𑐡𑐶𑐣𑐾𑐬𑐸𑐐𑐸𑐬𑑀𑑅𑐲𑐲𑑂𑐛𑑂𑐫𑐵𑑄𑐟𑐶𑐠𑑁𑐳𑑄𑐫𑐟𑐾𑑋𑐱𑑂𑐬𑐷𑐩𑐡𑑂𑐨𑐬𑐰𑐩𑐹𑐬𑑂𑐟𑑂𑐟𑐶𑐱𑐎𑑂𑐟𑐶
a26f6802,𑐠𑐰𑐳𑑂𑐟𑑂𑐬𑐷𑐖𑑀𑐐𑐩𑐟𑐶𑐣𑑄𑑍𑐎𑐮𑐱𑐸𑐧𑐸𑐬𑑀𑑔𑐡𑐸𑐟𑐵𑑋𑑋𑐡𑐾𑐰𑐳𑑂𑐎𑐾𑑍𑐣𑐶𑐟𑑂𑐫𑐥𑐸𑐖𑐵𑐫𑐎𑐵𑑍𑐰𑑂𑐬𑐵𑐩𑑂𑐴𑐣𑑍𑐁𑐔𑐵
cdcfz609,𑐖𑐸𑐬𑑀𑐟𑐟𑐵𑐖𑐰𑐚𑐫𑐵𑐥𑐵𑐎𑐧𑐹𑐮𑑀𑑔𑐧𑐵𑐴𑐵𑐬𑐖𑐸𑐮𑑀
8azc300d,𑐰𑑒𑐢𑐸𑐣𑐶𑐖𑐰𑑑𑐡𑑄𑑘𑐟𑐸𑐟𑐸𑐎𑑄𑐳𑐾𑐳𑐵𑐣𑐶𑐱𑑂𑐬𑐵𑐰𑐖𑑀𑑓𑐩𑐵𑐑𑐾𑐟𑑀𑐕𑐵𑐫𑐫𑐵𑐟𑐑𑐾𑐮𑐎𑐸𑐜𑑒𑐳𑐵𑐏𑐎𑐸𑐜𑑒𑐩𑐬𑐔𑐡𑑖𑐠𑑂𑐰𑐟𑐾𑐟𑐸𑐟𑐎𑑄𑐩𑐵
3d6cd74b,𑐟𑑂𑐬𑐵𑐫𑐵𑐳𑑄𑐎𑑂𑐬𑐵𑐟𑐶𑐎𑐸𑐣𑑂𑐴𑐸𑐱𑑂𑐬𑐷𑑓𑐂𑐣𑐵𑐫𑐎𑐡𑐾𑐰𑐳𑑂𑐎𑐾𑐖𑐸𑑑𑐥𑐸𑐖𑐵𑑍𑐥𑐵𑑒𑐱𑑂𑐰𑐐𑑄𑐞𑐢𑐮𑐶𑐐𑑂𑐰𑑑𑐏𑐾
221dac9c,𑐖𑑂𑐬𑐵𑐔𑐵𑐫𑐾𑐱𑑂𑐬𑐷𑐰𑑂𑐫𑐏𑐵𑐳𑐶𑑄𑐴𑐡𑐾𑐰𑑍𑐔𑐎𑐾𑐱𑑂𑐰𑐬𑐷𑐫𑐵𑐒𑐣𑐡𑐵𑐣𑐥𑐟𑐶𑐨𑐵𑐳𑑂𑐎𑐬𑐡𑐾𑐰𑐳𑑄𑐳𑑂𑐎𑐵
zd3dz991,𑐒𑐵𑐌𑑍𑐌𑐫𑐵𑐟𑐔𑐿𑐟𑐱𑐸𑐎𑑂𑐬𑐫𑐵𑐀𑐲𑑂𑐚𑐩𑐶𑐬𑐐𑑂𑐰𑑑𑐠𑐫𑐩𑐵𑐬𑑍𑐧𑐰𑐡𑐾𑐖𑐸𑐥𑐣𑐶𑐳𑑂𑐠
6c586czc,𑐞𑐷𑐡𑐾𑐰𑐧𑑂𑐬𑐵𑐴𑑂𑐩𑐞𑐥𑐹𑐖𑐎𑑋𑐣𑐵𑐩𑑂𑐣𑐵𑐩𑐬𑑀𑐴𑐬𑐥𑐬𑑄𑐳𑐶𑑄𑐴𑐰𑐶𑐏𑑂𑐫𑐵𑐟𑐬𑐵𑐩𑐎𑐩𑐖𑐸𑐣𑐷
9z416f9f,𑐧𑑓𑐳𑑂𑐠𑐵𑐥𑐣𑐵𑐫𑐵𑐣𑐵𑐖𑐸𑐮𑐠𑐸𑐐𑐸𑐢
941zb46c,𑐣𑐱𑑂𑐬𑐷𑐩𑐟𑑂𑐱𑑂𑐬𑐷𑑓𑐎𑐵𑐲𑑂𑐛𑐨𑑀𑐟𑐣𑑂𑐴𑐰𑐣𑐾𑐖𑐮𑐢𑐵𑐮𑐶𑐡𑐫𑐎𑑄𑐥𑐟𑐶𑐳𑑂𑐠𑐵𑐫𑐵𑐒𑐵𑐡𑐶𑐣𑐖𑐸𑐬𑑀𑑌𑐠𑑂𑐰𑐖𑐮𑐢𑐸𑐣𑐷𑐳
7201879f,𑐱𑐸𑐨𑑄
f4cd94b5,𑑌𑐫𑐳𑑂𑐫𑐵𑑅𑐳𑐸𑐣𑐸𑐬𑐨𑐹𑐣𑑂𑐩𑐸𑐬𑐵𑐬𑐶𑐔𑐬𑐞𑐢𑑂𑐫𑐵𑐣𑐵𑐩𑑂𑐧𑐸𑐢𑑁𑐟𑐵𑐱𑐫𑑅𑐳𑑄𑐐𑐷𑐟𑐵𑐩𑑂𑐧𑑄𑐢𑐶𑐥𑐵𑐐𑐩𑑀𑐬𑐶𑐥𑐸𑐟𑐩𑑀𑐰𑐶𑐑𑑂𑐣𑑄𑐳𑐨𑐵𑐳𑑂𑐰𑐟𑑂𑐳𑐩
6d27b8f9,𑐖𑐫𑐬𑐞𑐩𑐮𑑂𑐮𑐡𑐾𑐰𑐥𑑂𑐬𑐨𑐸𑐛𑐵𑐎𑐸𑐬𑐳𑑂𑐫𑑍𑐰𑐶𑐖𑐫𑐬𑐵𑐖𑑂𑐫𑐾𑑋𑑋𑐟𑐳𑑂𑐫𑐩𑐵𑐑𑐰𑑂𑐬𑐟
z2077b37,𑐩𑐶𑐞𑑂𑐜𑐬𑐵𑐖𑐣𑐂𑐟𑐸𑑄𑐧𑐵𑐴𑐵
13zfdf60,𑐡𑐸𑐡𑐵𑐟𑐵𑐫𑐵𑐧𑑄𑐳𑐡𑐟𑐫𑐵𑐒𑐵𑐌𑐟𑐫𑐩𑐵𑐬𑑌
0671b745,𑐎𑑍𑐠𑐰𑐥𑑂𑐬𑐩𑐸𑐏𑐣𑑍𑐠𑐰𑐟𑐵𑐣𑐶𑐩𑐶𑐬𑑂𑐟𑑂𑐟𑐶𑐣𑑍𑐦𑐮𑐾𑑍𑐂𑐟𑐶𑐡𑐫𑐎𑐵𑐰𑑍𑐐𑐸𑐠𑐔𑐶𑐣𑐎𑐵𑐖𑐸𑐬𑑀
9b850d7f,𑐳𑑄𑐩𑑂𑐰𑐟𑑂𑐬𑑙𑑑𑑙𑐳𑐡𑐫𑐎𑐵𑐖𑐸𑐬𑑀𑑌𑐩𑑂𑐟𑐶𑐔𑐐𑐸𑐬𑐵𑐠𑑂𑐰𑑑𑑓𑐳𑐥𑐬𑐶𑐠𑐵𑐡𑐶𑑄
2a8a6zf0,𑐡𑐾𑐰𑐳𑑂𑐎𑐾𑐥𑐸𑐖𑐵𑐫𑐵𑐫𑑍𑐖𑐸𑑑𑐥𑐸𑐖𑐵𑑍𑐥𑐵𑑒𑐱𑑂𑐰𑐐𑑄𑐞𑐢𑐮𑐶𑑍𑐐𑑂𑐰𑑑𑐏𑐾𑐖𑑍𑐖𑐸𑐡𑐶𑐲𑑂𑐚𑐶𑑍𑐖𑐸𑑓
cb1a95z9,𑐡𑐎𑑀𑐫𑐵𑐟𑑄𑐡𑐎𑑂𑐲𑐶𑐞𑐵𑐰𑐶𑐳𑑂𑐫𑑄𑐫𑐵𑐒𑐵𑐠𑑂𑐰𑐟𑐾
2d449393,𑐔𑐵𑐬𑑂𑐫𑑂𑐫𑐥𑐬𑐶𑐏𑐡𑐾𑐰𑐣𑐠𑐌𑐟𑐣𑐵𑐩𑐣𑐱𑑂𑐬𑐷𑑓𑐧𑐖𑑂𑐬𑐳𑐟𑑂𑐰𑐥𑑂𑐬𑐟𑐶𑐩𑐵𑐡𑐫𑐎𑐵𑐖𑐸𑐬𑑀𑑌
dab7a2b6,𑐰𑐳𑐟𑐶𑑄𑐎𑐸𑐬𑑂𑐰𑐣𑑂𑐴𑐶𑐎𑑀𑐚𑑂𑐫𑐵𑐴𑐸𑐟𑐶𑐔𑐎𑑂𑐬𑐾𑐎𑐮𑑂𑐥𑐟𑐬𑐸𑑄𑐢𑐬𑐵𑐡𑐶𑐰𑐶𑐲𑐡𑐾𑐡𑐟𑑂𑐰𑐵𑐔𑐟𑐥𑑂𑐟𑐸𑑄𑐐𑐟𑐁𑐳𑐷𑐟𑑂𑐳𑐶𑐡𑑂𑐢𑐶𑐟𑐺𑐳𑐶𑑄𑐴𑐩𑐮𑑂𑐮𑐣𑐺𑐥𑐟𑐶𑑅𑐥𑐸𑐟𑑂𑐬𑐵𑐫𑐬𑐵𑐖𑑂𑐫𑑄𑐡𑐡𑐣𑑂𑑋𑐟𑐳𑑂𑐫
8328fba7,𑐖𑐨𑐵𑐰𑑀𑐕𑐾𑐩𑑂𑐴𑑀𑐫𑐬𑐸𑐎𑐾𑐱𑐐𑐸𑐞𑐄𑐮𑑂𑐴𑐵𑐳𑐶𑑄𑐴𑐐𑑂𑐫𑐵𑐣𑐔𑐣𑑂𑐡𑑂𑐬𑐀𑐩𑐺𑐟𑐬𑐵𑐖𑐥𑐵
b6d3a4ac,𑐱𑐸𑐨𑑌𑐳𑐩𑑂𑐰𑐟𑑘𑑑𑑙𑐰𑐿𑐱𑐵𑐏𑐎𑐺𑐲𑑂𑐞𑑑𑑑𑐱𑑂𑐬𑐞𑐵𑐎𑑂𑐬𑐰𑐶𑐴𑐵𑐬𑐳𑐰𑐖𑑂𑐬𑐵
1d60ab5a,𑐥𑐬𑐡𑐟𑑂𑐟𑐵𑐩𑑂𑐰𑐵𑑍𑐫𑑀𑐴𑐬𑐾𑐟𑑂𑐳𑐸𑐬𑐰𑐶𑐥𑑂𑐬𑐫𑑀𑑅𑑋𑐲𑐲𑑂𑐛𑐷𑐰𑐬𑑂𑐲𑐳𑐴𑐳𑑂𑐟𑑂𑐬𑐵𑐞𑐶𑐰𑐶𑐲𑑂𑐛𑐵𑐫𑐵𑑄𑐖𑐵
28026za1,𑐢𑐣𑑍𑐮𑐎𑑂𑐲𑑂𑐩𑐷𑐁𑐫𑐸𑐁𑐬𑑀𑐖𑑂𑐘𑐾𑐰𑐺𑐡𑑂𑐢𑐶𑐬𑐳𑑂𑐟𑐸𑑋𑑋𑐂𑐴𑐾𑐟𑑂𑐬𑐳𑐸𑐏
c9b42zz6,𑐬𑐩𑐴𑐵𑐣𑐐𑐬𑐀𑐳𑑂𑐰𑐎𑐩𑐡𑐥𑐢𑐵𑐮𑐵𑐗𑑂𑐫𑐾𑐟𑐵𑐩𑐐𑐮𑐥𑐸𑐊𑐎𑐎𑑂𑐲𑐫𑐵
c5670z7c,𑐫𑐵𑐔𑐎𑐵𑐖𑐸𑐬𑑀𑑋𑑋
zaa718d2,𑑊𑐣𑐶𑐟𑑂𑐫𑑄𑐱𑑂𑐬𑐷𑐱𑐶𑐰𑐮𑐶𑑄𑐐𑐥𑐸𑐖𑐣𑐧𑐶𑐢𑑁𑐎𑐵𑐬𑑂‍𑐫𑑄𑐖𑐣𑐿𑐳𑑂𑐟𑐟𑑂‍𑐥𑐬𑐿𑑅𑐱𑑂𑐬𑐷𑐏
963c9108,𑐩𑐏𑐣𑐩𑐞𑑂𑐜𑐥𑐟𑑀𑐬𑐎𑐾𑑍𑐥𑐶𑐠𑐸𑐐𑑂𑐰𑐵𑐕𑐾𑐐𑐺𑐴𑐰𑐵𑐳𑐶𑐣
48086293,𑐎𑐬𑐵𑐎𑐖𑐸𑐬𑑀𑑌𑐩𑐳𑐾𑐣𑐎𑑄𑐨𑐶𑐣𑐎𑑂𑐬𑐳𑐵𑑍𑐄𑐟𑑂𑐬𑑀𑐎𑑂𑐟𑐦𑐮𑐬𑐵𑐎𑐖𑐸𑐬𑑀𑑌
59z95193,𑐳𑑄𑐐𑐕𑐶𑐫𑐵𑐟𑐡𑑄𑐡𑐎𑑂𑐲𑐞𑐵𑐠𑐶𑐖𑐣𑐥𑐣𑐶𑐳𑐾𑐣𑐳𑐟𑐥𑑂𑐥𑑂𑐫𑐵
z775ad91,𑐩𑐵𑐣𑐑𑐬𑑀𑐎𑐵𑐱𑑂𑐫𑐥𑑀𑐖𑐵𑐨𑐵𑐖𑐸
da9889c4,𑐔𑐸𑑒𑐠𑐸𑐮𑐶𑐌𑐮𑐳𑐵𑐣𑐞𑐡𑐸𑐠𑐾𑑍𑐳𑐾𑐐𑐸𑐳𑐟𑐶𑐳𑐵𑐔𑐶𑐣𑑂𑐣𑐵𑐮𑐫𑐵𑐫𑐧𑐵𑐟𑐮𑐳𑐔𑐿𑐟𑑂𑐫𑐫𑐵𑐧𑐸𑐳𑐵𑐢
c3zbb1ff,𑐨𑐹𑐩𑐶𑐥𑐟𑐶𑑅𑐳𑐸𑐟𑑀𑐐𑐸𑐞𑐣𑐶𑐢𑐶𑐬𑑂𑐫𑑂𑐫𑐱𑑂𑐰𑐾𑐣𑑂𑐡𑑂𑐬𑐩𑐮𑑂𑐮𑐵𑐩𑐶𑐢𑑅𑐱𑐸𑐡𑑂𑐢𑐵𑐔𑐵𑐬𑐰𑐟𑐷𑐐𑐸𑐞𑐣𑐶𑐮𑐫𑐵𑐟𑐸𑐮𑑂𑐫𑐵𑐴𑐬𑐾𑑅𑐎𑐵𑐣𑑂𑐟𑐫𑐵𑑅𑑌𑐟
bz7za6f1,𑑊𑑉𑐣𑐩𑑅𑐱𑑂𑐬𑐷𑐥𑑄𑐔𑐟𑐟𑑂𑐰𑐵𑐟𑑂𑐩𑐣𑐾𑐣𑐵𑐬𑐵𑐫𑐞𑐫𑑋𑐫𑑄𑐰𑑂𑐬𑐮𑐾𑐣𑑂𑐡𑑂𑐬𑐩𑐸𑐣𑐷𑐣𑑂𑐡𑑂𑐬𑐔𑐣𑑂𑐡𑑂𑐬𑐰𑐶𑐰𑐢𑐵𑐢𑑂𑐫𑐵𑐫𑐣𑑂𑐟𑐶𑐴𑐟𑑂𑐥𑐒𑑂𑐎
3f8559c2,𑐊𑐎𑐵𑐡𑐱𑐷𑐎𑐬𑑂𑐎𑑂𑐎𑐟𑐾𑑋𑐰𑐩𑐵𑐬𑑂𑐫𑐟𑐸𑐮𑐳𑐷
73185494,𑐮𑐏𑐠𑑄𑐒𑐩𑑂𑐴𑐫𑐵𑐟𑐣𑑂𑐴𑐶𑐣𑐖𑐵𑐎𑑂𑐫𑐥𑑂𑐬𑑒𑐢𑐵𑐬𑐾𑐰𑐶𑐫𑐩𑐵𑐮𑑅𑐮𑐏𑐩𑐠𑐣𑐳𑐵𑑅𑐥𑑄𑐣𑑂𑐔𑐩𑐴𑐵𑐥𑐵𑐟𑐎
f165371a,𑐱𑑂𑐰𑐬𑐵𑐫𑑅𑑌
85b242a8,𑐧𑑓𑐳𑑂𑐠𑐵𑐥𑐣𑐵𑐫𑐵𑐣𑐵𑐖𑐸𑐮𑐠𑐸𑐐𑐸𑐢
7b39195b,𑐞𑑂𑐜𑐬𑐾𑑍𑐧𑐵𑐳𑐸𑐎𑐶𑐎𑑂𑐲𑐾𑐟𑑂𑐬𑐾𑑍𑐱𑑂𑐬𑐷𑑓𑐥𑐱𑐸𑐥𑐟𑐶𑐳𑐣𑐶𑐢𑐵𑐣𑐾𑐧𑐵𑐐𑑂𑐩𑐟𑑂𑐫𑐵𑑄𑐥𑐱𑑂𑐔𑐶𑐩𑐎𑐸𑐬𑐾𑑍𑐧𑐶𑐲𑑂𑐞𑐸
0af37463,𑐳𑐣𑐩𑐴𑐵𑐬𑐵𑐖𑐵𑐢𑐶𑐬𑐵𑐖𑐰𑐷𑐬𑐱𑑂𑐬𑐷𑐱𑑂𑐬𑐷𑐖𑐫𑐖𑑀𑐐𑐣𑐬𑐾𑐣𑑂𑐡𑑂𑐬𑐩𑐮𑑂𑐮𑐥𑑂𑐬𑐨𑐸𑐠𑐵𑐎𑐸𑐬𑐫𑐵𑐖𑐸𑐬𑑀𑑌𑐠𑑂𑐰
f40a5412,𑐮𑐵𑐫𑐸𑑍𑐖𑐶𑐬𑑂𑐞𑑂𑐞𑐄𑐡𑑂𑐢𑐵𑐬𑐫𑐵𑐳𑐵𑐳𑐸𑐏𑐵𑐰
d293bzc8,𑐣𑑍𑐠𑐵𑐥𑐶𑐟𑐢𑐬𑑂𑐩𑑂𑐩𑐬𑐵𑐖𑐳𑑄𑐏𑑂𑐬𑐡𑐾𑐌𑐠𑑂𑐰𑐟𑐾𑐳𑐾𑐣𑑍𑐐𑐸𑐬𑐵𑐠𑑂𑐰𑐥𑑄𑐘𑑂𑐔𑐩𑐶𑐎𑐸𑐣𑑂𑐴𑐸𑐟𑐸𑑄𑐥𑐸𑐫𑐩𑐵𑐬𑐖𑐸𑐬𑑀𑑌𑐨𑐵𑐏𑐵𑐬𑑂𑐫𑐸𑐟𑐵
78876d33,𑐎𑐺𑐲𑑂𑐞𑑍𑐥𑐸𑐟𑑂𑐬𑐖𑐐𑑂𑐟𑐣𑐵𑐬𑐵𑑄𑐥𑐸𑐟𑑂𑐬𑐬𑐵𑐩𑐣𑐵𑐬𑐵𑑄𑐥𑐸𑐟𑑂𑐬𑐬𑐵
a723z2a6,𑐎𑑂𑐟𑐶𑐦𑐮𑐮𑐵𑐫𑐣𑐡𑐕𑐸𑐚𑑀𑐮𑐫𑐵𑐢𑑄𑐖𑐸𑐨𑐵𑐬𑑀𑐚𑑁𑐚𑐶𑐎𑐨𑐵𑐬𑑀𑐀
546020z6,𑐣𑑂𑐴𑐶𑐟𑐵𑐬𑑂𑐠𑑌𑐣𑐾𑐥𑐵𑐮𑐳𑐩𑑂𑐰𑐟𑐿𑐳𑑂𑐩𑐶𑐣𑐥
3d2z0253,𑐦𑑄𑑓𑑐𑐠𑐸𑐟𑐶𑐴𑐵𑐣𑐾𑑋𑑋𑐠𑑂𑐰𑐎𑐵𑐬𑑂𑐖𑐟𑑂𑐰𑐵𑐮𑐥𑐘𑑂𑐔𑐳𑐩𑐸𑐔𑐫𑐣𑐠𑑂𑐰𑐥𑐸𑐏𑐸𑐬
0z731721,𑐥𑑂𑐬𑐠𑐩𑐥𑐸𑐟𑑂𑐬𑐖𑑀𑐐𑐬𑐟𑑂𑐣𑐟𑐳𑑂𑐫𑐨𑐵𑐬𑑂𑐫𑑂𑐫𑐵𑐮𑐎𑑂𑐲𑑂𑐩𑐷𑐩𑐵𑐫𑐵𑐡𑑂𑐰𑐶𑐟𑐶𑐫𑐥𑐸𑐟𑑂𑐬𑐡𑐵𑐣𑐰𑐬𑑂𑐳𑐶𑑄𑐟𑐳𑑂𑐫𑐨𑐵𑐬𑑂𑐫𑑂𑐫𑐵𑐔𑐶𑐎𑐶𑐩𑐵𑐫𑐵𑐟𑐺𑐟𑐷𑐫𑐥𑐸𑐟𑑂𑐬𑐖𑐸𑐖𑐸𑐩𑐵𑐣𑐟𑐳𑑂𑐫𑐨𑐵𑐬𑑂𑐫𑑂𑐫𑐵𑐖𑑂𑐘𑐵𑐣𑐥𑑂𑐬𑐨𑐵𑐔𑐟𑐸𑐬𑑂𑐠𑐥𑐸𑐟𑑂𑐬𑐟𑐸𑐫𑐸𑐎𑐵𑐖𑐶𑐟𑐳𑑂𑐫𑐨𑐵𑐬𑑂𑐫𑑂𑐫𑐵
7766fz7z,𑐬𑑂𑐱𑑂𑐬𑐳𑑂𑐟𑐸𑑋𑑋𑐳𑐩𑑂𑐰𑐟𑑗𑑖𑑒𑐁𑐏𑐵𑐢𑐩𑐵𑐳𑐾𑐱𑐸𑐎𑑂𑐮𑐥𑐎𑑂𑐲
6a8c1999,𑐥𑐬𑑂𑐰𑐎𑐵𑐮𑐫𑐵𑐡𑐶𑐣𑐳𑑌𑐩𑐸𑐳𑐸𑑄𑐧𑐵𑐴𑐵
b49a371d,𑐢𑐎𑐠𑐵𑐥𑐣𑐵𑐫𑐵𑐣𑐵𑐐𑐸𑐡𑐾𑐰𑐐𑐸𑐬𑐸𑐩𑐵𑐩𑐰𑐧𑐵𑐫𑐵𑐟𑐧𑑀𑐩𑐧𑐶𑐫𑐵𑑅𑐳𑐶𑐡𑐣𑐵𑐫𑐵𑐣𑐵𑐴
7fczda39,𑐥𑐸𑐟𑑂𑐬𑐳𑑂𑐫𑐨𑐵𑐬𑑂𑐫𑑂𑐫𑐵𑐡𑐡𑐸𑐩𑐞𑐷𑑍𑐡𑐸𑐴𑐶𑐟𑐐𑑂𑐜𑐞𑐵𑐡𑑂𑐢𑐶𑐣𑐷𑐫𑐥𑐸𑐟𑑂𑐬𑐷𑐀𑐣𑑂𑐣𑐧𑐸𑐥𑑁
85a0b20d,𑑓𑐧𑑂𑐬𑐵𑐩𑑂𑐴𑐞𑐷𑐩𑑂𑐴𑑄𑑒𑐁𑐔𑐵𑐬𑑂𑐫𑐩𑑂𑐴𑑄𑑒𑐫𑐵𑐳𑐶𑐩𑑂𑐴𑑄𑑑𑐐𑐸𑐠𑐶𑐨𑐵𑐬𑑀𑐩𑑂𑐴𑑄𑑔𑐠𑑂𑐰𑐟𑐾𑐧𑑂𑐬𑐩𑑂𑐴𑐨𑑀𑐖𑐥
bd2b0z71,𑐦𑐮𑐡𑐵𑐱𑑂𑐬𑐷𑐰𑐵𑐐𑑂𑐩𑐟𑐷𑐟𑑂𑐫𑐡𑑂𑐨𑐸𑐟𑐵𑑍𑐳𑑂𑐣𑐵𑐣𑐵𑐡𑑂𑐡𑐵𑐣𑐎𑐺𑐟𑐵𑐟𑑂𑐳𑐡𑐵𑐩𑐟𑐶𑐩𑐟𑐵𑑄𑐥𑐵𑐥𑐵𑐣𑑂𑐢𑐰𑐶𑐢𑑂𑐰𑑄𑐱𑐶𑐣𑐷𑑋𑐳𑐬𑑂𑐰𑐖𑑂𑐘𑐳𑑂𑐫𑐩𑐸𑐏𑑀𑐨𑑂𑐡𑐰𑐵𑐥𑐱𑐸𑐥𑐟𑐾𑑅𑐳𑑂𑐠𑐵𑐣𑐾𑐳𑑂𑐟𑑂𑐬𑐰𑐣𑑂𑐟𑐷
657f8915,𑐧𑐸𑐢𑐰𑐶𑐬𑑀𑐖𑐬𑐵𑐖𑐳𑐶𑑄𑐴𑐳𑐩𑐸𑐬𑑂𑐔𑑂𑐔𑐫𑐣𑐡𑐫𑐎𑐵𑑋𑑋𑐱𑐶𑐮𑑂𑐥𑐷𑐴𑐵𑐫
2402aac6,𑐩𑐵𑐩𑐶𑐩𑐵𑑄𑐱𑐸𑐨𑐎𑐬𑐷𑐫𑐲𑑂𑐚𑐸𑑅𑐳𑐩𑐳𑑂𑐫𑐵𑐥𑐫𑐟𑑂𑑌𑑌𑐀𑐟𑑅𑐥𑐬𑑄𑐣𑐾𑐥𑐵𑐮𑐨𑐵𑐲𑐵𑑌𑐳𑑄𑐰𑐟𑑂𑑘𑑒𑑕𑐖𑐾𑐲𑑂𑐛𑐱𑐸𑐎𑑂𑐮𑐡𑑂𑐰𑐵𑐡𑐱𑑂𑐫𑐵𑑄𑐟𑐶𑐠𑑁
612fdfc5,𑐡𑐶𑐣𑐾𑐮𑑀𑐎𑐣𑐵𑐠𑐾𑐏𑐬𑐵𑐐𑑂𑐬𑐿𑑌𑐫𑐵𑐱𑑂𑐬𑐷
613c52b2,𑐀𑐖𑑂𑐘𑐵𑐣𑐔𑑀𑐫𑐵𑐖𑐸𑐬𑑀𑑌𑐱𑐸𑐨𑐩𑐳𑑂𑐟𑐟𑑂𑐬𑐶𑐖𑐐𑐟𑐵𑐩𑑂𑑌
0a79ff34,𑐣𑐐𑑂𑐰𑐮𑐖𑐸𑐎𑑂𑐰𑐄𑐠𑐵𑐫𑐳𑑄𑐟𑐫𑐩𑐵𑐬𑑍𑐎𑐬𑐵𑐔𑐶𑐟𑑀𑐥𑐶𑐄𑐠𑐵𑐫𑐳𑐩𑐟
b59a0a4c,𑐥𑐸𑑑𑐩𑐵𑐴𑐵𑐡𑐶𑐥𑐕𑑀𑐔𑐎𑐾𑐩𑐵𑐮𑑍𑐁𑐲𑐵𑐕𑐶𑑑𑐑𑐾𑐮𑐦𑑄𑐕𑐶𑑑𑐔𑐾𑐎𑑄𑐡𑑄𑑒𑐡𑐾𑐰
72z603fb,𑑌𑑗𑑌𑐎𑐚𑑁𑑅𑑋𑐥𑐶𑐔𑐬𑑂𑐩𑑂𑐩𑐩𑑂𑐫𑐬𑑀𑐖𑑂𑐘𑐵𑐳𑐩𑐵𑐣𑐵𑑄𑑍𑐳𑐡𑐵𑐰𑐶𑐩𑑂𑐰𑐎𑐵𑐣𑑂𑐟𑐶𑑄𑐬𑐸𑐔𑐵𑐣𑐶𑐣𑑂𑐡𑐫𑐣𑑂𑐟𑐷𑑄𑑋𑐥𑑂𑐬𑐔𑐞𑑂𑐜𑐵𑐡𑑂𑐡𑐴𑐵𑐳𑐾𑐣𑐰𑐶𑐨𑑂𑐬𑐵𑐳
zzaafac8,𑐩𑐮𑑂𑐮𑐳𑑂𑐫𑑍𑐖𑑂𑐫𑐾𑐲𑑂𑐛𑐵𑐳𑐬𑑂𑐰𑐐𑐸𑐞𑐵𑐣𑑂𑐰𑐶𑐟𑐵𑑋𑐰𑐶𑐲𑑂𑐞𑐸𑐩𑐟𑐷𑐟𑐶𑐣𑐵𑐩𑑂𑐣𑐵𑐳𑑁𑐰𑐶𑐲𑑂𑐞𑑀𑐬𑑂𑐮𑐎𑑂𑐲𑑂𑐩𑐷𑐬𑐶𑐰𑐵𑐥𑐬𑐵𑑌𑐎𑐣𑐶𑐲𑑂𑐛𑐵𑐖𑐫𑐮𑐎𑑂𑐲𑑂𑐩𑐷𑐳𑐵𑑍𑐱𑑄𑐎𑐬𑐳𑑂𑐫𑐾𑐰𑐥𑐵𑐬𑑂𑐰𑑂𑐰𑐟𑐷
433zc3fc,𑐡𑐾𑐰𑐳𑑂𑐫𑐰𑐶𑐖𑐫𑐳𑐩𑐫𑐧𑐵𑐴𑐵𑐬
d63z00a8,𑐟𑐣𑐡𑐫𑐎𑐵𑐰𑑄𑐎𑐸𑐟𑑀𑐮𑐳𑐖𑐸𑐬𑑀𑑄𑐠𑑂𑐰
a7d39740,𑐖𑐨𑐵𑐰𑑀𑐕𑐾𑐩𑑂𑐴𑑀𑐫𑐬𑐸𑐎𑐾𑐱𑐐𑐸𑐞𑐄𑐮𑑂𑐴𑐵𑐳𑐶𑑄𑐴𑐐𑑂𑐫𑐵𑐣𑐔𑐣𑑂𑐡𑑂𑐬𑐀𑐩𑐺𑐟𑐬𑐵𑐖𑐥𑐵
61b3fd97,𑐚𑐩𑐴𑐵𑐳𑑂𑐠𑐵𑐣𑐾𑐬𑐟𑑂‍𑐣𑐩𑐞𑑂𑐜𑐮𑐩𑐴𑐵𑐧𑐶𑐴𑐵𑐬𑐾𑑌𑐣
12f71d20,𑑊𑐳𑑂𑐰𑐳𑑂𑐟𑐶𑑌𑐱𑑂𑐬𑐷𑐱𑑂𑐬𑐷𑐱𑑂𑐬𑐷𑐳𑑂𑐰𑐾𑐲𑑂𑐚𑐡𑐾𑐰𑐟𑐵𑐥𑑂𑐬𑐷𑐟𑑂𑐫
9074101f,𑐨𑐷𑐩𑐳𑐾𑐣𑐥𑑂𑐬𑐵𑐳𑐵𑐡𑐩𑐾𑐣𑑄𑐣𑐫𑐣𑐵𑐨𑐶𑐬𑐵𑐩𑑄𑑌𑐣𑐾𑐥𑐵𑐮𑐵𑐰𑑂𑐡𑐾𑐱𑐱𑐢𑐬𑐣𑐩𑑅𑐎𑐸𑐘𑑂𑐖𑐬𑐾𑐨𑐵𑐳𑐶𑐨𑐵𑐬𑑂𑐐𑑂𑐐𑐾𑑍𑐱𑐸𑐎𑑂𑐮𑐾𑐥𑐎𑑂𑐲𑐾𑐐𑐸𑐴𑐟𑐶𑐠𑐶𑐫𑐸𑐟𑐾𑐰𑐵𑐳𑐬𑐾𑐔𑐣𑑂𑐡𑑂𑐬𑐥𑐸
b1d17z39,𑐩𑐨𑐵𑐬𑑂𑐫𑑂𑐫𑐵𑐫𑐵𑑄𑑍𑐥𑑂𑐬𑐠𑐩𑐥𑐸𑐟𑑂𑐬𑑍𑐢𑐣𑐳𑐶𑑄𑐴𑐀𑐳𑑂𑐫𑐥𑐟𑑂𑐣𑐷𑐩𑐣𑑀𑐢𑐬𑐷𑐟𑐳𑑂𑐫𑐵𑐟𑑂𑐩𑐖𑐰𑐖𑐵𑐔𑐵𑐬𑑂𑐫𑑂𑐫𑑍𑐱𑑂𑐬𑐷𑐥
833d7aa7,𑐕𑐾𑐨𑐶𑐎𑑂𑐲𑐸𑐱𑑂𑐬𑐷𑐖𑐫𑐬𑐵𑐫𑐖𑐸𑐥𑐸𑐟𑑂𑐬𑐖𑐐𑐟𑐩𑐸𑐣𑐶𑑍𑐟𑑂𑐬𑐶𑐢𑐣𑐰𑐟𑐶𑐥𑐸𑐟𑑂𑐬𑐶𑐁𑐡𑐬𑐎𑑂𑐲𑑂𑐩𑐶𑐖𑐐
fda0f413,𑐨𑐵𑐐𑐸𑐞𑐩𑐵𑐳𑐶𑐬𑑂𑐎𑐬𑐟𑐶𑐠𑑁𑐟𑐾𑐔𑐣𑑂𑐡𑑂𑐬𑐥𑐿𑐧𑐾𑐡𑐸𑐢𑑀
z0361bb1,𑐟𑐶𑐩𑐣𑑂𑐫𑐾𑑋𑐩𑐸𑐡𑐵𑐣𑐣𑑂𑐡𑐳𑐣𑑂𑐡𑑀𑐴𑐩𑐐𑑂𑐬𑑄𑐰𑐫𑐸𑐬𑑂𑐩𑑂𑐩𑑍𑐰𑐶𑐢𑐾𑐴𑐶𑐎𑑂𑐰𑐞𑐟𑑂𑐎𑐶𑑄𑐎𑐶𑐞𑐷𑐎𑐾𑐎𑐬𑐵𑐮𑐾𑑌𑑑𑑔𑑌𑐂𑐟𑐶𑐱𑑂𑐬𑐷𑐎
0ad86a43,𑐎𑐬𑐞𑐔𑐵𑐟𑑂𑐟𑐸𑐬𑐷𑐢𑐸𑐬𑐷𑐞𑐳𑐟𑐟𑐎𑐸𑐟𑐩𑐷𑐩𑐵𑑄𑐳𑐵𑐣𑑂𑐫𑐵𑐫𑐥𑐵𑐟𑐖𑐒𑑂𑐬𑐮𑐰𑐾𑐡𑐵𑐣𑑂𑐟𑐰𑐱𑐾𑐲𑐶𑐎𑐰𑑂𑐫𑐵𑐎𑐬𑐞
ab745fb1,𑐮𑐨𑐵𑐲𑐵𑑋𑐱𑑂𑐬𑐾𑐫𑑀𑐳𑑂𑐟𑐸𑑌𑐳𑑄𑐰𑐟𑑂𑑘𑑕𑑒𑐖𑑂𑐫𑐾𑐲𑑂𑐛𑐩𑐵𑐳𑐾𑐱𑐸𑐎𑑂𑐮𑐥𑐎𑑂𑐲𑐾𑐥𑐣𑑂𑐔𑐩𑑂𑐫𑐵𑑄𑐟𑐶𑐠𑑁𑑍𑐥𑐸𑐲𑑂𑐫𑐣𑐎𑑂𑐲𑐾𑐟𑑂𑐬𑐾𑑍𑐰𑐸𑐡𑑂𑐢𑐶𑐫𑑀𑐐𑐾𑑍𑐧𑐸𑐢𑐰𑐵𑐳𑐬𑐾𑑍𑐠𑑂𑐰𑐎𑐸𑐣𑑂𑐴𑐸
1f377754,𑐱𑑂𑐬𑐵𑐟𑐟𑐳𑑀𑐨𑐸𑐥𑐵𑐟𑑂‍𑐩𑐳𑐾𑐣𑐩𑑅𑑌𑑌𑐳𑑂𑐰𑐳𑑂𑐟𑐶𑐱𑑂𑐬𑐷𑐐𑐶𑐬𑐶𑐬𑐵𑐖𑐾𑐣𑑂𑐡𑑂𑐬𑐔𑐎𑑂𑐬𑐔𑐸𑐜𑐵𑐩𑐣𑐾𑐟𑑂𑐫𑐵𑐡𑐶
5z6z8fa8,𑐖𑐫𑐳𑐩𑐫𑐧𑐵𑐴𑐵𑐬𑐫𑐵𑐧
c0z6b687,𑐣𑐵𑐣𑐟𑐳𑑂𑐫𑐨𑐵𑐬𑑂𑐖𑑂𑐫𑐵𑐩𑑀𑐟𑐶𑐩𑐵𑐫𑐵
d67d7466,𑐖𑐩𑑂𑐴𑑄𑑑𑐐𑑀𑑄𑐐𑐮𑑍𑐴𑐶𑐟𑐶𑐳𑐳𑑂𑐠𑐵𑐥𑐣𑐵𑐫𑐵𑐒𑐵𑐩𑑂𑐴𑑄𑐱𑑂𑐬𑐷𑑓𑐩𑐵𑐴𑐵𑐡𑐾𑐰𑑍𑐱𑑂𑐬𑐷𑑓𑐣𑐵𑐬𑐵𑐫𑐣𑐡𑐾
z169z318,𑐳𑐳𑐾𑐒𑐵𑐌𑐰𑐣𑐳𑐵𑐳𑐸𑐣𑐵𑐞𑑄𑐮𑑂𑐴𑑂𑐰𑐣𑐾𑐡𑐸𑐖𑐸𑐬𑑀𑐨𑐵𑐳𑑂𑐎𑐮𑐡𑐾𑐌𑐳𑐣𑑂𑐎𑐵𑐮𑐶𑐟𑐱𑑂𑐬𑐷𑐎𑐾𑐳𑑀𑐔𑐣𑑂𑐡𑑂𑐬𑐎𑐺𑐟𑐥𑐵𑐬𑐵𑐰𑐬𑑂𑐟𑑂𑐟𑐩𑐴𑐵𑐰𑐶𑐴𑐵𑐬𑐳𑑂𑐛𑐶𑐟𑑍𑐱𑐸
3d2c3bf1,𑐟𑐶𑐩𑐶𑐬𑐵𑐣𑐧𑐩𑐐𑑂𑐣𑐳𑐟𑑂𑐧𑐵𑑅𑐩𑑀𑐴𑐵𑐣𑑂𑐢𑐎𑐵𑐬𑐟𑐶𑐩𑐶𑐬𑐵
azf7310z,𑐰𑑒𑐲𑑀𑐣𑐵𑐠𑐬𑐶𑐰𑐸𑑍𑐬𑑀𑐰𑑔𑐳𑐟𑐸𑐒𑑂𑐐𑐮𑐰𑐸𑐬𑑀𑐰𑑑𑐰𑐬𑐰𑐸𑐐𑐮𑐳𑐶𑑍𑐬𑑀𑐰𑑔𑐳𑑀𑐩𑐲𑑂𑐰𑐵𑐟𑐰𑐸𑑍𑐠𑑂𑐰𑐟𑐾𑐧𑐸𑐫𑐵𑐰𑐬𑑂𑐲
a37086dd,𑑗𑑗𑑑
bc6d1a06,𑐒𑐣𑐟𑐫𑐵𑐳𑑍𑐳𑐸𑐣𑐵𑐣𑑄𑑍𑐔𑐵𑐳𑐣𑐫𑐵𑐫𑐩𑐡𑐸𑑍𑐡𑐾𑐰𑐫𑐵𑐨𑐸𑐖𑐸𑐬𑑀𑑋𑑋𑑐𑑋𑑋
22c3ccc3,𑑓𑐧𑑂𑐬𑐵𑐩𑑂𑐴𑐞𑐷𑐩𑑂𑐴𑑄𑑒𑐁𑐔𑐵𑐬𑑂𑐫𑐩𑑂𑐴𑑄𑑒𑐫𑐵𑐳𑐶𑐩𑑂𑐴𑑄𑑑𑐐𑐸𑐠𑐶𑐨𑐵𑐬𑑀𑐩𑑂𑐴𑑄𑑔𑐠𑑂𑐰𑐟𑐾𑐧𑑂𑐬𑐩𑑂𑐴𑐨𑑀𑐖𑐥
0d2ffc89,𑐱𑑂𑐬𑐷𑐥𑐺𑐠𑐶𑐰𑐷𑐰𑐷𑐬𑐰𑐶𑐎𑑂𑐬𑐩
3a6d471b,𑐞𑐷𑐡𑐾𑐰𑐧𑑂𑐬𑐵𑐴𑑂𑐩𑐞𑐥𑐹𑐖𑐎𑑋𑐣𑐵𑐩𑑂𑐣𑐵𑐩𑐬𑑀𑐴𑐬𑐥𑐬𑑄𑐳𑐶𑑄𑐴𑐰𑐶𑐏𑑂𑐫𑐵𑐟𑐬𑐵𑐩𑐎𑐩𑐖𑐸𑐣𑐷
d999b916,𑐮𑐶𑐎𑐾𑑇𑐳𑑂𑐩𑐶𑐣𑑂𑐫𑐩𑐱𑐾𑐳𑐬𑐰𑐾𑐚𑐾𑐰𑐬𑑂𑐲𑐾𑐩𑐶𑐟𑐾𑐩𑐵
2a51d7z1,𑑑𑐄𑑃𑐣𑐩𑑅𑐱𑑂𑐬𑐷𑐢𑐬𑑂𑐩𑑂𑐩𑐢𑐵𑐟𑐰𑐾𑑋𑑋𑐣𑐩𑐳𑑂𑐟𑐸𑐔𑐿𑐟𑑂𑐫𑐵𑐫𑐳𑐸𑐐𑐟𑐵𑐟𑑂𑐬𑐫𑐵𑐫𑐰𑐶𑐱𑐸𑐡𑑂𑐢𑐬𑐸𑐥𑐵𑐫𑐥𑐬𑑂𑐖𑑂𑐘𑐵𑐬
6693057z,𑐳𑐟𑐸𑐖𑐷𑐧𑐮𑐵𑐣𑐶𑐠𑐎𑐹𑐥𑐹𑐟𑑂𑐬𑐡𑐾𑐧𑐷𑐢𑑄𑐫𑑀𑐐𑐬𑐵𑐖𑐩𑑀
a88fd805,𑐳𑑂𑐟𑐶𑐬𑐹𑐥𑐔𑐶𑐨𑐰𑑅𑐎𑐵𑐩𑑀𑐥𑐣𑑅𑐳𑐸𑐣𑑂𑐡𑐬𑑅𑑋𑐳𑐸𑐣𑑂𑐡𑐬𑑅𑑋𑐥𑑂𑐬𑐵𑐳𑐵𑐡𑑄𑐳𑐔𑐎𑐵𑐬𑐥𑑄𑐔𑐥𑐚𑐮𑑅𑐳𑐬𑑂𑐰𑐾𑐱𑑂𑐰𑐬𑐵𑐫𑐵𑐥𑑂𑐫𑐳𑑁𑐎𑐸𑐬𑑂𑐰𑐣𑑂𑐎𑑀𑐚𑐶𑐩𑐏𑑄𑐰𑐺𑐎𑑀𑐡𑐬𑐟𑐣𑐸𑑄𑐖𑐷𑐬𑑂𑐞𑐵
68fzd5d1,𑐎𑐵𑐳𑐎𑐾𑐣𑐎𑐰𑐶𑐴𑐵𑐬𑐶𑐮𑐶𑐰𑐶𑐕𑐾𑐫𑐵𑐥𑐸𑐬𑑂𑐞𑐶𑐩𑐵𑐳𑐾𑐰𑐵𑐐𑐸𑐠𑐶𑐫𑐵𑐫𑑀𑐐𑑂𑐰𑐵𑐬𑐨𑑀
dc2z5az1,𑐮𑐎𑑂𑐲𑑂𑐩𑐷𑐱𑑂𑐔𑐎𑐵𑐩𑐶𑐣𑐶𑐟𑐾𑐲𑐵𑑄𑐔𑐳𑑂𑐰𑐬𑑂𑐐𑐵𑐥𑑂𑐬𑐵
8bz96c96,𑐥𑐸𑑑𑐩𑐵𑐴𑐵𑐡𑐶𑐥𑐕𑑀𑐔𑐎𑐾𑐩𑐵𑐮𑑍𑐁𑐲𑐵𑐕𑐶𑑑𑐑𑐾𑐮𑐦𑑄𑐕𑐶𑑑𑐔𑐾𑐎𑑄𑐡𑑄𑑒𑐡𑐾𑐰
2783509z,𑐥𑑄𑐔𑐩𑐶𑐎𑐸𑐣𑑂𑐴𑐸𑐰𑐣𑐶𑐎𑐐𑑂𑐰
b15959d6,𑐱𑐶𑐰𑐬𑐵𑐟𑑂𑐬𑐶𑐣𑐧𑐸𑐳𑐵𑐢𑐣𑐣𑐱𑑂𑐬𑐷𑑓𑐔𑐞𑑂𑐜𑐾𑐱𑑂𑐰𑐬𑐷𑐫𑐵𑐟𑑂𑐬𑐵𑐣𑑍𑐂𑐣𑑂𑐡𑑂𑐬𑐫𑐵
82733dcb,𑐩𑐵𑐮𑑌𑑌𑐨𑐹𑐫𑑀𑐳𑐾𑐮𑑂𑐴𑑀𑐫𑐵𑐟𑐡𑐸𑐣𑑂𑐟𑐵𑐠𑑂𑐰𑐟𑐾𑑍𑐬𑑀𑐰𑑕𑐟𑐩𑐵𑐬𑐵𑐖𑐵𑐰𑐸𑐬𑑀𑐰𑐳𑑂𑐰𑑓𑐧𑐾𑐲𑐵𑐴𑐶𑐟𑐶𑐰𑐸𑑍𑐬𑑀𑐰𑑕𑐳𑐬𑐵𑐰𑐎𑑂𑐲𑐾𑐮𑐰𑐸𑐣𑐾𑐔𑐵𑐟𑐬𑐞𑐠𑑂𑐰
d5z72zz6,𑐞𑐶𑐐𑑂𑐮𑐵𑐢𑐶𑐥𑐟𑐶𑑍𑐣𑐾𑐥𑐵𑐮𑐾𑐱𑑂𑐰𑐬𑑍𑐳𑐎𑐮𑐬𑐵𑐖𑐵𑐖𑐾𑐱𑑂𑐰𑐬𑐩𑐵𑐣𑐩𑐵𑐣𑑀𑐣𑑂𑐣𑐟𑑍𑐩𑐴𑐵𑐬𑐵𑐖𑐵𑐢𑐶𑐬𑐵𑐖𑑍𑐱𑑂𑐬𑐷𑐱𑑂𑐬𑐷𑐖𑐫𑐰𑐶𑐲𑑂𑐞𑐸𑐩𑐮𑑂𑐮𑐡𑐾𑐰𑐥𑑂𑐬𑐨𑐸𑐠𑐵𑐎𑐸𑐬
952796a1,𑐰𑐶𑐲𑐫𑐰𑐶𑐲𑐢𑐬𑐐𑑂𑐬𑐳𑑂𑐟𑐔𑐶𑐟𑑂𑐟𑑀𑐥𑐣𑐷𑐔𑑅𑑌𑐖𑑂𑐫𑐾𑐲𑑂𑐛𑐾𑐩𑐵𑐳𑐶𑐳𑐶𑐟𑐾𑐖𑐣𑐵𑐬𑑂𑐡𑑂𑐡𑐣𑐟𑐶𑐠𑑁𑐧𑐵𑐞𑐵𑐖𑐶𑐣𑐵𑐐𑐒𑑂𑐎𑐶𑐟𑐾𑐰𑐬𑑂𑐲𑐾𑐥𑑄𑐎𑑂𑐟𑐶
2c88446z,𑑌𑐡𑐵𑐣𑐥𑐟𑐶𑐖𑐖𑐩𑐵𑐣𑐎𑐵𑐲𑑂𑐛𑐩𑐞𑑂𑐜𑐥𑐩𑐴𑐵𑐣𑐐𑐬𑐾𑐩𑐶𑐔𑑂𑐫𑐵𑐎𑐩𑐸𑐐𑐬𑐟𑑀𑐬
99affaz3,𑐰𑑂𑐫𑐟𑐶𑐥𑐵𑐟𑐥𑐬𑐰𑐬𑐶𑐫𑐵𑐣𑐫𑑀𑐐𑑌𑐧𑐸𑐢𑐧𑐵𑐬𑑌𑐠𑑂𑐰𑐲𑐸𑐣𑑂𑐴𑐸𑐱𑑂𑐬𑐷𑑓𑐨𑐷𑐩𑐳𑐾𑐣𑐡𑐾𑐰𑐟𑐵
fff9c580,𑐢𑑄𑐟𑐳𑑂𑐫𑐨𑐵𑐔𑑂𑐫𑐵𑐳𑐟𑐖𑐷𑐰𑐮𑐵𑐣𑐶𑐠𑐎𑐹𑑄𑐥𑐹𑐟𑑂𑐬𑐡𑐾𑐧𑐷
bb89z6z2,𑐩𑑂𑐟𑑂𑐬𑐷𑐢𑑄𑐣𑐠𑐎𑑄𑐩𑑂𑐟𑑂𑐬𑐷𑐥𑐸𑐬𑐸𑐲𑐞𑐂𑐣𑐵𑐎𑑀𑐥𑐱𑑂𑐔𑐶𑐩
61339d26,𑐒𑐵𑐌𑑍𑐌𑐫𑐵𑐟𑐔𑐿𑐟𑐱𑐸𑐎𑑂𑐬𑐫𑐵𑐀𑐲𑑂𑐚𑐩𑐶𑐬𑐐𑑂𑐰𑑑𑐠𑐫𑐩𑐵𑐬𑑍𑐧𑐰𑐡𑐾𑐖𑐸𑐥𑐣𑐶𑐳𑑂𑐠
69643512,𑐣𑐵𑐐𑐎𑐮𑐶𑐟𑐾𑐣𑐾𑐥𑐵𑐮𑐳𑐩𑐟𑐵𑐬𑐾𑐱𑐸𑐎𑐺
f65z8573,𑐔𑑀𑐳𑑂𑐫𑐟𑐎𑑀𑐫𑐵𑐖𑐵𑐎𑑂𑐫𑐾𑐩𑐰𑐶𑐫𑐩𑐡𑐸𑑌𑐱𑐸𑐨𑐩𑐳𑑂𑐟𑐸𑐎𑐮𑑂𑐫𑐵𑐣𑐨𑐰𑐣𑑂𑐟𑐸𑐳𑐬𑑂𑐰𑑂𑐰𑐡𑐵𑑌𑐱𑐸𑐨𑑌
057b6396,𑐬𑐷𑐩𑐫𑐶𑐣𑐾𑐴𑑂𑐩𑑄𑐟𑐶𑐬𑐷𑐥𑐸𑐬𑐸𑐏
zacf21c1,𑐴𑐩𑐴𑐵𑐰𑐶𑐴𑐵𑐬𑐾𑐲𑑂𑐛𑐶𑐟𑐩𑐥𑐶𑐎𑐸𑐮𑐩𑐵𑐣
c3c2962b,𑑒
9c68b36c,𑑅𑐱𑑂𑐮𑑀𑐎𑐵𑑅𑑌𑐀𑐟𑑅𑐥𑐬𑑄𑐣𑐾𑐥𑐵𑐮𑐨𑐵𑐲𑐫𑐵𑐮𑐶𑐏𑑂𑐫𑐟𑐾𑑌𑑌𑐳𑑂𑐰𑐳𑑂𑐟𑐶𑑌𑐱𑑂𑐬𑐷𑐩𑐞𑐶𑐐𑑂𑐮𑐵𑐢𑐶𑐥𑐟𑐶𑐩𑐴𑐵𑐬𑐵𑐖𑐵𑐢𑐶𑐬𑐵𑐖𑐱𑑂𑐬𑐷𑐱𑑂𑐬𑐷𑐖𑐫𑐱𑑂𑐬𑐷𑐣𑐶𑐰𑐵𑐳𑐩𑐮𑑂𑐮
z99092d6,𑐡𑐸𑐡𑐵𑐟𑐵𑐫𑐵𑐧𑑄𑐳𑐡𑐟𑐫𑐵𑐒𑐵𑐌𑐟𑐫𑐩𑐵𑐬𑑌
4bb4fb70,𑐡𑐾𑐰𑐥𑑂𑐬𑐨𑐸𑐛𑐵𑐎𑐸𑐮𑐳𑐣𑐳𑑂𑐰𑐣𑐐𑐬𑑄𑐕𑐐𑐸𑐮𑐣𑐸𑐫𑐵𑐰𑐣𑐾𑐥𑐵𑐮𑐾𑐱𑑂𑐰𑐬𑐖𑐸𑐫𑐵𑐰𑐰𑐶𑐖𑐫𑐬𑐵𑐖𑑂𑐫𑐫𑐵𑐒𑐰𑐶𑐖𑑂𑐫𑐵𑐎𑑍𑐠𑐠𑐶𑑄𑐀𑐰𑐳𑐬𑐳𑐱𑑂𑐬𑐷𑑓𑐨𑐷𑐩𑐳𑐾
dfb7zbbd,𑐎𑑂𑐮𑐡𑑂𑐰𑐵𑐡𑐱𑐷𑐱𑑂𑐬𑐵𑐰𑐞𑐎𑐺𑐲𑑂𑐞𑐀𑐲𑑂𑐚𑐩𑐷𑐎𑐵𑐬𑑂𑐟𑑂𑐟𑐶𑐎𑐱𑐸𑐎𑑂𑐮𑐡𑑂𑐰𑐵𑐡𑐱𑐷𑐦𑐵𑐮𑑂𑐐𑐸𑐞𑐱𑐸𑐎𑑂𑐮𑐥𑐹𑐬𑑂𑐞𑐶𑐩𑐵𑐠𑑂𑐰𑐒𑐵𑐑𑐵𑐟𑐣𑑄
85028949,𑐎𑐸𑐮𑐩𑐵𑐣𑐨𑑀𑐕𑐶𑐫𑐵𑐢𑐬𑑂𑐩𑑂𑐩𑐔𑐶𑐟𑑂𑐟𑐖𑐸𑐫𑐵
6z98283d,𑐩𑐸𑐖𑑂𑐖𑐺𑐩𑑂𑐨𑐟𑐾𑑌𑐫𑐾𑐣𑐵𑐡𑐵𑐫𑐶𑐩𑐸𑐬𑐵𑐬𑐫𑐾𑑄𑑇𑐱𑑂𑐩𑐳𑐡𑐣𑑄𑐳𑐬𑑂𑐰𑑂𑐰𑐵𑐫𑐰𑐵𑐥𑐷𑐡𑑂𑐰𑐫𑑄𑐥𑐸𑐟𑑂𑐬𑐵𑐫𑐵𑐰𑐣𑐶𑐥𑐵𑐮𑐟𑐵𑐴𑐸𑐟
065555d6,𑐰𑐶𑐩𑐵𑐣𑐱𑑂𑐬𑐷𑑓𑐖𑐐𑐣𑑂𑐣𑐵𑐠𑐥𑑂𑐬𑐟𑐶𑐩𑐵𑐳𑐴𑐶
df2ab78f,𑐰𑑂𑐫𑐟𑐶𑐥𑐵𑐟𑐥𑐬𑐰𑐬𑐶𑐫𑐵𑐣𑐫𑑀𑐐𑑌𑐧𑐸𑐢𑐧𑐵𑐬𑑌𑐠𑑂𑐰𑐲𑐸𑐣𑑂𑐴𑐸𑐱𑑂𑐬𑐷𑑓𑐨𑐷𑐩𑐳𑐾𑐣𑐡𑐾𑐰𑐟𑐵
5d31dcd5,𑐴𑑂𑐒𑐰𑑍𑐰𑐮𑑍𑐎𑐲𑑑𑐐𑑁𑐐𑑂𑐬𑐵𑐳𑐫𑐵𑐟𑐡𑐸𑐣𑑂𑐟𑐵𑐖𑐸𑐬𑑀𑑌
4864c5d9,𑐟𑐫𑐵𑐟𑐳𑐵𑐥𑑄𑐔𑐩𑑋𑑋𑐔𑑄𑐡𑐵𑐎𑐩𑐾𑐠𑐶𑐬𑑋𑑋𑑐𑑋𑑋𑐱𑐸𑐨𑑋𑑋
727z956c,𑐮𑐔𑐿𑐟𑑂𑐫𑐡𑐫𑐎𑐵𑐌𑐟𑐮𑐐𑐸𑐠𑐸𑐐𑐸𑐔𑐿𑐟𑑂𑐫𑐐𑑂𑐰𑐮𑑑𑐟𑐵𑐎𑐵𑐮𑑄𑐖𑐶𑐬𑑂𑐞𑐖𑐸𑐫𑐵𑐌𑐔𑑀𑐣𑐐𑐸𑐠𑑂𑐰𑐔𑐿𑐟𑑂𑐫𑐖𑐶𑐬𑑂𑐞𑐄𑐡𑑂𑐢𑐵𑐬𑐫𑐵𑐣𑐵𑐠𑐸𑐐𑐸𑐥𑐸𑑄𑐞𑑂𑐫𑐫𑐵𑐥𑑂𑐬𑐨𑐵𑐰𑐣𑑄𑐖𑐐𑐟𑐳𑑄𑐳𑐵𑐬𑐳𑐟𑑂𑐰𑐥𑑂𑐬𑐵𑐞𑐶𑐄𑐡𑑂𑐢𑐵𑐬𑐖𑐸𑐫𑐾𑐩𑐵𑐮𑐡𑐵𑐣𑐥𑐟𑐶𑐖𑑀𑐐
487c2bc3,𑐩𑑂𑐫𑐳𑐵𑐟𑐴𑐵𑐬𑑂𑐫𑑂𑐫𑐵𑐐𑐸𑐞𑐳𑐸𑐣𑑂𑐡𑐬𑐷𑑌𑐟𑐣𑑂𑐩𑐢𑑂𑐫𑐩𑑀𑐰𑐶𑐱𑑂𑐰𑐳𑐶𑑄𑐴𑑀𑐩𑐸𑐜𑐳𑐶𑑄𑐴𑑅𑐎𑐣𑐶𑐲𑑂𑐛𑐎𑑅𑐫𑐵𑐟𑐵
73zdfd30,𑐧𑐵𑐬𑐾𑑋𑑋𑐱𑐸𑐨𑐣𑑂𑐴𑐶𑐮𑐐𑑂𑐣𑐾𑐥𑐶𑐔𑐳𑑁𑐬𑐩𑐣𑐵𑐣
3a19d60z,𑑊𑑉𑐣𑐩𑐨𑐐𑐰𑐟𑐾𑐰𑐵𑐳𑐸𑐡𑐾𑐰𑐵𑐫𑑋𑑋𑐳𑐹𑐡𑑂𑐬𑐱𑐣𑐐𑐜𑐵𑐔𑑀𑐬𑑂𑐢𑐡𑑂𑐰𑑄𑑍𑐰𑐵𑐩𑐾
da29c431,𑐳𑐣𑐩𑐴𑐵𑐬𑐵𑐖𑐵𑐢𑐶𑐬𑐵𑐖𑐰𑐷𑐬𑐱𑑂𑐬𑐷𑐱𑑂𑐬𑐷𑐖𑐫𑐖𑑀𑐐𑐣𑐬𑐾𑐣𑑂𑐡𑑂𑐬𑐩𑐮𑑂𑐮𑐥𑑂𑐬𑐨𑐸𑐠𑐵𑐎𑐸𑐬𑐫𑐵𑐖𑐸𑐬𑑀𑑌𑐠𑑂𑐰
8zd54ab2,𑐧𑐵𑐳𑐡𑐾𑐰𑐣𑐖𑐬𑐢𑐵
2fadfa68,𑐱𑐷𑐖𑐶𑐎𑑀𑐥𑑂𑐬𑐖𑐵𑑍𑐰𑐵𑐳𑑂𑐟𑐸𑐣𑐵𑐐𑐥𑐹𑐖𑐵𑑍𑐥
c5193b3a,𑐧𑐖𑑂𑐬𑐵𑐬𑑂𑐫𑐵𑐥𑑂𑐥𑐴𑐰𑐿𑑌𑑑𑑌𑐢𑐬𑑂𑐩𑐔𑐶𑐟𑑂𑐟𑐿
ccf35f46,𑐟𑐶𑐩𑐶𑐬𑐵𑐣𑐧𑐩𑐐𑑂𑐣𑐳𑐟𑑂𑐧𑐵𑑅𑐩𑑀𑐴𑐵𑐣𑑂𑐢𑐎𑐵𑐬𑐟𑐶𑐩𑐶𑐬𑐵
3f8863d5,𑑉𑐱𑑂𑐬𑐷𑐐𑐞𑐾𑐱𑐵𑐫𑐣𑐩𑑅𑑋𑑋
92b61dc4,𑐮𑐨𑐶𑐎𑑂𑐲𑐵𑐨𑑀𑐖𑐣𑐫𑐵𑐫𑐩𑐵𑐮𑐥𑑂𑐬𑐳𑐾𑐲𑐮𑐾𑐎𑑀𑐐𑐸𑐠𑐶
2d18za14,𑐥𑑂𑐬𑐠𑐩𑐥𑐸𑐟𑑂𑐬𑐖𑑀𑐐𑐬𑐟𑑂𑐣𑐟𑐳𑑂𑐫𑐨𑐵𑐬𑑂𑐫𑑂𑐫𑐵𑐮𑐎𑑂𑐲𑑂𑐩𑐷𑐩𑐵𑐫𑐵𑐡𑑂𑐰𑐶𑐟𑐶𑐫𑐥𑐸𑐟𑑂𑐬𑐡𑐵𑐣𑐰𑐬𑑂𑐳𑐶𑑄𑐟𑐳𑑂𑐫𑐨𑐵𑐬𑑂𑐫𑑂𑐫𑐵𑐔𑐶𑐎𑐶𑐩𑐵𑐫𑐵𑐟𑐺𑐟𑐷𑐫𑐥𑐸𑐟𑑂𑐬𑐖𑐸𑐖𑐸𑐩𑐵𑐣𑐟𑐳𑑂𑐫𑐨𑐵𑐬𑑂𑐫𑑂𑐫𑐵𑐖𑑂𑐘𑐵𑐣𑐥𑑂𑐬𑐨𑐵𑐔𑐟𑐸𑐬𑑂𑐠𑐥𑐸𑐟𑑂𑐬𑐟𑐸𑐫𑐸𑐎𑐵𑐖𑐶𑐟𑐳𑑂𑐫𑐨𑐵𑐬𑑂𑐫𑑂𑐫𑐵
fcfd2106,𑐣𑑋𑑋𑐱𑑂𑐬𑐾𑐫𑑀𑑇𑐳𑑂𑐟𑐸𑑋𑑋𑐳𑐩𑑂𑐧𑐟𑑖𑑓𑑖𑐩𑐵𑐑𑐩𑐵𑐳𑐾𑐱𑐸𑐎𑑂𑐮𑐥𑐎𑑂𑐲𑑅
zd578d54,𑐐𑐱𑑂𑐰𑐬𑐥𑑄𑐔𑐵𑐫𑐣𑐀𑐴𑑀𑐬𑐵𑐟𑑂𑐬𑐫𑐖𑑂𑐘𑐫𑐵𑐒𑐵𑐰𑑍𑐳𑐹𑐰𑐬𑑂𑐞𑑂𑐞𑐎𑐮𑐾𑐱𑐢𑑂𑐰
34z893b7,𑐟𑑂𑐬𑐳𑐸𑐡𑑂𑐢𑐶𑐫𑑀𑐐𑐱𑐣𑐶𑐱𑑂𑐔𑐬𑐰𑐵𑐬𑑋𑑋𑐳𑑂𑐠𑐵𑐥𑐣𑐵𑐫𑐵
0b212b56,𑐳𑐣𑑂𑐣𑐶𑐢𑐵𑐣𑐾𑐱𑑂𑐬𑐷𑑓𑐧𑐵𑐳𑐸𑐎𑐷𑐎𑑂𑐲𑐾𑐟𑑂𑐬𑐾𑐱𑑂𑐬𑐷𑑓𑐧𑐵𑐐𑑂𑐩𑐟𑑂𑐫𑐵𑑅𑐥𑐱𑑂𑐔𑐶𑐩𑐎𑐸𑐮𑐾𑑌𑐱𑑂𑐬𑐷𑑓𑐧𑐶𑐲𑐸
